rk,player,nation,pos,squad,age,born,90s,crdy,crdr,2crdy,fls,fld,off,crs,int,tklw,pkwon,pkcon,og,recov,won,lost,won_aerial,matches
1,Charlie Adam,sct SCO,MF,Reading,33,1985,8.7,4,0,0,22,12,0,66,11,12,0,0,0,76,14,14,50.0,Matches
2,Tosin Adarabioyo,eng ENG,DF,Blackburn,21,1997,33.0,0,0,0,11,7,0,1,64,17,0,2,0,192,108,46,70.1,Matches
3,Albert Adomah,gh GHA,FW,Cardiff City,31,1987,8.1,2,0,0,13,11,1,40,3,8,0,0,0,50,6,15,28.6,Matches
4,Albert Adomah,gh GHA,"FW,MF",Nott'ham Forest,31,1987,6.8,2,0,0,10,6,2,29,5,10,0,0,0,36,4,13,23.5,Matches
5,Benik Afobe,cd COD,FW,Stoke City,26,1993,0.8,0,0,0,0,0,0,4,0,0,0,0,0,0,2,3,40.0,Matches
6,Benik Afobe,cd COD,FW,Bristol City,26,1993,8.2,0,0,0,10,10,6,2,1,2,0,0,0,12,33,64,34.0,Matches
7,Semi Ajayi,ng NGA,DF,West Brom,25,1993,42.0,5,0,0,40,18,0,6,41,35,0,1,1,231,157,67,70.1,Matches
8,Ezgjan Alioski,mk MKD,"DF,MF",Leeds United,27,1992,25.1,8,0,0,38,36,8,82,30,36,0,1,0,107,46,69,40.0,Matches
9,Joe Allen,wls WAL,MF,Stoke City,29,1990,32.6,5,1,0,38,37,0,16,66,49,0,0,0,215,43,60,41.7,Matches
10,Sone Aluko,ng NGA,"FW,MF",Reading,30,1989,0.5,1,0,0,1,0,0,2,0,0,0,0,0,1,0,1,0.0,Matches
11,Sammy Ameobi,eng ENG,"FW,MF",Nott'ham Forest,27,1992,34.4,7,0,0,55,48,8,93,13,32,0,0,0,181,91,133,40.6,Matches
12,Luke Amos,eng ENG,MF,QPR,22,1997,23.5,5,0,0,41,28,0,11,34,32,0,0,0,132,32,30,51.6,Matches
13,Chuks Aneke,eng ENG,"FW,MF",Charlton Ath,26,1993,6.5,2,0,0,34,9,8,4,0,3,1,0,0,28,38,46,45.2,Matches
14,Felipe Araruna,br BRA,"MF,DF",Reading,23,1996,1.8,0,0,0,1,4,1,1,5,0,0,0,0,10,1,1,50.0,Matches
15,Adam Armstrong,eng ENG,"FW,MF",Blackburn,22,1997,38.6,0,0,0,21,36,29,92,16,8,0,0,0,122,10,43,18.9,Matches
16,Harry Arter,ie IRL,MF,Fulham,29,1989,19.2,7,1,1,32,33,0,8,14,30,0,0,0,130,9,12,42.9,Matches
17,Britt Assombalonga,cd COD,FW,Middlesbrough,26,1992,27.9,2,0,0,57,43,28,5,3,3,0,0,0,61,68,169,28.7,Matches
18,Jean-Kévin Augustin,fr FRA,FW,Leeds United,22,1997,0.6,0,0,0,1,2,1,0,0,0,0,0,0,1,1,7,12.5,Matches
19,Charlie Austin,eng ENG,FW,West Brom,30,1989,16.8,5,0,0,31,18,16,10,2,8,0,0,0,39,27,77,26.0,Matches
20,Daniel Ayala,es ESP,DF,Middlesbrough,28,1990,23.1,4,0,0,26,10,3,1,31,22,0,0,0,109,94,69,57.7,Matches
21,André Ayew,gh GHA,FW,Swansea City,29,1989,43.4,3,0,0,36,99,15,38,27,47,2,0,0,189,120,204,37.0,Matches
22,Floyd Ayité,tg TOG,MF,Fulham,30,1988,0.2,0,0,0,0,1,0,0,0,1,0,0,0,1,0,0,,Matches
23,Luke Ayling,eng ENG,DF,Leeds United,27,1991,35.3,9,0,0,24,74,2,98,61,39,1,0,0,255,81,72,52.9,Matches
24,Juninho Bacuna,cw CUW,"MF,FW",Huddersfield,21,1997,25.8,7,1,0,50,46,0,87,23,27,1,0,0,164,18,28,39.1,Matches
25,Leandro Bacuna,cw CUW,"MF,DF",Cardiff City,27,1991,35.0,5,0,0,42,28,3,27,29,31,0,0,0,206,25,38,39.7,Matches
Rk,Player,Nation,Pos,Squad,Age,Born,90s,CrdY,CrdR,2CrdY,Fls,Fld,Off,Crs,Int,TklW,PKwon,PKcon,OG,Recov,Won,Lost,Won%,Matches
26,Mike-Steven Bähre,de GER,MF,Barnsley,23,1995,18.0,3,0,0,48,17,2,19,12,28,0,0,0,157,21,22,48.8,Matches
27,Odin Bailey,eng ENG,"FW,MF",Birmingham City,19,1999,1.0,1,0,0,2,3,0,2,0,0,0,0,0,3,1,3,25.0,Matches
28,Geraldo Bajrami,al ALB,DF,Birmingham City,19,1999,2.0,0,0,0,2,1,0,0,1,3,0,0,0,4,2,5,28.6,Matches
29,Nathan Baker,eng ENG,DF,Bristol City,28,1991,29.8,3,0,0,34,21,0,4,57,19,0,1,0,97,165,93,64.0,Matches
30,Sam Baldock,eng ENG,FW,Reading,30,1989,12.3,2,0,0,13,8,12,10,2,9,0,0,0,30,13,71,15.5,Matches
31,Dominic Ball,eng ENG,MF,QPR,23,1995,27.1,4,0,0,67,21,0,4,25,37,0,0,0,147,33,40,45.2,Matches
32,Norbert Balogh,hu HUN,FW,Hull City,23,1996,0.7,0,0,0,2,2,1,0,1,0,0,0,0,3,2,10,16.7,Matches
33,Leon Balogun,ng NGA,DF,Wigan Athletic,31,1988,9.0,0,0,0,6,5,0,1,13,8,0,0,0,41,26,22,54.2,Matches
34,Sol Bamba,ci CIV,DF,Cardiff City,34,1985,1.2,0,0,0,0,1,0,0,1,3,0,0,0,6,6,4,60.0,Matches
35,Patrick Bamford,eng ENG,FW,Leeds United,25,1993,38.3,4,0,0,63,43,52,10,4,14,3,0,0,67,41,88,31.8,Matches
36,Barry Bannan,sct SCO,MF,Sheffield Weds,29,1989,42.8,8,0,0,35,9,1,258,47,34,0,0,0,348,7,25,21.9,Matches
37,Shandon Baptiste,gd GRN,MF,Brentford,21,1998,3.7,1,0,0,7,6,0,1,4,5,0,0,1,30,6,6,50.0,Matches
38,Yoann Barbet,fr FRA,DF,QPR,26,1993,26.9,5,1,0,18,18,2,6,62,18,0,3,0,151,67,53,55.8,Matches
39,Tom Barkhuizen,eng ENG,FW,Preston,26,1993,34.4,2,0,0,25,28,18,67,21,24,0,0,0,149,50,89,36.0,Matches
40,Josh Barrett,ie IRL,"MF,FW",Reading,21,1998,2.0,0,0,0,0,1,0,6,1,1,0,0,0,11,1,0,100.0,Matches
41,Modou Barrow,gm GAM,"FW,MF",Reading,26,1992,1.0,0,0,0,1,3,1,2,0,1,0,0,0,1,0,1,0.0,Matches
42,Gareth Barry,eng ENG,MF,West Brom,38,1981,1.0,0,0,0,2,4,0,0,1,1,0,0,0,11,3,4,42.9,Matches
43,Kyle Bartley,eng ENG,DF,West Brom,28,1991,36.3,7,0,0,45,17,1,2,45,40,0,1,2,156,183,73,71.5,Matches
44,Borja Bastón,es ESP,FW,Swansea City,26,1992,14.0,3,0,0,23,16,8,1,3,7,0,0,0,39,38,61,38.4,Matches
45,Danny Batth,eng ENG,DF,Stoke City,28,1990,41.9,3,0,0,54,28,6,3,71,26,0,0,1,173,193,93,67.5,Matches
46,Daniel Batty,eng ENG,MF,Hull City,21,1997,18.7,2,0,0,17,17,0,36,29,30,0,0,0,135,14,29,32.6,Matches
47,Patrick Bauer,de GER,DF,Preston,26,1992,40.2,2,0,0,33,36,0,1,46,36,1,0,0,116,244,124,66.3,Matches
48,Tom Bayliss,eng ENG,MF,Preston,20,1999,0.2,0,0,0,0,0,0,0,1,0,0,0,0,4,0,0,,Matches
49,Mads Bech Sørensen,dk DEN,DF,Brentford,20,1999,0.3,0,0,0,0,0,0,0,0,0,0,0,0,0,0,0,,Matches
50,Jérémie Bela,ao ANG,"MF,FW",Birmingham City,26,1993,21.8,0,0,0,18,34,6,122,10,16,0,0,0,105,17,31,35.4,Matches
Rk,Player,Nation,Pos,Squad,Age,Born,90s,CrdY,CrdR,2CrdY,Fls,Fld,Off,Crs,Int,TklW,PKwon,PKcon,OG,Recov,Won,Lost,Won%,Matches
51,Amari'i Bell,jm JAM,DF,Blackburn,25,1994,20.1,2,0,0,19,30,2,57,23,19,0,2,0,101,41,25,62.1,Matches
52,Jude Bellingham,eng ENG,"MF,FW",Birmingham City,16,2003,29.9,7,0,0,47,57,3,85,30,57,0,0,0,181,43,69,38.4,Matches
53,Yohan Benalouane,tn TUN,DF,Nott'ham Forest,32,1987,0.1,0,0,0,0,0,0,0,0,1,0,0,0,0,2,0,100.0,Matches
54,Filip Benković,hr CRO,DF,Bristol City,22,1997,7.2,3,0,0,7,5,0,0,21,2,0,0,0,31,50,11,82.0,Matches
55,Elliott Bennett,eng ENG,"DF,MF",Blackburn,30,1988,31.1,8,0,0,42,41,3,97,34,49,0,3,0,161,64,55,53.8,Matches
56,Joe Bennett,eng ENG,DF,Cardiff City,29,1990,42.9,5,0,0,40,25,2,114,63,43,0,0,0,183,71,55,56.3,Matches
57,Mason Bennett,eng ENG,"FW,MF",Derby County,23,1996,2.0,0,0,0,7,3,0,4,3,3,0,0,0,9,5,6,45.5,Matches
58,Mason Bennett,eng ENG,"FW,MF",Millwall,23,1996,4.8,1,0,0,10,8,2,14,3,6,0,0,0,25,14,23,37.8,Matches
59,Saïd Benrahma,dz ALG,FW,Brentford,23,1995,39.4,5,0,0,29,56,10,167,9,28,2,0,0,203,6,11,35.3,Matches
60,Daniel Bentley,eng ENG,GK,Bristol City,26,1993,42.7,1,0,0,0,11,0,0,2,1,0,0,0,58,8,3,72.7,Matches
61,Gaetano Berardi,ch SUI,DF,Leeds United,30,1988,12.5,1,1,0,6,6,0,0,25,9,0,1,0,85,34,40,45.9,Matches
62,James Berry,eng ENG,FW,Hull City,18,2000,0.1,0,0,0,0,0,0,0,0,0,0,0,0,1,0,0,,Matches
63,Luke Berry,eng ENG,MF,Luton Town,27,1992,15.1,5,0,0,22,28,0,80,19,10,0,0,0,80,25,47,34.7,Matches
64,Faysal Bettache,eng ENG,MF,QPR,19,2000,0.3,0,0,0,0,1,0,2,0,0,0,0,0,3,0,0,,Matches
65,Marcus Bettinelli,eng ENG,GK,Fulham,27,1992,13.8,3,0,0,1,7,0,0,1,0,0,1,0,15,2,2,50.0,Matches
66,Bartosz Białkowski,pl POL,GK,Millwall,32,1987,45.5,1,0,0,1,3,0,0,0,0,0,1,1,14,11,0,100.0,Matches
67,Jake Bidwell,eng ENG,DF,Swansea City,26,1993,36.2,3,1,0,44,35,4,113,32,33,0,2,1,125,93,70,57.1,Matches
68,Krystian Bielik,pl POL,"MF,DF",Derby County,21,1998,16.5,3,1,0,27,23,0,2,33,36,0,1,0,134,66,37,64.1,Matches
69,Mame Biram Diouf,sn SEN,"FW,MF",Stoke City,31,1987,1.0,0,0,0,1,2,0,6,1,2,0,0,0,6,8,4,66.7,Matches
70,Max Bird,eng ENG,MF,Derby County,18,2000,21.2,1,0,0,10,8,0,44,23,16,0,0,0,115,19,20,48.7,Matches
71,Tyler Blackett,eng ENG,DF,Reading,25,1994,15.4,3,0,0,14,12,1,28,15,13,0,0,0,69,26,22,54.2,Matches
72,Billy Bodin,wls WAL,"FW,MF",Preston,27,1992,10.4,1,0,0,9,5,4,46,6,8,0,0,0,35,20,40,33.3,Matches
73,Jayden Bogle,eng ENG,DF,Derby County,19,2000,32.2,7,0,0,37,48,3,111,37,43,1,0,1,169,28,35,44.4,Matches
74,Omar Bogle,eng ENG,FW,Cardiff City,26,1993,3.6,1,0,0,6,12,1,4,0,3,1,0,0,19,14,34,29.2,Matches
75,Mateusz Bogusz,pl POL,MF,Leeds United,17,2001,0.2,0,0,0,1,0,0,0,0,0,0,0,0,1,0,0,,Matches
Rk,Player,Nation,Pos,Squad,Age,Born,90s,CrdY,CrdR,2CrdY,Fls,Fld,Off,Crs,Int,TklW,PKwon,PKcon,OG,Recov,Won,Lost,Won%,Matches
76,Marc Bola,eng ENG,DF,Middlesbrough,21,1997,5.7,1,0,0,5,2,0,19,12,6,0,0,0,32,4,10,28.6,Matches
77,Luke Bolton,eng ENG,"DF,MF",Luton Town,19,1999,12.2,1,0,0,10,1,1,23,16,24,0,0,0,68,7,17,29.2,Matches
78,Gaëtan Bong,cm CMR,DF,Nott'ham Forest,31,1988,0.6,0,0,0,1,1,0,4,2,0,0,0,0,2,1,2,33.3,Matches
79,Macauley Bonne,zw ZIM,FW,Charlton Ath,23,1995,26.1,5,0,0,24,18,22,14,5,5,0,0,0,51,131,216,37.8,Matches
80,Julian Börner,de GER,DF,Sheffield Weds,28,1991,34.1,7,0,0,47,48,3,3,62,30,0,0,0,194,167,97,63.3,Matches
81,John Bostock,tt TRI,MF,Nott'ham Forest,27,1992,1.8,1,0,0,7,3,0,3,1,0,0,0,0,11,8,3,72.7,Matches
82,Jarrod Bowen,eng ENG,"MF,FW",Hull City,22,1996,29.0,5,0,0,25,44,13,98,19,22,0,0,0,158,22,37,37.3,Matches
83,Josh Bowler,eng ENG,"FW,MF",Hull City,20,1999,11.6,3,0,0,19,28,1,36,5,15,1,0,0,63,5,23,17.9,Matches
84,Caolan Boyd-Munce,nir NIR,"MF,FW",Birmingham City,19,2000,0.8,0,0,0,0,1,0,4,0,1,0,0,0,8,0,0,,Matches
85,Lucas Boyé,ar ARG,"FW,MF",Reading,23,1996,6.5,3,0,0,32,5,1,4,8,12,0,0,0,41,7,17,29.2,Matches
86,Sonny Bradley,eng ENG,DF,Luton Town,27,1991,39.1,2,0,0,27,31,2,1,39,28,0,1,0,182,109,67,61.9,Matches
87,Tom Bradshaw,wls WAL,FW,Millwall,27,1992,29.6,1,0,0,27,43,2,17,0,12,1,0,0,84,107,267,28.6,Matches
88,James Bree,eng ENG,DF,Luton Town,21,1997,33.8,2,0,0,21,28,0,135,36,26,1,1,0,137,65,54,54.6,Matches
89,Ben Brereton,cl CHI,"FW,MF",Blackburn,20,1999,6.6,0,1,0,18,18,1,9,0,1,1,0,0,23,8,19,29.6,Matches
90,Rhian Brewster,eng ENG,FW,Swansea City,19,2000,18.5,6,0,0,31,36,8,11,5,6,0,0,0,42,37,59,38.5,Matches
91,Izzy Brown,eng ENG,MF,Luton Town,22,1997,16.2,5,0,0,19,19,3,93,14,18,0,0,0,69,21,33,38.9,Matches
92,Jacob Brown,sct SCO,FW,Barnsley,21,1998,37.1,4,0,0,31,44,16,100,18,31,1,0,0,145,160,252,38.8,Matches
93,Jaden Brown,eng ENG,DF,Huddersfield,20,1999,11.4,2,0,0,11,21,1,18,2,17,0,0,0,46,6,14,30.0,Matches
94,James Brown,mt MLT,DF,Millwall,21,1998,0.7,0,0,0,0,0,0,1,0,0,0,0,0,1,2,1,66.7,Matches
95,Jordan Brown,eng ENG,"FW,MF",Derby County,18,2001,0.1,0,0,0,0,0,0,0,0,0,0,0,0,1,0,0,,Matches
96,Alan Browne,ie IRL,"MF,DF",Preston,24,1995,35.6,3,0,0,39,46,1,83,40,43,1,0,0,215,113,137,45.2,Matches
97,Marcus Browne,eng ENG,"FW,MF",Middlesbrough,21,1997,4.7,2,1,0,19,17,3,8,5,6,0,0,0,24,5,11,31.3,Matches
98,Josh Brownhill,eng ENG,MF,Bristol City,23,1995,27.3,4,0,0,29,24,2,86,36,27,0,0,0,162,51,39,56.7,Matches
99,Chris Brunt,nir NIR,"MF,FW",West Brom,34,1984,0.9,0,0,0,0,0,0,9,0,1,0,0,0,5,1,0,100.0,Matches
100,Joe Bryan,eng ENG,DF,Fulham,25,1993,37.9,6,0,0,42,43,1,192,49,77,0,1,0,195,79,59,57.2,Matches
Rk,Player,Nation,Pos,Squad,Age,Born,90s,CrdY,CrdR,2CrdY,Fls,Fld,Off,Crs,Int,TklW,PKwon,PKcon,OG,Recov,Won,Lost,Won%,Matches
101,Lee Buchanan,eng ENG,DF,Derby County,18,2001,3.1,0,0,0,2,6,0,11,5,5,0,0,0,18,4,4,50.0,Matches
102,John Buckley,eng ENG,"MF,FW",Blackburn,19,1999,6.8,3,1,0,16,17,0,20,4,13,1,0,0,46,2,7,22.2,Matches
103,Tyler Burey,eng ENG,MF,Millwall,17,2001,0.1,0,0,0,2,0,0,1,0,0,0,0,0,1,0,0,,Matches
104,Oliver Burke,sct SCO,"FW,MF",West Brom,22,1997,0.4,0,0,0,0,0,0,0,0,0,0,0,0,0,1,4,20.0,Matches
105,Reece Burke,eng ENG,DF,Hull City,22,1996,35.4,4,0,0,32,24,1,8,44,22,0,0,2,144,90,62,59.2,Matches
106,Ryan Burke,ie IRL,DF,Birmingham City,18,2000,0.2,1,0,0,1,0,0,1,0,0,0,0,0,2,0,2,0.0,Matches
107,Jack Butland,eng ENG,GK,Stoke City,26,1993,35.0,0,0,0,0,3,0,0,1,0,0,0,0,41,8,1,88.9,Matches
108,Jacob Butterfield,eng ENG,MF,Luton Town,29,1990,9.5,2,0,0,13,9,1,22,12,18,0,0,0,59,2,13,13.3,Matches
109,George Byers,sct SCO,MF,Swansea City,23,1996,23.2,7,0,0,36,14,0,36,30,31,0,0,0,119,39,57,40.6,Matches
110,Nathan Byrne,eng ENG,DF,Wigan Athletic,27,1992,38.8,8,0,0,42,47,0,130,38,44,0,0,0,187,38,57,40.0,Matches
111,Ben Cabango,wls WAL,DF,Swansea City,19,2000,19.7,2,0,0,12,13,0,0,27,15,0,1,0,58,65,56,53.7,Matches
112,Rafael Cabral,br BRA,GK,Reading,29,1990,44.0,1,0,0,0,3,0,0,0,0,0,0,0,34,15,2,88.2,Matches
113,Tom Cairney,sct SCO,MF,Fulham,28,1991,36.3,5,0,0,25,60,1,72,19,29,0,0,0,204,21,34,38.2,Matches
114,Geoff Cameron,us USA,"MF,DF",QPR,34,1985,33.9,12,1,1,47,20,0,5,35,43,0,1,0,240,92,69,57.1,Matches
115,Lee Camp,nir NIR,GK,Birmingham City,34,1984,36.0,0,0,0,0,5,0,0,0,0,0,0,0,28,13,0,100.0,Matches
116,Fraizer Campbell,eng ENG,FW,Huddersfield,31,1987,17.3,8,0,0,49,30,13,5,9,20,1,0,0,52,31,69,31.0,Matches
117,Tyrese Campbell,eng ENG,FW,Stoke City,19,1999,18.0,2,0,0,26,23,6,28,1,6,0,0,0,68,23,64,26.4,Matches
118,Sergi Canós,es ESP,"FW,MF",Brentford,22,1997,11.0,3,0,0,16,9,3,32,3,17,0,0,0,48,2,8,20.0,Matches
119,Tom Carroll,eng ENG,MF,Swansea City,27,1992,4.3,3,1,1,6,4,0,8,4,4,0,0,0,31,1,5,16.7,Matches
120,Hayden Carter,eng ENG,DF,Blackburn,19,1999,2.0,0,0,0,0,0,0,0,2,1,0,0,1,11,4,3,57.1,Matches
121,Cameron Carter-Vickers,us USA,DF,Stoke City,21,1997,11.1,1,0,0,4,3,0,13,19,15,0,1,0,68,26,7,78.8,Matches
122,Cameron Carter-Vickers,us USA,DF,Luton Town,21,1997,15.2,2,0,0,6,3,0,0,16,10,0,0,0,56,60,29,67.4,Matches
123,João Carvalho,pt POR,"MF,FW",Nott'ham Forest,22,1997,9.6,1,0,0,5,8,2,40,4,10,0,0,0,45,5,28,15.2,Matches
124,Oliver Casey,eng ENG,DF,Leeds United,18,2000,0.1,0,0,0,0,0,0,0,2,0,0,0,0,2,0,1,0.0,Matches
125,Matty Cash,pl POL,DF,Nott'ham Forest,21,1997,40.2,7,0,0,35,40,2,159,57,82,0,0,0,225,74,66,52.9,Matches
Rk,Player,Nation,Pos,Squad,Age,Born,90s,CrdY,CrdR,2CrdY,Fls,Fld,Off,Crs,Int,TklW,PKwon,PKcon,OG,Recov,Won,Lost,Won%,Matches
126,Kiko Casilla,es ESP,GK,Leeds United,32,1986,36.0,2,0,0,0,5,0,0,2,0,0,0,0,59,14,1,93.3,Matches
127,Ivan Cavaleiro,pt POR,"FW,MF",Fulham,25,1993,33.6,4,0,0,46,43,11,166,29,29,0,0,0,172,49,52,48.5,Matches
128,Dimitri Cavaré,fr FRA,"DF,FW",Barnsley,24,1995,10.6,3,0,0,11,10,0,34,10,15,0,0,0,86,14,12,53.8,Matches
129,Bersant Celina,xk KVX,"FW,MF",Swansea City,22,1996,27.4,2,0,0,11,22,10,143,6,14,0,0,0,127,15,28,34.9,Matches
130,Ilias Chair,ma MAR,"MF,FW",QPR,21,1997,27.0,3,0,0,23,27,11,54,10,22,0,0,0,130,7,32,17.9,Matches
131,Trevoh Chalobah,eng ENG,"MF,DF",Huddersfield,20,1999,30.4,7,1,0,45,33,0,35,59,35,0,0,0,184,59,56,51.3,Matches
132,Conor Chaplin,eng ENG,"FW,MF",Barnsley,22,1997,36.7,5,0,0,31,38,22,88,11,15,0,0,0,142,34,106,24.3,Matches
133,Harry Chapman,eng ENG,"MF,FW",Blackburn,21,1997,0.9,1,0,0,2,2,0,6,0,2,0,0,0,9,0,1,0.0,Matches
134,Chema,es ESP,DF,Nott'ham Forest,27,1992,6.9,1,0,0,9,4,0,10,10,10,0,0,0,29,20,15,57.1,Matches
135,James Chester,wls WAL,DF,Stoke City,30,1989,13.7,0,0,0,6,7,0,0,17,16,0,1,0,85,46,24,65.7,Matches
136,Cyrus Christie,ie IRL,DF,Fulham,26,1992,16.0,5,0,0,23,13,1,59,20,20,0,0,0,59,30,35,46.2,Matches
137,Jack Clarke,eng ENG,FW,Leeds United,18,2000,0.2,0,0,0,0,0,0,0,0,0,0,0,0,0,0,0,,Matches
138,Jack Clarke,eng ENG,"FW,MF",QPR,18,2000,1.6,0,0,0,2,4,0,6,0,1,0,0,0,3,1,5,16.7,Matches
139,Josh Clarke,eng ENG,MF,Brentford,24,1995,0.0,0,0,0,0,0,0,0,0,0,0,0,0,0,0,0,,Matches
140,Matthew Clarke,eng ENG,DF,Derby County,22,1996,33.5,1,0,0,21,26,0,2,51,18,0,2,1,173,147,64,69.7,Matches
141,Tom Clarke,eng ENG,DF,Preston,31,1987,6.7,2,0,0,9,2,0,13,6,11,0,0,0,24,25,20,55.6,Matches
142,Jake Clarke-Salter,eng ENG,DF,Birmingham City,21,1997,17.9,6,0,0,22,4,0,1,23,15,0,0,0,71,69,60,53.5,Matches
143,Adam Clayton,eng ENG,MF,Middlesbrough,30,1989,19.1,4,0,0,27,16,1,15,20,18,0,0,1,121,14,23,37.8,Matches
144,Sam Clucas,eng ENG,MF,Stoke City,28,1990,43.3,6,0,0,51,43,3,139,52,59,0,0,0,240,73,54,57.5,Matches
145,Joel Coleman,eng ENG,GK,Huddersfield,23,1995,2.1,0,0,0,0,0,0,0,0,0,0,0,0,0,1,0,100.0,Matches
146,Maxime Colin,fr FRA,DF,Birmingham City,27,1991,44.0,4,0,0,38,26,0,103,66,72,0,1,0,257,62,64,49.2,Matches
147,Bradley Collins,eng ENG,GK,Barnsley,22,1997,19.0,1,0,0,0,4,0,0,0,1,0,0,0,36,6,0,100.0,Matches
148,James Collins,ie IRL,"FW,MF",Luton Town,28,1990,43.8,9,0,0,94,79,33,21,21,24,1,0,0,102,119,231,34.0,Matches
149,Nathan Collins,ie IRL,DF,Stoke City,18,2001,5.9,2,0,0,8,2,0,2,7,8,0,0,0,36,21,13,61.8,Matches
150,Jake Cooper,eng ENG,DF,Millwall,24,1995,46.0,10,0,0,55,35,7,14,48,26,0,1,0,193,205,55,78.8,Matches
Rk,Player,Nation,Pos,Squad,Age,Born,90s,CrdY,CrdR,2CrdY,Fls,Fld,Off,Crs,Int,TklW,PKwon,PKcon,OG,Recov,Won,Lost,Won%,Matches
151,Liam Cooper,sct SCO,DF,Leeds United,27,1991,34.7,2,0,0,28,39,1,2,69,30,0,0,0,244,173,117,59.7,Matches
152,Harry Cornick,eng ENG,"FW,MF",Luton Town,24,1995,34.3,2,0,0,26,39,21,111,13,10,1,0,0,109,23,93,19.8,Matches
153,Hélder Costa,ao ANG,"MF,FW",Leeds United,25,1994,32.8,3,0,0,40,49,11,101,13,37,1,0,0,147,16,48,25.0,Matches
154,Nuno da Costa,cv CPV,"FW,MF",Nott'ham Forest,28,1991,4.9,2,0,0,9,10,3,0,5,7,1,0,1,28,21,15,58.3,Matches
155,Hayden Coulson,eng ENG,"DF,FW",Middlesbrough,21,1998,20.9,3,0,0,38,45,2,88,29,32,2,0,0,119,26,32,44.8,Matches
156,Jordan Cousins,eng ENG,MF,Stoke City,25,1994,15.9,3,0,0,25,23,0,4,19,18,0,0,0,116,39,14,73.6,Matches
157,Martin Cranie,eng ENG,"DF,MF",Luton Town,32,1986,18.8,3,0,0,18,9,0,11,27,26,0,1,0,96,34,35,49.3,Matches
158,Daniel Crowley,eng ENG,"MF,FW",Birmingham City,21,1997,27.8,5,0,0,36,27,1,138,8,28,0,0,0,168,7,20,25.9,Matches
159,Alessio da Cruz,cv CPV,"FW,MF",Sheffield Weds,22,1997,7.6,1,0,0,19,12,3,24,4,5,0,0,0,26,5,25,16.7,Matches
160,Josh Cullen,ie IRL,MF,Charlton Ath,23,1996,33.6,7,0,0,36,74,0,163,45,30,0,1,0,205,39,45,46.4,Matches
161,Liam Cullen,wls WAL,"FW,DF",Swansea City,20,1999,0.5,0,0,0,3,0,1,1,0,1,0,0,0,2,1,5,16.7,Matches
162,Greg Cunningham,ie IRL,DF,Blackburn,28,1991,7.2,2,0,0,5,14,0,22,9,12,0,0,0,36,15,13,53.6,Matches
163,Bradley Dack,eng ENG,MF,Blackburn,25,1993,20.8,4,1,1,37,31,12,12,6,19,1,0,0,64,6,26,18.8,Matches
164,Stuart Dallas,nir NIR,"DF,MF",Leeds United,28,1991,43.7,7,0,0,54,66,4,129,42,62,0,0,0,258,35,52,40.2,Matches
165,Henrik Dalsgaard,dk DEN,DF,Brentford,30,1989,42.0,4,0,0,48,30,2,56,49,47,1,0,0,196,97,76,56.1,Matches
166,Matty Daly,eng ENG,"FW,MF",Huddersfield,18,2001,0.6,0,0,0,0,0,0,0,0,0,0,0,0,7,0,2,0.0,Matches
167,Donervon Daniels,ms MSR,DF,Luton Town,25,1993,2.1,0,0,0,0,0,0,0,3,3,0,0,1,8,9,8,52.9,Matches
168,Jay Dasilva,wls WAL,DF,Bristol City,21,1998,21.8,1,0,0,9,13,1,48,25,29,0,0,0,147,18,31,36.7,Matches
169,Josh Dasilva,eng ENG,MF,Brentford,20,1998,33.1,2,0,0,15,33,2,88,16,23,0,0,0,215,7,15,31.8,Matches
170,Jacob Davenport,eng ENG,"MF,FW",Blackburn,20,1998,1.8,2,0,0,7,3,1,8,3,1,0,1,0,12,4,3,57.1,Matches
171,Adam Davies,wls WAL,GK,Stoke City,27,1992,4.0,0,0,0,0,1,0,0,0,1,0,0,0,1,2,0,100.0,Matches
172,Ben Davies,eng ENG,DF,Preston,23,1995,35.3,2,0,0,11,23,0,4,30,17,0,0,0,220,115,84,57.8,Matches
173,Curtis Davies,sl SLE,DF,Derby County,34,1985,26.2,1,0,0,23,22,1,2,56,33,0,1,0,81,158,88,64.2,Matches
174,David Davis,eng ENG,MF,Charlton Ath,28,1991,5.0,2,0,0,18,6,0,1,7,6,0,0,0,27,9,11,45.0,Matches
175,David Davis,eng ENG,MF,Birmingham City,28,1991,12.8,5,0,0,24,9,0,2,10,22,0,0,0,82,12,11,52.2,Matches
Rk,Player,Nation,Pos,Squad,Age,Born,90s,CrdY,CrdR,2CrdY,Fls,Fld,Off,Crs,Int,TklW,PKwon,PKcon,OG,Recov,Won,Lost,Won%,Matches
176,Leif Davis,eng ENG,"DF,FW",Leeds United,19,2000,0.2,0,0,0,0,0,0,1,0,2,0,0,0,1,2,0,100.0,Matches
177,Josh Davison,eng ENG,FW,Charlton Ath,19,1999,4.4,0,0,0,4,6,0,2,1,2,0,0,0,8,10,49,16.9,Matches
178,Cameron Dawson,eng ENG,GK,Sheffield Weds,24,1995,23.1,0,0,0,0,1,0,0,1,0,0,0,1,15,4,1,80.0,Matches
179,Michael Dawson,eng ENG,DF,Nott'ham Forest,35,1983,15.6,1,0,0,7,11,0,0,11,4,0,0,0,50,50,34,59.5,Matches
180,Joe Day,eng ENG,GK,Cardiff City,28,1990,0.4,0,0,0,0,0,0,0,0,0,0,0,0,2,0,0,,Matches
181,Jón Daði Böðvarsson,is ISL,"FW,MF",Millwall,27,1992,15.3,2,0,0,9,23,6,6,7,15,1,0,0,56,77,112,40.7,Matches
182,Bobby De Cordova-Reid,jm JAM,MF,Cardiff City,26,1993,1.0,1,0,0,1,2,0,0,0,0,0,0,0,5,0,0,,Matches
183,Bobby De Cordova-Reid,jm JAM,"FW,MF",Fulham,26,1993,31.6,4,0,0,31,41,12,42,14,31,1,0,0,147,23,43,34.8,Matches
184,Harlee Dean,eng ENG,DF,Birmingham City,28,1991,35.0,5,2,1,40,20,1,16,62,20,0,3,0,166,183,82,69.1,Matches
185,Ben Dempsey,eng ENG,MF,Charlton Ath,19,1999,2.9,1,0,0,4,2,0,5,1,1,0,0,0,11,3,5,37.5,Matches
186,Mike van der Hoorn,nl NED,DF,Swansea City,26,1992,25.4,3,0,0,18,24,0,5,23,16,0,1,0,138,84,53,61.3,Matches
187,Halil Dervişoğlu,tr TUR,"FW,MF",Brentford,19,1999,0.5,1,0,0,2,3,1,0,2,0,0,0,0,1,0,2,0.0,Matches
188,Yan Dhanda,eng ENG,"MF,FW",Swansea City,20,1998,8.8,2,0,0,17,21,1,22,3,1,1,0,0,48,5,3,62.5,Matches
189,Bambo Diaby,sn SEN,DF,Barnsley,21,1997,20.7,8,0,0,31,18,0,0,30,22,0,1,1,109,69,65,51.5,Matches
190,Adama Diakhaby,fr FRA,"FW,MF",Nott'ham Forest,23,1996,4.0,3,0,0,10,16,1,13,1,6,0,0,0,20,7,8,46.7,Matches
191,Adama Diakhaby,fr FRA,FW,Huddersfield,23,1996,9.6,3,0,0,11,22,3,29,3,12,1,0,0,36,10,15,40.0,Matches
192,Grady Diangana,cd COD,FW,West Brom,21,1998,20.6,2,0,0,15,43,8,44,7,19,1,0,0,110,16,35,31.4,Matches
193,Nouha Dicko,ml MLI,FW,Hull City,27,1992,1.0,0,0,0,3,1,0,0,0,0,0,0,0,3,2,11,15.4,Matches
194,Famara Diedhiou,sn SEN,FW,Bristol City,26,1992,32.1,3,1,0,74,58,20,4,13,15,1,0,0,86,208,229,47.6,Matches
195,Anfernee Dijksteel,sr SUR,DF,Charlton Ath,22,1996,1.0,0,0,0,1,3,0,0,1,1,0,0,0,6,1,4,20.0,Matches
196,Anfernee Dijksteel,sr SUR,DF,Middlesbrough,22,1996,11.6,3,0,0,18,17,0,22,10,15,0,1,0,72,17,21,44.7,Matches
197,Mihai Dobre,ro ROU,"FW,DF",Wigan Athletic,20,1998,0.1,0,0,0,0,0,0,0,0,0,0,0,0,0,0,0,,Matches
198,Kenneth Dougall,au AUS,MF,Barnsley,26,1993,9.4,3,0,0,14,10,0,3,16,17,0,0,0,70,12,13,48.0,Matches
199,Alfie Doughty,eng ENG,"DF,MF",Charlton Ath,19,1999,21.9,2,0,0,16,15,6,114,31,22,0,0,0,141,33,27,55.0,Matches
200,Barry Douglas,sct SCO,DF,Leeds United,29,1989,7.2,0,0,0,6,8,1,46,9,6,0,0,0,43,8,11,42.1,Matches
Rk,Player,Nation,Pos,Squad,Age,Born,90s,CrdY,CrdR,2CrdY,Fls,Fld,Off,Crs,Int,TklW,PKwon,PKcon,OG,Recov,Won,Lost,Won%,Matches
201,Kieran Dowell,eng ENG,MF,Derby County,21,1997,7.8,2,0,0,6,10,1,31,3,9,0,1,0,45,3,10,23.1,Matches
202,Kieran Dowell,eng ENG,"MF,FW",Wigan Athletic,21,1997,10.0,0,0,0,16,8,1,57,6,8,0,0,0,37,8,13,38.1,Matches
203,Stewart Downing,eng ENG,"MF,FW",Blackburn,35,1984,37.8,1,0,0,10,13,2,299,34,13,0,0,0,159,8,19,29.6,Matches
204,Mark Duffy,eng ENG,"MF,FW",Stoke City,33,1985,1.9,0,0,0,2,6,0,12,2,2,0,0,0,8,3,6,33.3,Matches
205,Demeaco Duhaney,eng ENG,DF,Huddersfield,20,1998,3.9,0,0,0,0,4,0,6,2,2,0,0,0,7,4,4,50.0,Matches
206,Chey Dunkley,eng ENG,DF,Wigan Athletic,27,1992,22.3,8,2,2,31,11,0,0,20,12,1,1,0,57,102,71,59.0,Matches
207,Nathan Dyer,eng ENG,FW,Swansea City,31,1987,6.0,0,0,0,2,13,1,11,4,4,0,0,0,32,4,6,40.0,Matches
208,Tom Eaves,eng ENG,FW,Hull City,27,1992,23.6,4,0,0,81,19,34,15,0,17,0,0,0,50,133,119,52.8,Matches
209,Rarmani Edmonds-Green,eng ENG,DF,Huddersfield,20,1999,1.0,0,0,0,0,0,0,1,1,2,0,0,0,8,0,3,0.0,Matches
210,Kyle Edwards,eng ENG,FW,West Brom,21,1998,10.3,2,0,0,9,12,2,33,7,6,1,0,0,46,4,8,33.3,Matches
211,Tom Edwards,eng ENG,DF,Stoke City,20,1999,12.5,0,0,0,14,6,0,74,17,10,0,0,1,70,26,19,57.8,Matches
212,Ovie Ejaria,eng ENG,"MF,FW",Reading,21,1997,34.5,3,0,0,24,65,0,18,52,25,0,1,0,221,26,50,34.2,Matches
213,Callum Elder,au AUS,DF,Hull City,24,1995,27.8,3,0,0,34,13,3,123,22,38,0,0,0,151,75,44,63.0,Matches
214,Niclas Eliasson,se SWE,"MF,FW",Bristol City,23,1995,22.2,2,0,0,25,57,7,242,16,25,0,0,0,81,14,38,26.9,Matches
215,Tommy Elphick,eng ENG,DF,Huddersfield,31,1987,13.2,2,0,0,16,7,1,0,26,5,0,0,0,57,43,23,65.2,Matches
216,Bright Enobakhare,ng NGA,"MF,FW",Wigan Athletic,21,1998,0.6,0,0,0,0,1,0,0,1,1,0,0,0,2,3,2,60.0,Matches
217,Oghenekaro Etebo,ng NGA,MF,Stoke City,23,1995,7.9,1,0,0,3,22,0,6,10,8,0,0,0,69,6,7,46.2,Matches
218,Neil Etheridge,ph PHI,GK,Cardiff City,29,1990,15.6,0,0,0,1,3,0,0,1,0,0,1,0,11,6,0,100.0,Matches
219,Corry Evans,nir NIR,MF,Blackburn,29,1990,9.6,4,0,0,19,18,0,9,13,11,0,0,1,65,11,12,47.8,Matches
220,George Evans,eng ENG,"MF,DF",Derby County,24,1994,12.5,1,0,0,8,9,2,9,11,6,1,0,0,59,21,22,48.8,Matches
221,Lee Evans,wls WAL,MF,Wigan Athletic,25,1994,19.7,4,0,0,27,38,1,59,13,20,0,0,0,111,24,29,45.3,Matches
222,Eberechi Eze,eng ENG,"MF,FW",QPR,21,1998,45.1,3,0,0,30,107,5,150,24,32,2,0,0,271,29,63,31.5,Matches
223,Adam Federici,au AUS,GK,Stoke City,34,1985,7.0,0,0,0,0,1,0,0,0,0,0,0,0,4,1,0,100.0,Matches
224,Nathan Ferguson,eng ENG,DF,West Brom,18,2000,19.4,5,1,0,32,29,0,17,19,35,0,0,0,121,34,27,55.7,Matches
225,Shane Ferguson,nir NIR,"MF,DF",Millwall,28,1991,19.1,4,1,1,6,20,2,112,12,10,0,0,0,102,3,5,37.5,Matches
Rk,Player,Nation,Pos,Squad,Age,Born,90s,CrdY,CrdR,2CrdY,Fls,Fld,Off,Crs,Int,TklW,PKwon,PKcon,OG,Recov,Won,Lost,Won%,Matches
226,Miguel Fernández,es ESP,MF,Birmingham City,18,2000,0.0,0,0,0,0,0,0,0,0,0,0,0,0,0,0,0,,Matches
227,Sam Field,eng ENG,MF,Charlton Ath,21,1998,8.7,1,0,0,11,9,0,5,27,18,0,0,0,64,14,13,51.9,Matches
228,Frank Fielding,eng ENG,GK,Millwall,31,1988,0.5,0,0,0,0,0,0,0,0,0,0,0,0,0,1,0,100.0,Matches
229,Tobias Figueiredo,pt POR,DF,Nott'ham Forest,25,1994,29.4,2,0,0,20,11,1,0,26,10,0,0,2,101,98,71,58.0,Matches
230,Darnell Fisher,eng ENG,DF,Preston,25,1994,25.4,10,1,0,47,66,2,103,34,40,2,0,0,126,37,38,49.3,Matches
231,Brandon Fleming,eng ENG,DF,Hull City,19,1999,4.0,0,0,0,2,8,0,5,6,12,0,0,0,18,7,11,38.9,Matches
232,Ashley Fletcher,eng ENG,FW,Middlesbrough,23,1995,36.0,5,0,0,71,46,17,22,9,23,1,0,1,115,101,155,39.5,Matches
233,Steven Fletcher,sct SCO,FW,Sheffield Weds,32,1987,22.4,6,0,0,54,29,17,2,9,11,0,0,0,57,149,149,50.0,Matches
234,Aden Flint,eng ENG,DF,Cardiff City,30,1989,25.4,2,0,0,21,22,8,1,22,11,1,0,0,73,169,76,69.0,Matches
235,Fernando Forestieri,it ITA,"FW,MF",Sheffield Weds,29,1990,9.2,3,0,0,21,24,8,39,4,18,1,0,0,50,8,15,34.8,Matches
236,Adam Forshaw,eng ENG,MF,Leeds United,27,1991,6.5,3,0,0,14,12,1,4,1,5,0,0,0,38,9,7,56.3,Matches
237,Marcus Forss,fi FIN,FW,Brentford,20,1999,0.4,0,0,0,1,0,0,0,0,0,0,0,0,0,0,2,0.0,Matches
238,Jake Forster-Caskey,eng ENG,"MF,DF",Charlton Ath,25,1994,6.5,3,0,0,10,7,1,25,8,8,0,0,0,24,7,14,33.3,Matches
239,Craig Forsyth,sct SCO,DF,Derby County,30,1989,19.4,2,0,0,12,7,1,26,31,15,0,1,0,97,58,39,59.8,Matches
240,Tariqe Fosu,gh GHA,"FW,DF",Brentford,23,1995,2.9,1,0,0,7,3,0,6,1,3,0,0,0,17,4,5,44.4,Matches
241,Danny Fox,sct SCO,DF,Wigan Athletic,33,1986,8.9,1,1,0,8,1,0,7,8,9,0,0,0,28,21,9,70.0,Matches
242,Morgan Fox,wls WAL,DF,Sheffield Weds,25,1993,23.6,3,0,0,24,7,0,78,35,37,0,0,0,114,49,46,51.6,Matches
243,George Friend,eng ENG,DF,Middlesbrough,31,1987,13.6,1,0,0,14,12,3,10,26,13,0,1,0,61,60,53,53.1,Matches
244,Dael Fry,eng ENG,DF,Middlesbrough,21,1997,35.4,2,0,0,15,23,1,4,35,28,0,1,0,172,159,96,62.4,Matches
245,Jay Fulton,sct SCO,MF,Swansea City,25,1994,27.1,10,0,0,54,16,2,31,44,41,0,0,0,154,40,37,51.9,Matches
246,Darnell Furlong,eng ENG,DF,West Brom,23,1995,25.0,5,0,0,35,33,2,126,24,23,0,0,0,78,90,46,66.2,Matches
247,Conor Gallagher,eng ENG,"MF,FW",Charlton Ath,19,2000,24.6,8,0,0,46,53,2,54,24,24,2,0,0,139,16,41,28.1,Matches
248,Conor Gallagher,eng ENG,MF,Swansea City,19,2000,18.5,3,0,0,29,41,1,38,17,14,1,0,0,107,9,31,22.5,Matches
249,Paul Gallagher,sct SCO,MF,Preston,34,1984,21.5,5,0,0,27,10,0,183,30,26,0,0,0,144,16,19,45.7,Matches
250,Sam Gallagher,eng ENG,FW,Blackburn,23,1995,27.8,3,0,0,47,41,18,31,9,21,1,0,0,66,194,174,52.7,Matches
Rk,Player,Nation,Pos,Squad,Age,Born,90s,CrdY,CrdR,2CrdY,Fls,Fld,Off,Crs,Int,TklW,PKwon,PKcon,OG,Recov,Won,Lost,Won%,Matches
251,Brendan Galloway,zw ZIM,"DF,MF",Luton Town,23,1996,0.9,0,0,0,0,1,0,0,1,2,0,0,0,2,0,0,,Matches
252,Gary Gardner,eng ENG,MF,Birmingham City,27,1992,27.8,13,0,0,41,45,3,17,31,33,0,2,0,184,90,66,57.7,Matches
253,Joe Garner,eng ENG,FW,Wigan Athletic,31,1988,9.8,5,1,0,28,26,10,4,1,6,0,0,0,8,85,113,42.9,Matches
254,Jordan Garrick,eng ENG,"FW,MF",Swansea City,21,1998,3.1,1,1,0,8,9,3,1,0,4,2,0,0,14,5,9,35.7,Matches
255,Joe Gelhardt,eng ENG,"MF,FW",Wigan Athletic,17,2002,4.7,2,0,0,7,20,1,12,0,0,1,0,0,15,0,15,0.0,Matches
256,Rudy Gestede,bj BEN,FW,Middlesbrough,30,1988,6.6,0,0,0,9,3,4,0,1,1,0,0,0,12,93,69,57.4,Matches
257,Kieran Gibbs,eng ENG,DF,West Brom,29,1989,10.9,1,0,0,8,3,0,22,16,9,0,1,0,51,8,8,50.0,Matches
258,Álvaro Giménez,es ESP,FW,Birmingham City,28,1991,13.3,5,0,0,32,21,10,3,6,11,1,0,0,59,45,54,45.5,Matches
259,Josh Ginnelly,eng ENG,FW,Preston,22,1997,0.1,0,0,0,0,0,0,0,0,0,0,0,0,0,0,0,,Matches
260,Robert Glatzel,de GER,FW,Cardiff City,25,1994,20.2,1,0,0,43,56,8,4,2,14,1,0,0,64,106,198,34.9,Matches
261,Nico Gordon,ms MSR,"DF,MF",Birmingham City,17,2002,0.8,1,0,0,0,1,1,0,2,2,0,0,0,7,2,4,33.3,Matches
262,Jon Gorenc Stanković,si SVN,DF,Huddersfield,23,1996,14.6,3,0,0,7,15,1,1,18,4,0,0,0,89,54,40,57.4,Matches
263,Robbie Gotts,eng ENG,MF,Leeds United,19,1999,0.1,0,0,0,0,0,0,1,0,1,0,0,0,1,0,0,,Matches
264,Kamil Grabara,pl POL,GK,Huddersfield,20,1999,27.9,3,0,0,1,6,0,0,0,0,0,0,0,23,10,0,100.0,Matches
265,Lewis Grabban,eng ENG,FW,Nott'ham Forest,31,1988,43.5,2,0,0,47,17,42,18,5,5,0,0,0,112,33,91,26.6,Matches
266,Danny Graham,eng ENG,FW,Blackburn,33,1985,16.6,0,0,0,23,12,13,4,1,4,1,0,0,28,54,71,43.2,Matches
267,Karlan Grant,eng ENG,FW,Huddersfield,21,1997,41.1,3,0,0,20,37,15,161,19,12,1,0,0,140,37,101,26.8,Matches
268,André Green,eng ENG,"FW,MF",Preston,21,1998,1.0,0,0,0,2,0,0,2,0,1,0,0,0,2,1,5,16.7,Matches
269,André Green,eng ENG,"FW,MF",Charlton Ath,21,1998,8.4,1,0,0,12,12,1,24,1,2,0,0,0,20,4,37,9.8,Matches
270,Jordan Green,eng ENG,DF,Barnsley,24,1995,0.6,0,0,0,0,0,0,0,1,3,0,0,0,0,1,2,33.3,Matches
271,Lee Gregory,eng ENG,FW,Stoke City,30,1988,23.1,1,0,0,43,48,16,19,7,10,0,0,0,60,103,156,39.8,Matches
272,Matt Grimes,eng ENG,MF,Swansea City,24,1995,46.0,6,0,0,36,55,1,197,71,76,0,0,0,368,47,58,44.8,Matches
273,Kamil Grosicki,pl POL,FW,West Brom,31,1988,5.5,0,0,0,5,2,3,39,1,3,0,0,0,32,3,3,50.0,Matches
274,Kamil Grosicki,pl POL,"MF,FW",Hull City,31,1988,26.3,3,0,0,9,15,5,155,15,6,0,0,0,106,8,14,36.4,Matches
275,Joe Gubbins,eng ENG,DF,QPR,17,2001,0.0,0,0,0,0,0,0,0,0,0,0,0,0,0,0,0,,Matches
Rk,Player,Nation,Pos,Squad,Age,Born,90s,CrdY,CrdR,2CrdY,Fls,Fld,Off,Crs,Int,TklW,PKwon,PKcon,OG,Recov,Won,Lost,Won%,Matches
276,Marc Guéhi,eng ENG,DF,Swansea City,19,2000,11.1,1,0,0,5,14,0,0,25,6,0,0,0,68,39,40,49.4,Matches
277,Chris Gunter,wls WAL,DF,Reading,30,1989,17.5,2,0,0,10,10,0,38,13,24,0,0,0,62,10,12,45.5,Matches
278,Florent Hadergjonaj,xk KVX,DF,Huddersfield,25,1994,15.6,4,0,0,10,8,0,52,15,17,0,0,0,71,11,14,44.0,Matches
279,Grant Hall,eng ENG,DF,QPR,27,1991,30.0,5,0,0,16,8,1,2,46,18,0,1,0,140,130,49,72.6,Matches
280,Aapo Halme,fi FIN,"DF,MF",Barnsley,21,1998,25.5,9,0,0,48,30,2,0,40,28,0,1,0,142,141,106,57.1,Matches
281,Ben Hamer,eng ENG,GK,Derby County,31,1987,24.8,2,0,0,1,5,0,0,2,0,0,0,0,16,7,2,77.8,Matches
282,Marco Harboe Ramkilde,dk DEN,FW,QPR,21,1998,0.4,0,0,0,0,0,0,0,1,0,0,0,0,2,0,1,0.0,Matches
283,Wes Harding,jm JAM,DF,Birmingham City,22,1996,8.4,2,0,0,8,5,1,9,18,5,0,1,1,37,16,17,48.5,Matches
284,Rekeem Harper,eng ENG,MF,West Brom,19,2000,4.2,0,0,0,4,6,0,5,1,5,0,0,0,14,6,4,60.0,Matches
285,Kian Harratt,eng ENG,FW,Huddersfield,17,2002,0.2,0,0,0,2,0,0,0,0,0,0,0,0,0,1,0,100.0,Matches
286,Kadeem Harris,eng ENG,"MF,DF",Sheffield Weds,26,1993,37.5,4,0,0,37,53,3,156,18,24,0,0,0,160,18,50,26.5,Matches
287,Jack Harrison,eng ENG,"MF,FW",Leeds United,22,1996,42.2,1,0,0,38,53,16,210,22,26,0,0,0,222,25,60,29.4,Matches
288,Josh Harrop,eng ENG,"FW,MF",Preston,23,1995,16.2,4,0,0,35,23,2,55,14,17,0,0,0,82,12,27,30.8,Matches
289,Michael Hector,jm JAM,DF,Fulham,27,1992,20.0,2,0,0,21,6,0,6,14,21,0,0,0,122,68,35,66.0,Matches
290,Jahmal Hector-Ingram,eng ENG,"MF,FW",Derby County,20,1998,0.1,0,0,0,0,0,0,0,0,0,0,0,0,1,0,2,0.0,Matches
291,Ahmed Hegazi,eg EGY,DF,West Brom,28,1991,13.6,4,1,1,20,7,2,5,15,14,0,0,0,76,62,44,58.5,Matches
292,Tomer Hemed,il ISR,FW,Charlton Ath,32,1987,8.9,1,0,0,22,10,4,4,1,7,0,0,0,28,40,78,33.9,Matches
293,Markus Henriksen,no NOR,MF,Bristol City,27,1992,3.5,0,0,0,8,4,0,5,4,4,0,0,0,21,10,5,66.7,Matches
294,Rico Henry,eng ENG,"DF,MF",Brentford,22,1997,44.8,5,0,0,41,55,2,102,48,53,0,1,0,275,87,94,48.1,Matches
295,Pablo Hernández,es ESP,MF,Leeds United,34,1985,27.7,6,0,0,21,20,4,111,21,30,0,0,1,174,5,22,18.5,Matches
296,Scott High,sct SCO,MF,Huddersfield,18,2001,0.2,0,0,0,0,0,0,0,1,1,0,0,0,4,0,0,,Matches
297,Scott Hogan,ie IRL,FW,Stoke City,27,1992,4.8,0,0,0,5,5,2,3,0,0,1,0,0,4,5,18,21.7,Matches
298,Scott Hogan,ie IRL,FW,Birmingham City,27,1992,14.2,0,0,0,12,6,16,11,1,1,0,0,0,20,13,43,23.2,Matches
299,Jonathan Hogg,eng ENG,MF,Huddersfield,30,1988,33.5,12,0,0,49,40,0,3,39,57,0,0,0,242,61,32,65.6,Matches
300,Junior Hoilett,ca CAN,FW,Cardiff City,29,1990,27.5,6,0,0,40,43,9,102,27,36,0,0,0,144,22,49,31.0,Matches
Rk,Player,Nation,Pos,Squad,Age,Born,90s,CrdY,CrdR,2CrdY,Fls,Fld,Off,Crs,Int,TklW,PKwon,PKcon,OG,Recov,Won,Lost,Won%,Matches
301,Duane Holmes,us USA,"MF,FW",Derby County,24,1994,27.4,8,0,0,38,39,2,49,19,40,0,0,0,165,20,38,34.5,Matches
302,Lewis Holtby,de GER,"MF,FW",Blackburn,28,1990,14.4,0,0,0,20,31,1,29,4,21,0,0,0,66,11,25,30.6,Matches
303,George Honeyman,eng ENG,"MF,FW",Hull City,24,1994,22.9,8,0,0,40,46,6,72,14,25,0,0,0,145,12,28,30.0,Matches
304,Jonny Howson,eng ENG,"DF,MF",Middlesbrough,31,1988,40.6,10,1,1,41,28,1,72,62,52,0,0,1,276,67,61,52.3,Matches
305,Tom Huddlestone,eng ENG,MF,Derby County,32,1986,10.5,2,0,0,15,6,0,1,10,8,0,0,0,81,15,4,78.9,Matches
306,Andrew Hughes,wls WAL,DF,Preston,27,1992,27.6,2,0,0,30,14,0,62,34,23,0,0,0,124,165,66,71.4,Matches
307,Jordan Hugill,eng ENG,FW,QPR,27,1992,31.5,10,0,0,71,56,20,10,1,6,0,0,0,52,135,161,45.6,Matches
308,Alex Hunt,eng ENG,MF,Sheffield Weds,19,2000,2.1,1,0,0,3,2,0,1,3,2,0,0,0,9,0,3,0.0,Matches
309,Jack Hunt,eng ENG,DF,Bristol City,28,1990,27.7,6,0,0,21,27,1,92,34,33,1,0,0,133,29,53,35.4,Matches
310,Paul Huntington,eng ENG,DF,Preston,31,1987,8.5,2,0,0,11,9,1,0,14,2,0,1,0,44,36,13,73.5,Matches
311,Sam Hutchinson,eng ENG,"MF,DF",Sheffield Weds,29,1989,19.9,10,0,0,47,9,2,17,36,39,0,0,0,106,30,22,57.7,Matches
312,Shaun Hutchinson,eng ENG,DF,Millwall,28,1990,36.0,4,0,0,28,25,3,15,82,36,1,1,1,169,205,120,63.1,Matches
313,Danny Hylton,eng ENG,FW,Luton Town,30,1989,2.8,1,0,0,5,8,6,2,0,0,0,0,0,4,14,32,30.4,Matches
314,Tom Ince,eng ENG,"FW,MF",Stoke City,27,1992,30.0,1,0,0,24,63,8,53,30,27,0,0,0,133,13,67,16.3,Matches
315,Matt Ingram,eng ENG,GK,Hull City,25,1993,1.0,0,0,0,0,0,0,0,0,0,0,0,0,0,1,1,50.0,Matches
316,Dominic Iorfa,eng ENG,DF,Sheffield Weds,24,1995,39.1,4,0,0,62,38,1,7,52,60,0,2,0,227,133,109,55.0,Matches
317,Jackson Irvine,au AUS,"MF,FW",Hull City,26,1993,33.6,6,0,0,43,27,4,16,52,34,1,1,0,218,69,69,50.0,Matches
318,Michael Jacobs,eng ENG,"FW,MF",Wigan Athletic,27,1991,18.7,1,0,0,32,30,4,43,17,18,0,0,0,85,39,42,48.1,Matches
319,Pontus Jansson,se SWE,DF,Brentford,28,1991,33.7,5,0,0,29,16,3,0,39,16,0,0,0,155,122,60,67.0,Matches
320,Sylvester Jasper,bg BUL,FW,Fulham,17,2001,0.1,0,0,0,0,0,0,0,0,0,0,0,0,2,0,1,0.0,Matches
321,Julian Jeanvier,gn GUI,DF,Brentford,27,1992,24.5,2,1,0,33,11,1,1,30,28,0,0,0,131,46,32,59.0,Matches
322,Carl Jenkinson,eng ENG,DF,Nott'ham Forest,27,1992,6.9,3,0,0,10,2,1,17,6,7,0,0,0,37,8,12,40.0,Matches
323,Mathias Jensen,dk DEN,MF,Brentford,23,1996,27.5,2,0,0,21,26,0,164,24,15,0,0,0,177,13,17,43.3,Matches
324,Lucas João,ao ANG,"FW,MF",Reading,25,1993,13.2,1,0,0,18,20,7,0,1,6,1,0,0,34,44,56,44.0,Matches
325,Lucas João,ao ANG,FW,Sheffield Weds,25,1993,0.1,0,0,0,1,3,0,0,1,0,0,0,0,1,0,1,0.0,Matches
Rk,Player,Nation,Pos,Squad,Age,Born,90s,CrdY,CrdR,2CrdY,Fls,Fld,Off,Crs,Int,TklW,PKwon,PKcon,OG,Recov,Won,Lost,Won%,Matches
326,Stefan Johansen,no NOR,MF,Fulham,28,1991,18.8,3,0,0,16,30,4,31,12,11,0,0,0,112,7,13,35.0,Matches
327,Declan John,wls WAL,FW,Swansea City,24,1995,0.2,0,0,0,0,0,0,2,0,0,0,0,0,1,0,0,,Matches
328,Bradley Johnson,eng ENG,MF,Blackburn,32,1987,25.3,4,0,0,46,43,4,19,32,24,0,1,1,149,73,44,62.4,Matches
329,Brennan Johnson,wls WAL,MF,Nott'ham Forest,18,2001,1.2,0,0,0,4,5,0,2,1,1,0,0,0,5,3,3,50.0,Matches
330,Daniel Johnson,jm JAM,MF,Preston,26,1992,30.6,3,0,0,30,20,4,59,28,31,1,0,0,131,31,42,42.5,Matches
331,Marvin Johnson,eng ENG,"DF,FW",Middlesbrough,28,1990,29.0,4,1,0,40,41,3,182,29,37,1,0,0,182,31,36,46.3,Matches
332,Sam Johnstone,eng ENG,GK,West Brom,26,1993,46.0,1,0,0,1,1,0,0,1,0,0,0,1,61,12,1,92.3,Matches
333,Jamie Jones,eng ENG,GK,Wigan Athletic,30,1989,7.0,0,0,0,1,2,0,0,0,0,0,0,0,5,2,0,100.0,Matches
334,Lloyd Jones,eng ENG,DF,Luton Town,23,1995,1.2,0,0,0,1,1,0,0,2,0,0,0,0,3,7,4,63.6,Matches
335,Florian Jozefzoon,sr SUR,"FW,DF",Derby County,28,1991,7.2,2,0,0,12,8,3,23,2,4,0,0,0,25,3,5,37.5,Matches
336,Mads Juel Andersen,dk DEN,DF,Barnsley,21,1997,36.3,9,0,0,48,30,1,2,101,26,0,1,0,249,196,115,63.0,Matches
337,Lukas Jutkiewicz,eng ENG,FW,Birmingham City,30,1989,42.7,5,0,0,105,63,23,42,12,16,1,0,0,114,352,291,54.7,Matches
338,Elias Kachunga,cd COD,"FW,MF",Huddersfield,27,1992,29.2,4,0,0,63,40,3,38,17,28,2,0,0,112,59,81,42.1,Matches
339,Osman Kakay,sl SLE,DF,QPR,21,1997,6.9,1,0,0,7,5,0,18,7,7,0,0,0,42,13,22,37.1,Matches
340,Tomáš Kalas,cz CZE,DF,Bristol City,26,1993,22.3,2,0,0,6,30,0,4,37,18,0,0,0,99,78,46,62.9,Matches
341,Aldo Kalulu,cd COD,FW,Swansea City,23,1996,5.2,2,0,0,10,3,4,13,7,3,0,0,0,23,2,14,12.5,Matches
342,Aboubakar Kamara,mr MTN,"FW,MF",Fulham,24,1995,10.2,2,0,0,17,10,2,28,2,8,0,0,0,41,18,13,58.1,Matches
343,Herbie Kane,eng ENG,MF,Hull City,20,1998,5.1,0,0,0,3,6,0,27,7,5,0,0,0,35,2,2,50.0,Matches
344,Todd Kane,eng ENG,DF,QPR,25,1993,22.7,3,0,0,28,7,4,79,22,27,0,0,0,97,25,35,41.7,Matches
345,Nikos Karelis,gr GRE,FW,Brentford,27,1992,1.0,0,0,0,0,1,1,0,0,1,0,0,0,1,0,2,0.0,Matches
346,Beram Kayal,il ISR,"MF,FW",Charlton Ath,31,1988,2.4,2,0,0,6,2,0,4,0,2,0,0,0,14,0,5,0.0,Matches
347,Neeskens Kebano,cd COD,FW,Fulham,27,1992,6.5,3,1,1,11,13,2,44,4,9,2,0,0,29,6,8,42.9,Matches
348,Liam Kelly,sct SCO,GK,QPR,23,1996,19.0,0,0,0,1,1,0,0,0,1,0,1,0,6,6,0,100.0,Matches
349,Richard Keogh,ie IRL,DF,Derby County,32,1986,8.0,2,0,0,6,8,1,3,4,8,0,1,0,45,26,12,68.4,Matches
350,Maikel Kieftenbeld,nl NED,MF,Birmingham City,29,1990,2.6,1,0,0,6,0,0,4,2,2,0,0,0,12,2,1,66.7,Matches
Rk,Player,Nation,Pos,Squad,Age,Born,90s,CrdY,CrdR,2CrdY,Fls,Fld,Off,Crs,Int,TklW,PKwon,PKcon,OG,Recov,Won,Lost,Won%,Matches
351,Andy King,wls WAL,MF,Huddersfield,30,1988,6.6,0,0,0,7,4,1,4,4,10,0,0,0,36,10,10,50.0,Matches
352,Stephen Kingsley,sct SCO,DF,Hull City,25,1994,7.0,3,0,0,10,5,0,17,5,8,0,0,0,24,9,5,64.3,Matches
353,Peter Kioso,cd COD,DF,Luton Town,20,1998,0.0,0,0,0,0,0,0,0,0,0,0,0,0,0,0,0,,Matches
354,Cédric Kipré,ci CIV,DF,Wigan Athletic,22,1996,32.4,10,1,1,35,32,1,4,56,35,0,0,0,159,70,52,57.4,Matches
355,Mateusz Klich,pl POL,MF,Leeds United,29,1990,42.2,8,0,0,68,29,9,92,23,53,0,0,0,254,30,26,53.6,Matches
356,Jason Knight,ie IRL,"FW,MF",Derby County,18,2001,20.1,5,0,0,39,37,2,32,23,24,1,0,0,86,18,30,37.5,Matches
357,Anthony Knockaert,fr FRA,FW,Fulham,27,1991,31.5,6,0,0,37,33,11,227,20,17,0,0,0,155,21,29,42.0,Matches
358,Terence Kongolo,nl NED,DF,Huddersfield,25,1994,9.7,0,0,0,12,13,1,13,15,15,0,1,1,26,23,10,69.7,Matches
359,Terence Kongolo,nl NED,"DF,MF",Fulham,25,1994,0.1,0,0,0,0,0,0,0,1,0,0,0,0,1,1,0,100.0,Matches
360,Josh Koroma,sl SLE,"MF,FW",Huddersfield,20,1998,3.3,0,0,0,3,4,1,8,0,4,0,0,0,19,1,1,50.0,Matches
361,Filip Krovinović,hr CRO,MF,West Brom,23,1995,25.5,3,0,0,21,45,3,49,28,20,2,2,0,136,30,38,44.1,Matches
362,Rajiv van La Parra,nl NED,FW,Huddersfield,28,1991,2.4,0,0,0,4,6,0,22,2,3,0,0,0,14,0,1,0.0,Matches
363,Luca de la Torre,us USA,"MF,DF",Fulham,21,1998,0.1,0,0,0,0,0,0,2,0,0,0,0,0,0,0,0,,Matches
364,Callum Lang,eng ENG,MF,Wigan Athletic,20,1998,0.4,0,0,0,0,1,0,0,0,0,0,0,0,0,1,0,100.0,Matches
365,George Lapslie,eng ENG,"MF,FW",Charlton Ath,21,1997,5.0,3,0,0,5,6,0,6,4,14,0,0,0,16,10,11,47.6,Matches
366,Tom Lawrence,wls WAL,"FW,MF",Derby County,25,1994,35.8,12,1,0,58,49,7,107,28,32,1,0,0,147,13,39,25.0,Matches
367,Maxime Le Marchand,fr FRA,DF,Fulham,29,1989,3.4,1,0,0,3,2,0,5,10,11,0,0,0,25,17,6,73.9,Matches
368,Joe Ledley,wls WAL,MF,Charlton Ath,32,1987,0.5,0,0,0,0,1,0,1,1,1,0,0,0,1,0,1,0.0,Matches
369,Ryan Ledson,eng ENG,MF,Preston,21,1997,7.7,2,0,0,15,10,0,24,16,8,0,1,0,41,10,5,66.7,Matches
370,Elliot Lee,eng ENG,"MF,FW",Luton Town,24,1994,6.4,0,0,0,7,28,1,5,9,10,0,0,0,39,7,17,29.2,Matches
371,Kieran Lee,eng ENG,MF,Sheffield Weds,31,1988,18.6,6,0,0,32,22,2,20,14,27,2,0,0,94,25,33,43.1,Matches
372,Tom Lees,eng ENG,DF,Sheffield Weds,28,1990,24.6,1,0,0,19,9,2,3,32,22,0,1,0,129,155,76,67.1,Matches
373,Toni Leistner,de GER,DF,QPR,28,1990,20.2,3,0,0,27,20,2,0,38,12,0,0,0,88,101,43,70.1,Matches
374,Jonathan Leko,eng ENG,"FW,MF",Charlton Ath,20,1999,16.8,2,0,0,28,15,13,29,6,10,0,0,0,49,9,40,18.4,Matches
375,Darragh Lenihan,ie IRL,DF,Blackburn,25,1994,36.7,12,0,0,54,32,2,11,40,20,0,0,0,184,195,113,63.3,Matches
Rk,Player,Nation,Pos,Squad,Age,Born,90s,CrdY,CrdR,2CrdY,Fls,Fld,Off,Crs,Int,TklW,PKwon,PKcon,OG,Recov,Won,Lost,Won%,Matches
376,Ryan Leonard,eng ENG,MF,Millwall,27,1992,12.0,1,0,0,15,19,0,16,16,20,0,0,0,77,21,20,51.2,Matches
377,Keane Lewis-Potter,eng ENG,"FW,MF",Hull City,18,2001,5.6,0,0,0,4,4,2,12,3,6,0,0,0,19,8,11,42.1,Matches
378,Eric Lichaj,us USA,DF,Hull City,30,1988,28.3,3,0,0,30,24,1,45,33,37,0,1,0,161,40,50,44.4,Matches
379,Ben Liddle,eng ENG,MF,Middlesbrough,20,1998,0.2,0,0,0,0,0,0,0,0,0,0,0,0,3,0,0,,Matches
380,Liam Lindsay,sct SCO,DF,Stoke City,23,1995,17.2,5,0,0,19,23,1,1,19,25,0,0,0,77,80,35,69.6,Matches
381,Jake Livermore,eng ENG,MF,West Brom,29,1989,41.6,10,0,0,84,20,0,11,31,64,0,0,0,294,38,40,48.7,Matches
382,Danny Loader,cm CMR,"MF,FW",Reading,18,2000,1.2,0,0,0,5,0,0,1,0,1,0,0,0,6,2,6,25.0,Matches
383,Tom Lockyer,wls WAL,DF,Charlton Ath,24,1994,43.0,11,0,0,32,47,4,21,65,28,0,0,0,244,151,131,53.5,Matches
384,Joe Lolley,eng ENG,"FW,MF",Nott'ham Forest,26,1992,35.8,1,0,0,17,47,7,243,24,44,1,0,0,165,16,33,32.7,Matches
385,George Long,eng ENG,GK,Hull City,25,1993,45.0,2,0,0,0,11,0,0,2,2,0,0,0,27,12,2,85.7,Matches
386,Jonas Lössl,dk DEN,GK,Huddersfield,30,1989,15.0,1,0,0,0,3,0,0,1,0,0,0,0,22,9,2,81.8,Matches
387,Jamal Lowe,jm JAM,"FW,MF",Wigan Athletic,25,1994,38.4,0,0,0,63,43,13,62,22,50,0,0,0,192,38,89,29.9,Matches
388,Max Lowe,eng ENG,DF,Derby County,22,1997,25.4,1,1,0,39,11,0,66,47,60,0,1,1,137,44,38,53.7,Matches
389,Kazenga LuaLua,cd COD,FW,Luton Town,28,1990,16.1,3,0,0,16,69,5,75,11,10,0,1,0,83,22,28,44.0,Matches
390,Kilian Ludewig,de GER,DF,Barnsley,19,2000,14.0,0,0,0,12,13,3,42,20,24,0,0,0,85,16,34,32.0,Matches
391,Joe Lumley,eng ENG,GK,QPR,24,1995,27.0,0,0,0,0,2,0,0,0,2,0,0,0,28,9,0,100.0,Matches
392,Massimo Luongo,au AUS,MF,Sheffield Weds,26,1992,16.4,4,1,0,48,24,0,13,12,28,0,0,0,96,40,30,57.1,Matches
393,Angus MacDonald,eng ENG,DF,Hull City,26,1992,4.9,0,0,0,5,7,0,2,2,1,0,0,0,13,20,14,58.8,Matches
394,Lewis Macleod,sct SCO,MF,Wigan Athletic,25,1994,9.9,4,0,0,31,9,0,1,10,22,0,0,0,68,14,9,60.9,Matches
395,Marcus Maddison,eng ENG,"FW,MF",Hull City,25,1993,3.8,0,0,0,4,5,0,27,3,0,0,0,0,27,0,2,0.0,Matches
396,Gary Madine,eng ENG,FW,Cardiff City,28,1990,4.3,2,0,0,12,8,2,2,0,0,0,0,0,7,35,41,46.1,Matches
397,Niki Mäenpää,fi FIN,GK,Bristol City,34,1985,3.3,0,0,0,0,0,0,0,0,0,0,0,0,2,3,1,75.0,Matches
398,Josh Magennis,nir NIR,FW,Hull City,28,1990,19.0,4,2,1,37,18,8,15,2,1,0,1,0,33,113,134,45.7,Matches
399,Jacques Maghoma,cd COD,"MF,FW",Birmingham City,31,1987,9.5,1,0,0,13,24,3,41,6,11,1,0,0,63,5,8,38.5,Matches
400,Seán Maguire,ie IRL,"FW,MF",Preston,25,1994,35.0,1,0,0,37,93,22,58,11,25,3,0,0,155,64,174,26.9,Matches
Rk,Player,Nation,Pos,Squad,Age,Born,90s,CrdY,CrdR,2CrdY,Fls,Fld,Off,Crs,Int,TklW,PKwon,PKcon,OG,Recov,Won,Lost,Won%,Matches
401,Connor Mahoney,eng ENG,"MF,FW",Millwall,22,1997,16.3,0,0,0,10,14,6,148,21,11,0,0,0,86,5,14,26.3,Matches
402,Scott Malone,eng ENG,DF,Derby County,28,1991,13.1,4,1,0,8,7,1,50,16,13,0,1,0,77,10,7,58.8,Matches
403,Ryan Manning,ie IRL,DF,QPR,23,1996,41.0,6,0,0,45,89,2,261,59,56,0,1,0,243,61,52,54.0,Matches
404,Emiliano Marcondes,dk DEN,"MF,FW",Brentford,24,1995,13.9,1,0,0,16,28,1,66,11,14,0,0,0,90,15,15,50.0,Matches
405,Jack Marriott,eng ENG,FW,Derby County,24,1994,12.6,0,0,0,18,8,5,5,2,4,1,0,0,38,11,42,20.8,Matches
406,David Marshall,sct SCO,GK,Wigan Athletic,34,1985,39.0,0,0,0,0,7,0,0,2,0,0,0,0,28,9,3,75.0,Matches
407,Chris Martin,sct SCO,FW,Derby County,30,1988,23.2,3,0,0,22,31,10,3,4,2,0,0,0,56,95,124,43.4,Matches
408,Bruno Martins Indi,nl NED,DF,Stoke City,27,1992,31.0,2,0,0,36,11,1,40,36,16,0,0,0,146,54,72,42.9,Matches
409,Ayub Masika,ke KEN,"FW,MF",Reading,26,1992,0.9,0,0,0,2,3,0,4,0,3,0,0,0,5,1,4,20.0,Matches
410,Han-Noah Massengo,fr FRA,MF,Bristol City,18,2001,21.2,1,0,0,20,46,2,2,34,19,0,1,0,149,22,39,36.1,Matches
411,Gavin Massey,eng ENG,"FW,MF",Wigan Athletic,26,1992,19.2,4,0,0,34,10,4,19,13,18,0,0,0,67,31,43,41.9,Matches
412,Conor Masterson,ie IRL,DF,QPR,20,1998,10.7,1,0,0,5,5,0,0,7,2,0,0,0,46,38,28,57.6,Matches
413,Adam Matthews,wls WAL,DF,Charlton Ath,27,1992,28.0,4,0,0,14,5,1,84,23,23,0,0,0,156,29,35,45.3,Matches
414,Alfie Mawson,eng ENG,DF,Fulham,25,1994,24.4,3,0,0,12,15,0,4,23,14,0,0,0,129,90,46,66.2,Matches
415,Isaac Mbenza,be BEL,FW,Huddersfield,23,1996,2.1,0,0,0,1,0,0,5,1,3,0,0,0,7,0,2,0.0,Matches
416,Bryan Mbeumo,cm CMR,FW,Brentford,19,1999,32.6,3,0,0,33,63,6,54,10,25,1,0,0,140,20,49,29.0,Matches
417,Jason McCarthy,eng ENG,DF,Millwall,23,1995,1.0,0,0,0,1,0,0,6,2,0,0,0,0,1,0,0,,Matches
418,James McClean,ie IRL,"FW,DF",Stoke City,30,1989,33.2,10,0,0,42,32,10,275,20,43,1,0,0,163,87,68,56.1,Matches
419,Garath McCleary,jm JAM,"MF,FW",Reading,32,1987,5.3,0,0,0,9,6,2,27,4,4,0,0,0,34,14,15,48.3,Matches
420,Kevin McDonald,sct SCO,MF,Fulham,30,1988,6.9,4,0,0,14,6,0,1,8,5,0,0,0,57,6,7,46.2,Matches
421,Josh McEachran,eng ENG,MF,Birmingham City,26,1993,4.4,2,0,0,9,3,0,23,2,10,0,1,0,45,5,7,41.7,Matches
422,Aiden McGeady,ie IRL,MF,Charlton Ath,33,1986,6.5,0,0,0,5,7,1,25,3,6,0,0,0,32,2,3,40.0,Matches
423,Cameron McGeehan,nir NIR,MF,Barnsley,24,1995,9.8,4,0,0,19,8,1,23,8,12,0,0,0,44,20,20,50.0,Matches
424,Tom McIntyre,sct SCO,DF,Reading,20,1998,8.6,1,0,0,7,6,0,0,13,8,0,0,0,49,43,30,58.9,Matches
425,Barrie McKay,sct SCO,"MF,FW",Swansea City,24,1994,0.9,0,0,0,0,1,0,6,1,1,0,0,0,4,0,1,0.0,Matches
Rk,Player,Nation,Pos,Squad,Age,Born,90s,CrdY,CrdR,2CrdY,Fls,Fld,Off,Crs,Int,TklW,PKwon,PKcon,OG,Recov,Won,Lost,Won%,Matches
426,Robbie McKenzie,eng ENG,DF,Hull City,20,1998,7.5,0,0,0,6,6,0,20,8,7,0,0,0,31,18,12,60.0,Matches
427,Sean McLoughlin,ie IRL,DF,Hull City,22,1996,5.6,2,0,0,5,1,0,0,10,7,0,0,0,42,27,15,64.3,Matches
428,Callum McManaman,eng ENG,"FW,MF",Luton Town,28,1991,10.2,1,0,0,15,22,5,39,6,14,2,0,0,36,5,11,31.3,Matches
429,Paddy McNair,nir NIR,"MF,DF",Middlesbrough,24,1995,36.4,6,1,0,44,84,3,187,17,29,0,0,0,182,70,72,49.3,Matches
430,Agus Medina,es ESP,DF,Birmingham City,24,1994,0.0,0,0,0,0,0,0,1,0,0,0,0,0,0,0,0,,Matches
431,Yakou Méïte,ci CIV,"FW,MF",Reading,23,1996,32.0,5,1,0,48,53,16,23,14,21,1,0,0,90,159,157,50.3,Matches
432,Nathaniel Mendez-Laing,gt GUA,"FW,MF",Cardiff City,27,1992,20.1,0,0,0,7,17,5,59,21,24,0,0,0,102,27,43,38.6,Matches
433,Illan Meslier,fr FRA,GK,Leeds United,19,2000,10.0,0,0,0,0,1,0,0,2,0,0,0,0,14,7,0,100.0,Matches
434,Matt Miazga,us USA,DF,Reading,24,1995,17.8,2,1,0,14,10,0,3,11,11,0,0,0,68,79,42,65.3,Matches
435,Alex Mighten,eng ENG,"FW,MF",Nott'ham Forest,17,2002,0.6,0,0,0,0,5,1,0,0,0,0,0,0,5,1,3,25.0,Matches
436,George Miller,eng ENG,FW,Barnsley,20,1998,0.0,0,0,0,0,0,0,0,0,0,0,0,0,0,0,0,,Matches
437,Rafa Mir,es ESP,FW,Nott'ham Forest,22,1997,2.4,0,0,0,6,5,4,1,0,1,0,0,0,12,4,12,25.0,Matches
438,Billy Mitchell,eng ENG,"DF,MF",Millwall,19,2000,1.5,1,0,0,1,2,0,3,0,0,0,0,0,11,4,6,40.0,Matches
439,Aleksandar Mitrović,rs SRB,FW,Fulham,24,1994,39.9,8,0,0,68,60,18,5,6,5,2,0,0,94,181,203,47.1,Matches
440,Jan Mlakar,si SVN,"FW,MF",QPR,20,1998,1.2,0,0,0,1,2,2,3,0,1,0,0,0,2,1,3,25.0,Matches
441,Jan Mlakar,si SVN,DF,Wigan Athletic,20,1998,0.2,0,0,0,1,0,0,0,0,1,0,0,0,3,1,0,100.0,Matches
442,Kamohelo Mokotjo,za RSA,MF,Brentford,28,1991,15.3,0,0,0,6,15,1,3,18,12,0,0,0,94,8,10,44.4,Matches
443,Jayson Molumby,ie IRL,MF,Millwall,19,1999,31.0,9,0,0,54,30,0,16,33,29,0,0,0,214,47,50,48.5,Matches
444,George Moncur,eng ENG,"MF,FW",Luton Town,25,1993,4.9,1,0,0,9,1,0,18,3,4,0,0,0,27,2,1,66.7,Matches
445,Jefferson Montero,ec ECU,MF,Birmingham City,29,1989,3.6,1,0,0,2,4,1,48,0,4,0,0,0,16,1,1,50.0,Matches
446,Kieffer Moore,wls WAL,FW,Wigan Athletic,26,1992,31.1,1,0,0,53,56,19,16,12,15,0,0,0,96,295,186,61.3,Matches
447,Liam Moore,jm JAM,DF,Reading,26,1993,40.4,5,0,0,34,32,0,7,33,35,0,1,0,189,125,98,56.1,Matches
448,Taylor Moore,eng ENG,DF,Bristol City,22,1997,14.4,1,0,0,12,12,1,13,37,15,0,0,1,65,29,35,45.3,Matches
449,Aaron Mooy,au AUS,MF,Huddersfield,28,1990,1.0,0,0,0,4,0,0,7,0,2,0,0,0,11,1,0,100.0,Matches
450,Albie Morgan,eng ENG,"MF,FW",Charlton Ath,19,2000,12.1,4,0,0,16,14,0,40,10,9,0,0,0,65,4,12,25.0,Matches
Rk,Player,Nation,Pos,Squad,Age,Born,90s,CrdY,CrdR,2CrdY,Fls,Fld,Off,Crs,Int,TklW,PKwon,PKcon,OG,Recov,Won,Lost,Won%,Matches
451,Michael Morrison,eng ENG,DF,Reading,31,1988,42.1,6,0,0,29,43,3,1,44,35,0,0,1,169,185,107,63.4,Matches
452,Ravel Morrison,jm JAM,MF,Middlesbrough,26,1993,2.4,0,0,0,3,4,0,2,8,5,0,0,0,15,2,5,28.6,Matches
453,Sean Morrison,eng ENG,DF,Cardiff City,28,1991,35.0,4,1,0,30,27,2,3,48,27,0,2,0,153,240,111,68.4,Matches
454,Sam Morsy,eg EGY,MF,Wigan Athletic,27,1991,43.0,12,0,0,87,54,0,13,52,59,0,0,0,319,44,45,49.4,Matches
455,Harold Moukoudi,cm CMR,"DF,MF",Middlesbrough,21,1997,8.0,2,0,0,10,1,0,1,6,10,0,0,1,49,14,9,60.9,Matches
456,Louis Moult,eng ENG,FW,Preston,27,1992,1.1,0,0,0,7,2,0,0,0,1,0,0,0,4,2,2,50.0,Matches
457,Steve Mounié,bj BEN,FW,Huddersfield,24,1994,15.8,0,0,0,37,25,10,3,9,5,0,0,0,49,171,131,56.6,Matches
458,Alex Mowatt,eng ENG,MF,Barnsley,24,1995,43.5,8,0,0,55,61,4,222,42,59,0,1,0,345,48,54,47.1,Matches
459,Kerim Mrabti,se SWE,"FW,MF",Birmingham City,25,1994,9.7,3,0,0,15,11,6,9,4,6,0,0,0,38,9,27,25.0,Matches
460,Erwin Mulder,nl NED,GK,Swansea City,30,1989,3.0,0,0,0,0,0,0,0,0,0,0,0,0,5,0,0,,Matches
461,Charlie Mulgrew,sct SCO,DF,Blackburn,33,1986,2.0,0,0,0,0,2,0,9,3,1,0,0,0,9,10,5,66.7,Matches
462,Charlie Mulgrew,sct SCO,DF,Wigan Athletic,33,1986,11.7,2,0,0,7,7,0,30,13,3,0,0,0,54,30,20,60.0,Matches
463,Hayden Muller,eng ENG,DF,Millwall,17,2002,0.3,0,0,0,0,0,0,1,1,0,0,0,0,1,1,1,50.0,Matches
464,Arijanet Muric,xk KVX,GK,Nott'ham Forest,20,1998,4.0,0,0,0,0,1,0,0,0,0,0,0,0,2,0,0,,Matches
465,Jacob Murphy,eng ENG,"MF,FW",Sheffield Weds,24,1995,25.5,0,0,0,29,45,3,198,12,22,2,0,1,117,20,41,32.8,Matches
466,Josh Murphy,eng ENG,FW,Cardiff City,24,1995,16.1,4,0,0,17,39,3,87,11,13,0,0,0,62,9,30,23.1,Matches
467,Ádám Nagy,hu HUN,MF,Bristol City,24,1995,16.5,1,0,0,10,10,0,4,28,19,0,0,0,111,6,16,27.3,Matches
468,Kal Naismith,sct SCO,"DF,FW",Wigan Athletic,27,1992,24.8,3,0,0,11,28,0,46,33,33,0,0,1,143,59,54,52.2,Matches
469,Kyle Naughton,eng ENG,DF,Swansea City,30,1988,27.6,5,1,0,19,14,0,23,43,28,0,0,0,167,42,54,43.8,Matches
470,Badou Ndiaye,sn SEN,MF,Stoke City,28,1990,9.8,3,0,0,20,20,0,2,20,29,0,1,0,68,5,10,33.3,Matches
471,Curtis Nelson,eng ENG,DF,Cardiff City,26,1993,32.2,3,0,0,25,14,0,0,37,13,0,1,0,123,161,84,65.7,Matches
472,Julien Ngoy,be BEL,FW,Stoke City,21,1997,0.1,0,0,0,0,1,0,0,0,0,0,0,0,0,0,0,,Matches
473,Eddie Nketiah,eng ENG,FW,Leeds United,20,1999,5.7,2,0,0,13,13,4,3,1,3,1,0,0,17,8,25,24.2,Matches
474,Lukas Nmecha,de GER,"FW,MF",Middlesbrough,20,1998,5.2,1,0,0,7,12,4,7,6,6,0,0,0,14,5,13,27.8,Matches
475,Andrija Novakovich,us USA,MF,Reading,22,1996,0.1,0,0,0,0,0,0,0,0,0,0,0,0,0,0,0,,Matches
Rk,Player,Nation,Pos,Squad,Age,Born,90s,CrdY,CrdR,2CrdY,Fls,Fld,Off,Crs,Int,TklW,PKwon,PKcon,OG,Recov,Won,Lost,Won%,Matches
476,David Nugent,eng ENG,FW,Preston,34,1985,11.4,1,0,0,29,15,3,9,1,6,0,0,1,31,72,110,39.6,Matches
477,Atdhe Nuhiu,xk KVX,FW,Sheffield Weds,30,1989,16.7,7,0,0,60,28,11,4,3,18,1,0,0,59,191,137,58.2,Matches
478,Ryan Nyambe,na NAM,DF,Blackburn,21,1997,29.0,2,0,0,20,32,0,44,42,25,0,0,0,126,36,36,50.0,Matches
479,Christian Nørgaard,dk DEN,MF,Brentford,25,1994,38.5,9,0,0,74,36,0,13,72,73,0,0,0,253,56,55,50.5,Matches
480,Aiden O'Brien,ie IRL,"FW,MF",Millwall,25,1993,7.4,1,0,0,7,5,0,5,9,8,0,0,0,41,12,17,41.4,Matches
481,Lewis O'Brien,eng ENG,MF,Huddersfield,20,1998,35.6,10,0,0,61,60,1,49,45,69,0,0,0,226,31,42,42.5,Matches
482,Callum O'Dowda,ie IRL,"MF,FW",Bristol City,24,1995,18.0,2,0,0,30,27,1,63,19,19,0,0,0,91,43,44,49.4,Matches
483,Tyrone O'Neill,eng ENG,FW,Middlesbrough,19,1999,0.2,0,0,0,1,0,0,0,0,0,0,0,0,0,0,0,,Matches
484,Matt O'Riley,dk DEN,MF,Fulham,18,2000,0.7,0,0,0,1,0,0,2,0,0,0,0,0,10,2,0,100.0,Matches
485,Dara O'Shea,ie IRL,DF,West Brom,20,1999,16.5,4,0,0,18,20,0,37,29,17,1,0,0,75,83,48,63.4,Matches
486,Tashan Oakley-Boothe,eng ENG,MF,Stoke City,19,2000,1.3,0,0,0,3,1,0,2,1,3,0,0,0,8,1,4,20.0,Matches
487,Micah Obiero,eng ENG,FW,Huddersfield,18,2001,0.5,0,0,0,2,0,0,0,0,0,0,0,0,2,0,0,,Matches
488,Jordan Obita,ug UGA,"DF,MF",Reading,25,1993,15.0,3,0,0,17,6,0,82,5,10,0,0,0,60,33,20,62.3,Matches
489,Denis Odoi,gh GHA,DF,Fulham,31,1988,28.9,7,1,0,42,42,1,34,34,24,0,0,0,170,74,67,52.5,Matches
490,Moses Odubajo,eng ENG,DF,Sheffield Weds,26,1993,18.9,7,1,1,28,32,1,25,19,33,0,4,0,121,19,27,41.3,Matches
491,Clarke Oduor,ke KEN,DF,Barnsley,20,1999,10.5,1,0,0,4,6,1,36,16,19,0,0,0,69,11,13,45.8,Matches
492,Jaakko Oksanen,fi FIN,MF,Brentford,18,2000,0.0,0,0,0,0,0,0,0,0,0,0,0,0,0,0,0,,Matches
493,Michael Olise,fr FRA,"MF,FW",Reading,17,2001,12.6,0,0,0,9,26,2,40,12,14,0,0,0,86,8,12,40.0,Matches
494,Josh Onomah,eng ENG,MF,Fulham,22,1997,19.9,3,0,0,42,18,2,16,16,36,0,0,0,104,27,30,47.4,Matches
495,Bright Osayi-Samuel,ng NGA,"FW,MF",QPR,21,1997,32.9,9,0,0,54,69,21,44,14,19,1,0,0,114,23,69,25.0,Matches
496,Deji Oshilaja,eng ENG,"DF,MF",Charlton Ath,26,1993,17.6,6,0,0,28,18,1,32,16,17,0,1,0,91,58,45,56.3,Matches
497,Gabriel Osho,ng NGA,DF,Reading,20,1998,3.9,1,0,0,9,1,0,16,1,4,0,0,0,27,6,10,37.5,Matches
498,Aramide Oteh,eng ENG,"FW,MF",QPR,20,1998,2.1,0,0,0,2,4,0,1,1,1,0,0,0,3,7,11,38.9,Matches
499,Erhun Oztumer,,MF,Charlton Ath,28,1991,8.8,0,0,0,8,22,0,24,7,5,0,1,0,45,2,8,20.0,Matches
500,Marlon Pack,eng ENG,MF,Cardiff City,28,1991,31.6,4,0,0,61,23,0,77,32,38,0,0,0,191,95,42,69.3,Matches
Rk,Player,Nation,Pos,Squad,Age,Born,90s,CrdY,CrdR,2CrdY,Fls,Fld,Off,Crs,Int,TklW,PKwon,PKcon,OG,Recov,Won,Lost,Won%,Matches
501,Marlon Pack,eng ENG,MF,Bristol City,28,1991,1.0,1,0,0,1,1,0,0,3,0,0,0,0,10,2,2,50.0,Matches
502,Kasey Palmer,jm JAM,"MF,FW",Bristol City,22,1996,11.8,5,0,0,16,25,2,9,9,23,0,0,0,69,17,15,53.1,Matches
503,Liam Palmer,sct SCO,DF,Sheffield Weds,27,1991,31.9,2,1,0,31,26,1,47,53,37,0,0,0,189,21,30,41.2,Matches
504,Romal Palmer,eng ENG,MF,Barnsley,19,1999,1.9,0,0,0,3,5,0,3,4,1,0,0,0,10,4,2,66.7,Matches
505,Callum Paterson,sct SCO,"FW,MF",Cardiff City,24,1994,19.9,2,0,0,58,26,8,19,3,12,1,0,1,44,163,220,42.6,Matches
506,Jamie Paterson,eng ENG,"MF,FW",Derby County,27,1991,5.5,0,0,0,5,12,3,12,6,5,0,0,0,30,0,7,0.0,Matches
507,Jamie Paterson,eng ENG,MF,Bristol City,27,1991,15.1,2,0,0,9,21,2,68,17,18,0,0,0,98,3,17,15.0,Matches
508,Alex Pearce,ie IRL,DF,Millwall,30,1988,26.2,0,0,0,8,10,1,2,27,5,0,0,0,115,89,58,60.5,Matches
509,Jason Pearce,eng ENG,DF,Charlton Ath,31,1987,34.7,4,0,0,36,36,9,2,28,18,0,1,0,136,157,69,69.5,Matches
510,Tom Pearce,eng ENG,DF,Wigan Athletic,21,1998,4.0,0,0,0,2,6,0,16,5,5,0,0,0,16,4,8,33.3,Matches
511,Aynsley Pears,eng ENG,GK,Middlesbrough,21,1998,24.0,0,0,0,0,5,0,0,2,0,0,0,0,18,10,1,90.9,Matches
512,Ben Pearson,eng ENG,MF,Preston,24,1995,37.0,9,0,0,43,52,0,17,51,46,0,1,0,303,26,24,52.0,Matches
513,Matty Pearson,eng ENG,DF,Luton Town,25,1993,40.7,2,0,0,41,47,2,15,48,37,1,1,2,189,105,110,48.8,Matches
514,Kristian Pedersen,dk DEN,DF,Birmingham City,24,1994,44.0,2,0,0,36,21,3,92,74,74,0,0,0,238,172,112,60.6,Matches
515,Pelé,gw GNB,MF,Reading,27,1991,24.1,6,0,0,27,20,0,28,21,32,0,1,0,177,25,22,53.2,Matches
516,Lee Peltier,eng ENG,DF,Cardiff City,32,1986,24.0,3,0,0,20,11,0,14,30,23,0,0,1,90,65,21,75.6,Matches
517,Joey Pelupessy,id IDN,MF,Sheffield Weds,26,1993,10.4,3,0,0,26,4,1,8,17,23,0,0,0,52,16,20,44.4,Matches
518,Matthew Pennington,eng ENG,DF,Hull City,24,1994,12.3,1,0,0,14,18,0,17,30,13,0,1,0,67,47,25,65.3,Matches
519,Matheus Pereira,br BRA,"MF,FW",West Brom,23,1996,37.4,5,0,0,54,114,9,201,27,29,2,0,0,262,18,42,30.0,Matches
520,Pedro Pereira,pt POR,DF,Bristol City,21,1998,13.9,3,0,0,15,7,0,49,18,24,0,0,0,70,31,36,46.3,Matches
521,Kristoffer Peterson,se SWE,FW,Swansea City,24,1994,3.9,0,0,0,9,6,1,17,1,0,0,0,0,18,5,5,50.0,Matches
522,Dillon Phillips,eng ENG,GK,Charlton Ath,24,1995,46.0,6,0,0,1,10,0,0,0,0,0,1,2,24,18,2,90.0,Matches
523,Kalvin Phillips,eng ENG,MF,Leeds United,23,1995,36.1,9,1,0,57,53,0,253,51,61,0,0,0,283,68,56,54.8,Matches
524,Matt Phillips,sct SCO,FW,West Brom,28,1991,26.9,5,0,0,26,11,3,244,11,24,0,0,0,105,35,56,38.5,Matches
525,Anthony Pilkington,ie IRL,"FW,MF",Wigan Athletic,31,1988,8.1,2,0,0,8,6,1,40,5,10,0,0,0,45,9,20,31.0,Matches
Rk,Player,Nation,Pos,Squad,Age,Born,90s,CrdY,CrdR,2CrdY,Fls,Fld,Off,Crs,Int,TklW,PKwon,PKcon,OG,Recov,Won,Lost,Won%,Matches
526,Daniel Pinillos,es ESP,DF,Barnsley,26,1992,1.7,0,0,0,2,1,0,6,6,4,0,0,0,10,5,3,62.5,Matches
527,Ethan Pinnock,jm JAM,DF,Brentford,26,1993,33.8,1,0,0,18,14,0,3,49,29,0,0,0,159,189,96,66.3,Matches
528,Brad Potts,eng ENG,"FW,MF",Preston,25,1994,15.1,1,0,0,15,10,1,32,7,16,0,0,0,83,24,38,38.7,Matches
529,Dan Potts,eng ENG,DF,Luton Town,25,1994,30.4,10,0,0,34,25,6,59,36,23,0,1,0,92,80,71,53.0,Matches
530,Ian Poveda,eng ENG,"MF,FW",Leeds United,19,2000,1.4,0,0,0,1,2,2,3,0,0,0,0,0,8,0,1,0.0,Matches
531,Nick Powell,eng ENG,"MF,FW",Stoke City,25,1994,20.8,4,1,1,39,64,2,39,28,34,0,0,0,126,91,92,49.7,Matches
532,Darren Pratley,jm JAM,"MF,DF",Charlton Ath,34,1985,31.2,11,0,0,47,48,0,14,69,40,0,0,0,165,66,46,58.9,Matches
533,Alex Pritchard,eng ENG,"MF,FW",Huddersfield,26,1993,10.7,0,0,0,7,27,1,56,7,12,0,0,0,45,1,9,10.0,Matches
534,Marc Pugh,eng ENG,"FW,MF",QPR,32,1987,13.0,0,0,0,11,14,4,18,11,7,1,1,0,53,6,18,25.0,Matches
535,Ben Purrington,eng ENG,DF,Charlton Ath,23,1996,23.7,4,0,0,25,10,0,39,33,26,0,1,0,71,46,45,50.5,Matches
536,George Pușcaș,ro ROU,FW,Reading,23,1996,28.1,5,0,0,52,32,18,14,2,5,0,0,0,79,55,103,34.8,Matches
537,Rekeil Pyke,eng ENG,MF,Huddersfield,21,1997,0.0,0,0,0,1,1,0,0,0,1,0,0,0,0,1,0,100.0,Matches
538,Collin Quaner,de GER,FW,Huddersfield,28,1991,0.8,1,0,0,2,0,0,0,0,4,0,0,0,5,2,3,40.0,Matches
539,Luka Racic,dk DEN,DF,Brentford,20,1999,2.6,0,0,0,1,0,0,0,3,1,0,0,0,11,7,6,53.8,Matches
540,Joe Rafferty,ie IRL,DF,Preston,25,1993,27.5,2,1,0,20,23,0,62,35,24,0,0,0,117,48,46,51.1,Matches
541,Joe Ralls,eng ENG,MF,Cardiff City,25,1993,24.6,5,0,0,46,18,1,115,18,30,0,0,0,148,36,60,37.5,Matches
542,Darren Randolph,ie IRL,GK,Middlesbrough,32,1987,14.0,1,0,0,0,1,0,0,0,0,0,0,0,4,5,0,100.0,Matches
543,Àngel Rangel,es ESP,DF,QPR,36,1982,18.4,6,0,0,21,2,1,22,21,19,0,0,0,108,18,24,42.9,Matches
544,Joe Rankin-Costello,eng ENG,"DF,FW",Blackburn,20,1999,7.7,1,0,0,8,6,0,15,11,9,0,0,0,45,12,15,44.4,Matches
545,David Raya,es ESP,GK,Brentford,23,1995,46.0,0,0,0,1,14,0,0,1,2,0,1,0,49,24,2,92.3,Matches
546,Glen Rea,ie IRL,MF,Luton Town,24,1994,12.5,8,0,0,26,11,0,1,36,13,0,0,0,71,43,39,52.4,Matches
547,Adam Reach,eng ENG,"MF,FW",Sheffield Weds,26,1993,26.0,5,0,0,21,11,8,82,14,24,0,1,0,111,22,45,32.8,Matches
548,Tim Ream,us USA,DF,Fulham,31,1987,43.9,0,0,0,16,20,1,1,31,16,0,1,0,245,116,105,52.5,Matches
549,Harrison Reed,eng ENG,MF,Fulham,24,1995,20.2,6,1,1,23,31,0,18,35,23,0,0,0,134,23,33,41.1,Matches
550,Jayden Reid,eng ENG,"FW,MF",Birmingham City,18,2001,0.9,0,0,0,0,2,0,1,0,0,0,0,0,0,1,5,16.7,Matches
Rk,Player,Nation,Pos,Squad,Age,Born,90s,CrdY,CrdR,2CrdY,Fls,Fld,Off,Crs,Int,TklW,PKwon,PKcon,OG,Recov,Won,Lost,Won%,Matches
551,Jordan Rhodes,sct SCO,FW,Sheffield Weds,29,1990,7.6,1,0,0,9,9,8,5,3,2,0,0,0,17,34,49,41.0,Matches
552,Yuri Ribeiro,pt POR,DF,Nott'ham Forest,22,1997,26.5,5,0,0,24,56,2,59,28,24,0,0,0,139,48,54,47.1,Matches
553,Jazz Richards,wls WAL,DF,Cardiff City,28,1991,10.5,4,0,0,8,6,1,18,16,11,0,1,0,38,21,13,61.8,Matches
554,Omar Richards,eng ENG,DF,Reading,21,1998,23.2,2,0,0,40,28,1,56,30,41,0,0,0,133,10,19,34.5,Matches
555,Andy Rinomhota,zw ZIM,MF,Reading,22,1997,28.7,4,0,0,41,72,0,12,30,51,3,0,0,145,27,43,38.6,Matches
556,Marcel Ritzmaier,at AUT,"MF,DF",Barnsley,26,1993,11.7,0,0,0,21,15,1,67,6,16,0,0,0,87,8,13,38.1,Matches
557,Connor Roberts,wls WAL,DF,Swansea City,23,1995,32.6,2,0,0,20,62,5,74,37,25,1,2,0,144,34,43,44.2,Matches
558,Gary Roberts,eng ENG,"MF,FW",Wigan Athletic,35,1984,3.3,0,0,0,4,7,1,22,1,3,0,0,0,15,1,1,50.0,Matches
559,Marc Roberts,eng ENG,DF,Birmingham City,29,1990,32.4,6,0,0,24,8,2,16,53,22,0,2,0,177,236,78,75.2,Matches
560,Patrick Roberts,eng ENG,"MF,FW",Middlesbrough,22,1997,6.8,1,0,0,7,14,0,41,1,2,2,0,0,25,0,9,0.0,Matches
561,Tyler Roberts,wls WAL,"MF,FW",Leeds United,20,1999,12.1,1,0,0,9,22,3,11,6,7,0,0,0,46,9,19,32.1,Matches
562,Antonee Robinson,us USA,DF,Wigan Athletic,21,1997,37.2,8,0,0,31,42,0,133,76,60,0,0,0,223,43,51,45.7,Matches
563,Callum Robinson,ie IRL,FW,West Brom,24,1995,9.5,1,0,0,2,7,5,35,9,5,0,0,0,52,10,20,33.3,Matches
564,Jack Robinson,eng ENG,DF,Nott'ham Forest,25,1993,16.3,3,0,0,17,17,3,34,16,31,0,1,0,98,39,30,56.5,Matches
565,Hal Robson-Kanu,wls WAL,FW,West Brom,30,1989,25.7,5,0,0,36,36,16,26,3,4,0,0,0,83,33,82,28.7,Matches
566,Marek Rodák,sk SVK,GK,Fulham,22,1996,32.2,3,1,0,4,4,0,0,0,0,0,2,0,24,11,1,91.7,Matches
567,Joe Rodon,wls WAL,DF,Swansea City,21,1997,19.9,2,0,0,13,14,0,0,33,14,0,1,0,105,73,50,59.3,Matches
568,Rodri,es ESP,FW,Bristol City,29,1990,1.7,1,0,0,6,3,2,2,0,0,0,0,0,8,0,3,0.0,Matches
569,Mads Roerslev,dk DEN,"DF,MF",Brentford,20,1999,5.5,1,0,0,3,7,0,26,5,6,1,0,0,13,10,15,40.0,Matches
570,Mahlon Romeo,ag ATG,"DF,MF",Millwall,23,1995,41.6,5,0,0,37,80,2,114,29,76,1,0,0,159,36,46,43.9,Matches
571,Wayne Rooney,eng ENG,MF,Derby County,33,1985,19.3,1,0,0,11,17,1,67,10,11,0,0,0,125,15,16,48.4,Matches
572,Kelle Roos,nl NED,GK,Derby County,27,1992,21.2,0,0,0,0,3,0,0,0,2,0,0,0,25,8,2,80.0,Matches
573,Joe Rothwell,eng ENG,"FW,MF",Blackburn,24,1995,21.1,3,0,0,16,20,1,37,24,19,0,0,0,117,3,14,17.6,Matches
574,Wayne Routledge,eng ENG,"FW,MF",Swansea City,34,1985,10.6,1,0,0,17,18,11,25,7,11,0,0,0,57,17,26,39.5,Matches
575,Aaron Rowe,eng ENG,FW,Huddersfield,18,2000,0.5,0,0,0,3,1,0,0,0,0,0,0,0,2,0,1,0.0,Matches
Rk,Player,Nation,Pos,Squad,Age,Born,90s,CrdY,CrdR,2CrdY,Fls,Fld,Off,Crs,Int,TklW,PKwon,PKcon,OG,Recov,Won,Lost,Won%,Matches
576,Tommy Rowe,eng ENG,DF,Bristol City,30,1988,24.0,4,0,0,27,15,1,50,57,19,1,1,0,100,39,57,40.6,Matches
577,Declan Rudd,eng ENG,GK,Preston,28,1991,46.0,3,0,0,2,11,0,0,0,1,0,2,1,54,19,3,86.4,Matches
578,Pelly Ruddock Mpanzu,cd COD,MF,Luton Town,26,1993,40.4,6,0,0,40,65,2,39,56,23,1,1,0,217,36,54,40.0,Matches
579,Samuel Şahin-Radlinger,at AUT,GK,Barnsley,26,1992,18.0,0,0,0,0,7,0,0,1,1,0,0,0,43,8,0,100.0,Matches
580,Brice Samba,fr FRA,GK,Nott'ham Forest,25,1994,40.0,7,0,0,0,7,0,0,1,0,0,0,0,33,16,2,88.9,Matches
581,Dominic Samuel,eng ENG,FW,Blackburn,25,1994,7.0,1,0,0,12,13,2,3,1,1,0,0,0,25,11,35,23.9,Matches
582,Martin Samuelsen,no NOR,"FW,MF",Hull City,22,1997,3.2,0,0,0,10,10,0,3,2,3,0,0,0,25,6,7,46.2,Matches
583,Dion Sanderson,eng ENG,DF,Cardiff City,19,1999,8.3,2,0,0,10,5,1,14,14,8,0,1,0,45,14,10,58.3,Matches
584,Mouhamadou-Naby Sarr,fr FRA,DF,Charlton Ath,25,1993,24.7,3,0,0,13,10,4,6,37,15,1,0,0,101,75,38,66.4,Matches
585,George Saville,nir NIR,MF,Middlesbrough,26,1993,27.7,9,1,0,55,33,4,27,36,33,0,0,0,182,51,51,50.0,Matches
586,Romaine Sawyers,kn SKN,MF,West Brom,27,1991,41.3,10,1,0,48,67,0,5,21,47,0,0,0,349,22,10,68.8,Matches
587,Christopher Schindler,de GER,DF,Huddersfield,29,1990,45.0,3,0,0,41,44,0,0,50,45,1,1,0,152,171,99,63.3,Matches
588,Patrick Schmidt,at AUT,"FW,MF",Barnsley,21,1998,4.9,0,0,0,3,0,6,1,1,0,0,0,0,11,8,20,28.6,Matches
589,Ryan Schofield,eng ENG,GK,Huddersfield,19,1999,1.0,0,0,0,0,0,0,0,0,0,0,0,0,0,0,0,,Matches
590,James Scott,sct SCO,FW,Hull City,18,2000,3.1,0,0,0,1,4,4,5,0,0,0,0,0,14,6,10,37.5,Matches
591,Josh Scowen,eng ENG,MF,QPR,26,1993,9.8,3,0,0,19,21,0,10,10,14,0,1,0,38,9,16,36.0,Matches
592,Steve Seddon,eng ENG,DF,Birmingham City,21,1997,2.5,1,0,0,1,2,0,4,3,1,0,0,0,17,3,2,60.0,Matches
593,Alfa Semedo,gw GNB,MF,Nott'ham Forest,21,1997,11.2,2,0,0,24,14,1,15,11,18,0,1,0,55,45,47,48.9,Matches
594,Antoine Semenyo,gh GHA,FW,Bristol City,19,2000,3.4,0,0,0,9,1,3,0,1,3,0,0,0,12,9,25,26.5,Matches
595,Steven Sessegnon,eng ENG,DF,Fulham,19,2000,7.9,2,0,0,10,7,1,12,10,9,0,0,0,35,14,16,46.7,Matches
596,Jamie Shackleton,eng ENG,MF,Leeds United,19,1999,5.3,0,0,0,6,4,1,0,1,4,0,0,0,25,4,8,33.3,Matches
597,Liam Shaw,eng ENG,"MF,DF",Sheffield Weds,18,2001,0.8,0,0,0,2,0,0,0,1,3,0,0,0,7,2,2,50.0,Matches
598,Ryan Shawcross,eng ENG,DF,Stoke City,31,1987,3.4,1,0,0,4,2,1,3,6,1,0,0,0,9,16,14,53.3,Matches
599,James Shea,eng ENG,GK,Luton Town,28,1991,13.0,0,0,0,0,3,0,0,0,1,0,0,0,16,6,1,85.7,Matches
600,Alan Sheehan,ie IRL,"DF,MF",Luton Town,32,1986,2.5,0,0,0,4,3,0,18,1,4,0,0,0,7,3,4,42.9,Matches
Rk,Player,Nation,Pos,Squad,Age,Born,90s,CrdY,CrdR,2CrdY,Fls,Fld,Off,Crs,Int,TklW,PKwon,PKcon,OG,Recov,Won,Lost,Won%,Matches
601,Andrew Shinnie,sct SCO,MF,Luton Town,30,1989,15.0,4,0,0,23,33,1,60,9,14,0,0,0,101,16,19,45.7,Matches
602,Graeme Shinnie,sct SCO,MF,Derby County,27,1991,12.9,8,0,0,26,23,0,17,18,29,0,0,0,85,16,19,45.7,Matches
603,Olamide Shodipo,ie IRL,"FW,MF",QPR,22,1997,3.5,0,0,0,5,10,0,19,3,2,0,0,0,6,2,5,28.6,Matches
604,Ryan Shotton,eng ENG,DF,Middlesbrough,30,1988,19.3,3,0,0,12,15,0,2,28,21,0,0,0,120,59,58,50.4,Matches
605,Toby Sibbick,ug UGA,"DF,MF",Barnsley,20,1999,16.8,3,0,0,19,3,1,20,19,27,0,0,0,98,18,19,48.6,Matches
606,Louie Sibley,eng ENG,"MF,FW",Derby County,17,2001,8.1,5,1,0,22,14,1,7,2,6,0,0,0,41,4,10,28.6,Matches
607,Leonardo da Silva Lopes,pt POR,"MF,DF",Hull City,20,1998,34.1,5,0,0,39,40,1,35,56,49,0,0,0,232,40,45,47.1,Matches
608,Tiago Silva,pt POR,"MF,FW",Nott'ham Forest,26,1993,33.7,7,0,0,55,63,1,161,32,33,0,0,0,234,16,49,24.6,Matches
609,Elliot Simoes,ao ANG,"MF,FW",Barnsley,19,1999,7.0,2,0,0,14,18,0,4,5,6,0,0,0,39,11,32,25.6,Matches
610,Danny Simpson,eng ENG,DF,Huddersfield,32,1987,22.1,4,0,0,30,15,0,33,46,22,0,0,0,109,33,33,50.0,Matches
611,Scott Sinclair,eng ENG,"FW,MF",Preston,30,1989,9.9,0,0,0,6,12,6,6,2,5,0,0,0,49,1,13,7.1,Matches
612,Jiří Skalák,cz CZE,MF,Millwall,27,1992,4.0,1,0,0,8,8,0,10,4,3,0,0,0,18,4,5,44.4,Matches
613,Simon Sluga,hr CRO,GK,Luton Town,26,1993,33.0,1,0,0,1,3,0,0,0,2,0,0,0,26,6,1,85.7,Matches
614,Brad Smith,au AUS,"FW,MF",Cardiff City,25,1994,0.2,0,0,0,0,0,0,0,1,0,0,0,0,4,0,1,0.0,Matches
615,Jordan Smith,eng ENG,GK,Nott'ham Forest,24,1994,2.0,0,0,0,0,0,0,0,0,0,0,0,0,1,1,0,100.0,Matches
616,Korey Smith,eng ENG,MF,Bristol City,28,1991,18.7,4,0,0,24,33,0,5,20,18,0,0,0,109,27,19,58.7,Matches
617,Matt Smith,eng ENG,FW,Millwall,30,1989,21.5,3,0,0,43,23,21,1,1,7,1,0,0,29,301,196,60.6,Matches
618,Matthew Smith,wls WAL,MF,Charlton Ath,19,1999,0.7,1,0,0,1,0,0,1,0,0,0,0,0,4,1,0,100.0,Matches
619,Matthew Smith,wls WAL,MF,QPR,19,1999,2.2,0,0,0,0,3,0,0,5,1,0,0,0,10,1,4,20.0,Matches
620,Emile Smith Rowe,eng ENG,MF,Huddersfield,19,2000,13.1,1,0,0,5,18,0,33,11,3,1,0,0,55,4,13,23.5,Matches
621,Tommy Smith,eng ENG,DF,Stoke City,27,1992,27.9,5,0,0,29,37,1,111,36,45,0,2,0,152,28,23,54.9,Matches
622,Alex Smithies,eng ENG,GK,Cardiff City,29,1990,30.0,1,0,0,0,2,0,0,0,2,0,0,0,20,2,0,100.0,Matches
623,Michael Sollbauer,at AUT,DF,Barnsley,29,1990,17.0,5,0,0,27,13,1,3,34,18,0,0,1,97,62,53,53.9,Matches
624,Chris Solly,eng ENG,DF,Charlton Ath,28,1991,11.9,2,0,0,8,8,0,23,20,8,0,0,0,50,15,13,53.6,Matches
625,Samba Sow,ml MLI,MF,Nott'ham Forest,30,1989,18.6,9,0,0,49,28,1,3,34,55,1,0,0,117,33,32,50.8,Matches
Rk,Player,Nation,Pos,Squad,Age,Born,90s,CrdY,CrdR,2CrdY,Fls,Fld,Off,Crs,Int,TklW,PKwon,PKcon,OG,Recov,Won,Lost,Won%,Matches
626,Djed Spence,eng ENG,"DF,FW",Middlesbrough,18,2000,17.1,2,0,0,14,14,3,46,17,16,0,0,0,75,17,51,25.0,Matches
627,Jay Stansfield,eng ENG,FW,Fulham,16,2002,0.0,0,0,0,1,0,0,0,0,0,0,0,0,0,0,1,0.0,Matches
628,Richard Stearman,eng ENG,DF,Huddersfield,31,1987,16.4,2,0,0,12,15,1,5,7,4,0,0,0,52,58,38,60.4,Matches
629,Dujon Sterling,eng ENG,DF,Wigan Athletic,19,1999,6.8,1,0,0,8,6,0,27,23,6,0,0,0,30,11,11,50.0,Matches
630,Jordan Stevens,eng ENG,"MF,FW",Leeds United,19,2000,0.6,0,0,0,1,0,0,2,0,0,0,0,0,2,1,1,50.0,Matches
631,Kevin Stewart,jm JAM,MF,Hull City,25,1993,21.9,4,0,0,65,27,0,3,47,55,0,2,0,158,21,34,38.2,Matches
632,Jayden Stockley,eng ENG,FW,Preston,25,1993,12.8,5,0,0,40,16,8,7,1,3,1,0,0,18,155,182,46.0,Matches
633,Dejan Stojanović,at AUT,GK,Middlesbrough,26,1993,8.0,0,0,0,0,2,0,0,0,0,0,0,0,12,2,0,100.0,Matches
634,Jordan Storey,eng ENG,DF,Preston,21,1997,8.1,0,0,0,8,5,0,0,19,4,0,0,0,32,38,17,69.1,Matches
635,Pascal Struijk,nl NED,MF,Leeds United,19,1999,2.4,1,0,0,5,2,0,0,7,3,0,0,0,14,4,5,44.4,Matches
636,Callum Styles,hu HUN,"MF,DF",Barnsley,19,2000,7.5,1,0,0,13,16,2,21,13,11,0,0,0,63,9,18,33.3,Matches
637,Ivan Šunjić,ba BIH,MF,Birmingham City,22,1996,36.3,9,0,0,81,25,0,23,58,52,0,0,0,208,47,40,54.0,Matches
638,Sam Surridge,eng ENG,FW,Swansea City,21,1998,8.7,0,0,0,12,15,8,6,1,2,0,0,0,16,28,42,40.0,Matches
639,John Swift,eng ENG,MF,Reading,24,1995,37.5,6,1,1,44,53,1,203,44,36,0,0,0,266,24,28,46.2,Matches
640,Sammie Szmodics,ie IRL,"MF,FW",Bristol City,23,1995,1.2,0,0,0,1,1,0,3,1,0,0,0,0,6,0,2,0.0,Matches
641,Lasse Sørensen,dk DEN,MF,Stoke City,19,1999,2.0,0,0,0,4,1,1,8,1,3,0,0,0,7,5,4,55.6,Matches
642,Ryan Tafazolli,eng ENG,DF,Hull City,27,1991,9.1,0,0,0,6,6,2,2,13,8,0,0,0,38,65,25,72.2,Matches
643,Marcus Tavernier,eng ENG,"MF,FW",Middlesbrough,20,1999,28.2,4,0,0,32,55,0,91,13,45,0,0,0,166,30,56,34.9,Matches
644,Lyle Taylor,ms MSR,FW,Charlton Ath,29,1990,17.8,4,0,0,37,32,11,38,8,3,0,0,0,40,41,48,46.1,Matches
645,Matty Taylor,eng ENG,FW,Bristol City,29,1990,0.1,1,0,0,2,0,0,0,0,1,0,0,0,2,0,3,0.0,Matches
646,Mamadou Thiam,sn SEN,FW,Barnsley,24,1995,3.7,0,0,0,3,1,3,15,0,6,0,0,0,17,5,4,55.6,Matches
647,Luke Thomas,eng ENG,"MF,FW",Barnsley,20,1999,25.7,5,0,0,34,31,2,55,18,51,0,0,0,144,8,21,27.6,Matches
648,Ben Thompson,eng ENG,"MF,FW",Millwall,23,1995,20.4,5,0,0,21,51,2,29,20,22,0,0,0,109,43,48,47.3,Matches
649,Dominic Thompson,eng ENG,DF,Brentford,19,2000,0.1,0,0,0,0,0,0,0,0,1,0,0,0,0,0,0,,Matches
650,Jordan Thompson,nir NIR,"MF,FW",Stoke City,22,1997,6.9,2,0,0,10,18,0,40,7,8,0,0,0,28,8,8,50.0,Matches
Rk,Player,Nation,Pos,Squad,Age,Born,90s,CrdY,CrdR,2CrdY,Fls,Fld,Off,Crs,Int,TklW,PKwon,PKcon,OG,Recov,Won,Lost,Won%,Matches
651,Harry Toffolo,eng ENG,DF,Huddersfield,23,1995,19.0,2,0,0,20,23,0,86,18,22,0,0,0,88,22,31,41.5,Matches
652,Lee Tomlin,eng ENG,MF,Cardiff City,30,1989,24.0,8,0,0,43,59,6,37,16,12,0,0,0,121,9,49,15.5,Matches
653,Jon Toral,es ESP,"MF,FW",Hull City,24,1995,6.8,2,0,0,14,8,0,16,4,8,0,0,0,26,10,13,43.5,Matches
654,Conor Townsend,eng ENG,DF,West Brom,26,1993,21.1,4,0,0,21,24,3,61,33,42,0,0,0,105,46,28,62.2,Matches
655,Lewis Travis,eng ENG,MF,Blackburn,21,1997,38.4,13,0,0,68,90,0,30,46,65,0,0,0,288,23,26,46.9,Matches
656,Connal Trueman,eng ENG,GK,Birmingham City,23,1996,10.0,0,0,0,0,1,0,0,0,0,0,0,0,6,2,0,100.0,Matches
657,Ryan Tunnicliffe,eng ENG,MF,Luton Town,26,1992,36.0,3,0,0,20,19,1,14,36,27,0,0,0,231,18,24,42.9,Matches
658,Josh Tymon,eng ENG,DF,Stoke City,20,1999,0.9,1,0,0,1,0,0,4,1,3,0,0,0,5,2,1,66.7,Matches
659,Osaze Urhoghide,nl NED,DF,Sheffield Weds,19,2000,2.0,2,1,1,5,1,0,0,4,7,0,0,0,6,2,3,40.0,Matches
660,Jack Vale,wls WAL,MF,Blackburn,18,2001,0.1,0,0,0,0,0,0,0,0,1,0,0,0,1,0,2,0.0,Matches
661,Joel Valencia,ec ECU,"FW,MF",Brentford,24,1994,3.7,0,0,0,5,7,1,11,2,8,0,0,0,18,0,6,0.0,Matches
662,Isaac Vassell,eng ENG,FW,Cardiff City,25,1993,0.5,0,0,0,1,0,0,0,0,0,0,0,0,1,3,2,60.0,Matches
663,Will Vaulks,wls WAL,MF,Cardiff City,25,1993,18.7,3,0,0,38,18,0,48,23,26,0,0,0,138,50,30,62.5,Matches
664,James Vennings,eng ENG,"MF,FW",Charlton Ath,19,2000,0.8,0,0,0,1,0,0,2,1,0,0,0,0,1,1,2,33.3,Matches
665,Thibaud Verlinden,be BEL,"FW,MF",Stoke City,20,1999,0.6,0,0,0,1,1,0,8,0,1,0,0,0,1,0,0,,Matches
666,Fran Villalba,es ESP,MF,Birmingham City,21,1998,13.5,0,0,0,9,17,1,89,5,5,0,0,0,84,4,5,44.4,Matches
667,João Virgínia,pt POR,GK,Reading,19,1999,2.0,0,0,0,0,0,0,0,0,0,0,0,0,1,1,0,100.0,Matches
668,Sam Vokes,wls WAL,FW,Stoke City,29,1989,19.0,0,0,0,34,7,6,2,3,7,0,0,0,35,203,207,49.5,Matches
669,Zak Vyner,ke KEN,DF,Bristol City,22,1997,5.5,1,0,0,5,3,0,19,9,6,0,0,0,30,8,28,22.2,Matches
670,Martyn Waghorn,eng ENG,FW,Derby County,29,1990,35.3,6,1,0,50,61,21,46,18,22,2,1,0,115,56,122,31.5,Matches
671,Stephen Walker,eng ENG,"FW,MF",Middlesbrough,18,2000,1.5,0,0,0,3,2,0,0,1,0,0,0,0,9,0,8,0.0,Matches
672,Tyler Walker,eng ENG,"FW,MF",Nott'ham Forest,22,1996,1.5,0,0,0,0,0,0,3,0,1,0,0,0,0,3,11,21.4,Matches
673,Jed Wallace,eng ENG,"MF,FW",Millwall,25,1994,42.1,7,1,0,52,47,10,379,25,60,1,0,0,282,24,38,38.7,Matches
674,Lee Wallace,sct SCO,DF,QPR,31,1987,9.5,2,1,0,13,4,0,13,15,12,0,1,0,52,11,12,47.8,Matches
675,Murray Wallace,sct SCO,"DF,MF",Millwall,26,1993,38.0,7,0,0,49,27,2,96,51,42,0,0,0,170,115,84,57.8,Matches
Rk,Player,Nation,Pos,Squad,Age,Born,90s,CrdY,CrdR,2CrdY,Fls,Fld,Off,Crs,Int,TklW,PKwon,PKcon,OG,Recov,Won,Lost,Won%,Matches
676,Christian Walton,eng ENG,GK,Blackburn,23,1995,46.0,1,0,0,2,8,0,0,1,0,0,1,0,49,9,1,90.0,Matches
677,Jack Walton,eng ENG,GK,Barnsley,21,1998,9.0,0,0,0,0,0,0,0,0,0,0,0,0,18,1,0,100.0,Matches
678,Danny Ward,eng ENG,"FW,MF",Cardiff City,27,1991,10.5,0,1,0,14,8,3,11,1,5,0,0,0,22,64,129,33.2,Matches
679,Stephen Ward,ie IRL,DF,Stoke City,33,1985,13.5,3,0,0,16,14,1,32,16,9,0,0,0,56,33,24,57.9,Matches
680,Marley Watkins,wls WAL,"FW,MF",Bristol City,28,1990,4.2,0,0,0,17,11,4,2,2,3,0,0,0,25,13,26,33.3,Matches
681,Ollie Watkins,eng ENG,FW,Brentford,23,1995,45.9,4,0,0,71,62,48,26,14,16,1,1,0,102,99,150,39.8,Matches
682,Ben Watson,eng ENG,MF,Nott'ham Forest,34,1985,44.4,8,0,0,61,25,0,19,76,68,0,0,0,285,42,47,47.2,Matches
683,Andreas Weimann,at AUT,"FW,MF",Bristol City,27,1991,40.0,8,0,0,25,25,14,69,29,23,0,0,1,146,38,66,36.5,Matches
684,Nahki Wells,bm BER,FW,Bristol City,29,1990,13.2,0,0,0,28,20,5,16,6,8,0,0,0,41,22,41,34.9,Matches
685,Nahki Wells,bm BER,FW,QPR,29,1990,17.9,4,0,0,32,27,10,19,1,14,0,0,0,61,19,38,33.3,Matches
686,Keiren Westwood,ie IRL,GK,Sheffield Weds,34,1984,13.9,0,1,0,2,2,0,0,0,0,0,1,0,11,5,0,100.0,Matches
687,Ben White,eng ENG,DF,Leeds United,21,1997,46.0,6,0,0,41,41,1,4,116,46,0,1,0,301,127,116,52.3,Matches
688,Morgan Whittaker,eng ENG,"FW,MF",Derby County,18,2001,3.1,1,0,0,10,6,1,5,2,9,0,0,0,18,2,6,25.0,Matches
689,Gavin Whyte,nir NIR,"FW,MF",Cardiff City,23,1996,14.0,1,0,0,9,14,6,25,10,32,0,0,0,71,5,17,22.7,Matches
690,Connor Wickham,eng ENG,FW,Sheffield Weds,26,1993,9.9,1,0,0,15,13,6,9,0,4,0,0,0,20,50,77,39.4,Matches
691,Jordy de Wijs,nl NED,DF,Hull City,24,1995,33.7,9,0,0,35,16,3,16,65,30,0,2,1,165,146,88,62.4,Matches
692,Joe Wildsmith,eng ENG,GK,Sheffield Weds,23,1995,9.0,0,0,0,0,1,0,0,1,0,0,0,0,8,4,0,100.0,Matches
693,Mallik Wilks,eng ENG,"FW,MF",Barnsley,20,1998,9.1,5,0,0,24,19,6,9,4,2,0,0,0,22,33,43,43.4,Matches
694,Mallik Wilks,eng ENG,FW,Hull City,20,1998,14.1,2,0,0,23,26,11,32,8,1,0,0,0,52,33,53,38.4,Matches
695,Ashley Williams,wls WAL,DF,Bristol City,34,1984,30.7,3,2,0,24,10,2,4,72,28,0,1,1,166,84,77,52.2,Matches
696,Ben Williams,wls WAL,DF,Barnsley,20,1999,15.7,4,1,0,23,24,0,54,26,31,0,0,0,76,33,43,43.4,Matches
697,Derrick Williams,ie IRL,DF,Blackburn,26,1993,17.0,4,0,0,19,18,2,5,29,16,0,0,0,64,60,41,59.4,Matches
698,Joe Williams,eng ENG,MF,Wigan Athletic,22,1996,33.4,14,1,1,40,67,2,102,27,42,0,0,0,224,40,47,46.0,Matches
699,Jonny Williams,wls WAL,"MF,FW",Charlton Ath,25,1993,15.2,1,0,0,24,76,2,25,15,10,0,0,0,73,9,43,17.3,Matches
700,Jordan Williams,eng ENG,DF,Barnsley,19,1999,27.8,5,0,0,25,24,1,54,38,48,0,0,0,191,40,39,50.6,Matches
Rk,Player,Nation,Pos,Squad,Age,Born,90s,CrdY,CrdR,2CrdY,Fls,Fld,Off,Crs,Int,TklW,PKwon,PKcon,OG,Recov,Won,Lost,Won%,Matches
701,Shaun Williams,ie IRL,MF,Millwall,32,1986,27.5,3,1,0,42,42,0,49,28,31,0,0,0,188,70,47,59.8,Matches
702,Chris Willock,eng ENG,FW,Huddersfield,21,1998,7.6,2,0,0,11,14,0,20,6,9,0,0,0,40,5,7,41.7,Matches
703,Ben Wilmot,eng ENG,DF,Swansea City,19,1999,16.6,3,0,0,19,7,0,0,25,12,0,0,0,91,64,81,44.1,Matches
704,Josh Windass,eng ENG,"FW,MF",Sheffield Weds,25,1994,5.2,0,0,0,6,4,2,16,0,3,0,0,0,18,3,14,17.6,Matches
705,Josh Windass,eng ENG,"MF,FW",Wigan Athletic,25,1994,12.0,1,0,0,9,10,15,53,1,2,1,0,0,41,11,28,28.2,Matches
706,Lewis Wing,eng ENG,MF,Middlesbrough,24,1995,30.5,6,0,0,33,30,1,82,31,38,0,0,0,185,30,26,53.6,Matches
707,Sam Winnall,eng ENG,FW,Sheffield Weds,28,1991,5.6,0,0,0,14,6,6,0,0,5,0,0,0,12,18,43,29.5,Matches
708,Andre Wisdom,eng ENG,DF,Derby County,26,1993,16.0,3,0,0,9,6,0,17,17,10,0,0,0,85,17,17,50.0,Matches
709,Matthew Wolfe,eng ENG,MF,Barnsley,19,2000,0.3,0,0,0,0,0,0,0,0,1,0,0,0,1,2,3,40.0,Matches
710,Nathan Wood-Gordon,eng ENG,DF,Middlesbrough,17,2002,0.6,0,0,0,1,0,0,0,1,1,0,0,0,3,0,3,0.0,Matches
711,Freddie Woodman,eng ENG,GK,Swansea City,22,1997,43.0,1,0,0,0,5,0,0,0,0,0,0,0,47,8,0,100.0,Matches
712,Cauley Woodrow,eng ENG,"MF,FW",Barnsley,24,1994,36.5,4,0,0,48,40,10,21,11,15,1,0,0,186,47,138,25.4,Matches
713,Ryan Woods,eng ENG,MF,Stoke City,25,1993,6.6,2,0,0,6,9,0,15,7,7,0,0,0,58,10,3,76.9,Matches
714,Ryan Woods,eng ENG,MF,Millwall,25,1993,17.0,3,0,0,26,22,0,13,12,11,0,0,0,136,14,32,30.4,Matches
715,Joe Worrall,eng ENG,DF,Nott'ham Forest,22,1997,46.0,5,0,0,22,14,4,2,57,20,0,1,1,203,147,84,63.6,Matches
716,Bailey Wright,au AUS,DF,Bristol City,27,1992,2.0,0,0,0,4,6,0,1,4,7,0,0,0,10,6,7,46.2,Matches
717,Ryan Yates,eng ENG,MF,Nott'ham Forest,21,1997,16.7,0,1,0,21,50,4,10,18,10,0,1,0,69,55,41,57.3,Matches
718,Dru Yearwood,eng ENG,MF,Brentford,19,2000,0.7,1,0,0,2,0,0,1,0,0,0,0,0,0,0,0,,Matches
719,Andy Yiadom,gh GHA,DF,Reading,27,1991,23.7,8,0,0,38,49,3,71,21,32,1,0,0,118,41,34,54.7,Matches
720,Jan Žambůrek,cz CZE,"FW,MF",Brentford,18,2001,2.6,0,0,0,8,10,1,2,3,3,0,0,0,18,1,1,50.0,Matches
721,Kenneth Zohore,dk DEN,FW,West Brom,25,1994,7.3,0,0,0,15,6,6,7,1,3,0,0,0,16,15,37,28.8,Matches
