rk,player,nation,pos,squad,age,born,90s,tkl,tklw,def_3rd,mid_3rd,att_3rd,tkl_challe,att,lost,blocks,sh,pass,int,tkl_int,clr,err,matches
1,Charlie Adam,sct SCO,MF,Reading,33,1985,8.7,15,12,9,4,2,6,15,9,5,2,3,11,26,13,0,Matches
2,Tosin Adarabioyo,eng ENG,DF,Blackburn,21,1997,33.0,30,17,19,8,3,7,19,12,30,26,4,64,94,166,1,Matches
3,Albert Adomah,gh GHA,FW,Cardiff City,31,1987,8.1,17,8,9,4,4,4,12,8,10,1,9,3,20,3,0,Matches
4,Albert Adomah,gh GHA,"FW,MF",Nott'ham Forest,31,1987,6.8,19,10,7,7,5,10,23,13,9,2,7,5,24,10,0,Matches
5,Benik Afobe,cd COD,FW,Stoke City,26,1993,0.8,0,0,0,0,0,0,0,0,0,0,0,0,0,0,0,Matches
6,Benik Afobe,cd COD,FW,Bristol City,26,1993,8.2,4,2,0,1,3,1,3,2,4,0,4,1,5,8,0,Matches
7,Semi Ajayi,ng NGA,DF,West Brom,25,1993,42.0,46,35,32,14,0,12,25,13,36,26,10,41,87,139,3,Matches
8,Ezgjan Alioski,mk MKD,"DF,MF",Leeds United,27,1992,25.1,63,36,38,18,7,25,61,36,20,0,20,30,93,45,0,Matches
9,Joe Allen,wls WAL,MF,Stoke City,29,1990,32.6,83,49,22,52,9,19,51,32,23,7,16,66,149,30,0,Matches
10,Sone Aluko,ng NGA,"FW,MF",Reading,30,1989,0.5,0,0,0,0,0,0,1,1,0,0,0,0,0,1,0,Matches
11,Sammy Ameobi,eng ENG,"FW,MF",Nott'ham Forest,27,1992,34.4,62,32,25,22,15,20,48,28,41,4,37,13,75,53,0,Matches
12,Luke Amos,eng ENG,MF,QPR,22,1997,23.5,49,32,23,18,8,14,57,43,36,6,30,34,83,30,0,Matches
13,Chuks Aneke,eng ENG,"FW,MF",Charlton Ath,26,1993,6.5,7,3,0,3,4,1,5,4,7,0,7,0,7,13,0,Matches
14,Felipe Araruna,br BRA,"MF,DF",Reading,23,1996,1.8,4,0,0,4,0,3,4,1,3,0,3,5,9,4,0,Matches
15,Adam Armstrong,eng ENG,"FW,MF",Blackburn,22,1997,38.6,25,8,5,12,8,7,27,20,23,2,21,16,41,8,0,Matches
16,Harry Arter,ie IRL,MF,Fulham,29,1989,19.2,48,30,14,26,8,27,56,29,31,8,23,14,62,15,1,Matches
17,Britt Assombalonga,cd COD,FW,Middlesbrough,26,1992,27.9,5,3,0,4,1,1,9,8,6,3,3,3,8,23,0,Matches
18,Jean-Kévin Augustin,fr FRA,FW,Leeds United,22,1997,0.6,0,0,0,0,0,0,0,0,0,0,0,0,0,0,0,Matches
19,Charlie Austin,eng ENG,FW,West Brom,30,1989,16.8,9,8,3,2,4,4,15,11,8,2,6,2,11,28,0,Matches
20,Daniel Ayala,es ESP,DF,Middlesbrough,28,1990,23.1,31,22,20,11,0,12,18,6,28,16,12,31,62,148,1,Matches
21,André Ayew,gh GHA,FW,Swansea City,29,1989,43.4,71,47,18,42,11,20,65,45,27,4,23,27,98,63,0,Matches
22,Floyd Ayité,tg TOG,MF,Fulham,30,1988,0.2,1,1,1,0,0,0,0,0,0,0,0,0,1,0,0,Matches
23,Luke Ayling,eng ENG,DF,Leeds United,27,1991,35.3,66,39,39,20,7,33,65,32,34,14,20,61,127,77,0,Matches
24,Juninho Bacuna,cw CUW,"MF,FW",Huddersfield,21,1997,25.8,48,27,20,25,3,30,56,26,41,2,39,23,71,19,2,Matches
25,Leandro Bacuna,cw CUW,"MF,DF",Cardiff City,27,1991,35.0,53,31,24,28,1,31,55,24,26,8,18,29,82,53,2,Matches
Rk,Player,Nation,Pos,Squad,Age,Born,90s,Tkl,TklW,Def 3rd,Mid 3rd,Att 3rd,Tkl,Att,Lost,Blocks,Sh,Pass,Int,Tkl+Int,Clr,Err,Matches
26,Mike-Steven Bähre,de GER,MF,Barnsley,23,1995,18.0,49,28,17,23,9,21,62,41,20,3,17,12,61,10,0,Matches
27,Odin Bailey,eng ENG,"FW,MF",Birmingham City,19,1999,1.0,0,0,0,0,0,0,1,1,1,0,1,0,0,0,0,Matches
28,Geraldo Bajrami,al ALB,DF,Birmingham City,19,1999,2.0,6,3,5,1,0,3,4,1,3,3,0,1,7,8,0,Matches
29,Nathan Baker,eng ENG,DF,Bristol City,28,1991,29.8,26,19,14,11,1,9,21,12,54,36,18,57,83,179,0,Matches
30,Sam Baldock,eng ENG,FW,Reading,30,1989,12.3,13,9,2,6,5,2,23,21,8,0,8,2,15,7,0,Matches
31,Dominic Ball,eng ENG,MF,QPR,23,1995,27.1,64,37,35,26,3,22,65,43,30,13,17,25,89,37,0,Matches
32,Norbert Balogh,hu HUN,FW,Hull City,23,1996,0.7,1,0,0,0,1,0,1,1,1,1,0,1,2,1,0,Matches
33,Leon Balogun,ng NGA,DF,Wigan Athletic,31,1988,9.0,14,8,10,4,0,6,8,2,9,8,1,13,27,46,1,Matches
34,Sol Bamba,ci CIV,DF,Cardiff City,34,1985,1.2,4,3,4,0,0,3,3,0,2,2,0,1,5,14,0,Matches
35,Patrick Bamford,eng ENG,FW,Leeds United,25,1993,38.3,20,14,2,12,6,8,25,17,12,4,8,4,24,30,0,Matches
36,Barry Bannan,sct SCO,MF,Sheffield Weds,29,1989,42.8,64,34,33,27,4,25,70,45,25,5,20,47,111,20,2,Matches
37,Shandon Baptiste,gd GRN,MF,Brentford,21,1998,3.7,10,5,4,4,2,4,6,2,4,1,3,4,14,1,0,Matches
38,Yoann Barbet,fr FRA,DF,QPR,26,1993,26.9,28,18,20,8,0,18,24,6,33,21,12,62,90,111,1,Matches
39,Tom Barkhuizen,eng ENG,FW,Preston,26,1993,34.4,36,24,6,19,11,15,43,28,36,5,31,21,57,37,0,Matches
40,Josh Barrett,ie IRL,"MF,FW",Reading,21,1998,2.0,1,1,0,0,1,0,0,0,1,0,1,1,2,0,0,Matches
41,Modou Barrow,gm GAM,"FW,MF",Reading,26,1992,1.0,1,1,1,0,0,1,2,1,0,0,0,0,1,1,0,Matches
42,Gareth Barry,eng ENG,MF,West Brom,38,1981,1.0,2,1,1,1,0,1,2,1,1,1,0,1,3,5,0,Matches
43,Kyle Bartley,eng ENG,DF,West Brom,28,1991,36.3,51,40,38,12,1,18,25,7,41,34,7,45,96,172,1,Matches
44,Borja Bastón,es ESP,FW,Swansea City,26,1992,14.0,14,7,3,7,4,1,8,7,11,3,8,3,17,14,0,Matches
45,Danny Batth,eng ENG,DF,Stoke City,28,1990,41.9,41,26,29,12,0,12,22,10,41,25,16,71,112,220,0,Matches
46,Daniel Batty,eng ENG,MF,Hull City,21,1997,18.7,56,30,20,27,9,21,54,33,22,6,16,29,85,20,2,Matches
47,Patrick Bauer,de GER,DF,Preston,26,1992,40.2,56,36,36,19,1,19,34,15,44,28,16,46,102,194,2,Matches
48,Tom Bayliss,eng ENG,MF,Preston,20,1999,0.2,0,0,0,0,0,0,0,0,0,0,0,1,1,0,0,Matches
49,Mads Bech Sørensen,dk DEN,DF,Brentford,20,1999,0.3,0,0,0,0,0,0,0,0,0,0,0,0,0,0,0,Matches
50,Jérémie Bela,ao ANG,"MF,FW",Birmingham City,26,1993,21.8,27,16,9,13,5,7,17,10,12,3,9,10,37,13,0,Matches
Rk,Player,Nation,Pos,Squad,Age,Born,90s,Tkl,TklW,Def 3rd,Mid 3rd,Att 3rd,Tkl,Att,Lost,Blocks,Sh,Pass,Int,Tkl+Int,Clr,Err,Matches
51,Amari'i Bell,jm JAM,DF,Blackburn,25,1994,20.1,29,19,19,7,3,16,28,12,21,4,17,23,52,50,0,Matches
52,Jude Bellingham,eng ENG,"MF,FW",Birmingham City,16,2003,29.9,90,57,40,35,15,33,68,35,50,3,47,30,120,41,0,Matches
53,Yohan Benalouane,tn TUN,DF,Nott'ham Forest,32,1987,0.1,1,1,1,0,0,0,0,0,0,0,0,0,1,2,0,Matches
54,Filip Benković,hr CRO,DF,Bristol City,22,1997,7.2,5,2,4,1,0,1,3,2,9,8,1,21,26,29,0,Matches
55,Elliott Bennett,eng ENG,"DF,MF",Blackburn,30,1988,31.1,76,49,45,24,7,21,41,20,24,7,17,34,110,80,0,Matches
56,Joe Bennett,eng ENG,DF,Cardiff City,29,1990,42.9,68,43,39,25,4,29,55,26,47,18,29,63,131,119,1,Matches
57,Mason Bennett,eng ENG,"FW,MF",Derby County,23,1996,2.0,5,3,2,1,2,0,0,0,1,0,1,3,8,1,0,Matches
58,Mason Bennett,eng ENG,"FW,MF",Millwall,23,1996,4.8,8,6,4,2,2,4,10,6,10,0,10,3,11,9,0,Matches
59,Saïd Benrahma,dz ALG,FW,Brentford,23,1995,39.4,46,28,24,17,5,11,47,36,15,0,15,9,55,6,1,Matches
60,Daniel Bentley,eng ENG,GK,Bristol City,26,1993,42.7,3,1,3,0,0,3,4,1,0,0,0,2,5,30,4,Matches
61,Gaetano Berardi,ch SUI,DF,Leeds United,30,1988,12.5,21,9,15,6,0,9,18,9,17,9,8,25,46,50,0,Matches
62,James Berry,eng ENG,FW,Hull City,18,2000,0.1,0,0,0,0,0,0,0,0,0,0,0,0,0,0,0,Matches
63,Luke Berry,eng ENG,MF,Luton Town,27,1992,15.1,20,10,10,5,5,6,19,13,19,2,17,19,39,26,0,Matches
64,Faysal Bettache,eng ENG,MF,QPR,19,2000,0.3,1,0,1,0,0,0,0,0,0,0,0,0,1,0,0,Matches
65,Marcus Bettinelli,eng ENG,GK,Fulham,27,1992,13.8,0,0,0,0,0,0,0,0,0,0,0,1,1,9,1,Matches
66,Bartosz Białkowski,pl POL,GK,Millwall,32,1987,45.5,0,0,0,0,0,0,2,2,0,0,0,0,0,11,2,Matches
67,Jake Bidwell,eng ENG,DF,Swansea City,26,1993,36.2,46,33,26,17,3,23,44,21,38,18,20,32,78,120,0,Matches
68,Krystian Bielik,pl POL,"MF,DF",Derby County,21,1998,16.5,53,36,31,20,2,24,50,26,25,11,14,33,86,47,3,Matches
69,Mame Biram Diouf,sn SEN,"FW,MF",Stoke City,31,1987,1.0,2,2,0,0,2,0,1,1,3,0,3,1,3,1,0,Matches
70,Max Bird,eng ENG,MF,Derby County,18,2000,21.2,30,16,15,14,1,17,28,11,11,4,7,23,53,25,0,Matches
71,Tyler Blackett,eng ENG,DF,Reading,25,1994,15.4,25,13,14,9,2,11,16,5,7,4,3,15,40,48,1,Matches
72,Billy Bodin,wls WAL,"FW,MF",Preston,27,1992,10.4,16,8,6,7,3,5,13,8,12,1,11,6,22,9,0,Matches
73,Jayden Bogle,eng ENG,DF,Derby County,19,2000,32.2,65,43,46,14,5,30,54,24,26,11,15,37,102,62,2,Matches
74,Omar Bogle,eng ENG,FW,Cardiff City,26,1993,3.6,5,3,1,3,1,1,4,3,2,2,0,0,5,4,0,Matches
75,Mateusz Bogusz,pl POL,MF,Leeds United,17,2001,0.2,0,0,0,0,0,0,0,0,0,0,0,0,0,0,0,Matches
Rk,Player,Nation,Pos,Squad,Age,Born,90s,Tkl,TklW,Def 3rd,Mid 3rd,Att 3rd,Tkl,Att,Lost,Blocks,Sh,Pass,Int,Tkl+Int,Clr,Err,Matches
76,Marc Bola,eng ENG,DF,Middlesbrough,21,1997,5.7,11,6,7,4,0,6,11,5,8,2,6,12,23,26,2,Matches
77,Luke Bolton,eng ENG,"DF,MF",Luton Town,19,1999,12.2,33,24,26,6,1,19,39,20,15,4,11,16,49,29,0,Matches
78,Gaëtan Bong,cm CMR,DF,Nott'ham Forest,31,1988,0.6,0,0,0,0,0,0,0,0,0,0,0,2,2,0,0,Matches
79,Macauley Bonne,zw ZIM,FW,Charlton Ath,23,1995,26.1,8,5,1,4,3,1,17,16,17,7,10,5,13,35,0,Matches
80,Julian Börner,de GER,DF,Sheffield Weds,28,1991,34.1,46,30,31,14,1,15,36,21,33,15,18,62,108,131,0,Matches
81,John Bostock,tt TRI,MF,Nott'ham Forest,27,1992,1.8,2,0,0,0,2,1,3,2,2,0,2,1,3,3,0,Matches
82,Jarrod Bowen,eng ENG,"MF,FW",Hull City,22,1996,29.0,33,22,11,16,6,7,36,29,14,0,14,19,52,13,0,Matches
83,Josh Bowler,eng ENG,"FW,MF",Hull City,20,1999,11.6,23,15,14,6,3,8,24,16,7,0,7,5,28,2,0,Matches
84,Caolan Boyd-Munce,nir NIR,"MF,FW",Birmingham City,19,2000,0.8,4,1,2,2,0,1,1,0,1,1,0,0,4,6,0,Matches
85,Lucas Boyé,ar ARG,"FW,MF",Reading,23,1996,6.5,20,12,6,9,5,5,15,10,13,2,11,8,28,4,0,Matches
86,Sonny Bradley,eng ENG,DF,Luton Town,27,1991,39.1,47,28,41,4,2,28,43,15,39,32,7,39,86,195,1,Matches
87,Tom Bradshaw,wls WAL,FW,Millwall,27,1992,29.6,20,12,5,6,9,7,29,22,22,2,20,0,20,19,0,Matches
88,James Bree,eng ENG,DF,Luton Town,21,1997,33.8,34,26,23,4,7,18,37,19,25,12,13,36,70,104,0,Matches
89,Ben Brereton,cl CHI,"FW,MF",Blackburn,20,1999,6.6,3,1,1,1,1,1,9,8,1,0,1,0,3,2,0,Matches
90,Rhian Brewster,eng ENG,FW,Swansea City,19,2000,18.5,13,6,3,4,6,3,9,6,13,1,12,5,18,5,0,Matches
91,Izzy Brown,eng ENG,MF,Luton Town,22,1997,16.2,31,18,11,14,6,11,32,21,7,0,7,14,45,10,0,Matches
92,Jacob Brown,sct SCO,FW,Barnsley,21,1998,37.1,50,31,24,17,9,15,55,40,69,10,59,18,68,43,0,Matches
93,Jaden Brown,eng ENG,DF,Huddersfield,20,1999,11.4,22,17,14,5,3,13,16,3,15,6,9,2,24,26,0,Matches
94,James Brown,mt MLT,DF,Millwall,21,1998,0.7,0,0,0,0,0,0,1,1,1,0,1,0,0,3,0,Matches
95,Jordan Brown,eng ENG,"FW,MF",Derby County,18,2001,0.1,0,0,0,0,0,0,0,0,0,0,0,0,0,0,0,Matches
96,Alan Browne,ie IRL,"MF,DF",Preston,24,1995,35.6,79,43,39,31,9,34,86,52,52,12,40,40,119,56,0,Matches
97,Marcus Browne,eng ENG,"FW,MF",Middlesbrough,21,1997,4.7,10,6,3,4,3,3,8,5,4,0,4,5,15,9,0,Matches
98,Josh Brownhill,eng ENG,MF,Bristol City,23,1995,27.3,48,27,22,19,7,14,35,21,18,9,9,36,84,43,1,Matches
99,Chris Brunt,nir NIR,"MF,FW",West Brom,34,1984,0.9,4,1,3,1,0,2,2,0,1,0,1,0,4,1,0,Matches
100,Joe Bryan,eng ENG,DF,Fulham,25,1993,37.9,117,77,70,40,7,52,83,31,32,6,26,49,166,116,1,Matches
Rk,Player,Nation,Pos,Squad,Age,Born,90s,Tkl,TklW,Def 3rd,Mid 3rd,Att 3rd,Tkl,Att,Lost,Blocks,Sh,Pass,Int,Tkl+Int,Clr,Err,Matches
101,Lee Buchanan,eng ENG,DF,Derby County,18,2001,3.1,7,5,5,2,0,2,2,0,5,2,3,5,12,10,0,Matches
102,John Buckley,eng ENG,"MF,FW",Blackburn,19,1999,6.8,19,13,7,10,2,10,23,13,11,2,9,4,23,5,0,Matches
103,Tyler Burey,eng ENG,MF,Millwall,17,2001,0.1,0,0,0,0,0,0,0,0,0,0,0,0,0,0,0,Matches
104,Oliver Burke,sct SCO,"FW,MF",West Brom,22,1997,0.4,0,0,0,0,0,0,0,0,0,0,0,0,0,0,0,Matches
105,Reece Burke,eng ENG,DF,Hull City,22,1996,35.4,42,22,31,11,0,12,24,12,41,31,10,44,86,178,2,Matches
106,Ryan Burke,ie IRL,DF,Birmingham City,18,2000,0.2,0,0,0,0,0,0,0,0,0,0,0,0,0,2,0,Matches
107,Jack Butland,eng ENG,GK,Stoke City,26,1993,35.0,0,0,0,0,0,0,0,0,0,0,0,1,1,7,5,Matches
108,Jacob Butterfield,eng ENG,MF,Luton Town,29,1990,9.5,29,18,12,17,0,13,29,16,9,2,7,12,41,8,0,Matches
109,George Byers,sct SCO,MF,Swansea City,23,1996,23.2,58,31,24,28,6,13,41,28,25,7,18,30,88,18,1,Matches
110,Nathan Byrne,eng ENG,DF,Wigan Athletic,27,1992,38.8,63,44,53,9,1,30,71,41,41,15,26,38,101,104,0,Matches
111,Ben Cabango,wls WAL,DF,Swansea City,19,2000,19.7,21,15,16,5,0,7,11,4,10,6,4,27,48,120,0,Matches
112,Rafael Cabral,br BRA,GK,Reading,29,1990,44.0,1,0,1,0,0,1,1,0,2,0,2,0,1,15,0,Matches
113,Tom Cairney,sct SCO,MF,Fulham,28,1991,36.3,48,29,12,30,6,18,45,27,34,2,32,19,67,18,1,Matches
114,Geoff Cameron,us USA,"MF,DF",QPR,34,1985,33.9,77,43,42,32,3,31,65,34,38,19,19,35,112,92,3,Matches
115,Lee Camp,nir NIR,GK,Birmingham City,34,1984,36.0,0,0,0,0,0,0,1,1,0,0,0,0,0,7,2,Matches
116,Fraizer Campbell,eng ENG,FW,Huddersfield,31,1987,17.3,28,20,3,13,12,4,13,9,13,6,7,9,37,14,0,Matches
117,Tyrese Campbell,eng ENG,FW,Stoke City,19,1999,18.0,11,6,3,7,1,3,14,11,15,0,15,1,12,11,0,Matches
118,Sergi Canós,es ESP,"FW,MF",Brentford,22,1997,11.0,28,17,13,7,8,7,24,17,8,0,8,3,31,2,0,Matches
119,Tom Carroll,eng ENG,MF,Swansea City,27,1992,4.3,11,4,4,7,0,4,8,4,5,0,5,4,15,1,0,Matches
120,Hayden Carter,eng ENG,DF,Blackburn,19,1999,2.0,2,1,2,0,0,0,1,1,3,1,2,2,4,6,0,Matches
121,Cameron Carter-Vickers,us USA,DF,Stoke City,21,1997,11.1,18,15,12,3,3,6,8,2,14,7,7,19,37,29,0,Matches
122,Cameron Carter-Vickers,us USA,DF,Luton Town,21,1997,15.2,15,10,11,4,0,4,7,3,13,12,1,16,31,107,0,Matches
123,João Carvalho,pt POR,"MF,FW",Nott'ham Forest,22,1997,9.6,14,10,6,5,3,5,17,12,5,0,5,4,18,8,0,Matches
124,Oliver Casey,eng ENG,DF,Leeds United,18,2000,0.1,0,0,0,0,0,0,0,0,0,0,0,2,2,0,0,Matches
125,Matty Cash,pl POL,DF,Nott'ham Forest,21,1997,40.2,110,82,75,29,6,57,91,34,39,14,25,57,167,170,0,Matches
Rk,Player,Nation,Pos,Squad,Age,Born,90s,Tkl,TklW,Def 3rd,Mid 3rd,Att 3rd,Tkl,Att,Lost,Blocks,Sh,Pass,Int,Tkl+Int,Clr,Err,Matches
126,Kiko Casilla,es ESP,GK,Leeds United,32,1986,36.0,0,0,0,0,0,0,0,0,0,0,0,2,2,17,5,Matches
127,Ivan Cavaleiro,pt POR,"FW,MF",Fulham,25,1993,33.6,47,29,17,17,13,15,48,33,46,2,44,29,76,21,0,Matches
128,Dimitri Cavaré,fr FRA,"DF,FW",Barnsley,24,1995,10.6,20,15,9,9,2,13,31,18,10,3,7,10,30,25,1,Matches
129,Bersant Celina,xk KVX,"FW,MF",Swansea City,22,1996,27.4,24,14,7,10,7,12,35,23,12,1,11,6,30,8,0,Matches
130,Ilias Chair,ma MAR,"MF,FW",QPR,21,1997,27.0,29,22,8,19,2,10,27,17,17,0,17,10,39,6,0,Matches
131,Trevoh Chalobah,eng ENG,"MF,DF",Huddersfield,20,1999,30.4,57,35,24,29,4,28,48,20,29,7,22,59,116,65,0,Matches
132,Conor Chaplin,eng ENG,"FW,MF",Barnsley,22,1997,36.7,24,15,11,9,4,3,35,32,32,0,32,11,35,13,0,Matches
133,Harry Chapman,eng ENG,"MF,FW",Blackburn,21,1997,0.9,4,2,2,0,2,1,4,3,1,0,1,0,4,0,0,Matches
134,Chema,es ESP,DF,Nott'ham Forest,27,1992,6.9,13,10,7,6,0,5,10,5,5,4,1,10,23,31,0,Matches
135,James Chester,wls WAL,DF,Stoke City,30,1989,13.7,23,16,16,7,0,13,16,3,6,6,0,17,40,69,0,Matches
136,Cyrus Christie,ie IRL,DF,Fulham,26,1992,16.0,33,20,20,11,2,17,25,8,16,6,10,20,53,54,0,Matches
137,Jack Clarke,eng ENG,FW,Leeds United,18,2000,0.2,0,0,0,0,0,0,0,0,0,0,0,0,0,0,0,Matches
138,Jack Clarke,eng ENG,"FW,MF",QPR,18,2000,1.6,3,1,3,0,0,2,3,1,2,0,2,0,3,0,0,Matches
139,Josh Clarke,eng ENG,MF,Brentford,24,1995,0.0,0,0,0,0,0,0,0,0,0,0,0,0,0,0,0,Matches
140,Matthew Clarke,eng ENG,DF,Derby County,22,1996,33.5,34,18,21,12,1,9,20,11,50,34,16,51,85,176,2,Matches
141,Tom Clarke,eng ENG,DF,Preston,31,1987,6.7,16,11,9,7,0,7,14,7,4,1,3,6,22,28,1,Matches
142,Jake Clarke-Salter,eng ENG,DF,Birmingham City,21,1997,17.9,27,15,18,9,0,12,18,6,32,23,9,23,50,77,0,Matches
143,Adam Clayton,eng ENG,MF,Middlesbrough,30,1989,19.1,30,18,16,13,1,15,48,33,14,4,10,20,50,41,3,Matches
144,Sam Clucas,eng ENG,MF,Stoke City,28,1990,43.3,89,59,43,41,5,34,84,50,23,2,21,52,141,41,0,Matches
145,Joel Coleman,eng ENG,GK,Huddersfield,23,1995,2.1,0,0,0,0,0,0,0,0,0,0,0,0,0,1,0,Matches
146,Maxime Colin,fr FRA,DF,Birmingham City,27,1991,44.0,111,72,49,54,8,48,86,38,55,14,41,66,177,109,1,Matches
147,Bradley Collins,eng ENG,GK,Barnsley,22,1997,19.0,1,1,1,0,0,1,1,0,1,0,1,0,1,19,1,Matches
148,James Collins,ie IRL,"FW,MF",Luton Town,28,1990,43.8,43,24,12,19,12,10,52,42,31,11,20,21,64,90,0,Matches
149,Nathan Collins,ie IRL,DF,Stoke City,18,2001,5.9,10,8,5,5,0,3,7,4,3,2,1,7,17,27,0,Matches
150,Jake Cooper,eng ENG,DF,Millwall,24,1995,46.0,34,26,23,6,5,12,26,14,44,34,10,48,82,220,4,Matches
Rk,Player,Nation,Pos,Squad,Age,Born,90s,Tkl,TklW,Def 3rd,Mid 3rd,Att 3rd,Tkl,Att,Lost,Blocks,Sh,Pass,Int,Tkl+Int,Clr,Err,Matches
151,Liam Cooper,sct SCO,DF,Leeds United,27,1991,34.7,54,30,39,14,1,24,44,20,26,16,10,69,123,115,2,Matches
152,Harry Cornick,eng ENG,"FW,MF",Luton Town,24,1995,34.3,33,10,8,16,9,12,41,29,29,0,29,13,46,9,0,Matches
153,Hélder Costa,ao ANG,"MF,FW",Leeds United,25,1994,32.8,63,37,23,23,17,15,66,51,30,1,29,13,76,25,0,Matches
154,Nuno da Costa,cv CPV,"FW,MF",Nott'ham Forest,28,1991,4.9,12,7,3,8,1,1,8,7,13,0,13,5,17,1,0,Matches
155,Hayden Coulson,eng ENG,"DF,FW",Middlesbrough,21,1998,20.9,51,32,23,22,6,22,59,37,24,7,17,29,80,45,0,Matches
156,Jordan Cousins,eng ENG,MF,Stoke City,25,1994,15.9,33,18,10,21,2,12,32,20,21,7,14,19,52,16,0,Matches
157,Martin Cranie,eng ENG,"DF,MF",Luton Town,32,1986,18.8,37,26,22,11,4,17,28,11,18,10,8,27,64,53,2,Matches
158,Daniel Crowley,eng ENG,"MF,FW",Birmingham City,21,1997,27.8,46,28,18,22,6,15,56,41,33,2,31,8,54,18,0,Matches
159,Alessio da Cruz,cv CPV,"FW,MF",Sheffield Weds,22,1997,7.6,7,5,1,3,3,3,7,4,5,0,5,4,11,7,0,Matches
160,Josh Cullen,ie IRL,MF,Charlton Ath,23,1996,33.6,67,30,32,34,1,24,50,26,32,15,17,45,112,49,0,Matches
161,Liam Cullen,wls WAL,"FW,DF",Swansea City,20,1999,0.5,1,1,0,1,0,0,0,0,0,0,0,0,1,1,0,Matches
162,Greg Cunningham,ie IRL,DF,Blackburn,28,1991,7.2,16,12,10,4,2,8,12,4,8,5,3,9,25,13,1,Matches
163,Bradley Dack,eng ENG,MF,Blackburn,25,1993,20.8,27,19,8,12,7,6,22,16,14,3,11,6,33,10,0,Matches
164,Stuart Dallas,nir NIR,"DF,MF",Leeds United,28,1991,43.7,97,62,53,37,7,48,84,36,43,15,28,42,139,61,0,Matches
165,Henrik Dalsgaard,dk DEN,DF,Brentford,30,1989,42.0,72,47,51,18,3,43,80,37,30,10,20,49,121,116,2,Matches
166,Matty Daly,eng ENG,"FW,MF",Huddersfield,18,2001,0.6,0,0,0,0,0,0,1,1,1,0,1,0,0,0,0,Matches
167,Donervon Daniels,ms MSR,DF,Luton Town,25,1993,2.1,8,3,3,5,0,5,9,4,2,1,1,3,11,9,0,Matches
168,Jay Dasilva,wls WAL,DF,Bristol City,21,1998,21.8,55,29,27,22,6,23,45,22,17,6,11,25,80,42,1,Matches
169,Josh Dasilva,eng ENG,MF,Brentford,20,1998,33.1,36,23,14,19,3,10,31,21,25,5,20,16,52,34,2,Matches
170,Jacob Davenport,eng ENG,"MF,FW",Blackburn,20,1998,1.8,1,1,1,0,0,0,4,4,4,0,4,3,4,2,0,Matches
171,Adam Davies,wls WAL,GK,Stoke City,27,1992,4.0,1,1,1,0,0,1,1,0,0,0,0,0,1,1,0,Matches
172,Ben Davies,eng ENG,DF,Preston,23,1995,35.3,31,17,23,8,0,12,17,5,42,34,8,30,61,168,4,Matches
173,Curtis Davies,sl SLE,DF,Derby County,34,1985,26.2,42,33,27,15,0,25,44,19,27,23,4,56,98,140,1,Matches
174,David Davis,eng ENG,MF,Charlton Ath,28,1991,5.0,10,6,4,5,1,1,6,5,3,0,3,7,17,8,0,Matches
175,David Davis,eng ENG,MF,Birmingham City,28,1991,12.8,35,22,16,17,2,9,35,26,6,1,5,10,45,14,0,Matches
Rk,Player,Nation,Pos,Squad,Age,Born,90s,Tkl,TklW,Def 3rd,Mid 3rd,Att 3rd,Tkl,Att,Lost,Blocks,Sh,Pass,Int,Tkl+Int,Clr,Err,Matches
176,Leif Davis,eng ENG,"DF,FW",Leeds United,19,2000,0.2,2,2,1,1,0,2,2,0,0,0,0,0,2,2,0,Matches
177,Josh Davison,eng ENG,FW,Charlton Ath,19,1999,4.4,4,2,0,1,3,1,6,5,1,1,0,1,5,1,0,Matches
178,Cameron Dawson,eng ENG,GK,Sheffield Weds,24,1995,23.1,0,0,0,0,0,0,2,2,0,0,0,1,1,3,2,Matches
179,Michael Dawson,eng ENG,DF,Nott'ham Forest,35,1983,15.6,6,4,5,1,0,1,6,5,14,14,0,11,17,91,0,Matches
180,Joe Day,eng ENG,GK,Cardiff City,28,1990,0.4,0,0,0,0,0,0,0,0,0,0,0,0,0,0,0,Matches
181,Jón Daði Böðvarsson,is ISL,"FW,MF",Millwall,27,1992,15.3,22,15,4,12,6,7,14,7,8,3,5,7,29,17,0,Matches
182,Bobby De Cordova-Reid,jm JAM,MF,Cardiff City,26,1993,1.0,0,0,0,0,0,0,0,0,1,1,0,0,0,0,0,Matches
183,Bobby De Cordova-Reid,jm JAM,"FW,MF",Fulham,26,1993,31.6,52,31,18,26,8,13,39,26,23,4,19,14,66,17,1,Matches
184,Harlee Dean,eng ENG,DF,Birmingham City,28,1991,35.0,34,20,24,7,3,10,19,9,31,21,10,62,96,190,1,Matches
185,Ben Dempsey,eng ENG,MF,Charlton Ath,19,1999,2.9,4,1,1,3,0,2,7,5,7,1,6,1,5,0,0,Matches
186,Mike van der Hoorn,nl NED,DF,Swansea City,26,1992,25.4,22,16,14,8,0,11,22,11,21,16,5,23,45,111,0,Matches
187,Halil Dervişoğlu,tr TUR,"FW,MF",Brentford,19,1999,0.5,1,0,0,0,1,1,1,0,2,0,2,2,3,0,0,Matches
188,Yan Dhanda,eng ENG,"MF,FW",Swansea City,20,1998,8.8,5,1,0,4,1,1,5,4,2,0,2,3,8,2,0,Matches
189,Bambo Diaby,sn SEN,DF,Barnsley,21,1997,20.7,33,22,24,9,0,16,20,4,27,18,9,30,63,97,1,Matches
190,Adama Diakhaby,fr FRA,"FW,MF",Nott'ham Forest,23,1996,4.0,7,6,4,3,0,3,9,6,1,0,1,1,8,5,0,Matches
191,Adama Diakhaby,fr FRA,FW,Huddersfield,23,1996,9.6,16,12,8,5,3,8,17,9,12,1,11,3,19,3,0,Matches
192,Grady Diangana,cd COD,FW,West Brom,21,1998,20.6,28,19,16,12,0,10,27,17,34,1,33,7,35,6,0,Matches
193,Nouha Dicko,ml MLI,FW,Hull City,27,1992,1.0,2,0,0,0,2,1,1,0,0,0,0,0,2,0,0,Matches
194,Famara Diedhiou,sn SEN,FW,Bristol City,26,1992,32.1,34,15,8,18,8,13,37,24,28,7,21,13,47,69,0,Matches
195,Anfernee Dijksteel,sr SUR,DF,Charlton Ath,22,1996,1.0,2,1,1,1,0,2,4,2,3,1,2,1,3,5,0,Matches
196,Anfernee Dijksteel,sr SUR,DF,Middlesbrough,22,1996,11.6,23,15,13,9,1,9,17,8,12,7,5,10,33,21,0,Matches
197,Mihai Dobre,ro ROU,"FW,DF",Wigan Athletic,20,1998,0.1,0,0,0,0,0,0,0,0,0,0,0,0,0,1,0,Matches
198,Kenneth Dougall,au AUS,MF,Barnsley,26,1993,9.4,29,17,10,18,1,10,29,19,9,3,6,16,45,17,0,Matches
199,Alfie Doughty,eng ENG,"DF,MF",Charlton Ath,19,1999,21.9,36,22,18,14,4,11,40,29,30,3,27,31,67,37,0,Matches
200,Barry Douglas,sct SCO,DF,Leeds United,29,1989,7.2,12,6,7,2,3,7,13,6,9,2,7,9,21,9,0,Matches
Rk,Player,Nation,Pos,Squad,Age,Born,90s,Tkl,TklW,Def 3rd,Mid 3rd,Att 3rd,Tkl,Att,Lost,Blocks,Sh,Pass,Int,Tkl+Int,Clr,Err,Matches
201,Kieran Dowell,eng ENG,MF,Derby County,21,1997,7.8,12,9,4,5,3,1,10,9,6,0,6,3,15,1,0,Matches
202,Kieran Dowell,eng ENG,"MF,FW",Wigan Athletic,21,1997,10.0,15,8,4,9,2,6,25,19,13,0,13,6,21,2,0,Matches
203,Stewart Downing,eng ENG,"MF,FW",Blackburn,35,1984,37.8,25,13,14,10,1,13,38,25,21,6,15,34,59,36,0,Matches
204,Mark Duffy,eng ENG,"MF,FW",Stoke City,33,1985,1.9,4,2,1,3,0,1,1,0,3,0,3,2,6,0,0,Matches
205,Demeaco Duhaney,eng ENG,DF,Huddersfield,20,1998,3.9,5,2,2,1,2,2,2,0,2,0,2,2,7,4,0,Matches
206,Chey Dunkley,eng ENG,DF,Wigan Athletic,27,1992,22.3,18,12,14,4,0,6,10,4,29,24,5,20,38,102,1,Matches
207,Nathan Dyer,eng ENG,FW,Swansea City,31,1987,6.0,5,4,3,2,0,3,11,8,8,0,8,4,9,4,0,Matches
208,Tom Eaves,eng ENG,FW,Hull City,27,1992,23.6,28,17,4,10,14,6,16,10,14,4,10,0,28,14,0,Matches
209,Rarmani Edmonds-Green,eng ENG,DF,Huddersfield,20,1999,1.0,3,2,3,0,0,3,3,0,0,0,0,1,4,1,0,Matches
210,Kyle Edwards,eng ENG,FW,West Brom,21,1998,10.3,11,6,6,1,4,3,10,7,9,0,9,7,18,5,0,Matches
211,Tom Edwards,eng ENG,DF,Stoke City,20,1999,12.5,16,10,8,6,2,7,12,5,9,3,6,17,33,35,1,Matches
212,Ovie Ejaria,eng ENG,"MF,FW",Reading,21,1997,34.5,50,25,15,29,6,10,39,29,30,5,25,52,102,31,1,Matches
213,Callum Elder,au AUS,DF,Hull City,24,1995,27.8,55,38,33,12,10,26,43,17,27,8,19,22,77,93,1,Matches
214,Niclas Eliasson,se SWE,"MF,FW",Bristol City,23,1995,22.2,56,25,27,20,9,20,38,18,21,1,20,16,72,14,0,Matches
215,Tommy Elphick,eng ENG,DF,Huddersfield,31,1987,13.2,7,5,5,2,0,4,8,4,13,13,0,26,33,55,2,Matches
216,Bright Enobakhare,ng NGA,"MF,FW",Wigan Athletic,21,1998,0.6,1,1,0,1,0,0,0,0,1,0,1,1,2,0,0,Matches
217,Oghenekaro Etebo,ng NGA,MF,Stoke City,23,1995,7.9,18,8,9,8,1,7,14,7,10,2,8,10,28,8,1,Matches
218,Neil Etheridge,ph PHI,GK,Cardiff City,29,1990,15.6,0,0,0,0,0,0,0,0,0,0,0,1,1,5,2,Matches
219,Corry Evans,nir NIR,MF,Blackburn,29,1990,9.6,21,11,4,14,3,6,23,17,9,2,7,13,34,22,0,Matches
220,George Evans,eng ENG,"MF,DF",Derby County,24,1994,12.5,14,6,6,8,0,5,14,9,15,9,6,11,25,21,0,Matches
221,Lee Evans,wls WAL,MF,Wigan Athletic,25,1994,19.7,34,20,12,18,4,16,34,18,11,5,6,13,47,20,0,Matches
222,Eberechi Eze,eng ENG,"MF,FW",QPR,21,1998,45.1,54,32,15,30,9,24,56,32,32,1,31,24,78,11,0,Matches
223,Adam Federici,au AUS,GK,Stoke City,34,1985,7.0,0,0,0,0,0,0,0,0,0,0,0,0,0,1,0,Matches
224,Nathan Ferguson,eng ENG,DF,West Brom,18,2000,19.4,50,35,27,19,4,21,37,16,19,4,15,19,69,47,0,Matches
225,Shane Ferguson,nir NIR,"MF,DF",Millwall,28,1991,19.1,17,10,8,8,1,5,11,6,19,3,16,12,29,25,0,Matches
Rk,Player,Nation,Pos,Squad,Age,Born,90s,Tkl,TklW,Def 3rd,Mid 3rd,Att 3rd,Tkl,Att,Lost,Blocks,Sh,Pass,Int,Tkl+Int,Clr,Err,Matches
226,Miguel Fernández,es ESP,MF,Birmingham City,18,2000,0.0,0,0,0,0,0,0,0,0,0,0,0,0,0,0,0,Matches
227,Sam Field,eng ENG,MF,Charlton Ath,21,1998,8.7,22,18,7,13,2,4,19,15,14,5,9,27,49,22,0,Matches
228,Frank Fielding,eng ENG,GK,Millwall,31,1988,0.5,0,0,0,0,0,0,0,0,0,0,0,0,0,0,0,Matches
229,Tobias Figueiredo,pt POR,DF,Nott'ham Forest,25,1994,29.4,16,10,14,1,1,8,16,8,30,25,5,26,42,185,0,Matches
230,Darnell Fisher,eng ENG,DF,Preston,25,1994,25.4,68,40,43,23,2,29,44,15,27,7,20,34,102,68,0,Matches
231,Brandon Fleming,eng ENG,DF,Hull City,19,1999,4.0,14,12,11,2,1,6,13,7,3,0,3,6,20,30,0,Matches
232,Ashley Fletcher,eng ENG,FW,Middlesbrough,23,1995,36.0,34,23,16,9,9,13,33,20,29,2,27,9,43,28,1,Matches
233,Steven Fletcher,sct SCO,FW,Sheffield Weds,32,1987,22.4,15,11,4,9,2,3,18,15,17,4,13,9,24,30,0,Matches
234,Aden Flint,eng ENG,DF,Cardiff City,30,1989,25.4,20,11,16,4,0,10,27,17,39,28,11,22,42,127,1,Matches
235,Fernando Forestieri,it ITA,"FW,MF",Sheffield Weds,29,1990,9.2,24,18,9,7,8,8,10,2,6,1,5,4,28,4,0,Matches
236,Adam Forshaw,eng ENG,MF,Leeds United,27,1991,6.5,8,5,3,3,2,1,17,16,3,0,3,1,9,9,0,Matches
237,Marcus Forss,fi FIN,FW,Brentford,20,1999,0.4,0,0,0,0,0,0,0,0,1,0,1,0,0,1,0,Matches
238,Jake Forster-Caskey,eng ENG,"MF,DF",Charlton Ath,25,1994,6.5,11,8,6,5,0,2,8,6,7,2,5,8,19,15,0,Matches
239,Craig Forsyth,sct SCO,DF,Derby County,30,1989,19.4,33,15,21,10,2,10,21,11,16,8,8,31,64,84,2,Matches
240,Tariqe Fosu,gh GHA,"FW,DF",Brentford,23,1995,2.9,8,3,6,2,0,5,9,4,4,0,4,1,9,1,0,Matches
241,Danny Fox,sct SCO,DF,Wigan Athletic,33,1986,8.9,11,9,11,0,0,4,6,2,9,6,3,8,19,39,0,Matches
242,Morgan Fox,wls WAL,DF,Sheffield Weds,25,1993,23.6,55,37,29,22,4,11,27,16,26,12,14,35,90,66,0,Matches
243,George Friend,eng ENG,DF,Middlesbrough,31,1987,13.6,23,13,12,11,0,9,19,10,16,7,9,26,49,45,0,Matches
244,Dael Fry,eng ENG,DF,Middlesbrough,21,1997,35.4,33,28,24,8,1,14,29,15,29,25,4,35,68,192,0,Matches
245,Jay Fulton,sct SCO,MF,Swansea City,25,1994,27.1,77,41,28,37,12,20,50,30,39,17,22,44,121,39,0,Matches
246,Darnell Furlong,eng ENG,DF,West Brom,23,1995,25.0,31,23,16,11,4,15,27,12,18,7,11,24,55,70,0,Matches
247,Conor Gallagher,eng ENG,"MF,FW",Charlton Ath,19,2000,24.6,52,24,18,28,6,26,75,49,28,4,24,24,76,24,0,Matches
248,Conor Gallagher,eng ENG,MF,Swansea City,19,2000,18.5,30,14,8,14,8,10,41,31,20,3,17,17,47,9,0,Matches
249,Paul Gallagher,sct SCO,MF,Preston,34,1984,21.5,48,26,29,18,1,18,60,42,26,3,23,30,78,25,0,Matches
250,Sam Gallagher,eng ENG,FW,Blackburn,23,1995,27.8,31,21,11,13,7,14,38,24,25,4,21,9,40,41,0,Matches
Rk,Player,Nation,Pos,Squad,Age,Born,90s,Tkl,TklW,Def 3rd,Mid 3rd,Att 3rd,Tkl,Att,Lost,Blocks,Sh,Pass,Int,Tkl+Int,Clr,Err,Matches
251,Brendan Galloway,zw ZIM,"DF,MF",Luton Town,23,1996,0.9,2,2,0,1,1,0,0,0,0,0,0,1,3,1,0,Matches
252,Gary Gardner,eng ENG,MF,Birmingham City,27,1992,27.8,49,33,18,25,6,22,37,15,29,9,20,31,80,49,0,Matches
253,Joe Garner,eng ENG,FW,Wigan Athletic,31,1988,9.8,9,6,1,5,3,1,6,5,9,4,5,1,10,10,0,Matches
254,Jordan Garrick,eng ENG,"FW,MF",Swansea City,21,1998,3.1,8,4,4,2,2,2,8,6,5,1,4,0,8,3,0,Matches
255,Joe Gelhardt,eng ENG,"MF,FW",Wigan Athletic,17,2002,4.7,0,0,0,0,0,0,6,6,2,0,2,0,0,0,0,Matches
256,Rudy Gestede,bj BEN,FW,Middlesbrough,30,1988,6.6,3,1,0,2,1,0,2,2,5,3,2,1,4,13,0,Matches
257,Kieran Gibbs,eng ENG,DF,West Brom,29,1989,10.9,15,9,9,5,1,3,15,12,12,4,8,16,31,19,0,Matches
258,Álvaro Giménez,es ESP,FW,Birmingham City,28,1991,13.3,16,11,3,4,9,1,10,9,9,0,9,6,22,6,0,Matches
259,Josh Ginnelly,eng ENG,FW,Preston,22,1997,0.1,0,0,0,0,0,0,0,0,0,0,0,0,0,0,0,Matches
260,Robert Glatzel,de GER,FW,Cardiff City,25,1994,20.2,19,14,8,6,5,5,23,18,11,2,9,2,21,16,0,Matches
261,Nico Gordon,ms MSR,"DF,MF",Birmingham City,17,2002,0.8,5,2,1,4,0,2,2,0,1,1,0,2,7,2,0,Matches
262,Jon Gorenc Stanković,si SVN,DF,Huddersfield,23,1996,14.6,9,4,6,3,0,3,10,7,10,9,1,18,27,60,0,Matches
263,Robbie Gotts,eng ENG,MF,Leeds United,19,1999,0.1,1,1,0,0,1,0,0,0,0,0,0,0,1,0,0,Matches
264,Kamil Grabara,pl POL,GK,Huddersfield,20,1999,27.9,0,0,0,0,0,0,1,1,0,0,0,0,0,19,5,Matches
265,Lewis Grabban,eng ENG,FW,Nott'ham Forest,31,1988,43.5,10,5,1,1,8,3,20,17,8,0,8,5,15,39,0,Matches
266,Danny Graham,eng ENG,FW,Blackburn,33,1985,16.6,5,4,0,4,1,1,5,4,5,1,4,1,6,16,0,Matches
267,Karlan Grant,eng ENG,FW,Huddersfield,21,1997,41.1,18,12,8,6,4,4,23,19,16,0,16,19,37,24,0,Matches
268,André Green,eng ENG,"FW,MF",Preston,21,1998,1.0,1,1,0,1,0,1,2,1,1,0,1,0,1,0,0,Matches
269,André Green,eng ENG,"FW,MF",Charlton Ath,21,1998,8.4,3,2,1,1,1,1,1,0,7,1,6,1,4,2,0,Matches
270,Jordan Green,eng ENG,DF,Barnsley,24,1995,0.6,3,3,3,0,0,3,3,0,1,0,1,1,4,1,0,Matches
271,Lee Gregory,eng ENG,FW,Stoke City,30,1988,23.1,15,10,2,12,1,4,19,15,18,1,17,7,22,19,0,Matches
272,Matt Grimes,eng ENG,MF,Swansea City,24,1995,46.0,130,76,53,64,13,53,103,50,59,23,36,71,201,64,3,Matches
273,Kamil Grosicki,pl POL,FW,West Brom,31,1988,5.5,8,3,5,3,0,5,10,5,2,0,2,1,9,2,0,Matches
274,Kamil Grosicki,pl POL,"MF,FW",Hull City,31,1988,26.3,11,6,5,4,2,6,20,14,8,1,7,15,26,6,0,Matches
275,Joe Gubbins,eng ENG,DF,QPR,17,2001,0.0,0,0,0,0,0,0,0,0,0,0,0,0,0,0,0,Matches
Rk,Player,Nation,Pos,Squad,Age,Born,90s,Tkl,TklW,Def 3rd,Mid 3rd,Att 3rd,Tkl,Att,Lost,Blocks,Sh,Pass,Int,Tkl+Int,Clr,Err,Matches
276,Marc Guéhi,eng ENG,DF,Swansea City,19,2000,11.1,11,6,8,3,0,4,9,5,17,11,6,25,36,58,1,Matches
277,Chris Gunter,wls WAL,DF,Reading,30,1989,17.5,29,24,14,11,4,14,19,5,9,5,4,13,42,57,0,Matches
278,Florent Hadergjonaj,xk KVX,DF,Huddersfield,25,1994,15.6,26,17,16,9,1,12,27,15,11,3,8,15,41,32,0,Matches
279,Grant Hall,eng ENG,DF,QPR,27,1991,30.0,24,18,14,10,0,11,16,5,31,27,4,46,70,143,0,Matches
280,Aapo Halme,fi FIN,"DF,MF",Barnsley,21,1998,25.5,46,28,20,23,3,20,43,23,31,11,20,40,86,110,1,Matches
281,Ben Hamer,eng ENG,GK,Derby County,31,1987,24.8,0,0,0,0,0,0,1,1,0,0,0,2,2,11,3,Matches
282,Marco Harboe Ramkilde,dk DEN,FW,QPR,21,1998,0.4,0,0,0,0,0,0,0,0,0,0,0,1,1,0,0,Matches
283,Wes Harding,jm JAM,DF,Birmingham City,22,1996,8.4,9,5,8,1,0,6,8,2,7,3,4,18,27,38,1,Matches
284,Rekeem Harper,eng ENG,MF,West Brom,19,2000,4.2,6,5,2,3,1,1,5,4,1,0,1,1,7,2,0,Matches
285,Kian Harratt,eng ENG,FW,Huddersfield,17,2002,0.2,0,0,0,0,0,0,1,1,0,0,0,0,0,0,0,Matches
286,Kadeem Harris,eng ENG,"MF,DF",Sheffield Weds,26,1993,37.5,39,24,18,16,5,12,33,21,38,2,36,18,57,36,1,Matches
287,Jack Harrison,eng ENG,"MF,FW",Leeds United,22,1996,42.2,48,26,17,17,14,18,60,42,40,2,38,22,70,24,3,Matches
288,Josh Harrop,eng ENG,"FW,MF",Preston,23,1995,16.2,29,17,10,8,11,12,32,20,19,2,17,14,43,12,0,Matches
289,Michael Hector,jm JAM,DF,Fulham,27,1992,20.0,28,21,25,2,1,15,35,20,21,16,5,14,42,97,0,Matches
290,Jahmal Hector-Ingram,eng ENG,"MF,FW",Derby County,20,1998,0.1,0,0,0,0,0,0,0,0,0,0,0,0,0,0,0,Matches
291,Ahmed Hegazi,eg EGY,DF,West Brom,28,1991,13.6,21,14,13,8,0,7,12,5,7,7,0,15,36,72,3,Matches
292,Tomer Hemed,il ISR,FW,Charlton Ath,32,1987,8.9,9,7,4,3,2,3,9,6,8,1,7,1,10,10,0,Matches
293,Markus Henriksen,no NOR,MF,Bristol City,27,1992,3.5,6,4,5,1,0,0,5,5,4,1,3,4,10,11,1,Matches
294,Rico Henry,eng ENG,"DF,MF",Brentford,22,1997,44.8,72,53,45,24,3,27,49,22,47,13,34,48,120,122,1,Matches
295,Pablo Hernández,es ESP,MF,Leeds United,34,1985,27.7,47,30,16,25,6,20,77,57,28,2,26,21,68,10,0,Matches
296,Scott High,sct SCO,MF,Huddersfield,18,2001,0.2,1,1,0,1,0,0,0,0,0,0,0,1,2,0,0,Matches
297,Scott Hogan,ie IRL,FW,Stoke City,27,1992,4.8,0,0,0,0,0,0,1,1,4,0,4,0,0,1,0,Matches
298,Scott Hogan,ie IRL,FW,Birmingham City,27,1992,14.2,2,1,0,1,1,0,2,2,6,1,5,1,3,3,0,Matches
299,Jonathan Hogg,eng ENG,MF,Huddersfield,30,1988,33.5,79,57,26,47,6,28,78,50,42,16,26,39,118,52,1,Matches
300,Junior Hoilett,ca CAN,FW,Cardiff City,29,1990,27.5,53,36,18,24,11,17,53,36,35,4,31,27,80,29,0,Matches
Rk,Player,Nation,Pos,Squad,Age,Born,90s,Tkl,TklW,Def 3rd,Mid 3rd,Att 3rd,Tkl,Att,Lost,Blocks,Sh,Pass,Int,Tkl+Int,Clr,Err,Matches
301,Duane Holmes,us USA,"MF,FW",Derby County,24,1994,27.4,57,40,27,20,10,19,52,33,22,1,21,19,76,26,1,Matches
302,Lewis Holtby,de GER,"MF,FW",Blackburn,28,1990,14.4,35,21,10,14,11,16,32,16,15,3,12,4,39,15,0,Matches
303,George Honeyman,eng ENG,"MF,FW",Hull City,24,1994,22.9,43,25,19,20,4,10,56,46,18,3,15,14,57,11,0,Matches
304,Jonny Howson,eng ENG,"DF,MF",Middlesbrough,31,1988,40.6,83,52,56,25,2,46,84,38,40,14,26,62,145,110,2,Matches
305,Tom Huddlestone,eng ENG,MF,Derby County,32,1986,10.5,17,8,8,8,1,8,25,17,16,5,11,10,27,30,1,Matches
306,Andrew Hughes,wls WAL,DF,Preston,27,1992,27.6,33,23,19,11,3,15,31,16,20,10,10,34,67,97,0,Matches
307,Jordan Hugill,eng ENG,FW,QPR,27,1992,31.5,11,6,2,6,3,4,15,11,25,6,19,1,12,30,0,Matches
308,Alex Hunt,eng ENG,MF,Sheffield Weds,19,2000,2.1,3,2,2,1,0,1,4,3,4,0,4,3,6,0,0,Matches
309,Jack Hunt,eng ENG,DF,Bristol City,28,1990,27.7,50,33,27,19,4,21,47,26,26,13,13,34,84,74,0,Matches
310,Paul Huntington,eng ENG,DF,Preston,31,1987,8.5,6,2,5,1,0,4,5,1,10,9,1,14,20,40,0,Matches
311,Sam Hutchinson,eng ENG,"MF,DF",Sheffield Weds,29,1989,19.9,57,39,25,32,0,10,27,17,20,6,14,36,93,41,0,Matches
312,Shaun Hutchinson,eng ENG,DF,Millwall,28,1990,36.0,68,36,51,16,1,33,61,28,44,25,19,82,150,155,1,Matches
313,Danny Hylton,eng ENG,FW,Luton Town,30,1989,2.8,0,0,0,0,0,0,5,5,3,1,2,0,0,3,0,Matches
314,Tom Ince,eng ENG,"FW,MF",Stoke City,27,1992,30.0,48,27,23,17,8,11,35,24,14,4,10,30,78,14,1,Matches
315,Matt Ingram,eng ENG,GK,Hull City,25,1993,1.0,0,0,0,0,0,0,0,0,0,0,0,0,0,0,0,Matches
316,Dominic Iorfa,eng ENG,DF,Sheffield Weds,24,1995,39.1,89,60,65,19,5,37,49,12,50,20,30,52,141,166,2,Matches
317,Jackson Irvine,au AUS,"MF,FW",Hull City,26,1993,33.6,68,34,27,31,10,21,80,59,33,5,28,52,120,44,0,Matches
318,Michael Jacobs,eng ENG,"FW,MF",Wigan Athletic,27,1991,18.7,38,18,13,20,5,16,49,33,15,1,14,17,55,16,0,Matches
319,Pontus Jansson,se SWE,DF,Brentford,28,1991,33.7,22,16,18,2,2,12,23,11,28,20,8,39,61,148,1,Matches
320,Sylvester Jasper,bg BUL,FW,Fulham,17,2001,0.1,0,0,0,0,0,0,0,0,0,0,0,0,0,0,0,Matches
321,Julian Jeanvier,gn GUI,DF,Brentford,27,1992,24.5,40,28,27,11,2,24,34,10,20,14,6,30,70,93,1,Matches
322,Carl Jenkinson,eng ENG,DF,Nott'ham Forest,27,1992,6.9,10,7,6,2,2,3,8,5,3,1,2,6,16,21,1,Matches
323,Mathias Jensen,dk DEN,MF,Brentford,23,1996,27.5,30,15,15,13,2,14,44,30,22,4,18,24,54,17,0,Matches
324,Lucas João,ao ANG,"FW,MF",Reading,25,1993,13.2,14,6,3,8,3,3,7,4,11,2,9,1,15,7,0,Matches
325,Lucas João,ao ANG,FW,Sheffield Weds,25,1993,0.1,0,0,0,0,0,0,0,0,0,0,0,1,1,0,0,Matches
Rk,Player,Nation,Pos,Squad,Age,Born,90s,Tkl,TklW,Def 3rd,Mid 3rd,Att 3rd,Tkl,Att,Lost,Blocks,Sh,Pass,Int,Tkl+Int,Clr,Err,Matches
326,Stefan Johansen,no NOR,MF,Fulham,28,1991,18.8,26,11,10,10,6,5,31,26,20,4,16,12,38,9,0,Matches
327,Declan John,wls WAL,FW,Swansea City,24,1995,0.2,0,0,0,0,0,0,0,0,0,0,0,0,0,0,0,Matches
328,Bradley Johnson,eng ENG,MF,Blackburn,32,1987,25.3,54,24,21,30,3,20,53,33,32,6,26,32,86,26,2,Matches
329,Brennan Johnson,wls WAL,MF,Nott'ham Forest,18,2001,1.2,2,1,0,2,0,1,5,4,3,0,3,1,3,1,0,Matches
330,Daniel Johnson,jm JAM,MF,Preston,26,1992,30.6,54,31,19,31,4,17,44,27,23,4,19,28,82,16,0,Matches
331,Marvin Johnson,eng ENG,"DF,FW",Middlesbrough,28,1990,29.0,58,37,34,19,5,21,50,29,21,3,18,29,87,40,0,Matches
332,Sam Johnstone,eng ENG,GK,West Brom,26,1993,46.0,0,0,0,0,0,0,2,2,1,0,1,1,1,21,4,Matches
333,Jamie Jones,eng ENG,GK,Wigan Athletic,30,1989,7.0,0,0,0,0,0,0,1,1,1,0,1,0,0,2,1,Matches
334,Lloyd Jones,eng ENG,DF,Luton Town,23,1995,1.2,0,0,0,0,0,0,0,0,1,0,1,2,2,6,0,Matches
335,Florian Jozefzoon,sr SUR,"FW,DF",Derby County,28,1991,7.2,10,4,4,2,4,4,7,3,3,1,2,2,12,7,0,Matches
336,Mads Juel Andersen,dk DEN,DF,Barnsley,21,1997,36.3,48,26,35,12,1,23,45,22,35,18,17,101,149,192,4,Matches
337,Lukas Jutkiewicz,eng ENG,FW,Birmingham City,30,1989,42.7,26,16,3,15,8,5,44,39,35,7,28,12,38,76,1,Matches
338,Elias Kachunga,cd COD,"FW,MF",Huddersfield,27,1992,29.2,38,28,16,17,5,14,45,31,28,6,22,17,55,30,0,Matches
339,Osman Kakay,sl SLE,DF,QPR,21,1997,6.9,13,7,10,3,0,7,17,10,10,3,7,7,20,12,0,Matches
340,Tomáš Kalas,cz CZE,DF,Bristol City,26,1993,22.3,29,18,19,9,1,11,18,7,43,36,7,37,66,121,1,Matches
341,Aldo Kalulu,cd COD,FW,Swansea City,23,1996,5.2,9,3,3,5,1,3,15,12,1,0,1,7,16,1,0,Matches
342,Aboubakar Kamara,mr MTN,"FW,MF",Fulham,24,1995,10.2,15,8,8,4,3,5,23,18,8,0,8,2,17,12,0,Matches
343,Herbie Kane,eng ENG,MF,Hull City,20,1998,5.1,8,5,3,2,3,3,11,8,1,0,1,7,15,4,0,Matches
344,Todd Kane,eng ENG,DF,QPR,25,1993,22.7,43,27,31,10,2,22,32,10,28,5,23,22,65,53,1,Matches
345,Nikos Karelis,gr GRE,FW,Brentford,27,1992,1.0,1,1,0,0,1,0,1,1,0,0,0,0,1,0,0,Matches
346,Beram Kayal,il ISR,"MF,FW",Charlton Ath,31,1988,2.4,6,2,3,1,2,2,4,2,5,2,3,0,6,5,0,Matches
347,Neeskens Kebano,cd COD,FW,Fulham,27,1992,6.5,14,9,6,4,4,7,15,8,8,1,7,4,18,5,0,Matches
348,Liam Kelly,sct SCO,GK,QPR,23,1996,19.0,1,1,1,0,0,1,1,0,0,0,0,0,1,11,1,Matches
349,Richard Keogh,ie IRL,DF,Derby County,32,1986,8.0,13,8,11,1,1,5,9,4,15,12,3,4,17,27,1,Matches
350,Maikel Kieftenbeld,nl NED,MF,Birmingham City,29,1990,2.6,4,2,4,0,0,0,2,2,0,0,0,2,6,5,0,Matches
Rk,Player,Nation,Pos,Squad,Age,Born,90s,Tkl,TklW,Def 3rd,Mid 3rd,Att 3rd,Tkl,Att,Lost,Blocks,Sh,Pass,Int,Tkl+Int,Clr,Err,Matches
351,Andy King,wls WAL,MF,Huddersfield,30,1988,6.6,10,10,7,3,0,4,9,5,2,0,2,4,14,10,0,Matches
352,Stephen Kingsley,sct SCO,DF,Hull City,25,1994,7.0,15,8,10,3,2,9,13,4,11,8,3,5,20,28,0,Matches
353,Peter Kioso,cd COD,DF,Luton Town,20,1998,0.0,0,0,0,0,0,0,0,0,0,0,0,0,0,0,0,Matches
354,Cédric Kipré,ci CIV,DF,Wigan Athletic,22,1996,32.4,50,35,32,16,2,23,27,4,44,27,17,56,106,144,0,Matches
355,Mateusz Klich,pl POL,MF,Leeds United,29,1990,42.2,86,53,38,31,17,23,82,59,34,2,32,23,109,19,0,Matches
356,Jason Knight,ie IRL,"FW,MF",Derby County,18,2001,20.1,34,24,9,21,4,12,37,25,20,2,18,23,57,15,1,Matches
357,Anthony Knockaert,fr FRA,FW,Fulham,27,1991,31.5,32,17,12,11,9,14,47,33,19,1,18,20,52,20,2,Matches
358,Terence Kongolo,nl NED,DF,Huddersfield,25,1994,9.7,27,15,20,5,2,9,16,7,11,7,4,15,42,30,0,Matches
359,Terence Kongolo,nl NED,"DF,MF",Fulham,25,1994,0.1,0,0,0,0,0,0,0,0,0,0,0,1,1,2,0,Matches
360,Josh Koroma,sl SLE,"MF,FW",Huddersfield,20,1998,3.3,5,4,1,3,1,2,10,8,5,0,5,0,5,5,0,Matches
361,Filip Krovinović,hr CRO,MF,West Brom,23,1995,25.5,34,20,10,18,6,11,42,31,28,1,27,28,62,15,0,Matches
362,Rajiv van La Parra,nl NED,FW,Huddersfield,28,1991,2.4,6,3,2,4,0,1,4,3,3,0,3,2,8,1,0,Matches
363,Luca de la Torre,us USA,"MF,DF",Fulham,21,1998,0.1,0,0,0,0,0,0,0,0,0,0,0,0,0,0,0,Matches
364,Callum Lang,eng ENG,MF,Wigan Athletic,20,1998,0.4,0,0,0,0,0,0,0,0,0,0,0,0,0,0,0,Matches
365,George Lapslie,eng ENG,"MF,FW",Charlton Ath,21,1997,5.0,22,14,19,3,0,8,19,11,13,5,8,4,26,13,0,Matches
366,Tom Lawrence,wls WAL,"FW,MF",Derby County,25,1994,35.8,53,32,17,28,8,26,84,58,37,7,30,28,81,43,0,Matches
367,Maxime Le Marchand,fr FRA,DF,Fulham,29,1989,3.4,14,11,12,1,1,7,8,1,2,1,1,10,24,9,1,Matches
368,Joe Ledley,wls WAL,MF,Charlton Ath,32,1987,0.5,1,1,1,0,0,0,1,1,0,0,0,1,2,0,0,Matches
369,Ryan Ledson,eng ENG,MF,Preston,21,1997,7.7,17,8,4,12,1,3,15,12,11,3,8,16,33,16,0,Matches
370,Elliot Lee,eng ENG,"MF,FW",Luton Town,24,1994,6.4,16,10,7,9,0,6,17,11,5,2,3,9,25,4,0,Matches
371,Kieran Lee,eng ENG,MF,Sheffield Weds,31,1988,18.6,54,27,24,22,8,20,38,18,17,2,15,14,68,22,0,Matches
372,Tom Lees,eng ENG,DF,Sheffield Weds,28,1990,24.6,31,22,23,8,0,13,19,6,21,15,6,32,63,137,2,Matches
373,Toni Leistner,de GER,DF,QPR,28,1990,20.2,20,12,15,5,0,5,10,5,15,11,4,38,58,108,0,Matches
374,Jonathan Leko,eng ENG,"FW,MF",Charlton Ath,20,1999,16.8,17,10,8,5,4,6,18,12,13,1,12,6,23,6,0,Matches
375,Darragh Lenihan,ie IRL,DF,Blackburn,25,1994,36.7,35,20,22,12,1,14,24,10,49,31,18,40,75,168,1,Matches
Rk,Player,Nation,Pos,Squad,Age,Born,90s,Tkl,TklW,Def 3rd,Mid 3rd,Att 3rd,Tkl,Att,Lost,Blocks,Sh,Pass,Int,Tkl+Int,Clr,Err,Matches
376,Ryan Leonard,eng ENG,MF,Millwall,27,1992,12.0,33,20,13,16,4,10,22,12,14,4,10,16,49,22,0,Matches
377,Keane Lewis-Potter,eng ENG,"FW,MF",Hull City,18,2001,5.6,9,6,5,4,0,2,10,8,8,0,8,3,12,3,0,Matches
378,Eric Lichaj,us USA,DF,Hull City,30,1988,28.3,65,37,44,16,5,36,72,36,25,7,18,33,98,100,1,Matches
379,Ben Liddle,eng ENG,MF,Middlesbrough,20,1998,0.2,0,0,0,0,0,0,1,1,1,0,1,0,0,1,0,Matches
380,Liam Lindsay,sct SCO,DF,Stoke City,23,1995,17.2,30,25,11,18,1,15,23,8,15,7,8,19,49,65,3,Matches
381,Jake Livermore,eng ENG,MF,West Brom,29,1989,41.6,99,64,36,52,11,38,89,51,62,16,46,31,130,47,0,Matches
382,Danny Loader,cm CMR,"MF,FW",Reading,18,2000,1.2,1,1,1,0,0,1,1,0,0,0,0,0,1,1,1,Matches
383,Tom Lockyer,wls WAL,DF,Charlton Ath,24,1994,43.0,48,28,33,15,0,21,36,15,51,33,18,65,113,171,1,Matches
384,Joe Lolley,eng ENG,"FW,MF",Nott'ham Forest,26,1992,35.8,75,44,30,34,11,29,78,49,37,5,32,24,99,26,0,Matches
385,George Long,eng ENG,GK,Hull City,25,1993,45.0,4,2,4,0,0,3,5,2,0,0,0,2,6,27,7,Matches
386,Jonas Lössl,dk DEN,GK,Huddersfield,30,1989,15.0,0,0,0,0,0,0,1,1,0,0,0,1,1,4,1,Matches
387,Jamal Lowe,jm JAM,"FW,MF",Wigan Athletic,25,1994,38.4,67,50,22,24,21,13,51,38,37,5,32,22,89,45,0,Matches
388,Max Lowe,eng ENG,DF,Derby County,22,1997,25.4,106,60,68,31,7,32,63,31,34,9,25,47,153,63,0,Matches
389,Kazenga LuaLua,cd COD,FW,Luton Town,28,1990,16.1,16,10,6,3,7,5,14,9,5,0,5,11,27,5,0,Matches
390,Kilian Ludewig,de GER,DF,Barnsley,19,2000,14.0,46,24,32,10,4,21,50,29,28,5,23,20,66,39,0,Matches
391,Joe Lumley,eng ENG,GK,QPR,24,1995,27.0,2,2,2,0,0,2,2,0,0,0,0,0,2,12,7,Matches
392,Massimo Luongo,au AUS,MF,Sheffield Weds,26,1992,16.4,42,28,5,29,8,13,35,22,12,3,9,12,54,12,0,Matches
393,Angus MacDonald,eng ENG,DF,Hull City,26,1992,4.9,2,1,2,0,0,0,3,3,5,3,2,2,4,18,0,Matches
394,Lewis Macleod,sct SCO,MF,Wigan Athletic,25,1994,9.9,34,22,16,15,3,15,35,20,10,3,7,10,44,21,1,Matches
395,Marcus Maddison,eng ENG,"FW,MF",Hull City,25,1993,3.8,1,0,0,1,0,0,6,6,2,0,2,3,4,0,0,Matches
396,Gary Madine,eng ENG,FW,Cardiff City,28,1990,4.3,3,0,0,1,2,1,2,1,2,2,0,0,3,4,0,Matches
397,Niki Mäenpää,fi FIN,GK,Bristol City,34,1985,3.3,0,0,0,0,0,0,0,0,0,0,0,0,0,0,0,Matches
398,Josh Magennis,nir NIR,FW,Hull City,28,1990,19.0,1,1,0,0,1,0,5,5,7,4,3,2,3,13,0,Matches
399,Jacques Maghoma,cd COD,"MF,FW",Birmingham City,31,1987,9.5,21,11,6,9,6,5,13,8,7,0,7,6,27,3,0,Matches
400,Seán Maguire,ie IRL,"FW,MF",Preston,25,1994,35.0,46,25,15,20,11,12,68,56,26,2,24,11,57,11,0,Matches
Rk,Player,Nation,Pos,Squad,Age,Born,90s,Tkl,TklW,Def 3rd,Mid 3rd,Att 3rd,Tkl,Att,Lost,Blocks,Sh,Pass,Int,Tkl+Int,Clr,Err,Matches
401,Connor Mahoney,eng ENG,"MF,FW",Millwall,22,1997,16.3,17,11,6,7,4,4,19,15,17,0,17,21,38,10,0,Matches
402,Scott Malone,eng ENG,DF,Derby County,28,1991,13.1,19,13,14,4,1,6,11,5,9,2,7,16,35,31,1,Matches
403,Ryan Manning,ie IRL,DF,QPR,23,1996,41.0,84,56,57,22,5,38,68,30,36,11,25,59,143,84,1,Matches
404,Emiliano Marcondes,dk DEN,"MF,FW",Brentford,24,1995,13.9,27,14,11,14,2,6,15,9,13,2,11,11,38,11,0,Matches
405,Jack Marriott,eng ENG,FW,Derby County,24,1994,12.6,7,4,1,3,3,1,9,8,9,0,9,2,9,8,0,Matches
406,David Marshall,sct SCO,GK,Wigan Athletic,34,1985,39.0,1,0,1,0,0,1,1,0,1,0,1,2,3,27,4,Matches
407,Chris Martin,sct SCO,FW,Derby County,30,1988,23.2,13,2,2,8,3,3,8,5,15,6,9,4,17,32,0,Matches
408,Bruno Martins Indi,nl NED,DF,Stoke City,27,1992,31.0,26,16,20,5,1,8,19,11,16,9,7,36,62,71,1,Matches
409,Ayub Masika,ke KEN,"FW,MF",Reading,26,1992,0.9,4,3,1,2,1,1,2,1,0,0,0,0,4,0,0,Matches
410,Han-Noah Massengo,fr FRA,MF,Bristol City,18,2001,21.2,35,19,15,20,0,8,30,22,20,6,14,34,69,14,1,Matches
411,Gavin Massey,eng ENG,"FW,MF",Wigan Athletic,26,1992,19.2,28,18,9,14,5,10,27,17,11,3,8,13,41,19,0,Matches
412,Conor Masterson,ie IRL,DF,QPR,20,1998,10.7,7,2,5,2,0,3,3,0,13,11,2,7,14,55,0,Matches
413,Adam Matthews,wls WAL,DF,Charlton Ath,27,1992,28.0,40,23,29,10,1,22,38,16,18,7,11,23,63,76,0,Matches
414,Alfie Mawson,eng ENG,DF,Fulham,25,1994,24.4,17,14,8,8,1,7,14,7,33,25,8,23,40,96,1,Matches
415,Isaac Mbenza,be BEL,FW,Huddersfield,23,1996,2.1,5,3,1,1,3,0,0,0,0,0,0,1,6,1,0,Matches
416,Bryan Mbeumo,cm CMR,FW,Brentford,19,1999,32.6,39,25,15,19,5,10,32,22,27,0,27,10,49,14,0,Matches
417,Jason McCarthy,eng ENG,DF,Millwall,23,1995,1.0,0,0,0,0,0,0,0,0,1,0,1,2,2,1,0,Matches
418,James McClean,ie IRL,"FW,DF",Stoke City,30,1989,33.2,73,43,40,27,6,35,76,41,35,6,29,20,93,66,0,Matches
419,Garath McCleary,jm JAM,"MF,FW",Reading,32,1987,5.3,6,4,1,3,2,1,3,2,10,0,10,4,10,4,0,Matches
420,Kevin McDonald,sct SCO,MF,Fulham,30,1988,6.9,8,5,7,1,0,2,4,2,6,4,2,8,16,10,0,Matches
421,Josh McEachran,eng ENG,MF,Birmingham City,26,1993,4.4,15,10,8,7,0,5,14,9,5,1,4,2,17,7,0,Matches
422,Aiden McGeady,ie IRL,MF,Charlton Ath,33,1986,6.5,11,6,9,1,1,5,12,7,6,0,6,3,14,7,0,Matches
423,Cameron McGeehan,nir NIR,MF,Barnsley,24,1995,9.8,22,12,8,12,2,9,22,13,14,0,14,8,30,14,0,Matches
424,Tom McIntyre,sct SCO,DF,Reading,20,1998,8.6,18,8,16,1,1,5,8,3,9,8,1,13,31,56,0,Matches
425,Barrie McKay,sct SCO,"MF,FW",Swansea City,24,1994,0.9,2,1,1,0,1,2,5,3,0,0,0,1,3,1,0,Matches
Rk,Player,Nation,Pos,Squad,Age,Born,90s,Tkl,TklW,Def 3rd,Mid 3rd,Att 3rd,Tkl,Att,Lost,Blocks,Sh,Pass,Int,Tkl+Int,Clr,Err,Matches
426,Robbie McKenzie,eng ENG,DF,Hull City,20,1998,7.5,11,7,8,2,1,6,13,7,5,3,2,8,19,35,0,Matches
427,Sean McLoughlin,ie IRL,DF,Hull City,22,1996,5.6,10,7,5,5,0,7,11,4,6,5,1,10,20,36,2,Matches
428,Callum McManaman,eng ENG,"FW,MF",Luton Town,28,1991,10.2,22,14,8,12,2,7,23,16,9,0,9,6,28,8,0,Matches
429,Paddy McNair,nir NIR,"MF,DF",Middlesbrough,24,1995,36.4,53,29,20,28,5,24,68,44,18,7,11,17,70,76,0,Matches
430,Agus Medina,es ESP,DF,Birmingham City,24,1994,0.0,0,0,0,0,0,0,0,0,0,0,0,0,0,0,0,Matches
431,Yakou Méïte,ci CIV,"FW,MF",Reading,23,1996,32.0,36,21,19,12,5,8,45,37,18,1,17,14,50,34,0,Matches
432,Nathaniel Mendez-Laing,gt GUA,"FW,MF",Cardiff City,27,1992,20.1,39,24,22,9,8,8,24,16,17,2,15,21,60,15,0,Matches
433,Illan Meslier,fr FRA,GK,Leeds United,19,2000,10.0,0,0,0,0,0,0,0,0,0,0,0,2,2,4,0,Matches
434,Matt Miazga,us USA,DF,Reading,24,1995,17.8,19,11,16,2,1,11,18,7,18,14,4,11,30,91,2,Matches
435,Alex Mighten,eng ENG,"FW,MF",Nott'ham Forest,17,2002,0.6,0,0,0,0,0,0,0,0,0,0,0,0,0,1,0,Matches
436,George Miller,eng ENG,FW,Barnsley,20,1998,0.0,0,0,0,0,0,0,0,0,0,0,0,0,0,0,0,Matches
437,Rafa Mir,es ESP,FW,Nott'ham Forest,22,1997,2.4,5,1,1,3,1,3,4,1,3,0,3,0,5,0,0,Matches
438,Billy Mitchell,eng ENG,"DF,MF",Millwall,19,2000,1.5,3,0,1,1,1,2,5,3,2,0,2,0,3,1,0,Matches
439,Aleksandar Mitrović,rs SRB,FW,Fulham,24,1994,39.9,11,5,5,2,4,5,23,18,14,2,12,6,17,33,0,Matches
440,Jan Mlakar,si SVN,"FW,MF",QPR,20,1998,1.2,1,1,1,0,0,0,1,1,1,0,1,0,1,0,0,Matches
441,Jan Mlakar,si SVN,DF,Wigan Athletic,20,1998,0.2,1,1,1,0,0,0,2,2,0,0,0,0,1,0,0,Matches
442,Kamohelo Mokotjo,za RSA,MF,Brentford,28,1991,15.3,22,12,9,11,2,7,20,13,10,2,8,18,40,7,0,Matches
443,Jayson Molumby,ie IRL,MF,Millwall,19,1999,31.0,49,29,16,25,8,18,66,48,31,6,25,33,82,37,0,Matches
444,George Moncur,eng ENG,"MF,FW",Luton Town,25,1993,4.9,9,4,1,7,1,2,6,4,4,0,4,3,12,1,0,Matches
445,Jefferson Montero,ec ECU,MF,Birmingham City,29,1989,3.6,7,4,2,4,1,3,5,2,3,0,3,0,7,3,0,Matches
446,Kieffer Moore,wls WAL,FW,Wigan Athletic,26,1992,31.1,28,15,3,20,5,5,27,22,24,2,22,12,40,53,0,Matches
447,Liam Moore,jm JAM,DF,Reading,26,1993,40.4,49,35,33,16,0,27,47,20,69,50,19,33,82,182,0,Matches
448,Taylor Moore,eng ENG,DF,Bristol City,22,1997,14.4,24,15,13,10,1,9,17,8,10,8,2,37,61,46,2,Matches
449,Aaron Mooy,au AUS,MF,Huddersfield,28,1990,1.0,3,2,1,1,1,1,1,0,1,0,1,0,3,1,0,Matches
450,Albie Morgan,eng ENG,"MF,FW",Charlton Ath,19,2000,12.1,14,9,8,5,1,6,25,19,10,1,9,10,24,12,2,Matches
Rk,Player,Nation,Pos,Squad,Age,Born,90s,Tkl,TklW,Def 3rd,Mid 3rd,Att 3rd,Tkl,Att,Lost,Blocks,Sh,Pass,Int,Tkl+Int,Clr,Err,Matches
451,Michael Morrison,eng ENG,DF,Reading,31,1988,42.1,51,35,33,18,0,20,42,22,75,53,22,44,95,231,4,Matches
452,Ravel Morrison,jm JAM,MF,Middlesbrough,26,1993,2.4,6,5,2,4,0,0,2,2,3,1,2,8,14,0,0,Matches
453,Sean Morrison,eng ENG,DF,Cardiff City,28,1991,35.0,37,27,26,11,0,14,26,12,43,31,12,48,85,197,1,Matches
454,Sam Morsy,eg EGY,MF,Wigan Athletic,27,1991,43.0,89,59,35,47,7,23,76,53,64,13,51,52,141,45,1,Matches
455,Harold Moukoudi,cm CMR,"DF,MF",Middlesbrough,21,1997,8.0,14,10,9,5,0,8,11,3,4,1,3,6,20,29,0,Matches
456,Louis Moult,eng ENG,FW,Preston,27,1992,1.1,1,1,0,1,0,1,1,0,2,0,2,0,1,0,0,Matches
457,Steve Mounié,bj BEN,FW,Huddersfield,24,1994,15.8,10,5,2,7,1,3,12,9,7,2,5,9,19,16,0,Matches
458,Alex Mowatt,eng ENG,MF,Barnsley,24,1995,43.5,90,59,35,47,8,33,91,58,57,12,45,42,132,43,1,Matches
459,Kerim Mrabti,se SWE,"FW,MF",Birmingham City,25,1994,9.7,7,6,0,6,1,0,5,5,1,0,1,4,11,3,0,Matches
460,Erwin Mulder,nl NED,GK,Swansea City,30,1989,3.0,0,0,0,0,0,0,0,0,0,0,0,0,0,0,0,Matches
461,Charlie Mulgrew,sct SCO,DF,Blackburn,33,1986,2.0,1,1,1,0,0,1,1,0,2,2,0,3,4,6,0,Matches
462,Charlie Mulgrew,sct SCO,DF,Wigan Athletic,33,1986,11.7,4,3,2,2,0,1,3,2,10,7,3,13,17,59,1,Matches
463,Hayden Muller,eng ENG,DF,Millwall,17,2002,0.3,0,0,0,0,0,0,0,0,1,0,1,1,1,1,0,Matches
464,Arijanet Muric,xk KVX,GK,Nott'ham Forest,20,1998,4.0,0,0,0,0,0,0,0,0,0,0,0,0,0,5,3,Matches
465,Jacob Murphy,eng ENG,"MF,FW",Sheffield Weds,24,1995,25.5,30,22,11,12,7,14,33,19,25,1,24,12,42,17,0,Matches
466,Josh Murphy,eng ENG,FW,Cardiff City,24,1995,16.1,25,13,16,7,2,11,34,23,24,0,24,11,36,12,0,Matches
467,Ádám Nagy,hu HUN,MF,Bristol City,24,1995,16.5,31,19,17,13,1,16,35,19,11,0,11,28,59,15,0,Matches
468,Kal Naismith,sct SCO,"DF,FW",Wigan Athletic,27,1992,24.8,49,33,35,10,4,29,44,15,31,11,20,33,82,87,1,Matches
469,Kyle Naughton,eng ENG,DF,Swansea City,30,1988,27.6,45,28,20,23,2,20,39,19,27,9,18,43,88,91,0,Matches
470,Badou Ndiaye,sn SEN,MF,Stoke City,28,1990,9.8,39,29,17,20,2,10,28,18,16,7,9,20,59,12,0,Matches
471,Curtis Nelson,eng ENG,DF,Cardiff City,26,1993,32.2,18,13,7,10,1,3,10,7,54,47,7,37,55,167,2,Matches
472,Julien Ngoy,be BEL,FW,Stoke City,21,1997,0.1,0,0,0,0,0,0,0,0,0,0,0,0,0,0,0,Matches
473,Eddie Nketiah,eng ENG,FW,Leeds United,20,1999,5.7,6,3,1,5,0,1,3,2,3,0,3,1,7,5,0,Matches
474,Lukas Nmecha,de GER,"FW,MF",Middlesbrough,20,1998,5.2,7,6,0,3,4,1,3,2,4,0,4,6,13,3,0,Matches
475,Andrija Novakovich,us USA,MF,Reading,22,1996,0.1,0,0,0,0,0,0,0,0,0,0,0,0,0,0,0,Matches
Rk,Player,Nation,Pos,Squad,Age,Born,90s,Tkl,TklW,Def 3rd,Mid 3rd,Att 3rd,Tkl,Att,Lost,Blocks,Sh,Pass,Int,Tkl+Int,Clr,Err,Matches
476,David Nugent,eng ENG,FW,Preston,34,1985,11.4,10,6,2,5,3,3,15,12,7,0,7,1,11,5,0,Matches
477,Atdhe Nuhiu,xk KVX,FW,Sheffield Weds,30,1989,16.7,26,18,6,10,10,3,24,21,13,1,12,3,29,11,0,Matches
478,Ryan Nyambe,na NAM,DF,Blackburn,21,1997,29.0,40,25,24,14,2,15,26,11,36,13,23,42,82,62,2,Matches
479,Christian Nørgaard,dk DEN,MF,Brentford,25,1994,38.5,109,73,44,57,8,42,95,53,49,14,35,72,181,56,1,Matches
480,Aiden O'Brien,ie IRL,"FW,MF",Millwall,25,1993,7.4,14,8,6,5,3,6,18,12,2,1,1,9,23,10,0,Matches
481,Lewis O'Brien,eng ENG,MF,Huddersfield,20,1998,35.6,121,69,33,73,15,30,101,71,64,13,51,45,166,41,0,Matches
482,Callum O'Dowda,ie IRL,"MF,FW",Bristol City,24,1995,18.0,31,19,11,15,5,10,32,22,19,2,17,19,50,26,1,Matches
483,Tyrone O'Neill,eng ENG,FW,Middlesbrough,19,1999,0.2,0,0,0,0,0,0,1,1,0,0,0,0,0,0,0,Matches
484,Matt O'Riley,dk DEN,MF,Fulham,18,2000,0.7,1,0,0,1,0,1,2,1,2,0,2,0,1,0,0,Matches
485,Dara O'Shea,ie IRL,DF,West Brom,20,1999,16.5,31,17,25,5,1,11,23,12,13,6,7,29,60,48,0,Matches
486,Tashan Oakley-Boothe,eng ENG,MF,Stoke City,19,2000,1.3,3,3,2,1,0,1,1,0,2,0,2,1,4,0,0,Matches
487,Micah Obiero,eng ENG,FW,Huddersfield,18,2001,0.5,0,0,0,0,0,0,0,0,0,0,0,0,0,1,0,Matches
488,Jordan Obita,ug UGA,"DF,MF",Reading,25,1993,15.0,18,10,10,7,1,4,9,5,16,5,11,5,23,25,0,Matches
489,Denis Odoi,gh GHA,DF,Fulham,31,1988,28.9,40,24,25,10,5,18,36,18,33,16,17,34,74,100,0,Matches
490,Moses Odubajo,eng ENG,DF,Sheffield Weds,26,1993,18.9,47,33,31,14,2,19,39,20,9,1,8,19,66,25,1,Matches
491,Clarke Oduor,ke KEN,DF,Barnsley,20,1999,10.5,28,19,19,8,1,6,19,13,13,4,9,16,44,35,0,Matches
492,Jaakko Oksanen,fi FIN,MF,Brentford,18,2000,0.0,0,0,0,0,0,0,0,0,0,0,0,0,0,0,0,Matches
493,Michael Olise,fr FRA,"MF,FW",Reading,17,2001,12.6,20,14,7,12,1,6,20,14,14,0,14,12,32,11,0,Matches
494,Josh Onomah,eng ENG,MF,Fulham,22,1997,19.9,64,36,28,24,12,28,61,33,36,10,26,16,80,10,0,Matches
495,Bright Osayi-Samuel,ng NGA,"FW,MF",QPR,21,1997,32.9,32,19,10,15,7,11,27,16,18,0,18,14,46,9,0,Matches
496,Deji Oshilaja,eng ENG,"DF,MF",Charlton Ath,26,1993,17.6,28,17,17,9,2,9,15,6,23,15,8,16,44,55,1,Matches
497,Gabriel Osho,ng NGA,DF,Reading,20,1998,3.9,6,4,5,0,1,3,6,3,4,1,3,1,7,7,0,Matches
498,Aramide Oteh,eng ENG,"FW,MF",QPR,20,1998,2.1,5,1,2,2,1,1,3,2,1,0,1,1,6,2,0,Matches
499,Erhun Oztumer,,MF,Charlton Ath,28,1991,8.8,8,5,4,4,0,3,8,5,4,0,4,7,15,4,0,Matches
500,Marlon Pack,eng ENG,MF,Cardiff City,28,1991,31.6,53,38,24,26,3,18,40,22,24,14,10,32,85,59,0,Matches
Rk,Player,Nation,Pos,Squad,Age,Born,90s,Tkl,TklW,Def 3rd,Mid 3rd,Att 3rd,Tkl,Att,Lost,Blocks,Sh,Pass,Int,Tkl+Int,Clr,Err,Matches
501,Marlon Pack,eng ENG,MF,Bristol City,28,1991,1.0,1,0,0,1,0,1,1,0,2,0,2,3,4,2,0,Matches
502,Kasey Palmer,jm JAM,"MF,FW",Bristol City,22,1996,11.8,38,23,16,21,1,10,38,28,15,1,14,9,47,4,1,Matches
503,Liam Palmer,sct SCO,DF,Sheffield Weds,27,1991,31.9,53,37,34,16,3,28,44,16,32,9,23,53,106,70,1,Matches
504,Romal Palmer,eng ENG,MF,Barnsley,19,1999,1.9,3,1,0,3,0,1,3,2,2,0,2,4,7,1,0,Matches
505,Callum Paterson,sct SCO,"FW,MF",Cardiff City,24,1994,19.9,16,12,4,7,5,2,16,14,9,1,8,3,19,9,0,Matches
506,Jamie Paterson,eng ENG,"MF,FW",Derby County,27,1991,5.5,8,5,3,4,1,3,8,5,8,1,7,6,14,5,0,Matches
507,Jamie Paterson,eng ENG,MF,Bristol City,27,1991,15.1,38,18,16,16,6,13,33,20,14,4,10,17,55,13,0,Matches
508,Alex Pearce,ie IRL,DF,Millwall,30,1988,26.2,11,5,8,3,0,3,12,9,23,20,3,27,38,131,0,Matches
509,Jason Pearce,eng ENG,DF,Charlton Ath,31,1987,34.7,24,18,17,7,0,7,12,5,46,39,7,28,52,151,2,Matches
510,Tom Pearce,eng ENG,DF,Wigan Athletic,21,1998,4.0,8,5,7,1,0,5,10,5,3,1,2,5,13,8,0,Matches
511,Aynsley Pears,eng ENG,GK,Middlesbrough,21,1998,24.0,0,0,0,0,0,0,0,0,1,0,1,2,2,6,0,Matches
512,Ben Pearson,eng ENG,MF,Preston,24,1995,37.0,66,46,29,34,3,26,57,31,27,2,25,51,117,57,0,Matches
513,Matty Pearson,eng ENG,DF,Luton Town,25,1993,40.7,51,37,32,16,3,22,46,24,63,45,18,48,99,188,3,Matches
514,Kristian Pedersen,dk DEN,DF,Birmingham City,24,1994,44.0,109,74,67,33,9,40,67,27,59,20,39,74,183,126,1,Matches
515,Pelé,gw GNB,MF,Reading,27,1991,24.1,50,32,21,26,3,22,47,25,28,11,17,21,71,53,0,Matches
516,Lee Peltier,eng ENG,DF,Cardiff City,32,1986,24.0,35,23,21,13,1,11,17,6,22,14,8,30,65,84,1,Matches
517,Joey Pelupessy,id IDN,MF,Sheffield Weds,26,1993,10.4,31,23,16,12,3,13,24,11,10,4,6,17,48,12,0,Matches
518,Matthew Pennington,eng ENG,DF,Hull City,24,1994,12.3,15,13,8,5,2,6,16,10,17,13,4,30,45,49,1,Matches
519,Matheus Pereira,br BRA,"MF,FW",West Brom,23,1996,37.4,42,29,15,17,10,13,63,50,34,4,30,27,69,17,0,Matches
520,Pedro Pereira,pt POR,DF,Bristol City,21,1998,13.9,41,24,24,16,1,24,36,12,14,6,8,18,59,50,0,Matches
521,Kristoffer Peterson,se SWE,FW,Swansea City,24,1994,3.9,2,0,0,2,0,1,8,7,8,1,7,1,3,1,1,Matches
522,Dillon Phillips,eng ENG,GK,Charlton Ath,24,1995,46.0,1,0,1,0,0,1,1,0,0,0,0,0,1,20,0,Matches
523,Kalvin Phillips,eng ENG,MF,Leeds United,23,1995,36.1,98,61,44,45,9,31,84,53,44,12,32,51,149,59,1,Matches
524,Matt Phillips,sct SCO,FW,West Brom,28,1991,26.9,33,24,12,15,6,12,35,23,37,3,34,11,44,14,0,Matches
525,Anthony Pilkington,ie IRL,"FW,MF",Wigan Athletic,31,1988,8.1,14,10,6,8,0,7,16,9,10,2,8,5,19,6,0,Matches
Rk,Player,Nation,Pos,Squad,Age,Born,90s,Tkl,TklW,Def 3rd,Mid 3rd,Att 3rd,Tkl,Att,Lost,Blocks,Sh,Pass,Int,Tkl+Int,Clr,Err,Matches
526,Daniel Pinillos,es ESP,DF,Barnsley,26,1992,1.7,6,4,3,2,1,2,3,1,3,1,2,6,12,4,0,Matches
527,Ethan Pinnock,jm JAM,DF,Brentford,26,1993,33.8,48,29,32,15,1,18,28,10,33,22,11,49,97,184,3,Matches
528,Brad Potts,eng ENG,"FW,MF",Preston,25,1994,15.1,25,16,4,16,5,8,24,16,24,3,21,7,32,12,0,Matches
529,Dan Potts,eng ENG,DF,Luton Town,25,1994,30.4,43,23,21,19,3,13,26,13,43,22,21,36,79,124,1,Matches
530,Ian Poveda,eng ENG,"MF,FW",Leeds United,19,2000,1.4,2,0,0,1,1,1,1,0,3,0,3,0,2,0,0,Matches
531,Nick Powell,eng ENG,"MF,FW",Stoke City,25,1994,20.8,57,34,21,25,11,13,48,35,34,2,32,28,85,24,0,Matches
532,Darren Pratley,jm JAM,"MF,DF",Charlton Ath,34,1985,31.2,62,40,24,32,6,28,52,24,37,11,26,69,131,77,0,Matches
533,Alex Pritchard,eng ENG,"MF,FW",Huddersfield,26,1993,10.7,16,12,6,7,3,3,16,13,5,1,4,7,23,3,0,Matches
534,Marc Pugh,eng ENG,"FW,MF",QPR,32,1987,13.0,13,7,5,7,1,2,19,17,10,2,8,11,24,15,1,Matches
535,Ben Purrington,eng ENG,DF,Charlton Ath,23,1996,23.7,45,26,26,17,2,24,40,16,32,14,18,33,78,63,3,Matches
536,George Pușcaș,ro ROU,FW,Reading,23,1996,28.1,6,5,2,4,0,1,10,9,6,0,6,2,8,16,0,Matches
537,Rekeil Pyke,eng ENG,MF,Huddersfield,21,1997,0.0,2,1,1,1,0,0,0,0,0,0,0,0,2,0,0,Matches
538,Collin Quaner,de GER,FW,Huddersfield,28,1991,0.8,4,4,2,2,0,1,4,3,4,1,3,0,4,0,0,Matches
539,Luka Racic,dk DEN,DF,Brentford,20,1999,2.6,2,1,2,0,0,2,6,4,1,1,0,3,5,6,0,Matches
540,Joe Rafferty,ie IRL,DF,Preston,25,1993,27.5,36,24,18,15,3,16,35,19,19,5,14,35,71,52,1,Matches
541,Joe Ralls,eng ENG,MF,Cardiff City,25,1993,24.6,59,30,26,23,10,12,32,20,23,4,19,18,77,22,0,Matches
542,Darren Randolph,ie IRL,GK,Middlesbrough,32,1987,14.0,0,0,0,0,0,0,0,0,0,0,0,0,0,4,1,Matches
543,Àngel Rangel,es ESP,DF,QPR,36,1982,18.4,30,19,13,14,3,15,23,8,12,4,8,21,51,59,0,Matches
544,Joe Rankin-Costello,eng ENG,"DF,FW",Blackburn,20,1999,7.7,12,9,4,4,4,4,15,11,6,2,4,11,23,13,0,Matches
545,David Raya,es ESP,GK,Brentford,23,1995,46.0,2,2,2,0,0,2,2,0,0,0,0,1,3,25,6,Matches
546,Glen Rea,ie IRL,MF,Luton Town,24,1994,12.5,18,13,10,7,1,4,14,10,20,13,7,36,54,42,1,Matches
547,Adam Reach,eng ENG,"MF,FW",Sheffield Weds,26,1993,26.0,40,24,19,15,6,10,47,37,15,3,12,14,54,23,0,Matches
548,Tim Ream,us USA,DF,Fulham,31,1987,43.9,36,16,28,8,0,16,19,3,42,31,11,31,67,136,4,Matches
549,Harrison Reed,eng ENG,MF,Fulham,24,1995,20.2,47,23,27,16,4,16,49,33,13,5,8,35,82,33,0,Matches
550,Jayden Reid,eng ENG,"FW,MF",Birmingham City,18,2001,0.9,0,0,0,0,0,0,0,0,0,0,0,0,0,0,0,Matches
Rk,Player,Nation,Pos,Squad,Age,Born,90s,Tkl,TklW,Def 3rd,Mid 3rd,Att 3rd,Tkl,Att,Lost,Blocks,Sh,Pass,Int,Tkl+Int,Clr,Err,Matches
551,Jordan Rhodes,sct SCO,FW,Sheffield Weds,29,1990,7.6,3,2,1,2,0,2,6,4,5,0,5,3,6,5,0,Matches
552,Yuri Ribeiro,pt POR,DF,Nott'ham Forest,22,1997,26.5,34,24,23,10,1,17,26,9,13,5,8,28,62,75,0,Matches
553,Jazz Richards,wls WAL,DF,Cardiff City,28,1991,10.5,15,11,10,4,1,6,15,9,6,5,1,16,31,28,0,Matches
554,Omar Richards,eng ENG,DF,Reading,21,1998,23.2,71,41,48,21,2,25,45,20,33,8,25,30,101,57,0,Matches
555,Andy Rinomhota,zw ZIM,MF,Reading,22,1997,28.7,67,51,30,30,7,20,54,34,25,7,18,30,97,34,1,Matches
556,Marcel Ritzmaier,at AUT,"MF,DF",Barnsley,26,1993,11.7,22,16,10,10,2,7,32,25,13,1,12,6,28,8,0,Matches
557,Connor Roberts,wls WAL,DF,Swansea City,23,1995,32.6,47,25,33,11,3,20,30,10,30,12,18,37,84,89,2,Matches
558,Gary Roberts,eng ENG,"MF,FW",Wigan Athletic,35,1984,3.3,6,3,2,4,0,4,6,2,4,0,4,1,7,3,0,Matches
559,Marc Roberts,eng ENG,DF,Birmingham City,29,1990,32.4,37,22,30,5,2,15,27,12,25,18,7,53,90,180,3,Matches
560,Patrick Roberts,eng ENG,"MF,FW",Middlesbrough,22,1997,6.8,4,2,1,0,3,1,4,3,0,0,0,1,5,1,0,Matches
561,Tyler Roberts,wls WAL,"MF,FW",Leeds United,20,1999,12.1,13,7,2,9,2,0,9,9,10,0,10,6,19,6,0,Matches
562,Antonee Robinson,us USA,DF,Wigan Athletic,21,1997,37.2,84,60,56,24,4,40,95,55,43,13,30,76,160,133,0,Matches
563,Callum Robinson,ie IRL,FW,West Brom,24,1995,9.5,11,5,6,5,0,4,15,11,5,1,4,9,20,5,0,Matches
564,Jack Robinson,eng ENG,DF,Nott'ham Forest,25,1993,16.3,44,31,31,10,3,18,33,15,29,6,23,16,60,50,0,Matches
565,Hal Robson-Kanu,wls WAL,FW,West Brom,30,1989,25.7,7,4,1,4,2,3,13,10,8,2,6,3,10,23,0,Matches
566,Marek Rodák,sk SVK,GK,Fulham,22,1996,32.2,0,0,0,0,0,0,1,1,1,0,1,0,0,10,2,Matches
567,Joe Rodon,wls WAL,DF,Swansea City,21,1997,19.9,22,14,15,7,0,14,22,8,29,22,7,33,55,114,1,Matches
568,Rodri,es ESP,FW,Bristol City,29,1990,1.7,1,0,0,1,0,0,1,1,1,0,1,0,1,0,0,Matches
569,Mads Roerslev,dk DEN,"DF,MF",Brentford,20,1999,5.5,12,6,10,2,0,7,8,1,5,2,3,5,17,12,0,Matches
570,Mahlon Romeo,ag ATG,"DF,MF",Millwall,23,1995,41.6,113,76,64,39,10,44,84,40,35,15,20,29,142,84,0,Matches
571,Wayne Rooney,eng ENG,MF,Derby County,33,1985,19.3,14,11,3,9,2,6,24,18,8,3,5,10,24,21,2,Matches
572,Kelle Roos,nl NED,GK,Derby County,27,1992,21.2,3,2,3,0,0,3,8,5,0,0,0,0,3,12,1,Matches
573,Joe Rothwell,eng ENG,"FW,MF",Blackburn,24,1995,21.1,29,19,15,10,4,11,26,15,15,1,14,24,53,4,0,Matches
574,Wayne Routledge,eng ENG,"FW,MF",Swansea City,34,1985,10.6,17,11,6,10,1,7,17,10,5,0,5,7,24,7,1,Matches
575,Aaron Rowe,eng ENG,FW,Huddersfield,18,2000,0.5,3,0,1,2,0,0,1,1,0,0,0,0,3,0,0,Matches
Rk,Player,Nation,Pos,Squad,Age,Born,90s,Tkl,TklW,Def 3rd,Mid 3rd,Att 3rd,Tkl,Att,Lost,Blocks,Sh,Pass,Int,Tkl+Int,Clr,Err,Matches
576,Tommy Rowe,eng ENG,DF,Bristol City,30,1988,24.0,31,19,13,18,0,11,36,25,27,11,16,57,88,78,2,Matches
577,Declan Rudd,eng ENG,GK,Preston,28,1991,46.0,1,1,1,0,0,0,1,1,0,0,0,0,1,14,1,Matches
578,Pelly Ruddock Mpanzu,cd COD,MF,Luton Town,26,1993,40.4,52,23,25,23,4,19,43,24,38,18,20,56,108,50,1,Matches
579,Samuel Şahin-Radlinger,at AUT,GK,Barnsley,26,1992,18.0,1,1,1,0,0,1,3,2,0,0,0,1,2,14,2,Matches
580,Brice Samba,fr FRA,GK,Nott'ham Forest,25,1994,40.0,0,0,0,0,0,0,0,0,0,0,0,1,1,18,5,Matches
581,Dominic Samuel,eng ENG,FW,Blackburn,25,1994,7.0,2,1,2,0,0,2,8,6,10,0,10,1,3,5,0,Matches
582,Martin Samuelsen,no NOR,"FW,MF",Hull City,22,1997,3.2,4,3,0,3,1,0,4,4,6,0,6,2,6,0,0,Matches
583,Dion Sanderson,eng ENG,DF,Cardiff City,19,1999,8.3,12,8,6,4,2,4,5,1,6,3,3,14,26,26,0,Matches
584,Mouhamadou-Naby Sarr,fr FRA,DF,Charlton Ath,25,1993,24.7,21,15,11,8,2,10,17,7,21,16,5,37,58,106,1,Matches
585,George Saville,nir NIR,MF,Middlesbrough,26,1993,27.7,56,33,21,31,4,16,48,32,37,17,20,36,92,56,0,Matches
586,Romaine Sawyers,kn SKN,MF,West Brom,27,1991,41.3,57,47,27,23,7,24,71,47,30,3,27,21,78,17,3,Matches
587,Christopher Schindler,de GER,DF,Huddersfield,29,1990,45.0,68,45,37,29,2,23,38,15,44,34,10,50,118,214,1,Matches
588,Patrick Schmidt,at AUT,"FW,MF",Barnsley,21,1998,4.9,1,0,0,1,0,1,4,3,2,0,2,1,2,1,0,Matches
589,Ryan Schofield,eng ENG,GK,Huddersfield,19,1999,1.0,0,0,0,0,0,0,0,0,0,0,0,0,0,0,0,Matches
590,James Scott,sct SCO,FW,Hull City,18,2000,3.1,1,0,1,0,0,1,3,2,2,1,1,0,1,1,0,Matches
591,Josh Scowen,eng ENG,MF,QPR,26,1993,9.8,29,14,15,12,2,12,27,15,16,7,9,10,39,13,0,Matches
592,Steve Seddon,eng ENG,DF,Birmingham City,21,1997,2.5,2,1,2,0,0,0,2,2,0,0,0,3,5,8,0,Matches
593,Alfa Semedo,gw GNB,MF,Nott'ham Forest,21,1997,11.2,32,18,16,13,3,13,35,22,22,4,18,11,43,19,0,Matches
594,Antoine Semenyo,gh GHA,FW,Bristol City,19,2000,3.4,3,3,0,2,1,0,5,5,2,1,1,1,4,4,0,Matches
595,Steven Sessegnon,eng ENG,DF,Fulham,19,2000,7.9,15,9,5,10,0,7,15,8,10,5,5,10,25,19,0,Matches
596,Jamie Shackleton,eng ENG,MF,Leeds United,19,1999,5.3,8,4,1,6,1,2,6,4,4,2,2,1,9,1,0,Matches
597,Liam Shaw,eng ENG,"MF,DF",Sheffield Weds,18,2001,0.8,4,3,2,1,1,0,1,1,1,0,1,1,5,2,0,Matches
598,Ryan Shawcross,eng ENG,DF,Stoke City,31,1987,3.4,4,1,4,0,0,1,1,0,3,3,0,6,10,13,0,Matches
599,James Shea,eng ENG,GK,Luton Town,28,1991,13.0,1,1,1,0,0,1,1,0,0,0,0,0,1,7,0,Matches
600,Alan Sheehan,ie IRL,"DF,MF",Luton Town,32,1986,2.5,8,4,5,3,0,1,3,2,3,2,1,1,9,8,1,Matches
Rk,Player,Nation,Pos,Squad,Age,Born,90s,Tkl,TklW,Def 3rd,Mid 3rd,Att 3rd,Tkl,Att,Lost,Blocks,Sh,Pass,Int,Tkl+Int,Clr,Err,Matches
601,Andrew Shinnie,sct SCO,MF,Luton Town,30,1989,15.0,23,14,13,7,3,9,28,19,19,5,14,9,32,10,2,Matches
602,Graeme Shinnie,sct SCO,MF,Derby County,27,1991,12.9,53,29,20,27,6,19,45,26,20,8,12,18,71,20,0,Matches
603,Olamide Shodipo,ie IRL,"FW,MF",QPR,22,1997,3.5,4,2,1,3,0,2,6,4,5,0,5,3,7,0,0,Matches
604,Ryan Shotton,eng ENG,DF,Middlesbrough,30,1988,19.3,39,21,24,13,2,20,26,6,23,20,3,28,67,85,1,Matches
605,Toby Sibbick,ug UGA,"DF,MF",Barnsley,20,1999,16.8,39,27,31,6,2,12,25,13,22,8,14,19,58,26,1,Matches
606,Louie Sibley,eng ENG,"MF,FW",Derby County,17,2001,8.1,13,6,1,9,3,3,16,13,4,1,3,2,15,4,0,Matches
607,Leonardo da Silva Lopes,pt POR,"MF,DF",Hull City,20,1998,34.1,74,49,44,25,5,26,82,56,44,10,34,56,130,64,0,Matches
608,Tiago Silva,pt POR,"MF,FW",Nott'ham Forest,26,1993,33.7,56,33,27,18,11,14,61,47,18,2,16,32,88,30,0,Matches
609,Elliot Simoes,ao ANG,"MF,FW",Barnsley,19,1999,7.0,12,6,5,5,2,3,11,8,8,0,8,5,17,5,0,Matches
610,Danny Simpson,eng ENG,DF,Huddersfield,32,1987,22.1,36,22,17,17,2,21,40,19,13,7,6,46,82,57,3,Matches
611,Scott Sinclair,eng ENG,"FW,MF",Preston,30,1989,9.9,6,5,4,2,0,3,12,9,9,1,8,2,8,2,0,Matches
612,Jiří Skalák,cz CZE,MF,Millwall,27,1992,4.0,5,3,1,2,2,1,7,6,5,1,4,4,9,3,0,Matches
613,Simon Sluga,hr CRO,GK,Luton Town,26,1993,33.0,3,2,3,0,0,3,3,0,0,0,0,0,3,25,6,Matches
614,Brad Smith,au AUS,"FW,MF",Cardiff City,25,1994,0.2,0,0,0,0,0,0,1,1,2,0,2,1,1,1,0,Matches
615,Jordan Smith,eng ENG,GK,Nott'ham Forest,24,1994,2.0,0,0,0,0,0,0,0,0,0,0,0,0,0,1,0,Matches
616,Korey Smith,eng ENG,MF,Bristol City,28,1991,18.7,32,18,17,13,2,14,30,16,18,9,9,20,52,36,0,Matches
617,Matt Smith,eng ENG,FW,Millwall,30,1989,21.5,8,7,1,5,2,1,7,6,10,3,7,1,9,40,0,Matches
618,Matthew Smith,wls WAL,MF,Charlton Ath,19,1999,0.7,0,0,0,0,0,0,0,0,0,0,0,0,0,1,0,Matches
619,Matthew Smith,wls WAL,MF,QPR,19,1999,2.2,1,1,1,0,0,0,2,2,1,0,1,5,6,2,0,Matches
620,Emile Smith Rowe,eng ENG,MF,Huddersfield,19,2000,13.1,6,3,0,5,1,2,15,13,5,0,5,11,17,3,0,Matches
621,Tommy Smith,eng ENG,DF,Stoke City,27,1992,27.9,70,45,38,25,7,38,58,20,20,2,18,36,106,64,0,Matches
622,Alex Smithies,eng ENG,GK,Cardiff City,29,1990,30.0,2,2,2,0,0,0,0,0,1,0,1,0,2,2,1,Matches
623,Michael Sollbauer,at AUT,DF,Barnsley,29,1990,17.0,37,18,20,16,1,19,30,11,11,6,5,34,71,71,1,Matches
624,Chris Solly,eng ENG,DF,Charlton Ath,28,1991,11.9,15,8,10,5,0,6,15,9,8,6,2,20,35,47,0,Matches
625,Samba Sow,ml MLI,MF,Nott'ham Forest,30,1989,18.6,84,55,37,36,11,29,65,36,36,8,28,34,118,30,1,Matches
Rk,Player,Nation,Pos,Squad,Age,Born,90s,Tkl,TklW,Def 3rd,Mid 3rd,Att 3rd,Tkl,Att,Lost,Blocks,Sh,Pass,Int,Tkl+Int,Clr,Err,Matches
626,Djed Spence,eng ENG,"DF,FW",Middlesbrough,18,2000,17.1,27,16,14,11,2,5,16,11,20,4,16,17,44,43,0,Matches
627,Jay Stansfield,eng ENG,FW,Fulham,16,2002,0.0,0,0,0,0,0,0,0,0,0,0,0,0,0,0,0,Matches
628,Richard Stearman,eng ENG,DF,Huddersfield,31,1987,16.4,5,4,2,3,0,3,8,5,21,15,6,7,12,72,1,Matches
629,Dujon Sterling,eng ENG,DF,Wigan Athletic,19,1999,6.8,10,6,5,4,1,6,9,3,8,5,3,23,33,14,0,Matches
630,Jordan Stevens,eng ENG,"MF,FW",Leeds United,19,2000,0.6,0,0,0,0,0,0,1,1,2,0,2,0,0,0,0,Matches
631,Kevin Stewart,jm JAM,MF,Hull City,25,1993,21.9,93,55,43,42,8,22,59,37,30,3,27,47,140,28,0,Matches
632,Jayden Stockley,eng ENG,FW,Preston,25,1993,12.8,4,3,0,1,3,2,4,2,1,1,0,1,5,21,0,Matches
633,Dejan Stojanović,at AUT,GK,Middlesbrough,26,1993,8.0,0,0,0,0,0,0,0,0,1,0,1,0,0,4,0,Matches
634,Jordan Storey,eng ENG,DF,Preston,21,1997,8.1,8,4,5,3,0,3,8,5,4,3,1,19,27,44,0,Matches
635,Pascal Struijk,nl NED,MF,Leeds United,19,1999,2.4,4,3,1,3,0,0,1,1,1,1,0,7,11,6,0,Matches
636,Callum Styles,hu HUN,"MF,DF",Barnsley,19,2000,7.5,22,11,10,7,5,10,23,13,15,1,14,13,35,9,0,Matches
637,Ivan Šunjić,ba BIH,MF,Birmingham City,22,1996,36.3,99,52,40,48,11,33,70,37,33,12,21,58,157,54,0,Matches
638,Sam Surridge,eng ENG,FW,Swansea City,21,1998,8.7,2,2,0,0,2,0,11,11,9,2,7,1,3,8,0,Matches
639,John Swift,eng ENG,MF,Reading,24,1995,37.5,45,36,21,19,5,14,62,48,28,9,19,44,89,35,0,Matches
640,Sammie Szmodics,ie IRL,"MF,FW",Bristol City,23,1995,1.2,1,0,0,1,0,1,3,2,2,0,2,1,2,0,0,Matches
641,Lasse Sørensen,dk DEN,MF,Stoke City,19,1999,2.0,4,3,1,3,0,4,5,1,4,0,4,1,5,3,0,Matches
642,Ryan Tafazolli,eng ENG,DF,Hull City,27,1991,9.1,8,8,5,2,1,1,3,2,11,9,2,13,21,69,0,Matches
643,Marcus Tavernier,eng ENG,"MF,FW",Middlesbrough,20,1999,28.2,83,45,34,36,13,28,56,28,15,3,12,13,96,31,1,Matches
644,Lyle Taylor,ms MSR,FW,Charlton Ath,29,1990,17.8,9,3,3,2,4,2,15,13,9,1,8,8,17,10,0,Matches
645,Matty Taylor,eng ENG,FW,Bristol City,29,1990,0.1,1,1,0,1,0,0,0,0,0,0,0,0,1,0,0,Matches
646,Mamadou Thiam,sn SEN,FW,Barnsley,24,1995,3.7,7,6,3,2,2,2,6,4,3,1,2,0,7,0,0,Matches
647,Luke Thomas,eng ENG,"MF,FW",Barnsley,20,1999,25.7,77,51,33,27,17,23,67,44,36,1,35,18,95,9,0,Matches
648,Ben Thompson,eng ENG,"MF,FW",Millwall,23,1995,20.4,33,22,9,19,5,14,40,26,21,1,20,20,53,15,0,Matches
649,Dominic Thompson,eng ENG,DF,Brentford,19,2000,0.1,1,1,0,1,0,1,1,0,1,0,1,0,1,0,0,Matches
650,Jordan Thompson,nir NIR,"MF,FW",Stoke City,22,1997,6.9,12,8,5,5,2,3,15,12,4,3,1,7,19,8,0,Matches
Rk,Player,Nation,Pos,Squad,Age,Born,90s,Tkl,TklW,Def 3rd,Mid 3rd,Att 3rd,Tkl,Att,Lost,Blocks,Sh,Pass,Int,Tkl+Int,Clr,Err,Matches
651,Harry Toffolo,eng ENG,DF,Huddersfield,23,1995,19.0,33,22,19,10,4,14,22,8,15,5,10,18,51,37,1,Matches
652,Lee Tomlin,eng ENG,MF,Cardiff City,30,1989,24.0,18,12,4,10,4,8,38,30,15,2,13,16,34,9,0,Matches
653,Jon Toral,es ESP,"MF,FW",Hull City,24,1995,6.8,16,8,4,9,3,2,14,12,3,0,3,4,20,1,0,Matches
654,Conor Townsend,eng ENG,DF,West Brom,26,1993,21.1,59,42,39,17,3,31,54,23,18,6,12,33,92,46,0,Matches
655,Lewis Travis,eng ENG,MF,Blackburn,21,1997,38.4,110,65,50,50,10,38,108,70,56,17,39,46,156,22,1,Matches
656,Connal Trueman,eng ENG,GK,Birmingham City,23,1996,10.0,0,0,0,0,0,0,1,1,1,0,1,0,0,5,0,Matches
657,Ryan Tunnicliffe,eng ENG,MF,Luton Town,26,1992,36.0,40,27,13,21,6,15,44,29,39,15,24,36,76,42,2,Matches
658,Josh Tymon,eng ENG,DF,Stoke City,20,1999,0.9,4,3,2,2,0,4,4,0,0,0,0,1,5,4,0,Matches
659,Osaze Urhoghide,nl NED,DF,Sheffield Weds,19,2000,2.0,7,7,0,5,2,2,8,6,0,0,0,4,11,4,0,Matches
660,Jack Vale,wls WAL,MF,Blackburn,18,2001,0.1,1,1,0,0,1,0,1,1,0,0,0,0,1,0,0,Matches
661,Joel Valencia,ec ECU,"FW,MF",Brentford,24,1994,3.7,12,8,7,5,0,4,10,6,2,0,2,2,14,0,0,Matches
662,Isaac Vassell,eng ENG,FW,Cardiff City,25,1993,0.5,0,0,0,0,0,0,1,1,1,0,1,0,0,0,0,Matches
663,Will Vaulks,wls WAL,MF,Cardiff City,25,1993,18.7,44,26,21,21,2,20,51,31,27,13,14,23,67,26,0,Matches
664,James Vennings,eng ENG,"MF,FW",Charlton Ath,19,2000,0.8,1,0,0,0,1,0,1,1,0,0,0,1,2,1,0,Matches
665,Thibaud Verlinden,be BEL,"FW,MF",Stoke City,20,1999,0.6,1,1,0,1,0,0,1,1,0,0,0,0,1,0,0,Matches
666,Fran Villalba,es ESP,MF,Birmingham City,21,1998,13.5,12,5,9,2,1,7,20,13,14,1,13,5,17,7,2,Matches
667,João Virgínia,pt POR,GK,Reading,19,1999,2.0,0,0,0,0,0,0,0,0,0,0,0,0,0,0,0,Matches
668,Sam Vokes,wls WAL,FW,Stoke City,29,1989,19.0,9,7,0,3,6,2,5,3,12,3,9,3,12,22,0,Matches
669,Zak Vyner,ke KEN,DF,Bristol City,22,1997,5.5,12,6,6,6,0,4,9,5,9,5,4,9,21,13,0,Matches
670,Martyn Waghorn,eng ENG,FW,Derby County,29,1990,35.3,41,22,16,18,7,9,42,33,19,4,15,18,59,30,0,Matches
671,Stephen Walker,eng ENG,"FW,MF",Middlesbrough,18,2000,1.5,0,0,0,0,0,0,2,2,1,0,1,1,1,1,0,Matches
672,Tyler Walker,eng ENG,"FW,MF",Nott'ham Forest,22,1996,1.5,1,1,1,0,0,0,1,1,0,0,0,0,1,0,0,Matches
673,Jed Wallace,eng ENG,"MF,FW",Millwall,25,1994,42.1,76,60,33,29,14,18,80,62,29,2,27,25,101,20,0,Matches
674,Lee Wallace,sct SCO,DF,QPR,31,1987,9.5,16,12,12,2,2,5,12,7,5,1,4,15,31,24,0,Matches
675,Murray Wallace,sct SCO,"DF,MF",Millwall,26,1993,38.0,72,42,48,22,2,44,75,31,33,10,23,51,123,98,0,Matches
Rk,Player,Nation,Pos,Squad,Age,Born,90s,Tkl,TklW,Def 3rd,Mid 3rd,Att 3rd,Tkl,Att,Lost,Blocks,Sh,Pass,Int,Tkl+Int,Clr,Err,Matches
676,Christian Walton,eng ENG,GK,Blackburn,23,1995,46.0,0,0,0,0,0,0,2,2,0,0,0,1,1,20,0,Matches
677,Jack Walton,eng ENG,GK,Barnsley,21,1998,9.0,0,0,0,0,0,0,0,0,0,0,0,0,0,7,0,Matches
678,Danny Ward,eng ENG,"FW,MF",Cardiff City,27,1991,10.5,6,5,3,1,2,0,3,3,7,1,6,1,7,8,0,Matches
679,Stephen Ward,ie IRL,DF,Stoke City,33,1985,13.5,17,9,4,11,2,7,18,11,11,2,9,16,33,26,0,Matches
680,Marley Watkins,wls WAL,"FW,MF",Bristol City,28,1990,4.2,8,3,2,5,1,2,5,3,6,2,4,2,10,6,0,Matches
681,Ollie Watkins,eng ENG,FW,Brentford,23,1995,45.9,28,16,5,12,11,8,35,27,33,4,29,14,42,18,0,Matches
682,Ben Watson,eng ENG,MF,Nott'ham Forest,34,1985,44.4,104,68,56,42,6,41,127,86,64,28,36,76,180,70,0,Matches
683,Andreas Weimann,at AUT,"FW,MF",Bristol City,27,1991,40.0,30,23,5,19,6,6,27,21,30,5,25,29,59,26,1,Matches
684,Nahki Wells,bm BER,FW,Bristol City,29,1990,13.2,13,8,6,7,0,2,17,15,17,1,16,6,19,8,0,Matches
685,Nahki Wells,bm BER,FW,QPR,29,1990,17.9,21,14,9,7,5,5,16,11,14,1,13,1,22,7,1,Matches
686,Keiren Westwood,ie IRL,GK,Sheffield Weds,34,1984,13.9,0,0,0,0,0,0,3,3,0,0,0,0,0,6,2,Matches
687,Ben White,eng ENG,DF,Leeds United,21,1997,46.0,74,46,48,26,0,24,47,23,53,25,28,116,190,128,0,Matches
688,Morgan Whittaker,eng ENG,"FW,MF",Derby County,18,2001,3.1,13,9,5,8,0,1,7,6,2,0,2,2,15,2,0,Matches
689,Gavin Whyte,nir NIR,"FW,MF",Cardiff City,23,1996,14.0,38,32,21,12,5,19,59,40,15,0,15,10,48,16,0,Matches
690,Connor Wickham,eng ENG,FW,Sheffield Weds,26,1993,9.9,6,4,2,1,3,2,10,8,6,1,5,0,6,13,1,Matches
691,Jordy de Wijs,nl NED,DF,Hull City,24,1995,33.7,53,30,30,23,0,17,30,13,27,18,9,65,118,226,0,Matches
692,Joe Wildsmith,eng ENG,GK,Sheffield Weds,23,1995,9.0,0,0,0,0,0,0,0,0,0,0,0,1,1,3,1,Matches
693,Mallik Wilks,eng ENG,"FW,MF",Barnsley,20,1998,9.1,4,2,1,0,3,1,6,5,6,0,6,4,8,5,0,Matches
694,Mallik Wilks,eng ENG,FW,Hull City,20,1998,14.1,3,1,2,0,1,0,7,7,8,2,6,8,11,3,0,Matches
695,Ashley Williams,wls WAL,DF,Bristol City,34,1984,30.7,41,28,23,18,0,14,21,7,44,33,11,72,113,153,2,Matches
696,Ben Williams,wls WAL,DF,Barnsley,20,1999,15.7,40,31,24,9,7,19,33,14,19,7,12,26,66,62,0,Matches
697,Derrick Williams,ie IRL,DF,Blackburn,26,1993,17.0,22,16,15,6,1,10,18,8,19,14,5,29,51,55,1,Matches
698,Joe Williams,eng ENG,MF,Wigan Athletic,22,1996,33.4,70,42,28,36,6,25,56,31,39,16,23,27,97,50,1,Matches
699,Jonny Williams,wls WAL,"MF,FW",Charlton Ath,25,1993,15.2,23,10,2,16,5,7,23,16,10,1,9,15,38,10,0,Matches
700,Jordan Williams,eng ENG,DF,Barnsley,19,1999,27.8,71,48,44,21,6,33,56,23,42,13,29,38,109,66,1,Matches
Rk,Player,Nation,Pos,Squad,Age,Born,90s,Tkl,TklW,Def 3rd,Mid 3rd,Att 3rd,Tkl,Att,Lost,Blocks,Sh,Pass,Int,Tkl+Int,Clr,Err,Matches
701,Shaun Williams,ie IRL,MF,Millwall,32,1986,27.5,60,31,25,31,4,29,68,39,33,7,26,28,88,53,1,Matches
702,Chris Willock,eng ENG,FW,Huddersfield,21,1998,7.6,15,9,5,7,3,4,10,6,8,1,7,6,21,2,0,Matches
703,Ben Wilmot,eng ENG,DF,Swansea City,19,1999,16.6,17,12,15,2,0,8,15,7,28,21,7,25,42,84,1,Matches
704,Josh Windass,eng ENG,"FW,MF",Sheffield Weds,25,1994,5.2,6,3,2,4,0,1,5,4,1,0,1,0,6,2,0,Matches
705,Josh Windass,eng ENG,"MF,FW",Wigan Athletic,25,1994,12.0,3,2,1,1,1,2,11,9,2,1,1,1,4,0,0,Matches
706,Lewis Wing,eng ENG,MF,Middlesbrough,24,1995,30.5,58,38,27,28,3,25,80,55,28,8,20,31,89,41,1,Matches
707,Sam Winnall,eng ENG,FW,Sheffield Weds,28,1991,5.6,5,5,1,2,2,1,9,8,1,1,0,0,5,6,0,Matches
708,Andre Wisdom,eng ENG,DF,Derby County,26,1993,16.0,19,10,13,5,1,2,6,4,12,11,1,17,36,55,0,Matches
709,Matthew Wolfe,eng ENG,MF,Barnsley,19,2000,0.3,1,1,1,0,0,0,1,1,1,0,1,0,1,0,0,Matches
710,Nathan Wood-Gordon,eng ENG,DF,Middlesbrough,17,2002,0.6,1,1,1,0,0,1,1,0,0,0,0,1,2,4,0,Matches
711,Freddie Woodman,eng ENG,GK,Swansea City,22,1997,43.0,0,0,0,0,0,0,1,1,0,0,0,0,0,12,2,Matches
712,Cauley Woodrow,eng ENG,"MF,FW",Barnsley,24,1994,36.5,27,15,5,16,6,7,43,36,24,2,22,11,38,20,0,Matches
713,Ryan Woods,eng ENG,MF,Stoke City,25,1993,6.6,8,7,6,1,1,3,5,2,2,1,1,7,15,4,0,Matches
714,Ryan Woods,eng ENG,MF,Millwall,25,1993,17.0,15,11,7,7,1,8,25,17,16,12,4,12,27,14,0,Matches
715,Joe Worrall,eng ENG,DF,Nott'ham Forest,22,1997,46.0,31,20,20,11,0,12,23,11,72,58,14,57,88,249,0,Matches
716,Bailey Wright,au AUS,DF,Bristol City,27,1992,2.0,9,7,6,3,0,3,4,1,2,1,1,4,13,5,1,Matches
717,Ryan Yates,eng ENG,MF,Nott'ham Forest,21,1997,16.7,18,10,6,11,1,10,18,8,15,5,10,18,36,32,0,Matches
718,Dru Yearwood,eng ENG,MF,Brentford,19,2000,0.7,0,0,0,0,0,0,1,1,0,0,0,0,0,1,0,Matches
719,Andy Yiadom,gh GHA,DF,Reading,27,1991,23.7,55,32,30,19,6,17,32,15,20,11,9,21,76,45,0,Matches
720,Jan Žambůrek,cz CZE,"FW,MF",Brentford,18,2001,2.6,4,3,0,3,1,4,14,10,4,0,4,3,7,2,0,Matches
721,Kenneth Zohore,dk DEN,FW,West Brom,25,1994,7.3,3,3,0,3,0,1,3,2,6,0,6,1,4,7,0,Matches
