rk,player,nation,pos,squad,age,born,90s,tkl,tklw,def_3rd,mid_3rd,att_3rd,tkl_challe,att,lost,blocks,sh,pass,int,tkl_int,clr,err,matches
1,Dirk Abels,nl NED,DF,Sparta R'dam,22,1997,20.5,23,13,17,6,0,12,33,21,16,5,11,34,57,73,0,Matches
2,Abdallah Aberkane,nl NED,DF,Sparta R'dam,19,2000,0.0,0,0,0,0,0,0,0,0,0,0,0,0,0,0,0,Matches
3,Nassim El Ablak,nl NED,MF,Fortuna Sittard,19,2000,0.7,0,0,0,0,0,0,1,1,2,0,2,2,2,0,0,Matches
4,Zakaria Aboukhlal,ma MAR,"FW,MF",AZ Alkmaar,19,2000,2.2,4,3,0,2,2,0,3,3,1,0,1,1,5,2,0,Matches
5,Zakaria Aboukhlal,ma MAR,FW,PSV Eindhoven,19,2000,0.0,0,0,0,0,0,0,0,0,1,0,1,0,0,0,0,Matches
6,Amir Absalem,nl NED,DF,Groningen,22,1997,3.9,7,3,2,5,0,4,9,5,1,0,1,7,14,10,0,Matches
7,Giorgi Aburjania,ge GEO,MF,Twente,24,1995,7.3,30,12,17,10,3,15,32,17,10,4,6,6,36,2,0,Matches
8,Ragnar Ache,de GER,FW,Sparta R'dam,21,1998,16.3,13,7,1,9,3,4,10,6,9,1,8,3,16,20,0,Matches
9,Luka Adžić,rs SRB,FW,Emmen,20,1998,1.8,4,3,1,3,0,2,5,3,0,0,0,1,5,1,0,Matches
10,Ibrahim Afellay,nl NED,MF,PSV Eindhoven,33,1986,1.2,1,1,0,1,0,0,0,0,0,0,0,1,2,2,0,Matches
11,Hamdi Akujobi,nl NED,"FW,MF",Heerenveen,19,2000,0.4,3,1,2,1,0,0,1,1,0,0,0,0,3,0,0,Matches
12,Edson Álvarez,mx MEX,"MF,DF",Ajax,21,1997,6.2,12,6,7,3,2,6,11,5,12,4,8,20,32,13,1,Matches
13,Gregoire Amiot,fr FRA,DF,Fortuna Sittard,24,1995,6.5,7,6,7,0,0,5,9,4,9,4,5,17,24,30,0,Matches
14,Martin Angha,ch SUI,DF,Fortuna Sittard,25,1994,13.7,27,17,19,7,1,16,31,15,10,6,4,23,50,67,1,Matches
15,Miguel Araujo,pe PER,DF,Emmen,24,1994,12.0,24,19,17,7,0,9,16,7,19,12,7,10,34,39,0,Matches
16,Jafar Arias,cw CUW,FW,Emmen,24,1995,9.0,14,8,3,7,4,5,11,6,3,0,3,1,15,6,1,Matches
17,Jonas Arweiler,de GER,"FW,DF",Utrecht,22,1997,0.6,0,0,0,0,0,0,0,0,2,1,1,0,0,0,0,Matches
18,Joel Asoro,se SWE,"FW,MF",Groningen,20,1999,13.1,12,10,7,3,2,5,8,3,10,0,10,5,17,3,1,Matches
19,Adil Auassar,nl NED,MF,Sparta R'dam,32,1986,20.0,44,22,19,22,3,13,49,36,40,8,32,31,75,44,0,Matches
20,Yassin Ayoub,nl NED,MF,Feyenoord,25,1994,0.5,1,1,0,0,1,0,1,1,0,0,0,0,1,0,0,Matches
21,Marouan Azarkan,nl NED,FW,Feyenoord,17,2001,0.2,1,1,0,1,0,0,0,0,0,0,0,1,2,0,0,Matches
22,Ryan Babel,nl NED,FW,Ajax,32,1986,4.3,2,1,0,0,2,0,5,5,1,0,1,2,4,2,0,Matches
23,Nikolai Baden Frederiksen,dk DEN,"FW,MF",Fortuna Sittard,19,2000,0.5,2,1,1,0,1,0,2,2,0,0,0,0,2,0,0,Matches
24,Jean-Christophe Bahebeck,fr FRA,FW,Utrecht,26,1993,6.5,8,4,2,5,1,1,7,6,5,0,5,0,8,6,0,Matches
25,Destan Bajselmani,xk KVX,DF,Zwolle,20,1999,2.3,3,3,2,0,1,2,2,0,2,1,1,0,3,4,0,Matches
Rk,Player,Nation,Pos,Squad,Age,Born,90s,Tkl,TklW,Def 3rd,Mid 3rd,Att 3rd,Tkl,Att,Lost,Blocks,Sh,Pass,Int,Tkl+Int,Clr,Err,Matches
26,Saïd Bakari,km COM,"DF,FW",RKC Waalwijk,24,1994,14.1,41,27,33,6,2,18,38,20,12,3,9,22,63,14,0,Matches
27,Navajo Bakboord,nl NED,DF,Heracles Almelo,20,1999,9.0,35,23,20,13,2,17,29,12,11,2,9,9,44,20,0,Matches
28,Danny Bakker,nl NED,MF,ADO Den Haag,24,1995,16.5,37,25,22,14,1,13,32,19,18,7,11,21,58,31,0,Matches
29,Nick Bakker,nl NED,DF,Emmen,27,1992,7.0,14,9,12,2,0,4,7,3,7,5,2,5,19,24,0,Matches
30,Tudor Băluță,ro ROU,MF,ADO Den Haag,20,1999,3.9,4,3,2,2,0,1,6,5,9,3,6,6,10,12,0,Matches
31,Naoufal Bannis,nl NED,"FW,MF",Feyenoord,17,2002,0.7,2,0,0,2,0,0,0,0,0,0,0,0,2,1,0,Matches
32,Aaron Bastiaans,nl NED,FW,VVV-Venlo,17,2002,0.2,0,0,0,0,0,0,0,0,0,0,0,0,0,0,0,Matches
33,Timo Baumgartl,de GER,DF,PSV Eindhoven,23,1996,12.1,14,12,11,2,1,10,21,11,13,9,4,18,32,55,0,Matches
34,Riechedly Bazoer,cw CUW,MF,Vitesse,22,1996,19.1,30,19,12,15,3,7,18,11,5,1,4,6,36,7,0,Matches
35,Filip Bednarek,pl POL,GK,Heerenveen,26,1992,6.0,0,0,0,0,0,0,0,0,0,0,0,0,0,0,0,Matches
36,Donny van de Beek,nl NED,MF,Ajax,22,1997,21.3,47,26,9,24,14,11,25,14,18,4,14,16,63,11,0,Matches
37,Sven van Beek,nl NED,FW,Feyenoord,25,1994,0.0,0,0,0,0,0,0,0,0,0,0,0,0,0,0,0,Matches
38,Iliass Bel Hassani,ma MAR,"FW,MF",Zwolle,26,1992,10.8,11,6,3,8,0,3,18,15,2,0,2,7,18,5,0,Matches
39,Hilal Ben Moussa,nl NED,MF,Emmen,27,1992,5.7,14,10,7,6,1,8,15,7,6,1,5,12,26,8,0,Matches
40,Charlison Benschop,cw CUW,FW,Groningen,29,1989,9.5,3,2,0,2,1,1,8,7,8,2,6,2,5,4,0,Matches
41,Mitchell van Bergen,nl NED,"FW,MF",Heerenveen,19,1999,24.8,18,12,6,9,3,5,20,15,22,2,20,15,33,7,0,Matches
42,Emil Berggreen,dk DEN,FW,Twente,26,1993,4.0,1,1,0,1,0,0,1,1,1,0,1,1,2,3,0,Matches
43,Steven Berghuis,nl NED,FW,Feyenoord,27,1991,23.4,33,19,17,13,3,15,37,22,13,1,12,4,37,7,0,Matches
44,Emil Bergström,se SWE,DF,Utrecht,26,1993,1.0,1,0,1,0,0,0,0,0,0,0,0,0,1,1,0,Matches
45,Steven Bergwijn,nl NED,"FW,MF",PSV Eindhoven,21,1997,14.8,8,4,3,4,1,3,10,7,7,1,6,6,14,5,0,Matches
46,Matúš Bero,sk SVK,MF,Vitesse,23,1995,20.7,67,33,33,29,5,21,78,57,36,7,29,42,109,26,0,Matches
47,Jan-Niklas Beste,de GER,DF,Emmen,20,1999,4.5,7,3,6,1,0,2,5,3,7,3,4,5,12,5,0,Matches
48,Tom Beugelsdijk,nl NED,DF,ADO Den Haag,28,1990,17.9,24,18,12,12,0,13,25,12,19,10,9,39,63,72,0,Matches
49,Peet Bijen,nl NED,DF,Twente,24,1995,18.9,14,13,13,1,0,8,20,12,22,14,8,15,29,115,1,Matches
50,Glenn Bijl,nl NED,DF,Emmen,24,1995,23.9,63,35,36,22,5,16,49,33,27,7,20,48,111,48,1,Matches
Rk,Player,Nation,Pos,Squad,Age,Born,90s,Tkl,TklW,Def 3rd,Mid 3rd,Att 3rd,Tkl,Att,Lost,Blocks,Sh,Pass,Int,Tkl+Int,Clr,Err,Matches
51,Teun Bijleveld,nl NED,"MF,FW",Heracles Almelo,21,1998,2.5,8,4,4,3,1,3,8,5,3,1,2,0,8,1,0,Matches
52,Justin Bijlow,nl NED,GK,Feyenoord,21,1998,7.0,0,0,0,0,0,0,0,0,0,0,0,1,1,2,0,Matches
53,Mario Bilate,nl NED,FW,RKC Waalwijk,28,1991,13.9,6,2,2,1,3,1,5,4,3,0,3,0,6,5,0,Matches
54,Marco Bizot,nl NED,GK,AZ Alkmaar,28,1991,23.0,0,0,0,0,0,0,0,0,0,0,0,0,0,3,2,Matches
55,Aleksandar Bjelica,rs SRB,DF,ADO Den Haag,25,1994,0.6,2,2,1,1,0,1,2,1,1,1,0,1,3,3,0,Matches
56,Janis Blaswich,de GER,GK,Heracles Almelo,28,1991,26.0,0,0,0,0,0,0,0,0,0,0,0,1,1,8,1,Matches
57,Daley Blind,nl NED,"DF,MF",Ajax,29,1990,19.4,28,17,8,18,2,11,30,19,15,10,5,29,57,43,3,Matches
58,Myron Boadu,nl NED,FW,AZ Alkmaar,18,2001,22.3,9,4,0,5,4,2,12,10,9,2,7,2,11,5,0,Matches
59,Rody de Boer,nl NED,GK,AZ Alkmaar,21,1997,1.9,0,0,0,0,0,0,1,1,0,0,0,0,0,0,0,Matches
60,Tom Boere,nl NED,MF,Twente,26,1992,0.0,0,0,0,0,0,0,0,0,0,0,0,0,0,0,0,Matches
61,Omar Bogle,eng ENG,FW,ADO Den Haag,26,1993,3.7,2,0,0,2,0,0,4,4,1,1,0,0,2,11,0,Matches
62,Henk Bos,nl NED,"MF,FW",Emmen,26,1992,1.4,3,3,2,1,0,1,4,3,1,1,0,1,4,3,0,Matches
63,Olivier Boscagli,fr FRA,DF,PSV Eindhoven,21,1997,7.1,17,11,14,3,0,11,21,10,7,2,5,11,28,23,0,Matches
64,Jesse Bosch,nl NED,MF,Twente,19,2000,2.7,5,4,3,1,1,3,14,11,4,0,4,4,9,3,0,Matches
65,Sven Botman,nl NED,DF,Heerenveen,19,2000,26.0,48,34,36,11,1,21,27,6,29,14,15,39,87,145,2,Matches
66,Eric Botteghin,br BRA,DF,Feyenoord,31,1987,19.8,43,26,28,13,2,17,37,20,21,15,6,41,84,90,1,Matches
67,Róbert Boženík,sk SVK,FW,Feyenoord,19,1999,3.3,0,0,0,0,0,0,4,4,3,0,3,0,0,0,0,Matches
68,Wout Brama,nl NED,MF,Twente,32,1986,6.7,12,7,7,3,2,6,13,7,6,1,5,8,20,11,1,Matches
69,Joshua Brenet,cw CUW,DF,Vitesse,25,1994,2.9,6,5,2,3,1,4,6,2,4,0,4,4,10,5,0,Matches
70,Tim Breukers,nl NED,DF,Heracles Almelo,31,1987,16.0,50,28,30,16,4,21,41,20,24,5,19,16,66,37,0,Matches
71,Jorn Brondeel,be BEL,GK,Twente,25,1993,1.8,0,0,0,0,0,0,0,0,1,0,1,0,0,1,1,Matches
72,Damian van Bruggen,nl NED,"DF,MF",VVV-Venlo,23,1996,2.4,0,0,0,0,0,0,0,0,6,4,2,3,3,7,0,Matches
73,Jordy Bruijn,nl NED,"MF,FW",Heerenveen,23,1996,7.5,15,11,2,7,6,4,16,12,8,0,8,0,15,3,0,Matches
74,Bruma,pt POR,FW,PSV Eindhoven,24,1994,10.8,18,13,8,5,5,4,11,7,2,0,2,7,25,4,0,Matches
75,Thomas Bruns,nl NED,MF,VVV-Venlo,27,1992,5.6,18,10,9,7,2,6,19,13,5,1,4,7,25,3,0,Matches
Rk,Player,Nation,Pos,Squad,Age,Born,90s,Tkl,TklW,Def 3rd,Mid 3rd,Att 3rd,Tkl,Att,Lost,Blocks,Sh,Pass,Int,Tkl+Int,Clr,Err,Matches
76,Thomas Bruns,nl NED,MF,Zwolle,27,1992,4.9,14,11,3,9,2,6,11,5,3,1,2,5,19,10,0,Matches
77,Thomas Buitink,nl NED,"FW,MF",Vitesse,19,2000,4.5,3,2,2,1,0,2,10,8,2,1,1,1,4,4,0,Matches
78,Mick van Buren,nl NED,"FW,MF",ADO Den Haag,26,1992,1.0,0,0,0,0,0,0,0,0,1,0,1,0,0,1,0,Matches
79,Wouter Burger,nl NED,MF,Feyenoord,18,2001,2.7,9,4,5,4,0,2,7,5,3,0,3,7,16,4,0,Matches
80,Delano Burgzorg,sr SUR,FW,Heracles Almelo,20,1998,4.7,6,4,3,2,1,3,4,1,5,0,5,0,6,3,0,Matches
81,Lorenzo Burnet,nl NED,DF,Emmen,28,1991,17.9,36,19,17,13,6,13,30,17,23,10,13,30,66,54,1,Matches
82,Oriol Busquets,es ESP,"MF,DF",Twente,20,1999,18.5,24,14,17,5,2,10,33,23,11,6,5,32,56,45,1,Matches
83,Aitor Cantalapiedra,es ESP,FW,Twente,23,1996,20.2,24,12,10,10,4,9,30,21,29,2,27,9,33,13,0,Matches
84,Àlex Carbonell,es ESP,MF,Fortuna Sittard,21,1997,7.7,15,11,9,6,0,8,27,19,14,3,11,8,23,10,0,Matches
85,Lee Cattermole,eng ENG,MF,VVV-Venlo,31,1988,8.6,20,15,10,10,0,4,17,13,15,6,9,6,26,15,0,Matches
86,Václav Černý,cz CZE,"FW,MF",Utrecht,21,1997,4.1,6,6,4,0,2,2,11,9,3,0,3,4,10,3,0,Matches
87,Michael Chacon,nl NED,MF,Emmen,25,1994,23.3,52,30,20,27,5,19,66,47,27,7,20,36,88,22,0,Matches
88,Paweł Cibicki,se SWE,FW,ADO Den Haag,25,1994,1.3,2,0,0,2,0,1,4,3,2,0,2,0,2,0,0,Matches
89,Jeremy Cijntje,cw CUW,"FW,MF",Heracles Almelo,21,1998,2.9,5,4,3,2,0,1,3,2,2,0,2,2,7,0,0,Matches
90,Amadou Ciss,sn SEN,"MF,FW",Fortuna Sittard,19,1999,20.9,43,26,18,14,11,21,48,27,25,8,17,17,60,23,0,Matches
91,Max Clark,eng ENG,DF,Vitesse,23,1996,21.8,86,53,59,20,7,63,112,49,31,4,27,23,109,68,1,Matches
92,Jordy Clasie,nl NED,"MF,DF",AZ Alkmaar,28,1991,11.1,27,21,12,12,3,10,24,14,13,2,11,19,46,19,0,Matches
93,Pelle Clement,nl NED,MF,Zwolle,23,1996,23.1,41,24,18,19,4,22,71,49,33,9,24,25,66,53,0,Matches
94,Tim Coremans,nl NED,GK,Sparta R'dam,28,1991,10.0,0,0,0,0,0,0,0,0,0,0,0,1,1,8,1,Matches
95,Karim Coulibaly,fr FRA,MF,Willem II,26,1993,0.1,0,0,0,0,0,0,0,0,0,0,0,0,0,0,0,Matches
96,George Cox,eng ENG,DF,Fortuna Sittard,21,1998,20.1,39,24,25,13,1,21,35,14,16,7,9,46,85,53,1,Matches
97,Vito van Crooij,nl NED,"FW,MF",Zwolle,23,1996,11.1,10,5,5,2,3,6,27,21,4,1,3,4,14,11,0,Matches
98,Lennart-Marten Czyborra,de GER,DF,Heracles Almelo,20,1999,18.3,29,15,19,7,3,16,27,11,15,4,11,42,71,45,0,Matches
99,Adrián Dalmau,es ESP,FW,Utrecht,25,1994,4.6,2,2,1,1,0,0,3,3,3,0,3,1,3,5,0,Matches
100,Vitalie Damașcan,md MDA,FW,Fortuna Sittard,20,1999,12.1,3,3,1,1,1,1,6,5,3,0,3,1,4,10,0,Matches
Rk,Player,Nation,Pos,Squad,Age,Born,90s,Tkl,TklW,Def 3rd,Mid 3rd,Att 3rd,Tkl,Att,Lost,Blocks,Sh,Pass,Int,Tkl+Int,Clr,Err,Matches
101,Wessel Dammers,nl NED,DF,Fortuna Sittard,24,1995,9.1,8,7,8,0,0,6,11,5,12,10,2,15,23,42,0,Matches
102,Lennerd Daneels,be BEL,FW,RKC Waalwijk,21,1998,1.8,2,1,1,0,1,1,2,1,0,0,0,0,2,1,0,Matches
103,Danilo,br BRA,FW,Ajax,20,1999,0.2,0,0,0,0,0,0,0,0,0,0,0,0,0,0,0,Matches
104,Damil Dankerlui,sr SUR,"DF,MF",Willem II,22,1996,8.6,18,9,7,6,5,8,21,13,9,3,6,6,24,15,1,Matches
105,Oussama Darfalou,dz ALG,"MF,DF",Vitesse,25,1993,0.7,2,2,2,0,0,2,3,1,1,0,1,1,3,0,0,Matches
106,Oussama Darfalou,dz ALG,FW,VVV-Venlo,25,1993,8.0,15,11,3,5,7,5,12,7,10,2,8,2,17,9,0,Matches
107,Eli Dasa,il ISR,"DF,MF",Vitesse,26,1992,9.4,21,9,15,4,2,9,19,10,8,1,7,11,32,20,1,Matches
108,Laurens De Bock,be BEL,DF,ADO Den Haag,26,1992,7.8,17,8,9,6,2,5,14,9,10,5,5,16,33,23,0,Matches
109,Rick Dekker,nl NED,"MF,DF",Zwolle,24,1995,13.2,40,22,21,16,3,15,39,24,16,7,9,19,59,42,0,Matches
110,Tristan Dekker,nl NED,"DF,FW",VVV-Venlo,21,1998,0.7,0,0,0,0,0,0,1,1,0,0,0,3,3,0,0,Matches
111,Hannes Delcroix,ht HAI,DF,RKC Waalwijk,20,1999,22.9,44,29,27,17,0,23,34,11,27,19,8,41,85,108,0,Matches
112,Arjen van der Heide,nl NED,"FW,MF",Heerenveen,17,2001,0.4,1,1,1,0,0,0,0,0,1,0,1,0,1,0,0,Matches
113,Jan-Arie van der Heijden,nl NED,DF,Feyenoord,31,1988,4.0,2,1,2,0,0,1,2,1,5,1,4,5,7,16,0,Matches
114,Mark van der Maarel,nl NED,DF,Utrecht,29,1989,15.9,34,19,20,9,5,19,33,14,17,5,12,24,58,50,1,Matches
115,Richard van der Venne,nl NED,MF,RKC Waalwijk,27,1992,5.9,8,6,5,3,0,2,20,18,5,2,3,4,12,4,1,Matches
116,Silvester van der Water,nl NED,FW,Heracles Almelo,22,1996,18.2,49,35,21,22,6,20,40,20,12,0,12,8,57,5,0,Matches
117,Halil Dervişoğlu,tr TUR,FW,Sparta R'dam,19,1999,13.6,24,12,4,15,5,8,28,20,12,0,12,1,25,1,0,Matches
118,Cyriel Dessers,ng NGA,FW,Heracles Almelo,24,1994,25.7,15,6,4,9,2,6,30,24,11,0,11,3,18,5,0,Matches
119,Sergiño Dest,us USA,DF,Ajax,18,2000,16.1,37,25,19,12,6,16,25,9,16,5,11,18,55,16,1,Matches
120,Nouha Dicko,ml MLI,FW,Vitesse,27,1992,13.4,24,14,7,11,6,10,23,13,8,0,8,8,32,7,0,Matches
121,Mark Diemers,nl NED,"MF,FW",Fortuna Sittard,25,1993,25.8,39,21,10,21,8,15,47,32,18,1,17,12,51,13,1,Matches
122,Stan van Dijck,nl NED,"MF,DF",VVV-Venlo,18,2000,0.1,0,0,0,0,0,0,0,0,0,0,0,0,0,0,0,Matches
123,Ritsu Doan,jp JPN,"MF,FW",Groningen,21,1998,2.0,1,1,1,0,0,1,3,2,4,0,4,2,3,1,0,Matches
124,Ritsu Doan,jp JPN,"FW,MF",PSV Eindhoven,21,1998,11.4,27,19,11,8,8,8,31,23,16,2,14,11,38,13,0,Matches
125,Danilho Doekhi,nl NED,DF,Vitesse,21,1998,26.0,25,18,19,6,0,11,15,4,23,20,3,33,58,127,1,Matches
Rk,Player,Nation,Pos,Squad,Age,Born,90s,Tkl,TklW,Def 3rd,Mid 3rd,Att 3rd,Tkl,Att,Lost,Blocks,Sh,Pass,Int,Tkl+Int,Clr,Err,Matches
126,Kasper Dolberg,dk DEN,FW,Ajax,21,1997,0.9,1,0,0,1,0,0,0,0,0,0,0,0,1,0,0,Matches
127,Jacky Donkor,be BEL,FW,Fortuna Sittard,20,1998,0.2,1,1,0,0,1,0,0,0,0,0,0,0,1,0,0,Matches
128,Dabney dos Santos,nl NED,FW,Heracles Almelo,23,1996,8.5,13,8,5,8,0,6,12,6,10,1,9,7,20,1,0,Matches
129,Marc-Olivier Doué,fr FRA,DF,Zwolle,18,2000,0.0,0,0,0,0,0,0,0,0,1,0,1,2,2,0,0,Matches
130,Ibrahim Drešević,xk KVX,DF,Heerenveen,22,1997,26.0,42,30,30,12,0,27,45,18,29,20,9,41,83,94,6,Matches
131,Anders Dreyer,dk DEN,"FW,MF",Heerenveen,21,1998,2.6,4,4,0,3,1,3,6,3,1,0,1,2,6,6,0,Matches
132,Joel Drommel,nl NED,GK,Twente,22,1996,24.2,2,1,2,0,0,2,4,2,0,0,0,3,5,13,4,Matches
133,Henrico Drost,nl NED,DF,RKC Waalwijk,32,1987,2.5,2,1,2,0,0,1,1,0,3,2,1,6,8,7,1,Matches
134,Ferdy Druijf,nl NED,"FW,MF",AZ Alkmaar,21,1998,2.6,1,1,0,0,1,0,1,1,0,0,0,1,2,1,0,Matches
135,Deroy Duarte,cv CPV,MF,Sparta R'dam,20,1999,5.0,16,8,7,7,2,9,14,5,7,1,6,14,30,7,0,Matches
136,Laros Duarte,cv CPV,MF,Sparta R'dam,22,1997,8.0,12,8,6,6,0,6,21,15,6,0,6,14,26,13,0,Matches
137,Mark Duffy,eng ENG,"MF,FW",ADO Den Haag,33,1985,2.0,3,2,0,1,2,1,7,6,2,0,2,0,3,2,0,Matches
138,Mike van Duinen,nl NED,FW,Zwolle,27,1991,8.8,6,3,3,3,0,1,7,6,12,1,11,5,11,7,0,Matches
139,Denzel Dumfries,nl NED,DF,PSV Eindhoven,23,1996,24.9,46,29,27,14,5,28,44,16,34,10,24,27,73,60,1,Matches
140,Carel Eiting,nl NED,MF,Ajax,21,1998,4.0,7,2,2,3,2,4,7,3,4,0,4,5,12,2,0,Matches
141,Chidera Ejuke,ng NGA,"FW,MF",Heerenveen,21,1998,22.8,24,18,9,13,2,7,25,18,8,1,7,14,38,5,0,Matches
142,Jurgen Ekkelenkamp,nl NED,MF,Ajax,19,2000,1.5,1,0,0,0,1,0,0,0,1,0,1,0,1,2,0,Matches
143,Stanley Elbers,nl NED,"FW,MF",RKC Waalwijk,27,1992,8.5,10,4,6,4,0,2,12,10,14,2,12,4,14,7,0,Matches
144,Stanley Elbers,nl NED,FW,Zwolle,27,1992,0.8,0,0,0,0,0,0,0,0,1,1,0,1,1,0,0,Matches
145,Urby Emanuelson,nl NED,"MF,DF",Utrecht,33,1986,6.4,11,5,5,3,3,2,7,5,8,6,2,9,20,16,1,Matches
146,Runar Espejord,no NOR,"FW,MF",Heerenveen,23,1996,1.4,3,1,0,1,2,2,2,0,2,0,2,0,3,2,0,Matches
147,Javier Espinosa,es ESP,"MF,FW",Twente,26,1992,16.3,33,19,12,16,5,12,33,21,18,2,16,11,44,3,1,Matches
148,Clint Essers,nl NED,DF,Fortuna Sittard,22,1997,12.5,34,22,22,8,4,19,41,22,14,3,11,18,52,38,2,Matches
149,Håkon Evjen,no NOR,MF,AZ Alkmaar,19,2000,1.2,6,5,0,5,1,2,6,4,4,0,4,1,7,0,0,Matches
150,Milan van Ewijk,nl NED,DF,ADO Den Haag,18,2000,11.2,22,16,15,7,0,7,16,9,5,0,5,11,33,20,1,Matches
Rk,Player,Nation,Pos,Squad,Age,Born,90s,Tkl,TklW,Def 3rd,Mid 3rd,Att 3rd,Tkl,Att,Lost,Blocks,Sh,Pass,Int,Tkl+Int,Clr,Err,Matches
151,Hicham Faik,nl NED,MF,Heerenveen,27,1992,24.4,48,32,21,23,4,15,40,25,28,5,23,39,87,42,1,Matches
152,Erik Falkenburg,nl NED,"FW,MF",ADO Den Haag,31,1988,10.5,8,4,5,1,2,4,16,12,9,2,7,1,9,16,0,Matches
153,Lassana Faye,nl NED,DF,Sparta R'dam,21,1998,22.4,32,19,18,12,2,18,30,12,21,8,13,13,45,47,0,Matches
154,Leroy Fer,nl NED,MF,Feyenoord,29,1990,21.9,36,19,15,17,4,16,33,17,22,5,17,25,61,27,1,Matches
155,Leandro Fernandes,nl NED,MF,Fortuna Sittard,19,1999,1.4,1,1,0,1,0,0,1,1,2,0,2,2,3,3,0,Matches
156,Zian Flemming,nl NED,"MF,FW",Zwolle,20,1998,2.4,4,3,3,0,1,2,2,0,5,0,5,2,6,7,0,Matches
157,Sherel Floranus,cw CUW,DF,Heerenveen,20,1998,24.8,60,36,32,20,8,25,45,20,31,7,24,34,94,78,2,Matches
158,Navarone Foor,nl NED,MF,Vitesse,27,1992,10.6,29,25,12,14,3,7,25,18,11,2,9,20,49,8,0,Matches
159,Jeffry Fortes,cv CPV,"DF,MF",Sparta R'dam,30,1989,5.1,4,3,4,0,0,3,6,3,6,0,6,4,8,10,0,Matches
160,Lassina Franck Traoré,bf BFA,FW,Ajax,18,2001,3.9,3,1,1,2,0,0,0,0,1,0,1,0,3,2,0,Matches
161,Kerim Frei,tr TUR,FW,Emmen,25,1993,3.5,2,1,2,0,0,0,5,5,2,0,2,2,4,1,0,Matches
162,Juriën Gaari,cw CUW,DF,RKC Waalwijk,25,1993,17.5,26,15,17,5,4,13,35,22,17,5,12,22,48,38,1,Matches
163,Cody Gakpo,nl NED,FW,PSV Eindhoven,20,1999,16.2,21,10,3,10,8,7,22,15,22,0,22,14,35,15,1,Matches
164,Lutsharel Geertruida,nl NED,DF,Feyenoord,19,2000,11.7,35,25,20,13,2,12,21,9,14,3,11,12,47,20,0,Matches
165,Roy Gelmi,ch SUI,DF,VVV-Venlo,24,1995,1.4,3,3,3,0,0,2,2,0,2,1,1,4,7,4,0,Matches
166,Reza Ghoochannejad,ir IRN,FW,Zwolle,31,1987,7.9,4,1,0,2,2,0,2,2,1,1,0,0,4,5,0,Matches
167,Paul Gladon,nl NED,FW,Willem II,27,1992,2.2,1,0,0,1,0,0,0,0,1,0,1,0,1,3,0,Matches
168,Hilary Gong,ng NGA,MF,Vitesse,20,1998,0.3,0,0,0,0,0,0,0,0,0,0,0,1,1,0,0,Matches
169,John Goossens,nl NED,"MF,FW",ADO Den Haag,31,1988,20.3,18,8,9,7,2,9,30,21,20,11,9,23,41,38,1,Matches
170,Thijmen Goppel,nl NED,FW,ADO Den Haag,22,1997,2.5,4,3,4,0,0,2,4,2,1,1,0,2,6,1,0,Matches
171,Ferhat Görgülü,nl NED,DF,Emmen,27,1991,2.8,4,1,3,1,0,2,5,3,3,2,1,2,6,10,0,Matches
172,Kenzo Goudmijn,nl NED,MF,AZ Alkmaar,17,2001,0.1,0,0,0,0,0,0,0,0,0,0,0,0,0,0,0,Matches
173,Ryan Gravenberch,nl NED,MF,Ajax,17,2002,5.3,12,3,5,6,1,4,11,7,2,0,2,6,18,6,0,Matches
174,Jay-Roy Grot,sr SUR,"MF,FW",Vitesse,21,1998,9.4,19,12,7,9,3,5,22,17,13,3,10,9,28,8,0,Matches
175,Gabriel Gudmundsson,se SWE,"MF,FW",Groningen,20,1999,4.5,8,3,3,3,2,1,6,5,4,0,4,1,9,7,0,Matches
Rk,Player,Nation,Pos,Squad,Age,Born,90s,Tkl,TklW,Def 3rd,Mid 3rd,Att 3rd,Tkl,Att,Lost,Blocks,Sh,Pass,Int,Tkl+Int,Clr,Err,Matches
176,Simon Gustafson,se SWE,MF,Utrecht,24,1995,22.8,33,16,13,17,3,15,35,20,16,6,10,12,45,19,0,Matches
177,Erick Gutiérrez,mx MEX,MF,PSV Eindhoven,24,1995,9.2,30,20,11,15,4,13,27,14,15,2,13,10,40,16,0,Matches
178,Leon Guwara,gm GAM,DF,Utrecht,23,1996,13.7,21,15,11,9,1,8,15,7,15,5,10,14,35,31,1,Matches
179,Albert Guðmundsson,is ISL,"MF,FW",AZ Alkmaar,22,1997,1.3,0,0,0,0,0,0,3,3,0,0,0,0,0,0,0,Matches
180,Warner Hahn,sr SUR,GK,Heerenveen,27,1992,20.0,1,1,1,0,0,1,3,2,0,0,0,0,1,6,0,Matches
181,Rami Al Hajj,se SWE,MF,Heerenveen,17,2001,1.2,2,1,1,1,0,0,1,1,1,0,1,2,4,1,0,Matches
182,Alen Halilović,hr CRO,"MF,FW",Heerenveen,23,1996,5.6,9,4,1,6,2,3,8,5,4,1,3,2,11,6,0,Matches
183,Gustavo Hamer,nl NED,"DF,MF",Zwolle,22,1997,24.2,57,42,34,19,4,23,80,57,26,5,21,52,109,52,0,Matches
184,Mohamed El Hankouri,ma MAR,"MF,FW",Groningen,22,1997,12.2,28,21,12,13,3,7,12,5,7,1,6,10,38,2,0,Matches
185,Sontje Hansen,cw CUW,FW,Ajax,17,2002,0.1,0,0,0,0,0,0,0,0,0,0,0,0,0,0,0,Matches
186,Emil Hansson,se SWE,FW,RKC Waalwijk,21,1998,6.7,7,5,4,3,0,5,10,5,4,0,4,2,9,2,0,Matches
187,Ridgeciano Haps,sr SUR,"DF,FW",Feyenoord,26,1993,14.9,45,33,23,14,8,13,15,2,15,0,15,25,70,22,0,Matches
188,Jeff Hardeveld,nl NED,DF,Heracles Almelo,24,1995,7.7,30,20,22,7,1,16,18,2,12,2,10,11,41,22,0,Matches
189,Cian Harries,wls WAL,DF,Fortuna Sittard,22,1997,4.2,6,5,6,0,0,3,8,5,8,3,5,5,11,28,1,Matches
190,Abdou Harroui,nl NED,MF,Sparta R'dam,21,1998,23.8,79,49,31,38,10,21,53,32,42,6,36,19,98,17,0,Matches
191,Ariel Harush,il ISR,GK,Sparta R'dam,31,1988,16.0,1,0,1,0,0,1,2,1,0,0,0,2,3,7,2,Matches
192,Pantelis Hatzidiakos,gr GRE,DF,AZ Alkmaar,22,1997,8.2,9,8,4,5,0,5,8,3,7,6,1,7,16,33,0,Matches
193,Mike Havekotte,nl NED,GK,ADO Den Haag,23,1995,1.0,0,0,0,0,0,0,0,0,0,0,0,0,0,3,2,Matches
194,Thom Haye,id IDN,"MF,FW",ADO Den Haag,24,1995,3.4,3,1,1,2,0,1,6,5,2,1,1,1,4,1,0,Matches
195,Kees Heemskerk,nl NED,GK,RKC Waalwijk,28,1991,2.5,0,0,0,0,0,0,0,0,0,0,0,0,0,0,1,Matches
196,Freek Heerkens,nl NED,DF,Willem II,29,1989,22.0,43,23,26,12,5,11,21,10,13,7,6,18,61,55,0,Matches
197,Jorrit Hendrix,nl NED,MF,PSV Eindhoven,24,1995,12.6,32,16,11,17,4,12,37,25,15,7,8,17,49,31,0,Matches
198,Michaël Heylen,be BEL,DF,Emmen,25,1994,18.8,27,18,22,5,0,14,28,14,27,20,7,31,58,73,1,Matches
199,Tom Hiariej,nl NED,MF,Emmen,31,1988,14.4,24,16,11,11,2,10,30,20,12,4,8,20,44,12,0,Matches
200,Bart van Hintum,nl NED,DF,Groningen,32,1987,13.2,24,15,13,9,2,16,24,8,11,5,6,16,40,46,1,Matches
Rk,Player,Nation,Pos,Squad,Age,Born,90s,Tkl,TklW,Def 3rd,Mid 3rd,Att 3rd,Tkl,Att,Lost,Blocks,Sh,Pass,Int,Tkl+Int,Clr,Err,Matches
201,Sebastian Holmén,se SWE,DF,Willem II,27,1992,26.0,45,26,35,9,1,23,37,14,36,27,9,50,95,110,1,Matches
202,Keisuke Honda,jp JPN,MF,Vitesse,33,1986,3.0,3,3,1,1,1,1,5,4,2,0,2,6,9,0,0,Matches
203,Justin Hoogma,nl NED,DF,Utrecht,21,1998,22.9,31,20,22,8,1,12,25,13,26,19,7,15,46,63,0,Matches
204,Elson Hooi,cw CUW,"FW,MF",ADO Den Haag,27,1991,7.9,11,6,6,4,1,6,16,10,8,1,7,2,13,7,0,Matches
205,Ajdin Hrustic,au AUS,"MF,FW",Groningen,23,1996,21.0,33,18,12,16,5,9,45,36,11,0,11,14,47,12,0,Matches
206,Dean Huiberts,nl NED,"MF,FW",Zwolle,19,2000,7.9,27,12,8,13,6,8,32,24,5,0,5,10,37,5,0,Matches
207,Klaas-Jan Huntelaar,nl NED,FW,Ajax,35,1983,9.4,2,2,0,1,1,0,1,1,0,0,0,0,2,6,0,Matches
208,Daniel Høegh,dk DEN,"DF,FW",Heerenveen,28,1991,0.1,0,0,0,0,0,0,0,0,0,0,0,0,0,5,0,Matches
209,Oussama Idrissi,ma MAR,FW,AZ Alkmaar,23,1996,21.8,29,15,9,14,6,14,53,39,24,0,24,3,32,2,0,Matches
210,Edgar Ié,gw GNB,DF,Feyenoord,25,1994,10.0,15,10,10,5,0,6,9,3,14,10,4,15,30,23,1,Matches
211,Mohammed Ihattaren,nl NED,"MF,FW",PSV Eindhoven,17,2002,19.7,23,12,6,10,7,9,28,19,6,1,5,7,30,6,0,Matches
212,Lex Immers,nl NED,MF,ADO Den Haag,33,1986,21.7,34,15,5,24,5,7,35,28,20,3,17,16,50,32,0,Matches
213,Dimitrios Ioannidis,de GER,MF,Fortuna Sittard,19,2000,0.5,3,2,3,0,0,2,5,3,1,1,0,2,5,3,0,Matches
214,Abass Issah,gh GHA,FW,Utrecht,20,1998,9.3,15,11,7,4,4,7,11,4,3,0,3,4,19,1,0,Matches
215,Ko Itakura,jp JPN,DF,Groningen,22,1997,18.6,40,30,21,19,0,20,32,12,23,11,12,29,69,61,2,Matches
216,Sebastian Jakubiak,de GER,"MF,FW",Heracles Almelo,26,1993,1.6,3,1,0,2,1,1,5,4,3,0,3,1,4,0,0,Matches
217,Anco Jansen,nl NED,FW,Emmen,30,1989,1.0,1,0,0,0,1,0,1,1,2,0,2,1,2,1,0,Matches
218,Roel Janssen,nl NED,DF,VVV-Venlo,29,1990,20.4,62,37,44,16,2,37,71,34,29,11,18,44,106,57,0,Matches
219,Simon Janssen,nl NED,MF,VVV-Venlo,18,2000,2.7,6,1,4,2,0,4,13,9,1,1,0,5,11,6,0,Matches
220,Willem Janssen,nl NED,DF,Utrecht,33,1986,19.0,20,13,16,4,0,8,19,11,17,12,5,29,49,87,0,Matches
221,Dennis Johnsen,no NOR,"FW,MF",Zwolle,21,1998,12.3,13,8,3,6,4,7,27,20,13,4,9,4,17,9,1,Matches
222,Siem de Jong,nl NED,"MF,FW",Ajax,30,1989,1.2,4,2,0,3,1,1,1,0,2,0,2,0,4,1,0,Matches
223,Patrick Joosten,nl NED,FW,Sparta R'dam,23,1996,7.3,2,1,0,2,0,1,5,4,2,0,2,0,2,3,0,Matches
224,Patrick Joosten,nl NED,"FW,MF",Utrecht,23,1996,3.5,0,0,0,0,0,0,1,1,1,0,1,2,2,0,0,Matches
225,Mauro Júnior,br BRA,"MF,FW",Heracles Almelo,20,1999,23.9,50,31,18,25,7,17,53,36,27,2,25,15,65,7,0,Matches
Rk,Player,Nation,Pos,Squad,Age,Born,90s,Tkl,TklW,Def 3rd,Mid 3rd,Att 3rd,Tkl,Att,Lost,Blocks,Sh,Pass,Int,Tkl+Int,Clr,Err,Matches
226,Nicolai Jørgensen,dk DEN,FW,Feyenoord,28,1991,10.8,10,6,0,7,3,3,10,7,8,3,5,4,14,10,0,Matches
227,Daniël van Kaam,nl NED,"MF,FW",Groningen,19,2000,8.8,11,4,3,7,1,5,15,10,1,0,1,9,20,10,0,Matches
228,Elton Kabangu,be BEL,"MF,FW",Willem II,21,1998,0.5,1,1,1,0,0,0,0,0,0,0,0,0,1,1,0,Matches
229,Youssef El Kachati,nl NED,MF,Sparta R'dam,19,1999,0.3,0,0,0,0,0,0,0,0,0,0,0,0,0,0,0,Matches
230,Wilfried Kanon,ci CIV,DF,ADO Den Haag,26,1993,2.9,12,6,9,3,0,8,8,0,2,2,0,4,16,17,0,Matches
231,Khalid Karami,nl NED,"DF,MF",Sparta R'dam,29,1989,3.8,5,2,3,0,2,1,4,3,5,3,2,8,13,5,0,Matches
232,Vyacheslav Karavayev,ru RUS,DF,Vitesse,24,1995,5.0,17,14,14,3,0,9,14,5,3,2,1,4,21,13,0,Matches
233,Rasmus Karjalainen,fi FIN,"FW,MF",Fortuna Sittard,23,1996,5.7,10,8,5,2,3,3,11,8,4,0,4,2,12,4,0,Matches
234,Rick Karsdorp,nl NED,DF,Feyenoord,24,1995,12.6,18,16,9,8,1,6,12,6,7,2,5,27,45,24,1,Matches
235,Liam Kelly,ie IRL,MF,Feyenoord,23,1995,1.0,2,1,0,1,1,0,0,0,1,0,1,2,4,0,0,Matches
236,Gyrano Kerk,sr SUR,"FW,MF",Utrecht,23,1995,22.9,28,14,11,11,6,10,29,19,11,1,10,7,35,4,0,Matches
237,Sam Kersten,nl NED,DF,Zwolle,21,1998,12.4,22,12,18,4,0,10,20,10,20,14,6,23,45,58,1,Matches
238,Orestis Kiomourtzoglou,de GER,MF,Heracles Almelo,21,1998,23.5,61,37,25,32,4,12,38,26,44,15,29,65,126,47,0,Matches
239,Thorsten Kirschbaum,de GER,GK,VVV-Venlo,32,1987,26.0,0,0,0,0,0,0,1,1,1,0,1,0,0,10,3,Matches
240,Sean Klaiber,sr SUR,DF,Utrecht,25,1994,23.8,63,43,26,32,5,28,65,37,19,5,14,38,101,69,0,Matches
241,Lorenzo van Kleef,nl NED,"FW,MF",ADO Den Haag,18,2001,0.4,4,2,1,3,0,2,3,1,0,0,0,0,4,1,0,Matches
242,Mats Knoester,nl NED,DF,Heracles Almelo,20,1998,24.4,41,28,29,12,0,15,24,9,33,21,12,41,82,86,0,Matches
243,Mats Köhlert,de GER,FW,Willem II,21,1998,24.1,34,20,19,11,4,11,46,35,20,2,18,22,56,17,0,Matches
244,Orkun Kökçü,tr TUR,MF,Feyenoord,18,2000,19.1,16,6,7,3,6,7,33,26,11,3,8,3,19,9,1,Matches
245,Marko Kolar,hr CRO,FW,Emmen,24,1995,16.4,12,5,4,5,3,2,8,6,8,1,7,11,23,14,0,Matches
246,Rodney Kongolo,nl NED,MF,Heerenveen,21,1998,23.1,67,39,22,43,2,19,59,40,27,6,21,29,96,21,0,Matches
247,Joey Konings,nl NED,FW,Heracles Almelo,21,1998,8.3,6,4,2,3,1,1,7,6,7,0,7,4,10,7,0,Matches
248,Luuk Koopmans,nl NED,GK,ADO Den Haag,25,1993,20.0,0,0,0,0,0,0,1,1,0,0,0,0,0,8,3,Matches
249,Teun Koopmeiners,nl NED,"MF,DF",AZ Alkmaar,21,1998,24.6,52,31,19,28,5,24,61,37,20,6,14,24,76,54,1,Matches
250,Jarni Koorman,nl NED,MF,Zwolle,20,1999,1.5,6,1,5,1,0,4,8,4,2,0,2,0,6,0,0,Matches
Rk,Player,Nation,Pos,Squad,Age,Born,90s,Tkl,TklW,Def 3rd,Mid 3rd,Att 3rd,Tkl,Att,Lost,Blocks,Sh,Pass,Int,Tkl+Int,Clr,Err,Matches
251,Alexei Koșelev,md MDA,GK,Fortuna Sittard,25,1993,26.0,1,1,1,0,0,1,3,2,0,0,0,2,3,19,2,Matches
252,Joris Kramer,nl NED,DF,AZ Alkmaar,22,1996,0.3,0,0,0,0,0,0,0,0,0,0,0,0,0,3,0,Matches
253,Michiel Kramer,nl NED,FW,ADO Den Haag,30,1988,7.6,2,1,1,1,0,1,6,5,2,2,0,0,2,10,0,Matches
254,Nick Kuipers,nl NED,DF,ADO Den Haag,26,1992,0.3,0,0,0,0,0,0,0,0,0,0,0,0,0,2,0,Matches
255,Christian Kum,nl NED,DF,VVV-Venlo,33,1985,18.4,31,16,25,6,0,16,28,12,23,10,13,44,75,87,0,Matches
256,Zakaria Labyad,ma MAR,FW,Ajax,26,1993,1.6,7,5,1,2,4,1,1,0,2,0,2,1,8,0,1,Matches
257,Darryl Lachman,cw CUW,DF,Zwolle,29,1989,12.1,21,14,16,5,0,8,15,7,16,9,7,12,33,42,0,Matches
258,Thomas Lam,fi FIN,DF,Zwolle,25,1993,13.7,18,12,16,2,0,10,17,7,11,10,1,17,35,42,0,Matches
259,Sam Lammers,nl NED,FW,PSV Eindhoven,22,1997,6.0,5,2,1,3,1,0,4,4,2,1,1,2,7,5,0,Matches
260,Noa Lang,nl NED,FW,Ajax,20,1999,2.3,9,4,2,5,2,2,3,1,3,0,3,0,9,0,0,Matches
261,Noa Lang,nl NED,FW,Twente,20,1999,6.7,3,3,0,2,1,0,5,5,2,0,2,0,3,1,0,Matches
262,Sam Larsson,se SWE,"FW,MF",Feyenoord,26,1993,10.7,19,11,7,10,2,7,20,13,14,1,13,10,29,5,2,Matches
263,Joël Latibeaudière,jm JAM,DF,Twente,19,2000,4.9,20,14,16,4,0,9,17,8,5,2,3,4,24,14,0,Matches
264,Nikolai Laursen,dk DEN,"FW,MF",Emmen,21,1998,15.4,26,19,9,12,5,6,31,25,8,1,7,10,36,13,0,Matches
265,Clint Leemans,nl NED,MF,RKC Waalwijk,23,1995,20.3,36,19,18,14,4,17,42,25,17,3,14,18,54,19,0,Matches
266,Clint Leemans,nl NED,MF,Zwolle,23,1995,0.7,0,0,0,0,0,0,2,2,1,0,1,0,0,2,0,Matches
267,Michael de Leeuw,nl NED,"FW,MF",Emmen,32,1986,25.0,18,10,4,11,3,2,25,23,24,4,20,10,28,56,0,Matches
268,Ramon Leeuwin,sr SUR,DF,AZ Alkmaar,31,1987,4.1,2,1,0,2,0,2,2,0,4,3,1,4,6,16,0,Matches
269,Julian Lelieveld,nl NED,DF,Vitesse,21,1997,13.7,33,20,23,7,3,17,34,17,12,6,6,16,49,26,0,Matches
270,Fernando Lewis,aw ARU,DF,Willem II,26,1993,3.0,10,5,5,5,0,1,3,2,6,2,4,6,16,14,0,Matches
271,Bryan Linssen,nl NED,"FW,MF",Vitesse,28,1990,23.6,45,25,12,26,7,14,47,33,32,2,30,18,63,18,0,Matches
272,Evert Linthorst,nl NED,MF,VVV-Venlo,19,2000,15.3,26,17,10,14,2,7,28,21,17,5,12,17,43,18,0,Matches
273,Pol Llonch,es ESP,MF,Willem II,26,1992,23.3,110,62,42,54,14,32,91,59,58,19,39,50,160,27,0,Matches
274,Justin Lonwijk,sr SUR,FW,Utrecht,19,1999,0.4,0,0,0,0,0,0,0,0,0,0,0,0,0,0,0,Matches
275,Hirving Lozano,mx MEX,FW,PSV Eindhoven,24,1995,0.5,2,1,0,2,0,0,0,0,0,0,0,0,2,0,0,Matches
Rk,Player,Nation,Pos,Squad,Age,Born,90s,Tkl,TklW,Def 3rd,Mid 3rd,Att 3rd,Tkl,Att,Lost,Blocks,Sh,Pass,Int,Tkl+Int,Clr,Err,Matches
276,Ramon Lundqvist,se SWE,"MF,FW",Groningen,22,1997,14.9,18,10,9,7,2,7,13,6,6,1,5,14,32,10,0,Matches
277,Darren Maatsen,nl NED,FW,RKC Waalwijk,28,1991,12.6,25,15,12,9,4,9,22,13,15,2,13,22,47,10,0,Matches
278,Noni Madueke,eng ENG,"FW,MF",PSV Eindhoven,17,2002,1.3,4,2,2,2,0,2,3,1,3,1,2,0,4,2,0,Matches
279,Adam Maher,nl NED,MF,Utrecht,26,1993,21.4,53,32,26,26,1,18,72,54,27,7,20,39,92,34,0,Matches
280,Simon Makienok,dk DEN,FW,Utrecht,28,1990,0.6,0,0,0,0,0,0,1,1,0,0,0,1,1,1,0,Matches
281,Tyrell Malacia,nl NED,DF,Feyenoord,19,1999,12.0,40,27,22,17,1,17,24,7,11,1,10,19,59,36,0,Matches
282,Donyell Malen,nl NED,FW,PSV Eindhoven,20,1999,13.2,4,3,1,2,1,1,6,5,4,1,3,2,6,8,0,Matches
283,Dion Malone,sr SUR,"DF,MF",ADO Den Haag,30,1989,17.1,28,18,15,11,2,11,30,19,13,6,7,23,51,37,0,Matches
284,Răzvan Marin,ro ROU,MF,Ajax,23,1996,5.6,10,7,2,7,1,4,11,7,2,0,2,3,13,3,0,Matches
285,Wouter Marinus,nl NED,"FW,MF",Emmen,24,1995,0.4,1,0,1,0,0,0,1,1,0,0,0,0,1,2,0,Matches
286,Nick Marsman,nl NED,GK,Feyenoord,28,1990,2.0,0,0,0,0,0,0,0,0,0,0,0,0,0,1,0,Matches
287,Lisandro Martínez,ar ARG,"MF,DF",Ajax,21,1998,22.5,46,29,19,20,7,26,62,36,31,13,18,40,86,41,0,Matches
288,Tim Matavž,si SVN,FW,Vitesse,30,1989,22.7,4,4,0,2,2,1,8,7,11,1,10,7,11,17,0,Matches
289,Jose Matos,es ESP,DF,Twente,24,1995,2.0,5,2,4,1,0,3,4,1,3,1,2,7,12,5,0,Matches
290,Jurgen Mattheij,nl NED,DF,Sparta R'dam,26,1993,25.5,29,18,22,7,0,13,22,9,32,19,13,41,70,173,0,Matches
291,Azor Matusiwa,nl NED,MF,Groningen,21,1998,22.7,56,38,31,21,4,17,49,32,35,5,30,61,117,35,0,Matches
292,Noussair Mazraoui,ma MAR,DF,Ajax,21,1997,8.2,20,14,7,8,5,7,15,8,7,0,7,8,28,19,0,Matches
293,James McGarry,nz NZL,FW,Willem II,21,1998,0.1,1,1,0,0,1,0,0,0,0,0,0,0,1,0,0,Matches
294,Aaron Meijers,nl NED,"DF,MF",ADO Den Haag,31,1987,23.4,60,40,28,25,7,29,55,26,31,10,21,26,86,47,1,Matches
295,Samir Memišević,ba BIH,"DF,MF",Groningen,25,1993,7.1,11,9,7,4,0,4,6,2,11,6,5,9,20,30,0,Matches
296,Queensy Menig,nl NED,FW,Twente,23,1995,5.2,8,6,4,4,0,4,14,10,8,0,8,0,8,1,0,Matches
297,Alexander Merkel,kz KAZ,MF,Heracles Almelo,27,1992,24.4,70,39,35,30,5,20,66,46,38,13,25,15,85,30,0,Matches
298,Ahmed El Messaoudi,ma MAR,MF,Groningen,23,1995,15.3,33,23,18,11,4,8,30,22,26,5,21,17,50,16,0,Matches
299,Melle Meulensteen,nl NED,DF,RKC Waalwijk,20,1999,11.7,20,14,16,4,0,13,28,15,19,16,3,26,46,48,0,Matches
300,Fredrik Midtsjø,no NOR,MF,AZ Alkmaar,25,1993,21.3,36,17,14,21,1,13,52,39,22,7,15,49,85,15,1,Matches
Rk,Player,Nation,Pos,Squad,Age,Born,90s,Tkl,TklW,Def 3rd,Mid 3rd,Att 3rd,Tkl,Att,Lost,Blocks,Sh,Pass,Int,Tkl+Int,Clr,Err,Matches
301,Kostas Mitroglou,gr GRE,"FW,MF",PSV Eindhoven,31,1988,3.1,0,0,0,0,0,0,1,1,1,0,1,0,0,2,0,Matches
302,Xavier Mous,nl NED,GK,Zwolle,23,1995,13.0,0,0,0,0,0,0,0,0,0,0,0,0,0,5,1,Matches
303,Hans Mulder,nl NED,"DF,MF",RKC Waalwijk,32,1987,14.1,31,20,22,5,4,12,25,13,13,8,5,24,55,52,0,Matches
304,Dehninio Muringen,nl NED,DF,ADO Den Haag,20,1999,0.6,2,1,1,1,0,0,0,0,0,0,0,0,2,0,0,Matches
305,Charly Musonda Jr.,be BEL,MF,Vitesse,22,1996,0.8,0,0,0,0,0,0,1,1,0,0,0,0,0,0,0,Matches
306,Keito Nakamura,jp JPN,FW,Twente,19,2000,9.4,17,11,7,9,1,7,16,9,8,0,8,3,20,6,0,Matches
307,Yuta Nakayama,jp JPN,"DF,MF",Zwolle,22,1997,12.7,25,17,12,12,1,12,27,15,18,9,9,19,44,43,2,Matches
308,Luciano Narsingh,nl NED,"FW,MF",Feyenoord,28,1990,7.3,6,4,2,1,3,1,6,5,4,0,4,1,7,2,0,Matches
309,Tomáš Necid,cz CZE,FW,ADO Den Haag,29,1989,13.9,7,3,3,3,1,1,11,10,2,1,1,0,7,21,0,Matches
310,Miquel Nelom,nl NED,DF,Willem II,28,1990,12.5,17,10,9,8,0,7,18,11,13,3,10,19,36,37,1,Matches
311,David Neres,br BRA,FW,Ajax,22,1997,7.1,7,4,2,4,1,2,15,13,7,0,7,6,13,3,0,Matches
312,Richard Neudecker,de GER,"MF,FW",VVV-Venlo,22,1996,11.1,12,9,10,2,0,3,23,20,8,2,6,11,23,12,1,Matches
313,Bart Nieuwkoop,nl NED,"DF,MF",Willem II,23,1996,11.6,28,18,13,13,2,6,21,15,13,6,7,32,60,38,0,Matches
314,Lars Nieuwpoort,nl NED,DF,RKC Waalwijk,24,1994,2.5,5,3,3,1,1,2,2,0,3,2,1,4,9,4,0,Matches
315,Branislav Niňaj,sk SVK,DF,Fortuna Sittard,25,1994,23.7,34,25,29,5,0,15,31,16,32,19,13,35,69,146,1,Matches
316,Ché Nunnely,nl NED,FW,Willem II,20,1999,22.5,16,10,5,9,2,5,27,22,18,1,17,11,27,2,0,Matches
317,Armando Obispo,cw CUW,DF,Vitesse,20,1999,26.0,35,19,27,8,0,10,19,9,35,21,14,44,79,127,1,Matches
318,Jens Odgaard,dk DEN,FW,Heerenveen,20,1999,20.6,10,7,1,7,2,3,22,19,6,0,6,1,11,23,0,Matches
319,Justin Ogenia,cw CUW,DF,Willem II,20,1999,0.2,0,0,0,0,0,0,0,0,0,0,0,1,1,0,0,Matches
320,André Onana,cm CMR,GK,Ajax,23,1996,24.0,0,0,0,0,0,0,2,2,1,0,1,2,2,2,0,Matches
321,Peter van Ooijen,nl NED,"MF,FW",VVV-Venlo,27,1992,19.1,27,19,11,12,4,9,34,25,11,0,11,2,29,12,1,Matches
322,Johnatan Opoku,nl NED,"FW,MF",VVV-Venlo,29,1990,14.7,16,11,6,7,3,7,13,6,12,0,12,15,31,20,0,Matches
323,Mohammed Osman,sy SYR,MF,Heracles Almelo,25,1994,10.3,19,10,5,8,6,1,17,16,5,2,3,8,27,2,0,Matches
324,Yassin Oukili,nl NED,MF,Vitesse,18,2001,0.8,3,3,2,1,0,0,3,3,2,0,2,1,4,0,0,Matches
325,Bilal Ould-Chikh,ma MAR,"FW,MF",ADO Den Haag,22,1997,4.2,6,4,4,2,0,0,2,2,7,0,7,1,7,2,0,Matches
Rk,Player,Nation,Pos,Squad,Age,Born,90s,Tkl,TklW,Def 3rd,Mid 3rd,Att 3rd,Tkl,Att,Lost,Blocks,Sh,Pass,Int,Tkl+Int,Clr,Err,Matches
326,Thomas Ouwejan,nl NED,"MF,DF",AZ Alkmaar,22,1996,4.9,8,5,4,1,3,3,6,3,3,0,3,5,13,8,0,Matches
327,Joris van Overeem,nl NED,MF,Utrecht,25,1994,11.4,24,12,6,17,1,13,39,26,11,3,8,25,49,17,0,Matches
328,Oğuzhan Özyakup,tr TUR,"MF,FW",Feyenoord,26,1992,0.8,1,1,0,0,1,1,4,3,0,0,0,2,3,1,0,Matches
329,Kenneth Paal,sr SUR,DF,Zwolle,22,1997,18.4,42,22,23,15,4,27,63,36,35,13,22,31,73,45,2,Matches
330,Tobias Pachonik,de GER,DF,VVV-Venlo,24,1995,25.7,48,34,28,19,1,22,35,13,26,11,15,19,67,61,1,Matches
331,Sergio Padt,nl NED,GK,Groningen,29,1990,26.0,0,0,0,0,0,0,0,0,0,0,0,1,1,10,2,Matches
332,Maarten Paes,id IDN,GK,Utrecht,21,1998,18.0,0,0,0,0,0,0,1,1,1,0,1,0,0,6,1,Matches
333,Felix Passlack,de GER,"MF,DF",Fortuna Sittard,21,1998,24.2,30,23,15,10,5,11,36,25,23,9,14,20,50,21,0,Matches
334,Remko Pasveer,nl NED,GK,Vitesse,35,1983,26.0,3,1,3,0,0,3,4,1,0,0,0,1,4,9,1,Matches
335,Vangelis Pavlidis,gr GRE,FW,Willem II,20,1998,24.1,19,9,2,10,7,9,21,12,19,2,17,6,25,18,0,Matches
336,Desevio Payne,us USA,DF,Emmen,23,1995,0.6,6,4,4,1,1,4,6,2,2,2,0,0,6,4,0,Matches
337,Sergio Peña,pe PER,"MF,FW",Emmen,23,1995,21.7,37,21,13,19,5,8,52,44,17,2,15,19,56,5,0,Matches
338,Gastón Pereiro,uy URU,"MF,FW",PSV Eindhoven,24,1995,1.2,3,2,0,2,1,0,2,2,1,0,1,0,3,0,0,Matches
339,Jordens Peters,nl NED,DF,Willem II,32,1987,26.0,38,27,29,8,1,12,23,11,31,22,9,39,77,76,1,Matches
340,Kristoffer Peterson,se SWE,"MF,FW",Utrecht,24,1994,4.1,0,0,0,0,0,0,9,9,2,0,2,3,3,9,0,Matches
341,Shaquille Pinas,sr SUR,"DF,MF",ADO Den Haag,21,1998,24.8,43,29,27,15,1,21,47,26,36,24,12,36,79,87,1,Matches
342,Michael Pinto,lu LUX,DF,Sparta R'dam,26,1993,2.1,2,2,1,1,0,1,2,1,2,0,2,5,7,2,0,Matches
343,Michael Pinto,lu LUX,DF,Fortuna Sittard,26,1993,6.4,19,10,12,5,2,11,20,9,5,0,5,9,28,18,1,Matches
344,Joël Piroe,nl NED,FW,Sparta R'dam,19,1999,4.4,3,3,0,2,1,0,6,6,7,1,6,4,7,2,0,Matches
345,Julio Pleguezuelo,es ESP,DF,Twente,22,1997,16.8,33,19,26,7,0,19,42,23,22,11,11,25,58,74,1,Matches
346,Bram van Polen,nl NED,DF,Zwolle,33,1985,7.0,6,3,2,3,1,1,1,0,12,7,5,16,22,39,0,Matches
347,Thomas Poll,nl NED,DF,Groningen,18,2001,1.3,3,2,2,1,0,3,3,0,0,0,0,0,3,2,0,Matches
348,Robin Polley,gh GHA,"DF,FW",ADO Den Haag,20,1998,1.1,6,2,3,2,1,4,5,1,1,0,1,0,6,6,0,Matches
349,Danny Post,nl NED,MF,VVV-Venlo,30,1989,18.9,64,39,29,28,7,23,58,35,34,12,22,35,99,42,0,Matches
350,Romano Postema,nl NED,FW,Groningen,17,2002,3.2,1,0,0,1,0,0,3,3,3,1,2,0,1,2,0,Matches
Rk,Player,Nation,Pos,Squad,Age,Born,90s,Tkl,TklW,Def 3rd,Mid 3rd,Att 3rd,Tkl,Att,Lost,Blocks,Sh,Pass,Int,Tkl+Int,Clr,Err,Matches
351,Quincy Promes,nl NED,"FW,MF",Ajax,27,1992,16.6,12,7,3,5,4,1,15,14,7,1,6,9,21,3,0,Matches
352,Robin Pröpper,nl NED,DF,Heracles Almelo,25,1993,17.0,36,24,26,8,2,22,38,16,22,14,8,24,60,58,0,Matches
353,Paul Quasten,cz CZE,DF,RKC Waalwijk,34,1985,10.8,33,27,27,4,2,12,19,7,10,1,9,20,53,29,1,Matches
354,Jhonny Quiñónez,ec ECU,"MF,DF",Willem II,21,1998,1.2,4,1,1,3,0,1,4,3,0,0,0,2,6,4,0,Matches
355,Freddy Quispel,nl NED,"MF,FW",Emmen,18,2000,0.3,1,1,1,0,0,1,4,3,0,0,0,1,2,0,0,Matches
356,Patrik Raitanen,fi FIN,DF,Fortuna Sittard,18,2001,0.3,1,0,1,0,0,0,1,1,0,0,0,0,1,4,0,Matches
357,Bart Ramselaar,nl NED,"MF,FW",Utrecht,23,1996,11.5,13,7,3,7,3,3,9,6,7,1,6,6,19,2,0,Matches
358,Jan Ras,nl NED,"MF,FW",Heerenveen,20,1999,0.5,3,3,0,3,0,0,2,2,2,0,2,1,4,0,0,Matches
359,Mohamed Rayhi,nl NED,"MF,FW",Sparta R'dam,25,1994,21.7,67,42,33,29,5,24,76,52,22,0,22,18,85,19,0,Matches
360,Daishawn Redan,nl NED,FW,Groningen,18,2001,3.7,0,0,0,0,0,0,0,0,1,0,1,0,0,0,0,Matches
361,Tijjani Reijnders,nl NED,"FW,MF",AZ Alkmaar,21,1998,0.5,1,0,0,1,0,1,2,1,1,0,1,0,1,1,0,Matches
362,Tijjani Reijnders,nl NED,"MF,FW",RKC Waalwijk,21,1998,6.1,6,3,2,3,1,1,9,8,5,3,2,13,19,5,0,Matches
363,Etiënne Reijnen,nl NED,DF,Zwolle,32,1987,2.9,3,2,3,0,0,3,3,0,2,1,1,7,10,10,0,Matches
364,Ricardo van Rhijn,nl NED,DF,Heerenveen,28,1991,16.4,25,14,16,7,2,14,21,7,6,1,5,23,48,34,0,Matches
365,Ben Rienstra,nl NED,FW,Heerenveen,29,1990,0.8,3,3,1,2,0,1,2,1,0,0,0,0,3,0,0,Matches
366,Daan Rienstra,nl NED,MF,RKC Waalwijk,26,1992,18.5,36,25,17,17,2,9,41,32,23,5,18,18,54,8,0,Matches
367,Dante Rigo,be BEL,MF,Sparta R'dam,20,1998,9.3,18,11,8,8,2,3,25,22,16,7,9,8,26,12,0,Matches
368,Ricardo Rodríguez,ch SUI,DF,PSV Eindhoven,26,1992,5.0,11,7,4,5,2,1,8,7,5,0,5,7,18,26,1,Matches
369,Godfried Roemeratoe,cw CUW,MF,Twente,19,1999,12.4,34,23,13,18,3,14,28,14,18,5,13,13,47,27,0,Matches
370,Mitchell van Rooijen,nl NED,MF,Utrecht,20,1998,0.7,2,1,0,1,1,1,1,0,0,0,0,0,2,0,0,Matches
371,Ruben Roosken,nl NED,"FW,DF",Emmen,19,2000,0.5,2,1,1,1,0,0,1,1,0,0,0,2,4,2,0,Matches
372,Pablo Rosario,do DOM,MF,PSV Eindhoven,22,1997,25.0,51,28,21,25,5,15,58,43,29,10,19,28,79,36,1,Matches
373,Nils Röseler,de GER,DF,VVV-Venlo,27,1992,24.4,34,18,23,11,0,20,34,14,27,20,7,37,71,107,0,Matches
374,Maximilian Rossmann,de GER,DF,Heracles Almelo,24,1995,4.3,5,4,5,0,0,2,3,1,11,6,5,8,13,18,1,Matches
375,Llazaros Rota,gr GRE,DF,Fortuna Sittard,21,1997,4.6,17,11,15,2,0,10,20,10,7,2,5,4,21,10,0,Matches
Rk,Player,Nation,Pos,Squad,Age,Born,90s,Tkl,TklW,Def 3rd,Mid 3rd,Att 3rd,Tkl,Att,Lost,Blocks,Sh,Pass,Int,Tkl+Int,Clr,Err,Matches
376,Robbin Ruiter,nl NED,GK,PSV Eindhoven,32,1987,1.0,0,0,0,0,0,0,0,0,0,0,0,0,0,1,0,Matches
377,Dries Saddiki,ma MAR,MF,Willem II,22,1996,23.1,63,35,29,33,1,24,64,40,36,8,28,46,109,37,0,Matches
378,Michal Sadílek,cz CZE,DF,PSV Eindhoven,20,1999,12.2,33,21,18,11,4,20,33,13,10,2,8,19,52,25,0,Matches
379,Görkem Sağlam,de GER,MF,Willem II,21,1998,1.5,1,0,0,0,1,1,2,1,1,0,1,1,2,0,0,Matches
380,Trent Sainsbury,au AUS,DF,PSV Eindhoven,27,1992,1.0,0,0,0,0,0,0,1,1,1,0,1,1,1,2,0,Matches
381,Bassala Sambou,eng ENG,FW,Fortuna Sittard,21,1997,13.3,8,5,2,4,2,3,5,2,4,1,3,1,9,2,0,Matches
382,Lamine Sané,sn SEN,DF,Utrecht,32,1987,0.0,0,0,0,0,0,0,0,0,0,0,0,0,0,0,0,Matches
383,Mustafa Saymak,nl NED,"MF,FW",Zwolle,26,1993,9.4,19,8,6,11,2,4,23,19,11,0,11,9,28,8,0,Matches
384,Steffen Schäfer,de GER,DF,VVV-Venlo,25,1994,7.5,8,5,7,1,0,3,9,6,8,5,3,14,22,33,2,Matches
385,Samuel Scheimann,il ISR,DF,VVV-Venlo,31,1987,3.6,3,3,2,0,1,1,4,3,3,0,3,4,7,12,0,Matches
386,Xandro Schenk,nl NED,DF,Twente,26,1993,21.1,30,18,21,9,0,21,35,14,10,6,4,17,47,97,0,Matches
387,Lucas Schoofs,be BEL,DF,Heracles Almelo,22,1997,1.0,4,2,3,1,0,2,2,0,3,1,2,0,4,1,0,Matches
388,Sam Schreck,de GER,"MF,DF",Groningen,20,1999,5.3,15,9,3,9,3,4,11,7,1,0,1,3,18,1,0,Matches
389,Perr Schuurs,nl NED,DF,Ajax,19,1999,8.2,19,12,11,7,1,6,14,8,11,7,4,14,33,9,1,Matches
390,Daniel Schwaab,de GER,DF,PSV Eindhoven,30,1988,16.9,23,11,18,3,2,14,22,8,20,17,3,19,42,67,2,Matches
391,Lindon Selahi,al ALB,MF,Twente,20,1999,20.7,99,56,49,39,11,32,84,52,43,3,40,35,134,27,0,Matches
392,Marcos Senesi,ar ARG,DF,Feyenoord,22,1997,15.5,39,25,34,5,0,18,34,16,22,14,8,28,67,60,1,Matches
393,Thulani Serero,za RSA,MF,Vitesse,29,1990,2.4,11,8,9,2,0,5,9,4,6,4,2,9,20,1,0,Matches
394,Dylan Seys,be BEL,"FW,MF",RKC Waalwijk,22,1996,0.7,0,0,0,0,0,0,0,0,0,0,0,0,0,0,0,Matches
395,Kaj Sierhuis,nl NED,FW,Groningen,21,1998,11.5,4,1,0,2,2,0,10,10,3,0,3,1,5,12,0,Matches
396,Jerome Sinclair,eng ENG,FW,VVV-Venlo,22,1996,11.8,28,17,16,9,3,7,30,23,14,1,13,7,35,4,1,Matches
397,Luis Sinisterra,co COL,FW,Feyenoord,20,1999,18.0,40,30,12,22,6,9,30,21,24,2,22,15,55,25,0,Matches
398,Luciano Slagveer,nl NED,FW,Emmen,25,1993,5.8,4,2,3,0,1,3,8,5,5,1,4,4,8,4,0,Matches
399,Kian Slor,nl NED,MF,Groningen,17,2002,0.4,1,0,0,1,0,0,0,0,0,0,0,0,1,0,0,Matches
400,Bryan Smeets,nl NED,MF,Sparta R'dam,26,1992,19.7,18,9,7,9,2,10,29,19,14,3,11,2,20,23,1,Matches
Rk,Player,Nation,Pos,Squad,Age,Born,90s,Tkl,TklW,Def 3rd,Mid 3rd,Att 3rd,Tkl,Att,Lost,Blocks,Sh,Pass,Int,Tkl+Int,Clr,Err,Matches
401,Jorrit Smeets,nl NED,MF,Fortuna Sittard,24,1995,21.9,53,33,22,27,4,23,50,27,36,4,32,24,77,35,1,Matches
402,Rein Smit,nl NED,FW,Heerenveen,18,2001,0.1,0,0,0,0,0,0,0,0,0,0,0,0,0,0,0,Matches
403,Leon Sopic,hr CRO,FW,Emmen,18,2000,0.0,0,0,0,0,0,0,0,0,0,0,0,0,0,0,0,Matches
404,Elia Soriano,it ITA,FW,VVV-Venlo,30,1989,12.0,11,8,4,3,4,2,10,8,6,2,4,7,18,20,1,Matches
405,Sylla Sow,nl NED,FW,RKC Waalwijk,22,1996,13.8,9,6,4,5,0,5,13,8,11,0,11,2,11,4,1,Matches
406,Jordan Spence,eng ENG,DF,ADO Den Haag,29,1990,3.8,11,8,8,3,0,9,19,10,6,3,3,6,17,12,0,Matches
407,Stijn Spierings,nl NED,"MF,FW",RKC Waalwijk,23,1996,16.9,35,23,10,17,8,6,18,12,18,1,17,16,51,17,0,Matches
408,Fabian Sporkslede,nl NED,DF,RKC Waalwijk,25,1993,6.0,14,9,12,2,0,7,11,4,3,2,1,8,22,18,1,Matches
409,Tommy St. Jago,nl NED,MF,Utrecht,19,2000,0.1,0,0,0,0,0,0,0,0,0,0,0,0,0,0,0,Matches
410,Jerry St. Juste,nl NED,DF,Feyenoord,22,1996,1.0,3,2,3,0,0,1,2,1,1,0,1,0,3,1,0,Matches
411,Calvin Stengs,nl NED,"FW,MF",AZ Alkmaar,20,1998,23.9,25,11,7,12,6,7,52,45,11,1,10,7,32,5,0,Matches
412,Sander van de Streek,nl NED,"FW,MF",Utrecht,26,1993,18.6,39,17,14,18,7,15,32,17,15,2,13,8,47,18,0,Matches
413,Rico Strieder,de GER,MF,Utrecht,27,1992,1.8,3,2,2,1,0,1,7,6,3,0,3,2,5,2,0,Matches
414,Rico Strieder,de GER,MF,Zwolle,27,1992,5.1,14,6,8,5,1,7,20,13,8,1,7,11,25,10,0,Matches
415,Sam Stubbs,eng ENG,DF,ADO Den Haag,20,1998,8.0,9,5,7,2,0,1,2,1,11,9,2,17,26,35,1,Matches
416,Yukinari Sugawara,jp JPN,"FW,DF",AZ Alkmaar,19,2000,7.2,7,5,6,1,0,3,7,4,8,2,6,5,12,14,0,Matches
417,Crysencio Summerville,nl NED,"FW,MF",ADO Den Haag,17,2001,16.5,20,13,10,6,4,6,13,7,8,3,5,9,29,12,0,Matches
418,Tomáš Suslov,sk SVK,MF,Groningen,17,2002,0.0,0,0,0,0,0,0,0,0,0,0,0,0,0,0,0,Matches
419,Jonas Svensson,no NOR,DF,AZ Alkmaar,26,1993,22.4,53,37,27,23,3,29,56,27,18,0,18,24,77,56,1,Matches
420,Adrian Szöke,hu HUN,"MF,FW",Heracles Almelo,21,1998,2.0,3,0,1,2,0,0,1,1,0,0,0,0,3,1,0,Matches
421,Dušan Tadić,rs SRB,FW,Ajax,30,1988,24.1,18,13,2,13,3,6,27,21,17,2,15,7,25,9,1,Matches
422,Nicolás Tagliafico,ar ARG,DF,Ajax,26,1992,22.8,61,27,23,28,10,34,69,35,18,7,11,40,101,50,0,Matches
423,Anas Tahiri,be BEL,"MF,FW",RKC Waalwijk,24,1995,14.2,16,10,4,10,2,5,18,13,10,1,9,9,25,6,0,Matches
424,Oussama Tannane,ma MAR,"MF,FW",Vitesse,25,1994,14.9,30,20,11,14,5,9,30,21,11,0,11,12,42,3,0,Matches
425,Renato Tapia,pe PER,MF,Feyenoord,24,1995,8.4,21,16,9,10,2,10,20,10,9,3,6,14,35,11,0,Matches
Rk,Player,Nation,Pos,Squad,Age,Born,90s,Tkl,TklW,Def 3rd,Mid 3rd,Att 3rd,Tkl,Att,Lost,Blocks,Sh,Pass,Int,Tkl+Int,Clr,Err,Matches
426,Mike te Wierik,nl NED,DF,Groningen,27,1992,22.4,29,21,18,11,0,12,19,7,14,6,8,36,65,94,0,Matches
427,Tesfaldet Tekie,se SWE,MF,Fortuna Sittard,22,1997,18.5,31,19,12,14,5,14,35,21,11,2,9,13,44,13,0,Matches
428,Dennis Telgenkamp,nl NED,GK,Emmen,32,1987,26.0,3,3,3,0,0,3,4,1,0,0,0,1,4,14,3,Matches
429,Jordan Teze,nl NED,"DF,MF",PSV Eindhoven,19,1999,1.5,7,5,5,2,0,5,6,1,2,1,1,0,7,4,0,Matches
430,George Thomas,wls WAL,MF,ADO Den Haag,22,1997,3.0,4,4,3,1,0,2,3,1,2,1,1,3,7,4,0,Matches
431,Ryan Thomas,nz NZL,MF,PSV Eindhoven,24,1994,8.9,16,11,2,9,5,6,15,9,12,3,9,11,27,11,2,Matches
432,Lennart Thy,de GER,"FW,MF",Zwolle,27,1992,18.6,10,6,3,6,1,1,15,14,7,3,4,4,14,8,0,Matches
433,Jurriën Timber,nl NED,DF,Ajax,18,2001,0.9,1,1,0,1,0,0,0,0,0,0,0,2,3,0,0,Matches
434,Jens Toornstra,nl NED,MF,Feyenoord,30,1989,19.1,25,15,13,9,3,18,40,22,22,1,21,28,53,9,1,Matches
435,Mike Trésor,be BEL,MF,Willem II,20,1999,16.8,20,9,9,7,4,2,22,20,20,0,20,8,28,3,0,Matches
436,Sondre Tronstad,no NOR,MF,Vitesse,23,1995,5.2,14,6,5,8,1,3,12,9,11,5,6,3,17,8,1,Matches
437,Giovanni Troupée,cw CUW,"DF,MF",Utrecht,21,1998,0.7,1,1,1,0,0,1,2,1,1,1,0,1,2,2,0,Matches
438,Giovanni Troupée,cw CUW,DF,Twente,21,1998,7.9,7,3,2,3,2,5,14,9,3,1,2,2,9,11,0,Matches
439,Filip Ugrinic,ch SUI,"MF,FW",Emmen,20,1999,6.7,22,10,5,16,1,6,19,13,13,3,10,10,32,12,0,Matches
440,Adnan Ugur,be BEL,"MF,DF",Fortuna Sittard,18,2001,3.3,5,3,3,2,0,3,8,5,3,0,3,2,7,1,0,Matches
441,Lars Unnerstall,de GER,GK,PSV Eindhoven,29,1990,14.0,1,0,1,0,0,1,1,0,0,0,0,0,1,6,1,Matches
442,Etienne Vaessen,sr SUR,GK,RKC Waalwijk,24,1995,23.5,3,2,3,0,0,3,7,4,1,0,1,1,4,13,3,Matches
443,Dario Van den Buijs,be BEL,DF,Heracles Almelo,23,1995,5.8,10,6,5,5,0,5,9,4,8,6,2,10,20,25,0,Matches
444,Bruno Varela,cv CPV,GK,Ajax,24,1994,1.0,0,0,0,0,0,0,0,0,0,0,0,0,0,0,0,Matches
445,Keziah Veendorp,nl NED,DF,Emmen,22,1997,15.4,32,23,20,12,0,15,22,7,16,9,7,27,59,63,2,Matches
446,Joey Veerman,nl NED,"MF,FW",Heerenveen,20,1998,19.6,50,32,16,29,5,21,53,32,26,2,24,13,63,16,0,Matches
447,Lars Veldwijk,za RSA,FW,Sparta R'dam,27,1991,5.1,3,2,1,1,1,0,2,2,1,0,1,2,5,10,0,Matches
448,Stefan Velkov,bg BUL,DF,RKC Waalwijk,22,1996,3.0,5,4,3,2,0,3,5,2,6,5,1,5,10,10,0,Matches
449,Joël Veltman,nl NED,DF,Ajax,27,1992,18.3,60,33,34,23,3,27,41,14,11,6,5,22,82,64,0,Matches
450,Nick Venema,nl NED,FW,Utrecht,20,1999,1.2,1,1,0,1,0,0,4,4,2,0,2,0,1,0,0,Matches
Rk,Player,Nation,Pos,Squad,Age,Born,90s,Tkl,TklW,Def 3rd,Mid 3rd,Att 3rd,Tkl,Att,Lost,Blocks,Sh,Pass,Int,Tkl+Int,Clr,Err,Matches
451,Dylan Vente,nl NED,FW,RKC Waalwijk,20,1999,10.6,11,9,2,7,2,3,8,5,9,3,6,2,13,6,0,Matches
452,Dylan Vente,nl NED,FW,Feyenoord,20,1999,0.7,0,0,0,0,0,0,0,0,0,0,0,0,0,0,0,Matches
453,Calvin Verdonk,id IDN,DF,Twente,22,1997,21.7,66,38,36,26,4,37,55,18,23,4,19,41,107,81,1,Matches
454,Paul Verhaegh,nl NED,DF,Twente,35,1983,4.3,7,4,6,0,1,4,7,3,4,1,3,3,10,16,0,Matches
455,Kenneth Vermeer,nl NED,GK,Feyenoord,33,1986,16.0,0,0,0,0,0,0,0,0,0,0,0,0,0,4,1,Matches
456,Kevin Vermeulen,nl NED,"MF,FW",RKC Waalwijk,28,1990,1.1,0,0,0,0,0,0,0,0,2,0,2,0,0,0,0,Matches
457,Nick Viergever,nl NED,DF,PSV Eindhoven,29,1989,22.7,34,22,25,9,0,14,24,10,29,20,9,27,61,76,1,Matches
458,Ron Vlaar,nl NED,DF,AZ Alkmaar,34,1985,8.6,14,5,10,4,0,10,14,4,6,6,0,8,22,22,0,Matches
459,Robbert de Vos,nl NED,"FW,MF",Emmen,23,1996,4.2,9,5,6,3,0,3,11,8,4,3,1,1,10,4,0,Matches
460,Bart Vriends,nl NED,DF,Sparta R'dam,28,1991,25.9,28,17,20,8,0,13,28,15,27,16,11,33,61,143,1,Matches
461,Patrick Vroegh,nl NED,MF,Vitesse,19,1999,2.8,5,4,1,3,1,2,5,3,1,0,1,4,9,2,0,Matches
462,Marious Vrousai,gr GRE,"MF,FW",Willem II,21,1998,10.6,18,11,7,6,5,2,12,10,7,1,6,8,26,7,1,Matches
463,Haris Vučkić,si SVN,FW,Twente,26,1992,22.8,19,12,5,5,9,6,18,12,12,3,9,6,25,20,0,Matches
464,Django Warmerdam,nl NED,"DF,FW",Groningen,23,1995,18.1,36,25,21,11,4,11,27,16,19,5,14,34,70,42,1,Matches
465,Ingo van Weert,nl NED,"DF,MF",RKC Waalwijk,25,1994,2.4,3,1,3,0,0,1,5,4,3,0,3,1,4,9,0,Matches
466,Timon Wellenreuther,de GER,GK,Willem II,23,1995,25.0,0,0,0,0,0,0,1,1,0,0,0,1,1,7,4,Matches
467,Sai van Wermeskerken,jp JPN,DF,Zwolle,25,1994,14.2,43,27,29,9,5,18,36,18,8,3,5,18,61,31,2,Matches
468,Jarno Westerman,nl NED,FW,Zwolle,17,2002,1.0,0,0,0,0,0,0,1,1,0,0,0,0,0,0,0,Matches
469,Owen Wijndal,nl NED,DF,AZ Alkmaar,19,1999,23.4,48,27,22,20,6,23,41,18,26,9,17,33,81,43,0,Matches
470,Dani de Wit,nl NED,"MF,FW",AZ Alkmaar,21,1998,17.0,28,13,5,19,4,12,25,13,12,1,11,11,39,15,0,Matches
471,Michael Woud,nz NZL,GK,Willem II,20,1999,1.0,0,0,0,0,0,0,0,0,0,0,0,0,0,0,0,Matches
472,Lucas Woudenberg,nl NED,DF,Heerenveen,25,1994,10.8,41,26,27,11,3,21,30,9,13,5,8,15,56,27,0,Matches
473,Haji Wright,us USA,FW,VVV-Venlo,21,1998,15.6,12,7,6,4,2,5,13,8,9,2,7,5,17,9,0,Matches
474,Stijn Wuytens,be BEL,DF,AZ Alkmaar,29,1989,19.9,20,13,12,8,0,10,23,13,18,14,4,31,51,48,1,Matches
475,John Yeboah,ec ECU,FW,VVV-Venlo,19,2000,11.2,5,5,4,0,1,2,15,13,5,1,4,10,15,3,0,Matches
Rk,Player,Nation,Pos,Squad,Age,Born,90s,Tkl,TklW,Def 3rd,Mid 3rd,Att 3rd,Tkl,Att,Lost,Blocks,Sh,Pass,Int,Tkl+Int,Clr,Err,Matches
476,Deyovaisio Zeefuik,nl NED,DF,Groningen,21,1998,25.5,77,58,51,21,5,44,70,26,43,18,25,36,113,61,1,Matches
477,Agim Zeka,al ALB,"FW,MF",Fortuna Sittard,20,1998,0.9,1,0,0,1,0,0,2,2,1,0,1,0,1,0,0,Matches
478,Rafik Zekhnini,no NOR,"FW,MF",Twente,21,1998,7.9,10,8,4,5,1,5,14,9,8,0,8,4,14,2,0,Matches
479,Michael Zetterer,de GER,GK,Zwolle,24,1995,13.0,0,0,0,0,0,0,1,1,0,0,0,0,0,4,0,Matches
480,Hakim Ziyech,ma MAR,"FW,MF",Ajax,26,1993,17.9,38,22,9,13,16,11,34,23,12,1,11,10,48,1,0,Matches
481,Jeroen Zoet,nl NED,GK,Utrecht,28,1991,7.0,0,0,0,0,0,0,0,0,0,0,0,1,1,1,3,Matches
482,Jeroen Zoet,nl NED,GK,PSV Eindhoven,28,1991,11.0,0,0,0,0,0,0,0,0,1,0,1,1,1,1,1,Matches
483,Rick Zuijderwijk,nl NED,"MF,DF",Willem II,18,2001,0.2,1,1,1,0,0,0,0,0,1,0,1,0,1,0,0,Matches
484,Robert Zwinkels,nl NED,GK,ADO Den Haag,36,1983,5.0,0,0,0,0,0,0,0,0,0,0,0,0,0,3,0,Matches
