rk,player,nation,pos,squad,age,born,90s,att,live,dead,fk,tb,sw,crs,ti,ck,in,out,str,cmp,off,blocks,matches
1,Hiroyuki Abe,jp JPN,"MF,FW",Grampus,30,1989,19.4,,,,,,,16,,,,,,,,,Matches
2,Shuto Abe,jp JPN,MF,FC Tokyo,22,1997,23.7,,,,,,,16,,,,,,,,,Matches
3,Yuki Abe,jp JPN,MF,Urawa Reds,38,1981,1.2,,,,,,,0,,,,,,,,,Matches
4,Adaílton,br BRA,FW,FC Tokyo,29,1990,16.2,,,,,,,25,,,,,,,,,Matches
5,Ademilson,br BRA,FW,Gamba Osaka,26,1994,11.6,,,,,,,12,,,,,,,,,Matches
6,Shuhei Akasaki,jp JPN,FW,Vegalta Sendai,28,1991,4.7,,,,,,,5,,,,,,,,,Matches
7,Yosuke Akiyama,jp JPN,DF,Grampus,24,1995,0.7,,,,,,,2,,,,,,,,,Matches
8,Juan Alano,br BRA,"MF,FW",Kashima Antlers,23,1996,22.2,,,,,,,113,,,,,,,,,Matches
9,Tiago Alves,br BRA,"FW,MF",Sagan Tosu,27,1993,6.9,,,,,,,20,,,,,,,,,Matches
10,Jun Amano,jp JPN,MF,Marinos,28,1991,12.7,,,,,,,72,,,,,,,,,Matches
11,Maurício Antônio,br BRA,DF,Urawa Reds,27,1992,2.0,,,,,,,0,,,,,,,,,Matches
12,Ryota Aoki,jp JPN,MF,Grampus,23,1996,0.2,,,,,,,0,,,,,,,,,Matches
13,Takuya Aoki,jp JPN,MF,Urawa Reds,30,1989,12.5,,,,,,,6,,,,,,,,,Matches
14,Toshihiro Aoyama,jp JPN,MF,Sanfrecce,33,1986,24.6,,,,,,,24,,,,,,,,,Matches
15,Hayato Araki,jp JPN,DF,Sanfrecce,23,1996,33.0,,,,,,,3,,,,,,,,,Matches
16,Ryotaro Araki,jp JPN,MF,Kashima Antlers,18,2002,10.1,,,,,,,19,,,,,,,,,Matches
17,Takuma Arano,jp JPN,"MF,FW",Consa Sapporo,26,1993,23.2,,,,,,,12,,,,,,,,,Matches
18,Arthur,br BRA,MF,FC Tokyo,24,1995,19.8,,,,,,,7,,,,,,,,,Matches
19,Yuya Asano,jp JPN,"MF,FW",Sanfrecce,22,1997,18.6,,,,,,,52,,,,,,,,,Matches
20,Kashif Bangunagande,jp JPN,DF,FC Tokyo,18,2001,1.9,,,,,,,12,,,,,,,,,Matches
21,Akimi Barada,jp JPN,MF,Shonan Bellmare,28,1991,15.8,,,,,,,36,,,,,,,,,Matches
22,Jay Bothroyd,eng ENG,FW,Consa Sapporo,37,1982,14.9,,,,,,,7,,,,,,,,,Matches
23,Theerathon Bunmathan,th THA,"DF,MF",Marinos,29,1990,22.0,,,,,,,111,,,,,,,,,Matches
24,Carlinhos,br BRA,"FW,MF",S-Pulse,25,1994,25.8,,,,,,,36,,,,,,,,,Matches
25,Yusuke Chajima,jp JPN,MF,Sanfrecce,28,1991,19.3,,,,,,,88,,,,,,,,,Matches
Rk,Player,Nation,Pos,Squad,Age,Born,90s,Att,Live,Dead,FK,TB,Sw,Crs,TI,CK,In,Out,Str,Cmp,Off,Blocks,Matches
26,Kei Chinen,jp JPN,FW,Oita Trinita,24,1995,17.2,,,,,,,10,,,,,,,,,Matches
27,Isaac Cuenca,es ESP,"MF,FW",Vegalta Sendai,28,1991,8.6,,,,,,,13,,,,,,,,,Matches
28,Leandro Damião,br BRA,FW,Kawa Frontale,30,1989,19.8,,,,,,,18,,,,,,,,,Matches
29,Teerasil Dangda,th THA,FW,S-Pulse,31,1988,7.9,,,,,,,4,,,,,,,,,Matches
30,Dankler,br BRA,DF,Vissel Kobe,28,1992,20.0,,,,,,,14,,,,,,,,,Matches
31,Riku Danzaki,jp JPN,MF,Consa Sapporo,19,2000,0.1,,,,,,,2,,,,,,,,,Matches
32,Thomas Deng,au AUS,DF,Urawa Reds,22,1997,18.7,,,,,,,4,,,,,,,,,Matches
33,Leandro Desábato,ar ARG,MF,Cerezo Osaka,29,1990,23.0,,,,,,,9,,,,,,,,,Matches
34,Kodai Dohi,jp JPN,MF,Sanfrecce,18,2001,4.8,,,,,,,2,,,,,,,,,Matches
35,Shoma Doi,jp JPN,"MF,FW",Kashima Antlers,27,1992,23.3,,,,,,,48,,,,,,,,,Matches
36,Leandro Domingues,br BRA,"MF,FW",Yokohama FC,36,1983,2.9,,,,,,,25,,,,,,,,,Matches
37,Cho Dong-geon,kr KOR,FW,Sagan Tosu,33,1986,9.1,,,,,,,1,,,,,,,,,Matches
38,Douglas,br BRA,FW,Vissel Kobe,32,1987,19.0,,,,,,,5,,,,,,,,,Matches
39,Douglas,br BRA,"FW,MF",Consa Sapporo,25,1995,10.4,,,,,,,6,,,,,,,,,Matches
40,Dudu,br BRA,DF,Sagan Tosu,26,1993,20.9,,,,,,,7,,,,,,,,,Matches
41,Junior Dutra,br BRA,"FW,MF",S-Pulse,31,1988,12.3,,,,,,,23,,,,,,,,,Matches
42,Elsinho,br BRA,"DF,MF",S-Pulse,30,1989,16.6,,,,,,,23,,,,,,,,,Matches
43,Tarik Elyounoussi,no NOR,FW,Shonan Bellmare,31,1988,11.9,,,,,,,2,,,,,,,,,Matches
44,Keita Endo,jp JPN,MF,Marinos,22,1997,4.0,,,,,,,21,,,,,,,,,Matches
45,Yasuhito Endō,jp JPN,MF,Gamba Osaka,40,1980,4.1,,,,,,,1,,,,,,,,,Matches
46,Yasushi Endo,jp JPN,"FW,MF",Kashima Antlers,31,1988,9.6,,,,,,,84,,,,,,,,,Matches
47,Ataru Esaka,jp JPN,MF,Kashiwa Reysol,27,1992,29.8,,,,,,,73,,,,,,,,,Matches
48,Ewerton,br BRA,MF,Urawa Reds,27,1992,19.7,,,,,,,6,,,,,,,,,Matches
49,Ezequiel,br BRA,"MF,FW",Sanfrecce,21,1998,5.7,,,,,,,10,,,,,,,,,Matches
50,Lucas Fernandes,br BRA,MF,Consa Sapporo,25,1994,25.5,,,,,,,123,,,,,,,,,Matches
Rk,Player,Nation,Pos,Squad,Age,Born,90s,Att,Live,Dead,FK,TB,Sw,Crs,TI,CK,In,Out,Str,Cmp,Off,Blocks,Matches
51,Hiroki Fujiharu,jp JPN,"DF,MF",Gamba Osaka,31,1988,21.8,,,,,,,50,,,,,,,,,Matches
52,Haruya Fujii,jp JPN,DF,Grampus,19,2000,0.0,,,,,,,0,,,,,,,,,Matches
53,Tomoya Fujii,jp JPN,MF,Sanfrecce,21,1998,4.3,,,,,,,26,,,,,,,,,Matches
54,Kazuki Fujimoto,jp JPN,MF,Oita Trinita,21,1998,1.2,,,,,,,1,,,,,,,,,Matches
55,Noriaki Fujimoto,jp JPN,FW,Vissel Kobe,30,1989,14.0,,,,,,,4,,,,,,,,,Matches
56,Shota Fujio,jp JPN,FW,Cerezo Osaka,18,2001,0.3,,,,,,,0,,,,,,,,,Matches
57,Naoyuki Fujita,jp JPN,MF,Cerezo Osaka,32,1987,27.3,,,,,,,11,,,,,,,,,Matches
58,So Fujitani,jp JPN,"MF,DF",Vissel Kobe,22,1997,6.0,,,,,,,15,,,,,,,,,Matches
59,Kazuki Fukai,jp JPN,MF,Consa Sapporo,24,1995,10.6,,,,,,,2,,,,,,,,,Matches
60,Yuya Fukuda,jp JPN,"MF,DF",Gamba Osaka,20,1999,19.4,,,,,,,63,,,,,,,,,Matches
61,Akito Fukumori,jp JPN,DF,Consa Sapporo,27,1992,26.7,,,,,,,218,,,,,,,,,Matches
62,Akito Fukuta,jp JPN,MF,Shonan Bellmare,27,1992,3.2,,,,,,,1,,,,,,,,,Matches
63,Kyogo Furuhashi,jp JPN,"FW,MF",Vissel Kobe,25,1995,24.4,,,,,,,54,,,,,,,,,Matches
64,Ryo Germain,jp JPN,"MF,FW",Vegalta Sendai,24,1995,8.6,,,,,,,17,,,,,,,,,Matches
65,Yuta Goke,jp JPN,"MF,FW",Vissel Kobe,20,1999,15.3,,,,,,,6,,,,,,,,,Matches
66,Masaaki Goto,jp JPN,GK,Shonan Bellmare,25,1994,3.0,,,,,,,0,,,,,,,,,Matches
67,Yusuke Goto,jp JPN,"MF,FW",S-Pulse,26,1993,23.9,,,,,,,42,,,,,,,,,Matches
68,Hiroto Goya,jp JPN,"FW,MF",Kashiwa Reysol,26,1994,10.1,,,,,,,8,,,,,,,,,Matches
69,Alexandre Guedes,pt POR,"FW,MF",Vegalta Sendai,25,1994,16.2,,,,,,,26,,,,,,,,,Matches
70,Koji Hachisuka,jp JPN,DF,Vegalta Sendai,29,1990,15.6,,,,,,,88,,,,,,,,,Matches
71,Yutaro Hakamata,jp JPN,DF,Yokohama FC,23,1996,21.8,,,,,,,38,,,,,,,,,Matches
72,Takuma Hamasaki,jp JPN,MF,Vegalta Sendai,26,1993,18.7,,,,,,,140,,,,,,,,,Matches
73,Kento Haneda,jp JPN,"MF,DF",Oita Trinita,22,1997,9.6,,,,,,,3,,,,,,,,,Matches
74,Taichi Hara,jp JPN,"FW,MF",FC Tokyo,20,1999,7.2,,,,,,,7,,,,,,,,,Matches
75,Teruki Hara,jp JPN,DF,Sagan Tosu,21,1998,26.2,,,,,,,8,,,,,,,,,Matches
Rk,Player,Nation,Pos,Squad,Age,Born,90s,Att,Live,Dead,FK,TB,Sw,Crs,TI,CK,In,Out,Str,Cmp,Off,Blocks,Matches
76,Riki Harakawa,jp JPN,MF,Sagan Tosu,26,1993,25.3,,,,,,,87,,,,,,,,,Matches
77,Tatsuya Hasegawa,jp JPN,"MF,FW",Kawa Frontale,25,1994,6.3,,,,,,,12,,,,,,,,,Matches
78,Yushi Hasegawa,jp JPN,MF,Oita Trinita,23,1996,25.0,,,,,,,35,,,,,,,,,Matches
79,Kento Hashimoto,jp JPN,MF,FC Tokyo,26,1993,3.3,,,,,,,1,,,,,,,,,Matches
80,Daiki Hashioka,jp JPN,DF,Urawa Reds,20,1999,30.4,,,,,,,70,,,,,,,,,Matches
81,Sodai Hasukawa,jp JPN,DF,FC Tokyo,21,1998,0.1,,,,,,,0,,,,,,,,,Matches
82,Taiga Hata,jp JPN,MF,Shonan Bellmare,18,2002,13.0,,,,,,,62,,,,,,,,,Matches
83,Shinnosuke Hatanaka,jp JPN,DF,Marinos,24,1995,24.0,,,,,,,1,,,,,,,,,Matches
84,Go Hatano,jp JPN,GK,FC Tokyo,21,1998,10.0,,,,,,,0,,,,,,,,,Matches
85,Reo Hatate,jp JPN,"MF,FW",Kawa Frontale,22,1997,16.5,,,,,,,28,,,,,,,,,Matches
86,Ryo Hatsuse,jp JPN,"MF,DF",Vissel Kobe,22,1997,8.1,,,,,,,84,,,,,,,,,Matches
87,Ryota Hayasaka,jp JPN,MF,Consa Sapporo,34,1985,1.9,,,,,,,1,,,,,,,,,Matches
88,Akihiro Hayashi,jp JPN,GK,FC Tokyo,32,1987,23.0,,,,,,,0,,,,,,,,,Matches
89,Daichi Hayashi,jp JPN,"FW,MF",Sagan Tosu,22,1997,15.4,,,,,,,7,,,,,,,,,Matches
90,Takuto Hayashi,jp JPN,GK,Sanfrecce,37,1982,19.0,,,,,,,0,,,,,,,,,Matches
91,Keigo Higashi,jp JPN,"MF,FW",FC Tokyo,29,1990,5.0,,,,,,,13,,,,,,,,,Matches
92,Shunki Higashi,jp JPN,MF,Sanfrecce,19,2000,19.9,,,,,,,62,,,,,,,,,Matches
93,Masaaki Higashiguchi,jp JPN,GK,Gamba Osaka,33,1986,34.0,,,,,,,0,,,,,,,,,Matches
94,Yuta Higuchi,jp JPN,MF,Sagan Tosu,23,1996,23.7,,,,,,,87,,,,,,,,,Matches
95,Rei Hirakawa,jp JPN,MF,FC Tokyo,19,2000,0.1,,,,,,,0,,,,,,,,,Matches
96,Sho Hiramatsu,jp JPN,MF,Shonan Bellmare,21,1998,0.3,,,,,,,1,,,,,,,,,Matches
97,Yasuhiro Hiraoka,jp JPN,DF,Vegalta Sendai,33,1986,26.2,,,,,,,4,,,,,,,,,Matches
98,Rikuto Hirose,jp JPN,DF,Kashima Antlers,24,1995,9.9,,,,,,,50,,,,,,,,,Matches
99,Fuchi Honda,jp JPN,"MF,FW",Sagan Tosu,18,2001,14.8,,,,,,,8,,,,,,,,,Matches
100,Kyowaan Hoshi,jp JPN,DF,Yokohama FC,22,1997,7.3,,,,,,,2,,,,,,,,,Matches
Rk,Player,Nation,Pos,Squad,Age,Born,90s,Att,Live,Dead,FK,TB,Sw,Crs,TI,CK,In,Out,Str,Cmp,Off,Blocks,Matches
101,Yuji Hoshi,jp JPN,MF,Oita Trinita,27,1992,6.1,,,,,,,20,,,,,,,,,Matches
102,Mao Hosoya,jp JPN,FW,Kashiwa Reysol,18,2001,0.3,,,,,,,2,,,,,,,,,Matches
103,Shingo Hyodo,jp JPN,MF,Vegalta Sendai,34,1985,3.6,,,,,,,5,,,,,,,,,Matches
104,Akira Ibayashi,jp JPN,DF,Sanfrecce,29,1990,6.5,,,,,,,5,,,,,,,,,Matches
105,Hiroshi Ibusuki,jp JPN,FW,Shonan Bellmare,28,1991,7.1,,,,,,,1,,,,,,,,,Matches
106,Kazunari Ichimi,jp JPN,FW,Yokohama FC,22,1997,19.5,,,,,,,10,,,,,,,,,Matches
107,Yosuke Ideguchi,jp JPN,MF,Gamba Osaka,23,1996,25.3,,,,,,,23,,,,,,,,,Matches
108,Akihiro Ienaga,jp JPN,"FW,MF",Kawa Frontale,33,1986,23.4,,,,,,,62,,,,,,,,,Matches
109,Hiroki Iikura,jp JPN,GK,Vissel Kobe,33,1986,18.0,,,,,,,0,,,,,,,,,Matches
110,Ryutaro Iio,jp JPN,"DF,MF",Vegalta Sendai,29,1991,10.6,,,,,,,34,,,,,,,,,Matches
111,Sho Inagaki,jp JPN,MF,Grampus,28,1991,33.7,,,,,,,7,,,,,,,,,Matches
112,Andrés Iniesta,es ESP,MF,Vissel Kobe,35,1984,22.2,,,,,,,124,,,,,,,,,Matches
113,Masahiko Inoha,jp JPN,DF,Yokohama FC,34,1985,16.3,,,,,,,5,,,,,,,,,Matches
114,Kenta Inoue,jp JPN,"MF,FW",Oita Trinita,21,1998,2.3,,,,,,,10,,,,,,,,,Matches
115,Tomoya Inukai,jp JPN,DF,Kashima Antlers,26,1993,31.0,,,,,,,7,,,,,,,,,Matches
116,Park Iru-gyu,jp JPN,GK,Marinos,30,1989,12.0,,,,,,,0,,,,,,,,,Matches
117,Park Iru-gyu,jp JPN,GK,Sagan Tosu,30,1989,10.0,,,,,,,0,,,,,,,,,Matches
118,Kohei Isa,jp JPN,FW,Oita Trinita,28,1991,11.5,,,,,,,11,,,,,,,,,Matches
119,Ryotaro Ishida,jp JPN,MF,Grampus,18,2001,1.9,,,,,,,4,,,,,,,,,Matches
120,Hideki Ishige,jp JPN,DF,S-Pulse,25,1994,1.3,,,,,,,2,,,,,,,,,Matches
121,Hirokazu Ishihara,jp JPN,"DF,MF",Shonan Bellmare,20,1999,26.5,,,,,,,36,,,,,,,,,Matches
122,Naoki Ishihara,jp JPN,FW,Shonan Bellmare,35,1984,20.3,,,,,,,6,,,,,,,,,Matches
123,Takayoshi Ishihara,jp JPN,"MF,DF",Vegalta Sendai,27,1992,16.3,,,,,,,39,,,,,,,,,Matches
124,Kaisei Ishii,jp JPN,FW,Sagan Tosu,19,2000,11.0,,,,,,,2,,,,,,,,,Matches
125,Naoki Ishikawa,jp JPN,DF,Consa Sapporo,34,1985,0.2,,,,,,,2,,,,,,,,,Matches
Rk,Player,Nation,Pos,Squad,Age,Born,90s,Att,Live,Dead,FK,TB,Sw,Crs,TI,CK,In,Out,Str,Cmp,Off,Blocks,Matches
126,Makito Ito,jp JPN,DF,Marinos,27,1992,17.3,,,,,,,3,,,,,,,,,Matches
127,Ryotaro Ito,jp JPN,MF,Urawa Reds,21,1998,1.0,,,,,,,0,,,,,,,,,Matches
128,Sho Ito,jp JPN,FW,Kashima Antlers,31,1988,4.1,,,,,,,6,,,,,,,,,Matches
129,Takuya Iwanami,jp JPN,DF,Urawa Reds,25,1994,19.9,,,,,,,2,,,,,,,,,Matches
130,Yuto Iwasaki,jp JPN,FW,Shonan Bellmare,21,1998,6.5,,,,,,,8,,,,,,,,,Matches
131,Keisuke Iwashita,jp JPN,DF,Sagan Tosu,33,1986,0.7,,,,,,,0,,,,,,,,,Matches
132,Tomoki Iwata,jp JPN,DF,Oita Trinita,22,1997,30.0,,,,,,,70,,,,,,,,,Matches
133,Katsuya Iwatake,jp JPN,"DF,MF",Urawa Reds,23,1996,5.1,,,,,,,6,,,,,,,,,Matches
134,Ryuji Izumi,jp JPN,MF,Kashima Antlers,26,1993,18.0,,,,,,,17,,,,,,,,,Matches
135,Oh Jae-suk,kr KOR,DF,Grampus,30,1990,16.1,,,,,,,21,,,,,,,,,Matches
136,Oh Jae-suk,kr KOR,DF,Gamba Osaka,30,1990,1.0,,,,,,,1,,,,,,,,,Matches
137,Park Jeong-su,kr KOR,"MF,DF",Sagan Tosu,25,1994,4.2,,,,,,,2,,,,,,,,,Matches
138,Jesiel,br BRA,DF,Kawa Frontale,25,1994,26.7,,,,,,,2,,,,,,,,,Matches
139,Kim Jin-hyeon,kr KOR,GK,Cerezo Osaka,32,1987,34.0,,,,,,,1,,,,,,,,,Matches
140,Calvin Jong-a-Pin,nl NED,DF,Yokohama FC,33,1986,4.5,,,,,,,1,,,,,,,,,Matches
141,Matej Jonjić,hr CRO,DF,Cerezo Osaka,29,1991,34.0,,,,,,,2,,,,,,,,,Matches
142,Kim Jung-ya,kr KOR,DF,Vegalta Sendai,31,1988,12.1,,,,,,,2,,,,,,,,,Matches
143,Edigar Junio,br BRA,"FW,MF",Marinos,28,1991,7.2,,,,,,,1,,,,,,,,,Matches
144,Marcos Júnior,br BRA,"MF,FW",Marinos,27,1993,20.5,,,,,,,71,,,,,,,,,Matches
145,Yuki Kagawa,jp JPN,"MF,DF",Oita Trinita,27,1992,13.7,,,,,,,50,,,,,,,,,Matches
146,Yuji Kajikawa,jp JPN,GK,Marinos,28,1991,17.0,,,,,,,0,,,,,,,,,Matches
147,Yoichiro Kakitani,jp JPN,"MF,FW",Cerezo Osaka,30,1990,8.5,,,,,,,20,,,,,,,,,Matches
148,Jiro Kamata,jp JPN,DF,Kashiwa Reysol,34,1985,8.0,,,,,,,0,,,,,,,,,Matches
149,Yuta Kamiya,jp JPN,MF,Kashiwa Reysol,22,1997,9.2,,,,,,,45,,,,,,,,,Matches
150,Takashi Kanai,jp JPN,DF,S-Pulse,29,1990,9.6,,,,,,,32,,,,,,,,,Matches
Rk,Player,Nation,Pos,Squad,Age,Born,90s,Att,Live,Dead,FK,TB,Sw,Crs,TI,CK,In,Out,Str,Cmp,Off,Blocks,Matches
151,Takeshi Kanamori,jp JPN,"FW,MF",Sagan Tosu,25,1994,10.3,,,,,,,10,,,,,,,,,Matches
152,Mu Kanazaki,jp JPN,FW,Grampus,30,1989,21.2,,,,,,,18,,,,,,,,,Matches
153,Daiki Kaneko,jp JPN,MF,Shonan Bellmare,21,1998,26.7,,,,,,,18,,,,,,,,,Matches
154,Shota Kaneko,jp JPN,MF,S-Pulse,24,1995,19.0,,,,,,,41,,,,,,,,,Matches
155,Takuro Kaneko,jp JPN,MF,Consa Sapporo,22,1997,16.7,,,,,,,77,,,,,,,,,Matches
156,Yoshifumi Kashiwa,jp JPN,MF,Sanfrecce,32,1987,15.5,,,,,,,48,,,,,,,,,Matches
157,Yōsuke Kashiwagi,jp JPN,MF,Urawa Reds,32,1987,7.1,,,,,,,34,,,,,,,,,Matches
158,Eiichi Katayama,jp JPN,"DF,MF",Cerezo Osaka,28,1991,20.1,,,,,,,38,,,,,,,,,Matches
159,Hayao Kawabe,jp JPN,MF,Sanfrecce,24,1995,30.5,,,,,,,38,,,,,,,,,Matches
160,Naoki Kawaguchi,jp JPN,"DF,MF",Kashiwa Reysol,25,1994,6.1,,,,,,,14,,,,,,,,,Matches
161,Yosuke Kawai,jp JPN,MF,S-Pulse,30,1989,7.0,,,,,,,3,,,,,,,,,Matches
162,Riyo Kawamoto,jp JPN,FW,S-Pulse,18,2001,1.8,,,,,,,1,,,,,,,,,Matches
163,Shuhei Kawasaki,jp JPN,MF,Gamba Osaka,18,2001,3.0,,,,,,,3,,,,,,,,,Matches
164,Yasumasa Kawasaki,jp JPN,DF,Yokohama FC,27,1992,0.1,,,,,,,0,,,,,,,,,Matches
165,Hinata Kida,jp JPN,MF,Cerezo Osaka,19,2000,0.0,,,,,,,0,,,,,,,,,Matches
166,Takuya Kida,jp JPN,MF,Marinos,25,1994,24.8,,,,,,,6,,,,,,,,,Matches
167,Ryuho Kikuchi,jp JPN,DF,Vissel Kobe,23,1996,10.4,,,,,,,0,,,,,,,,,Matches
168,Yasuki Kimoto,jp JPN,"DF,MF",Cerezo Osaka,26,1993,20.8,,,,,,,5,,,,,,,,,Matches
169,Seiji Kimura,jp JPN,DF,FC Tokyo,18,2001,3.0,,,,,,,1,,,,,,,,,Matches
170,Kengo Kitazume,jp JPN,"DF,MF",Kashiwa Reysol,27,1992,15.2,,,,,,,42,,,,,,,,,Matches
171,Hiroshi Kiyotake,jp JPN,MF,Cerezo Osaka,30,1989,27.9,,,,,,,144,,,,,,,,,Matches
172,Seigo Kobayashi,jp JPN,MF,Oita Trinita,26,1994,0.5,,,,,,,0,,,,,,,,,Matches
173,Shota Kobayashi,jp JPN,"MF,DF",Shonan Bellmare,28,1991,8.9,,,,,,,42,,,,,,,,,Matches
174,Yu Kobayashi,jp JPN,FW,Kawa Frontale,32,1987,14.6,,,,,,,11,,,,,,,,,Matches
175,Yuki Kobayashi,jp JPN,MF,Oita Trinita,31,1988,6.8,,,,,,,2,,,,,,,,,Matches
Rk,Player,Nation,Pos,Squad,Age,Born,90s,Att,Live,Dead,FK,TB,Sw,Crs,TI,CK,In,Out,Str,Cmp,Off,Blocks,Matches
176,Yuki Kobayashi,jp JPN,DF,Yokohama FC,19,2000,24.9,,,,,,,3,,,,,,,,,Matches
177,Yusuke Kobayashi,jp JPN,MF,Kashiwa Reysol,25,1994,2.2,,,,,,,1,,,,,,,,,Matches
178,Yuzo Kobayashi,jp JPN,DF,Sagan Tosu,34,1985,1.8,,,,,,,1,,,,,,,,,Matches
179,Tsuyoshi Kodama,jp JPN,GK,FC Tokyo,32,1987,1.0,,,,,,,0,,,,,,,,,Matches
180,Taiyo Koga,jp JPN,DF,Kashiwa Reysol,21,1998,33.0,,,,,,,26,,,,,,,,,Matches
181,Yuta Koide,jp JPN,"MF,DF",Oita Trinita,25,1994,8.7,,,,,,,24,,,,,,,,,Matches
182,Ryuta Koike,jp JPN,"DF,MF",Marinos,24,1995,19.0,,,,,,,58,,,,,,,,,Matches
183,Yuta Koike,jp JPN,DF,Cerezo Osaka,23,1996,0.6,,,,,,,2,,,,,,,,,Matches
184,Kei Koizumi,jp JPN,DF,Kashima Antlers,24,1995,18.8,,,,,,,41,,,,,,,,,Matches
185,Yoshiaki Komai,jp JPN,"MF,FW",Consa Sapporo,27,1992,27.7,,,,,,,30,,,,,,,,,Matches
186,Kazuya Konno,jp JPN,FW,FC Tokyo,22,1997,2.5,,,,,,,14,,,,,,,,,Matches
187,Shinzo Koroki,jp JPN,FW,Urawa Reds,33,1986,21.6,,,,,,,13,,,,,,,,,Matches
188,Koki Kotegawa,jp JPN,MF,Oita Trinita,30,1989,0.0,,,,,,,0,,,,,,,,,Matches
189,Tomoya Koyamatsu,jp JPN,"MF,FW",Sagan Tosu,24,1995,27.4,,,,,,,40,,,,,,,,,Matches
190,Kazuki Kozuka,jp JPN,"MF,FW",Oita Trinita,25,1994,4.2,,,,,,,12,,,,,,,,,Matches
191,Kakeru Kumagawa,jp JPN,DF,Yokohama FC,22,1997,0.2,,,,,,,1,,,,,,,,,Matches
192,Shu Kurata,jp JPN,MF,Gamba Osaka,31,1988,25.8,,,,,,,29,,,,,,,,,Matches
193,Keisuke Kurokawa,jp JPN,"DF,MF",Gamba Osaka,22,1997,0.1,,,,,,,0,,,,,,,,,Matches
194,Shintaro Kurumaya,jp JPN,DF,Kawa Frontale,27,1992,13.6,,,,,,,17,,,,,,,,,Matches
195,Yuki Kusano,jp JPN,MF,Yokohama FC,23,1996,2.4,,,,,,,5,,,,,,,,,Matches
196,Kazuki Kushibiki,jp JPN,DF,Sanfrecce,26,1993,2.0,,,,,,,0,,,,,,,,,Matches
197,Mun Kyunggun,kr KOR,GK,Oita Trinita,24,1995,17.0,,,,,,,1,,,,,,,,,Matches
198,Ibba Laajab,no NOR,"FW,MF",Yokohama FC,34,1985,0.0,,,,,,,0,,,,,,,,,Matches
199,Mitchell Langerak,au AUS,GK,Grampus,31,1988,34.0,,,,,,,1,,,,,,,,,Matches
200,Leandro,br BRA,"FW,MF",FC Tokyo,26,1993,23.2,,,,,,,78,,,,,,,,,Matches
Rk,Player,Nation,Pos,Squad,Age,Born,90s,Att,Live,Dead,FK,TB,Sw,Crs,TI,CK,In,Out,Str,Cmp,Off,Blocks,Matches
201,Leo,br BRA,FW,Urawa Reds,22,1997,20.1,,,,,,,6,,,,,,,,,Matches
202,Erik Lima,br BRA,"MF,FW",Marinos,25,1994,20.0,,,,,,,55,,,,,,,,,Matches
203,Anderson Lopes,br BRA,"FW,MF",Consa Sapporo,26,1993,16.1,,,,,,,6,,,,,,,,,Matches
204,Renzo López,uy URU,FW,Sagan Tosu,25,1994,5.9,,,,,,,0,,,,,,,,,Matches
205,Koki Machida,jp JPN,DF,Kashima Antlers,22,1997,20.1,,,,,,,4,,,,,,,,,Matches
206,Yamato Machida,jp JPN,MF,Oita Trinita,30,1989,10.8,,,,,,,19,,,,,,,,,Matches
207,Daizen Maeda,jp JPN,"MF,FW",Marinos,22,1997,11.2,,,,,,,14,,,,,,,,,Matches
208,Naoki Maeda,jp JPN,MF,Grampus,25,1994,19.5,,,,,,,20,,,,,,,,,Matches
209,Ryosuke Maeda,jp JPN,MF,Oita Trinita,25,1994,5.5,,,,,,,0,,,,,,,,,Matches
210,Daiya Maekawa,jp JPN,GK,Vissel Kobe,25,1994,15.0,,,,,,,0,,,,,,,,,Matches
211,Maguinho,br BRA,"DF,MF",Yokohama FC,27,1993,21.2,,,,,,,53,,,,,,,,,Matches
212,Tomoaki Makino,jp JPN,DF,Urawa Reds,32,1987,24.5,,,,,,,1,,,,,,,,,Matches
213,Thiago Martins,br BRA,DF,Marinos,24,1995,20.0,,,,,,,1,,,,,,,,,Matches
214,Quenten Martinus,cw CUW,MF,Urawa Reds,28,1991,14.6,,,,,,,71,,,,,,,,,Matches
215,Yusuke Maruhashi,jp JPN,DF,Cerezo Osaka,29,1990,23.6,,,,,,,111,,,,,,,,,Matches
216,Yuichi Maruyama,jp JPN,DF,Grampus,30,1989,34.0,,,,,,,3,,,,,,,,,Matches
217,Takumi Mase,jp JPN,"MF,DF",Vegalta Sendai,21,1998,6.5,,,,,,,14,,,,,,,,,Matches
218,Simão Mate Junior,mz MOZ,DF,Vegalta Sendai,31,1988,14.3,,,,,,,0,,,,,,,,,Matches
219,Mateus,br BRA,MF,Grampus,25,1994,32.3,,,,,,,199,,,,,,,,,Matches
220,Diogo Mateus,br BRA,DF,Kawa Frontale,26,1993,3.0,,,,,,,28,,,,,,,,,Matches
221,Ken Matsubara,jp JPN,DF,Marinos,26,1993,19.2,,,,,,,22,,,,,,,,,Matches
222,Eitaro Matsuda,jp JPN,"MF,FW",Marinos,18,2001,5.9,,,,,,,20,,,,,,,,,Matches
223,Riku Matsuda,jp JPN,"DF,MF",Cerezo Osaka,28,1991,29.2,,,,,,,119,,,,,,,,,Matches
224,Riku Matsuda,jp JPN,DF,Gamba Osaka,20,1999,0.2,,,,,,,0,,,,,,,,,Matches
225,Temma Matsuda,jp JPN,"MF,FW",Shonan Bellmare,24,1995,22.5,,,,,,,96,,,,,,,,,Matches
Rk,Player,Nation,Pos,Squad,Age,Born,90s,Att,Live,Dead,FK,TB,Sw,Crs,TI,CK,In,Out,Str,Cmp,Off,Blocks,Matches
226,Daisuke Matsui,jp JPN,MF,Yokohama FC,38,1981,0.9,,,,,,,0,,,,,,,,,Matches
227,Hiroya Matsumoto,jp JPN,MF,Sanfrecce,19,2000,2.1,,,,,,,16,,,,,,,,,Matches
228,Rei Matsumoto,jp JPN,MF,Oita Trinita,31,1988,17.7,,,,,,,81,,,,,,,,,Matches
229,Yuta Matsumura,id IDN,MF,Kashima Antlers,18,2001,1.7,,,,,,,13,,,,,,,,,Matches
230,Yusuke Matsuo,jp JPN,MF,Yokohama FC,22,1997,16.8,,,,,,,31,,,,,,,,,Matches
231,Daiki Matsuoka,jp JPN,"MF,DF",Sagan Tosu,18,2001,29.8,,,,,,,10,,,,,,,,,Matches
232,Yoshiki Matsushita,jp JPN,MF,Vegalta Sendai,25,1994,8.6,,,,,,,28,,,,,,,,,Matches
233,Takuya Matsuura,jp JPN,MF,Yokohama FC,31,1988,20.5,,,,,,,31,,,,,,,,,Matches
234,Kazuaki Mawatari,jp JPN,"MF,DF",Shonan Bellmare,28,1991,4.6,,,,,,,49,,,,,,,,,Matches
235,Bruno Mendes,br BRA,FW,Cerezo Osaka,25,1994,16.3,,,,,,,3,,,,,,,,,Matches
236,Fabrício dos Santos Messias,br BRA,MF,Urawa Reds,29,1990,1.3,,,,,,,1,,,,,,,,,Matches
237,Ryohei Michibuchi,jp JPN,MF,Vegalta Sendai,25,1994,9.7,,,,,,,23,,,,,,,,,Matches
238,Masatoshi Mihara,jp JPN,MF,Kashiwa Reysol,31,1988,21.3,,,,,,,28,,,,,,,,,Matches
239,Kim Min-tae,kr KOR,DF,Consa Sapporo,26,1993,21.5,,,,,,,2,,,,,,,,,Matches
240,Yusuke Minagawa,jp JPN,FW,Yokohama FC,28,1991,12.8,,,,,,,8,,,,,,,,,Matches
241,Yuta Minami,jp JPN,GK,Yokohama FC,40,1979,11.9,,,,,,,0,,,,,,,,,Matches
242,Lucas Mineiro,br BRA,MF,Cerezo Osaka,23,1996,0.5,,,,,,,0,,,,,,,,,Matches
243,Kento Misao,jp JPN,MF,Kashima Antlers,23,1996,27.1,,,,,,,17,,,,,,,,,Matches
244,Yuto Misao,jp JPN,"DF,MF",Oita Trinita,28,1991,30.5,,,,,,,127,,,,,,,,,Matches
245,Hirotaka Mita,jp JPN,MF,FC Tokyo,29,1990,13.0,,,,,,,75,,,,,,,,,Matches
246,Kaoru Mitoma,jp JPN,"FW,MF",Kawa Frontale,22,1997,17.8,,,,,,,20,,,,,,,,,Matches
247,Kazushi Mitsuhira,jp JPN,"MF,FW",Oita Trinita,32,1988,9.9,,,,,,,9,,,,,,,,,Matches
248,Hiromu Mitsumaru,jp JPN,"DF,MF",Kashiwa Reysol,26,1993,18.1,,,,,,,116,,,,,,,,,Matches
249,Genta Miura,jp JPN,DF,Gamba Osaka,24,1995,19.1,,,,,,,6,,,,,,,,,Matches
250,Kazuyoshi Miura,jp JPN,FW,Yokohama FC,52,1967,0.8,,,,,,,0,,,,,,,,,Matches
Rk,Player,Nation,Pos,Squad,Age,Born,90s,Att,Live,Dead,FK,TB,Sw,Crs,TI,CK,In,Out,Str,Cmp,Off,Blocks,Matches
251,Daiki Miya,jp JPN,DF,Sagan Tosu,23,1996,13.0,,,,,,,3,,,,,,,,,Matches
252,Kazuya Miyahara,jp JPN,DF,Grampus,23,1996,1.8,,,,,,,5,,,,,,,,,Matches
253,Kota Miyamoto,jp JPN,"MF,DF",S-Pulse,23,1996,5.1,,,,,,,3,,,,,,,,,Matches
254,Taisei Miyashiro,jp JPN,"MF,FW",Kawa Frontale,19,2000,3.4,,,,,,,4,,,,,,,,,Matches
255,Kiwara Miyazaki,jp JPN,MF,FC Tokyo,21,1998,0.0,,,,,,,0,,,,,,,,,Matches
256,Hiroki Miyazawa,jp JPN,"MF,DF",Consa Sapporo,30,1989,26.0,,,,,,,10,,,,,,,,,Matches
257,Hidetoshi Miyuki,jp JPN,MF,Shonan Bellmare,26,1993,0.9,,,,,,,2,,,,,,,,,Matches
258,Kota Mizunuma,jp JPN,MF,Marinos,29,1990,12.3,,,,,,,90,,,,,,,,,Matches
259,Masato Morishige,jp JPN,DF,FC Tokyo,32,1987,28.0,,,,,,,4,,,,,,,,,Matches
260,Tsukasa Morishima,jp JPN,MF,Sanfrecce,22,1997,26.8,,,,,,,168,,,,,,,,,Matches
261,Ryoya Morishita,jp JPN,DF,Sagan Tosu,22,1997,27.5,,,,,,,86,,,,,,,,,Matches
262,Hidemasa Morita,jp JPN,MF,Kawa Frontale,24,1995,24.8,,,,,,,13,,,,,,,,,Matches
263,Tatsuya Morita,jp JPN,GK,Sagan Tosu,29,1990,8.0,,,,,,,0,,,,,,,,,Matches
264,Sei Muroya,jp JPN,DF,FC Tokyo,25,1994,8.6,,,,,,,29,,,,,,,,,Matches
265,Mitsunari Musaka,jp JPN,"DF,MF",S-Pulse,29,1991,8.5,,,,,,,4,,,,,,,,,Matches
266,Yuki Muto,jp JPN,"FW,MF",Urawa Reds,31,1988,15.0,,,,,,,50,,,,,,,,,Matches
267,Kensuke Nagai,jp JPN,FW,FC Tokyo,30,1989,16.3,,,,,,,12,,,,,,,,,Matches
268,Ryo Nagai,jp JPN,"FW,MF",Sanfrecce,28,1991,5.0,,,,,,,2,,,,,,,,,Matches
269,Ryota Nagaki,jp JPN,MF,Kashima Antlers,31,1988,13.6,,,,,,,94,,,,,,,,,Matches
270,Kazuki Nagasawa,jp JPN,MF,Urawa Reds,28,1991,19.0,,,,,,,26,,,,,,,,,Matches
271,Shun Nagasawa,jp JPN,FW,Vegalta Sendai,31,1988,21.6,,,,,,,4,,,,,,,,,Matches
272,Katsuya Nagato,jp JPN,DF,Kashima Antlers,25,1995,21.6,,,,,,,130,,,,,,,,,Matches
273,Shintaro Nago,jp JPN,MF,Kashima Antlers,23,1996,1.7,,,,,,,3,,,,,,,,,Matches
274,Hiroto Nakagawa,jp JPN,FW,Shonan Bellmare,25,1994,9.5,,,,,,,5,,,,,,,,,Matches
275,Teruhito Nakagawa,jp JPN,"MF,FW",Marinos,27,1992,10.4,,,,,,,28,,,,,,,,,Matches
Rk,Player,Nation,Pos,Squad,Age,Born,90s,Att,Live,Dead,FK,TB,Sw,Crs,TI,CK,In,Out,Str,Cmp,Off,Blocks,Matches
276,Shogo Nakahara,jp JPN,MF,Vegalta Sendai,25,1994,3.5,,,,,,,10,,,,,,,,,Matches
277,Hayato Nakama,jp JPN,MF,Kashiwa Reysol,27,1992,17.3,,,,,,,14,,,,,,,,,Matches
278,Hotaka Nakamura,jp JPN,DF,FC Tokyo,22,1997,18.6,,,,,,,25,,,,,,,,,Matches
279,Jiro Nakamura,jp JPN,MF,Gamba Osaka,16,2003,0.1,,,,,,,0,,,,,,,,,Matches
280,Keita Nakamura,jp JPN,MF,S-Pulse,26,1993,15.1,,,,,,,29,,,,,,,,,Matches
281,Kengo Nakamura,jp JPN,MF,Kawa Frontale,39,1980,6.1,,,,,,,48,,,,,,,,,Matches
282,Kosuke Nakamura,jp JPN,GK,Kashiwa Reysol,24,1995,9.7,,,,,,,0,,,,,,,,,Matches
283,Shunsuke Nakamura,jp JPN,MF,Yokohama FC,41,1978,2.7,,,,,,,13,,,,,,,,,Matches
284,Takumi Nakamura,jp JPN,DF,FC Tokyo,18,2001,12.7,,,,,,,39,,,,,,,,,Matches
285,Kojiro Nakano,jp JPN,GK,Consa Sapporo,20,1999,5.0,,,,,,,0,,,,,,,,,Matches
286,Shinya Nakano,jp JPN,DF,Sagan Tosu,16,2003,9.5,,,,,,,47,,,,,,,,,Matches
287,Yoshihiro Nakano,jp JPN,MF,Consa Sapporo,26,1993,1.6,,,,,,,0,,,,,,,,,Matches
288,Yuya Nakasaka,jp JPN,MF,Vissel Kobe,22,1997,0.8,,,,,,,0,,,,,,,,,Matches
289,Shinnosuke Nakatani,jp JPN,DF,Grampus,23,1996,34.0,,,,,,,0,,,,,,,,,Matches
290,Katsuhiro Nakayama,jp JPN,MF,Yokohama FC,23,1996,8.2,,,,,,,23,,,,,,,,,Matches
291,Tatsuki Nara,jp JPN,DF,Kashima Antlers,26,1993,4.0,,,,,,,0,,,,,,,,,Matches
292,Hikaru Naruoka,jp JPN,MF,S-Pulse,17,2002,1.8,,,,,,,3,,,,,,,,,Matches
293,Shumpei Naruse,jp JPN,DF,Grampus,19,2001,18.7,,,,,,,13,,,,,,,,,Matches
294,Ryo Nemoto,jp JPN,FW,Shonan Bellmare,19,2000,0.3,,,,,,,0,,,,,,,,,Matches
295,Daigo Nishi,jp JPN,"DF,MF",Vissel Kobe,32,1987,23.5,,,,,,,81,,,,,,,,,Matches
296,Yohei Nishibe,jp JPN,GK,S-Pulse,39,1980,1.0,,,,,,,0,,,,,,,,,Matches
297,Jun Nishikawa,jp JPN,MF,Cerezo Osaka,17,2002,2.2,,,,,,,1,,,,,,,,,Matches
298,Shusaku Nishikawa,jp JPN,GK,Urawa Reds,33,1986,34.0,,,,,,,0,,,,,,,,,Matches
299,Takuma Nishimura,jp JPN,"MF,FW",Vegalta Sendai,23,1996,12.6,,,,,,,28,,,,,,,,,Matches
300,Yasufumi Nishimura,jp JPN,MF,S-Pulse,20,1999,4.9,,,,,,,5,,,,,,,,,Matches
Rk,Player,Nation,Pos,Squad,Age,Born,90s,Att,Live,Dead,FK,TB,Sw,Crs,TI,CK,In,Out,Str,Cmp,Off,Blocks,Matches
301,Kenta Nishizawa,jp JPN,"MF,FW",S-Pulse,23,1996,26.8,,,,,,,221,,,,,,,,,Matches
302,Daiki Niwa,jp JPN,DF,FC Tokyo,34,1986,2.0,,,,,,,0,,,,,,,,,Matches
303,Kyohei Noborizato,jp JPN,DF,Kawa Frontale,29,1990,25.4,,,,,,,51,,,,,,,,,Matches
304,Yuki Nogami,jp JPN,DF,Sanfrecce,28,1991,27.8,,,,,,,20,,,,,,,,,Matches
305,Naoki Nomura,jp JPN,"MF,FW",Oita Trinita,28,1991,10.5,,,,,,,66,,,,,,,,,Matches
306,Gakuto Notsuda,jp JPN,MF,Sanfrecce,25,1994,2.7,,,,,,,8,,,,,,,,,Matches
307,Yuma Obata,jp JPN,GK,Vegalta Sendai,18,2001,7.0,,,,,,,0,,,,,,,,,Matches
308,Powell Obi,jp JPN,GK,Marinos,22,1997,1.6,,,,,,,0,,,,,,,,,Matches
309,Yutaro Oda,jp JPN,"MF,FW",Vissel Kobe,18,2001,7.4,,,,,,,7,,,,,,,,,Matches
310,Tsuyoshi Ogashiwa,jp JPN,"FW,MF",Consa Sapporo,21,1998,2.6,,,,,,,5,,,,,,,,,Matches
311,Keijiro Ogawa,jp JPN,"FW,MF",Vissel Kobe,27,1992,13.1,,,,,,,18,,,,,,,,,Matches
312,Ryoya Ogawa,jp JPN,DF,FC Tokyo,23,1996,26.5,,,,,,,73,,,,,,,,,Matches
313,Takahiro Ogihara,jp JPN,MF,Marinos,28,1991,24.4,,,,,,,39,,,,,,,,,Matches
314,Takuya Ogiwara,jp JPN,DF,Urawa Reds,20,1999,0.3,,,,,,,2,,,,,,,,,Matches
315,Yuki Ohashi,jp JPN,FW,Shonan Bellmare,23,1996,2.7,,,,,,,2,,,,,,,,,Matches
316,Ayumu Ohata,jp JPN,DF,Sagan Tosu,18,2001,8.8,,,,,,,15,,,,,,,,,Matches
317,Kazuki Oiwa,jp JPN,DF,Shonan Bellmare,30,1989,13.3,,,,,,,11,,,,,,,,,Matches
318,Takuya Okamoto,jp JPN,"MF,DF",Shonan Bellmare,27,1992,30.9,,,,,,,92,,,,,,,,,Matches
319,Makoto Okazaki,jp JPN,"DF,MF",S-Pulse,21,1998,6.1,,,,,,,7,,,,,,,,,Matches
320,Yuya Oki,jp JPN,GK,Kashima Antlers,20,1999,24.0,,,,,,,0,,,,,,,,,Matches
321,Takuo Ōkubo,jp JPN,GK,S-Pulse,30,1989,15.0,,,,,,,0,,,,,,,,,Matches
322,Ryo Okui,jp JPN,DF,S-Pulse,29,1990,13.6,,,,,,,27,,,,,,,,,Matches
323,Hiroaki Okuno,jp JPN,"FW,MF",Cerezo Osaka,30,1989,27.7,,,,,,,15,,,,,,,,,Matches
324,Kohei Okuno,jp JPN,MF,Gamba Osaka,19,2000,4.0,,,,,,,4,,,,,,,,,Matches
325,Diego Oliveira,br BRA,"FW,MF",FC Tokyo,29,1990,22.6,,,,,,,6,,,,,,,,,Matches
Rk,Player,Nation,Pos,Squad,Age,Born,90s,Att,Live,Dead,FK,TB,Sw,Crs,TI,CK,In,Out,Str,Cmp,Off,Blocks,Matches
326,Michael Olunga,ke KEN,FW,Kashiwa Reysol,25,1994,30.3,,,,,,,18,,,,,,,,,Matches
327,Takuma Ominami,jp JPN,DF,Kashiwa Reysol,22,1997,22.0,,,,,,,4,,,,,,,,,Matches
328,Ado Onaiwu,jp JPN,"FW,MF",Marinos,24,1995,10.5,,,,,,,8,,,,,,,,,Matches
329,Kazunari Ono,jp JPN,DF,Shonan Bellmare,30,1989,24.5,,,,,,,7,,,,,,,,,Matches
330,Yuji Ono,jp JPN,MF,Gamba Osaka,27,1992,5.1,,,,,,,13,,,,,,,,,Matches
331,Kosuke Onose,jp JPN,MF,Gamba Osaka,26,1993,23.0,,,,,,,64,,,,,,,,,Matches
332,Leo Osaki,jp JPN,DF,Vissel Kobe,28,1991,21.5,,,,,,,4,,,,,,,,,Matches
333,Keisuke Ōsako,jp JPN,GK,Sanfrecce,20,1999,15.0,,,,,,,0,,,,,,,,,Matches
334,Ryota Oshima,jp JPN,MF,Kawa Frontale,27,1993,16.5,,,,,,,51,,,,,,,,,Matches
335,Kosuke Ota,jp JPN,DF,Grampus,32,1987,4.2,,,,,,,31,,,,,,,,,Matches
336,Hidekazu Otani,jp JPN,MF,Kashiwa Reysol,35,1984,18.6,,,,,,,2,,,,,,,,,Matches
337,Yūki Ōtsu,jp JPN,"FW,MF",Marinos,29,1990,3.8,,,,,,,24,,,,,,,,,Matches
338,Joan Oumari,lb LIB,DF,FC Tokyo,31,1988,9.8,,,,,,,0,,,,,,,,,Matches
339,Pará,br BRA,DF,Vegalta Sendai,24,1995,10.4,,,,,,,40,,,,,,,,,Matches
340,Patric,br BRA,FW,Gamba Osaka,32,1987,18.7,,,,,,,4,,,,,,,,,Matches
341,Leandro Pereira,br BRA,FW,Sanfrecce,28,1991,20.4,,,,,,,4,,,,,,,,,Matches
342,Renato,br BRA,"MF,DF",S-Pulse,28,1992,24.5,,,,,,,16,,,,,,,,,Matches
343,Rhayner,br BRA,MF,Sanfrecce,29,1990,11.6,,,,,,,61,,,,,,,,,Matches
344,Richardson,br BRA,MF,Kashiwa Reysol,28,1991,20.9,,,,,,,9,,,,,,,,,Matches
345,Riuler,br BRA,MF,Shonan Bellmare,22,1998,0.1,,,,,,,0,,,,,,,,,Matches
346,Yuji Rokutan,jp JPN,GK,Yokohama FC,32,1987,22.1,,,,,,,0,,,,,,,,,Matches
347,Ryunosuke Sagara,jp JPN,MF,Sagan Tosu,17,2002,0.6,,,,,,,1,,,,,,,,,Matches
348,Koki Saito,jp JPN,"FW,MF",Yokohama FC,18,2001,21.5,,,,,,,34,,,,,,,,,Matches
349,Kosuke Saito,jp JPN,"MF,FW",Yokohama FC,22,1997,12.7,,,,,,,8,,,,,,,,,Matches
350,Manabu Saitō,jp JPN,"FW,MF",Kawa Frontale,29,1990,9.9,,,,,,,20,,,,,,,,,Matches
Rk,Player,Nation,Pos,Squad,Age,Born,90s,Att,Live,Dead,FK,TB,Sw,Crs,TI,CK,In,Out,Str,Cmp,Off,Blocks,Matches
351,Mitsuki Saito,jp JPN,MF,Shonan Bellmare,21,1999,25.0,,,,,,,22,,,,,,,,,Matches
352,Keisuke Saka,jp JPN,DF,Shonan Bellmare,24,1995,15.8,,,,,,,4,,,,,,,,,Matches
353,Gōtoku Sakai,jp JPN,"DF,MF",Vissel Kobe,28,1991,27.9,,,,,,,68,,,,,,,,,Matches
354,Tatsuhiro Sakamoto,jp JPN,MF,Cerezo Osaka,23,1996,30.4,,,,,,,68,,,,,,,,,Matches
355,Sergi Samper,es ESP,MF,Vissel Kobe,25,1995,20.1,,,,,,,24,,,,,,,,,Matches
356,Yuki Saneto,jp JPN,DF,Marinos,31,1989,5.0,,,,,,,1,,,,,,,,,Matches
357,Júnior Santos,br BRA,FW,Marinos,25,1994,16.4,,,,,,,14,,,,,,,,,Matches
358,Júnior Santos,br BRA,"FW,MF",Kashiwa Reysol,25,1994,0.2,,,,,,,0,,,,,,,,,Matches
359,Daiju Sasaki,jp JPN,"MF,FW",Vissel Kobe,29,1990,5.7,,,,,,,8,,,,,,,,,Matches
360,Sho Sasaki,jp JPN,DF,Sanfrecce,30,1989,31.6,,,,,,,24,,,,,,,,,Matches
361,Takumi Sasaki,jp JPN,MF,Vegalta Sendai,21,1998,6.5,,,,,,,27,,,,,,,,,Matches
362,Kazuhiro Sato,jp JPN,MF,Oita Trinita,29,1990,1.5,,,,,,,0,,,,,,,,,Matches
363,Kensuke Sato,jp JPN,MF,Yokohama FC,31,1989,15.5,,,,,,,7,,,,,,,,,Matches
364,Matheus Sávio,br BRA,MF,Kashiwa Reysol,22,1997,2.7,,,,,,,15,,,,,,,,,Matches
365,João Schmidt,br BRA,MF,Grampus,26,1993,10.0,,,,,,,6,,,,,,,,,Matches
366,Yusuke Segawa,jp JPN,MF,Kashiwa Reysol,25,1994,13.1,,,,,,,33,,,,,,,,,Matches
367,Ikuma Sekigawa,jp JPN,DF,Kashima Antlers,19,2000,13.0,,,,,,,1,,,,,,,,,Matches
368,Kunimitsu Sekiguchi,jp JPN,MF,Vegalta Sendai,34,1985,20.8,,,,,,,87,,,,,,,,,Matches
369,Takahiro Sekine,jp JPN,MF,Urawa Reds,24,1995,14.7,,,,,,,19,,,,,,,,,Matches
370,Ayumu Seko,jp JPN,DF,Cerezo Osaka,19,2000,24.6,,,,,,,3,,,,,,,,,Matches
371,Tatsuki Seko,jp JPN,"MF,DF",Yokohama FC,22,1997,26.2,,,,,,,37,,,,,,,,,Matches
372,Keiya Sento,jp JPN,MF,Marinos,25,1994,1.6,,,,,,,8,,,,,,,,,Matches
373,Yuji Senuma,jp JPN,"FW,MF",Yokohama FC,29,1990,9.2,,,,,,,5,,,,,,,,,Matches
374,Hwang Seok-ho,kr KOR,DF,S-Pulse,30,1989,17.2,,,,,,,29,,,,,,,,,Matches
375,Kim Seung-gyu,kr KOR,GK,Kashiwa Reysol,29,1990,23.9,,,,,,,0,,,,,,,,,Matches
Rk,Player,Nation,Pos,Squad,Age,Born,90s,Att,Live,Dead,FK,TB,Sw,Crs,TI,CK,In,Out,Str,Cmp,Off,Blocks,Matches
376,Ren Shibamoto,jp JPN,MF,Gamba Osaka,20,1999,0.0,,,,,,,0,,,,,,,,,Matches
377,Kosei Shibasaki,jp JPN,MF,Sanfrecce,35,1984,5.1,,,,,,,5,,,,,,,,,Matches
378,Sohsuke Shibata,jp JPN,MF,Shonan Bellmare,18,2001,5.5,,,,,,,7,,,,,,,,,Matches
379,Kai Shibato,jp JPN,MF,Urawa Reds,24,1995,19.1,,,,,,,11,,,,,,,,,Matches
380,Takaaki Shichi,jp JPN,"DF,MF",Yokohama FC,26,1993,16.1,,,,,,,51,,,,,,,,,Matches
381,Keiya Shiihashi,jp JPN,MF,Vegalta Sendai,22,1997,30.5,,,,,,,8,,,,,,,,,Matches
382,Toshio Shimakawa,jp JPN,MF,Oita Trinita,29,1990,22.3,,,,,,,4,,,,,,,,,Matches
383,Kohei Shimizu,jp JPN,"MF,DF",Sanfrecce,30,1989,2.0,,,,,,,2,,,,,,,,,Matches
384,Hokuto Shimoda,jp JPN,MF,Kawa Frontale,28,1991,4.9,,,,,,,37,,,,,,,,,Matches
385,Manato Shinada,jp JPN,MF,FC Tokyo,20,1999,8.6,,,,,,,6,,,,,,,,,Matches
386,Ryosuke Shindo,jp JPN,DF,Consa Sapporo,23,1996,16.5,,,,,,,20,,,,,,,,,Matches
387,Ryo Shinzato,jp JPN,DF,Gamba Osaka,29,1990,1.0,,,,,,,1,,,,,,,,,Matches
388,Kosuke Shirai,jp JPN,MF,Consa Sapporo,25,1994,8.9,,,,,,,55,,,,,,,,,Matches
389,Ryōhei Shirasaki,jp JPN,"MF,FW",Kashima Antlers,26,1993,3.4,,,,,,,5,,,,,,,,,Matches
390,Gen Shoji,jp JPN,DF,Gamba Osaka,27,1992,16.8,,,,,,,0,,,,,,,,,Matches
391,Honoya Shoji,jp JPN,DF,Cerezo Osaka,22,1997,0.1,,,,,,,0,,,,,,,,,Matches
392,Cristiano da Silva,br BRA,"MF,FW",Kashiwa Reysol,33,1987,14.1,,,,,,,101,,,,,,,,,Matches
393,Léo Silva,br BRA,MF,Kashima Antlers,34,1985,26.3,,,,,,,13,,,,,,,,,Matches
394,Hitoshi Sogahata,jp JPN,GK,Kashima Antlers,40,1979,1.0,,,,,,,0,,,,,,,,,Matches
395,Yuki Soma,jp JPN,MF,Grampus,22,1997,19.2,,,,,,,92,,,,,,,,,Matches
396,Itsuki Someno,jp JPN,"MF,FW",Kashima Antlers,18,2001,3.9,,,,,,,6,,,,,,,,,Matches
397,Yuta Someya,jp JPN,DF,Kashiwa Reysol,33,1986,3.9,,,,,,,0,,,,,,,,,Matches
398,Chanathip Songkrasin,th THA,"MF,FW",Consa Sapporo,26,1993,14.0,,,,,,,7,,,,,,,,,Matches
399,Everaldo Stum,br BRA,"FW,MF",Kashima Antlers,28,1991,29.3,,,,,,,34,,,,,,,,,Matches
400,Daiki Suga,jp JPN,MF,Consa Sapporo,21,1998,24.7,,,,,,,97,,,,,,,,,Matches
Rk,Player,Nation,Pos,Squad,Age,Born,90s,Att,Live,Dead,FK,TB,Sw,Crs,TI,CK,In,Out,Str,Cmp,Off,Blocks,Matches
401,Shunya Suganuma,jp JPN,DF,Gamba Osaka,29,1990,8.9,,,,,,,3,,,,,,,,,Matches
402,Takanori Sugeno,jp JPN,GK,Consa Sapporo,35,1984,28.0,,,,,,,1,,,,,,,,,Matches
403,Kenyu Sugimoto,jp JPN,FW,Urawa Reds,27,1992,14.4,,,,,,,7,,,,,,,,,Matches
404,Ryuji Sugimoto,jp JPN,MF,Yokohama FC,26,1993,1.4,,,,,,,2,,,,,,,,,Matches
405,Daiki Sugioka,jp JPN,DF,Kashima Antlers,21,1998,6.0,,,,,,,36,,,,,,,,,Matches
406,Kwoun Sun-tae,kr KOR,GK,Kashima Antlers,35,1984,7.0,,,,,,,0,,,,,,,,,Matches
407,Jung Sung-ryong,kr KOR,GK,Kawa Frontale,35,1985,34.0,,,,,,,0,,,,,,,,,Matches
408,Gu Sung-yun,kr KOR,GK,Consa Sapporo,25,1994,1.0,,,,,,,0,,,,,,,,,Matches
409,Daisuke Suzuki,jp JPN,DF,Urawa Reds,30,1990,3.2,,,,,,,0,,,,,,,,,Matches
410,Koji Suzuki,jp JPN,FW,Cerezo Osaka,30,1989,3.1,,,,,,,2,,,,,,,,,Matches
411,Musashi Suzuki,jp JPN,"MF,FW",Consa Sapporo,25,1994,3.3,,,,,,,0,,,,,,,,,Matches
412,Toichi Suzuki,jp JPN,"MF,DF",Shonan Bellmare,19,2000,10.1,,,,,,,64,,,,,,,,,Matches
413,Yoshinori Suzuki,jp JPN,DF,Oita Trinita,27,1992,33.0,,,,,,,0,,,,,,,,,Matches
414,Yuito Suzuki,jp JPN,"MF,FW",S-Pulse,18,2001,14.6,,,,,,,33,,,,,,,,,Matches
415,Jakub Słowik,pl POL,GK,Vegalta Sendai,28,1991,27.0,,,,,,,0,,,,,,,,,Matches
416,Koki Tachi,jp JPN,DF,Shonan Bellmare,22,1997,15.5,,,,,,,9,,,,,,,,,Matches
417,Jong Tae-se,kp PRK,FW,S-Pulse,35,1984,0.3,,,,,,,0,,,,,,,,,Matches
418,Kyosuke Tagawa,jp JPN,"MF,FW",FC Tokyo,20,1999,10.0,,,,,,,5,,,,,,,,,Matches
419,Shun Takagi,jp JPN,GK,Oita Trinita,30,1989,17.0,,,,,,,0,,,,,,,,,Matches
420,Toshiyuki Takagi,jp JPN,"FW,MF",Cerezo Osaka,28,1991,3.9,,,,,,,15,,,,,,,,,Matches
421,Yojiro Takahagi,jp JPN,MF,FC Tokyo,33,1986,17.7,,,,,,,11,,,,,,,,,Matches
422,Hideto Takahashi,jp JPN,"MF,DF",Sagan Tosu,32,1987,7.8,,,,,,,3,,,,,,,,,Matches
423,Shunki Takahashi,jp JPN,"DF,MF",Kashiwa Reysol,29,1990,10.5,,,,,,,24,,,,,,,,,Matches
424,Yoshiki Takahashi,jp JPN,MF,Sagan Tosu,34,1985,1.9,,,,,,,5,,,,,,,,,Matches
425,Yuji Takahashi,jp JPN,DF,Kashiwa Reysol,26,1993,7.2,,,,,,,2,,,,,,,,,Matches
Rk,Player,Nation,Pos,Squad,Age,Born,90s,Att,Live,Dead,FK,TB,Sw,Crs,TI,CK,In,Out,Str,Cmp,Off,Blocks,Matches
426,Keita Takahata,jp JPN,"DF,MF",Oita Trinita,19,2000,0.7,,,,,,,2,,,,,,,,,Matches
427,Tomoki Takamine,jp JPN,"MF,DF",Consa Sapporo,22,1997,18.2,,,,,,,20,,,,,,,,,Matches
428,Ryo Takano,jp JPN,"MF,DF",Marinos,25,1994,8.1,,,,,,,56,,,,,,,,,Matches
429,Ryu Takao,jp JPN,DF,Gamba Osaka,23,1996,27.8,,,,,,,58,,,,,,,,,Matches
430,Yohei Takaoka,jp JPN,GK,Marinos,23,1996,3.4,,,,,,,0,,,,,,,,,Matches
431,Yohei Takaoka,jp JPN,GK,Sagan Tosu,23,1996,16.0,,,,,,,0,,,,,,,,,Matches
432,Kaoru Takayama,jp JPN,MF,Oita Trinita,31,1988,5.4,,,,,,,5,,,,,,,,,Matches
433,Yuya Takazawa,jp JPN,"MF,FW",Oita Trinita,22,1997,12.9,,,,,,,5,,,,,,,,,Matches
434,Eijiro Takeda,jp JPN,"MF,DF",Yokohama FC,31,1988,2.7,,,,,,,17,,,,,,,,,Matches
435,Hidetoshi Takeda,jp JPN,MF,Urawa Reds,18,2001,0.8,,,,,,,3,,,,,,,,,Matches
436,Kosuke Taketomi,jp JPN,MF,Urawa Reds,29,1990,1.4,,,,,,,1,,,,,,,,,Matches
437,Ryo Takeuchi,jp JPN,MF,S-Pulse,28,1991,20.8,,,,,,,17,,,,,,,,,Matches
438,Haruhiko Takimoto,jp JPN,GK,Kashiwa Reysol,22,1997,0.4,,,,,,,0,,,,,,,,,Matches
439,Ao Tanaka,jp JPN,MF,Kawa Frontale,21,1998,24.3,,,,,,,60,,,,,,,,,Matches
440,Junya Tanaka,jp JPN,"FW,MF",Vissel Kobe,32,1987,7.8,,,,,,,17,,,,,,,,,Matches
441,Satoshi Tanaka,jp JPN,"DF,MF",Shonan Bellmare,17,2002,10.6,,,,,,,10,,,,,,,,,Matches
442,Shunta Tanaka,jp JPN,"DF,MF",Consa Sapporo,22,1997,27.1,,,,,,,15,,,,,,,,,Matches
443,Tatsuya Tanaka,jp JPN,MF,Oita Trinita,27,1992,24.2,,,,,,,110,,,,,,,,,Matches
444,Wataru Tanaka,jp JPN,MF,Vegalta Sendai,19,2000,1.9,,,,,,,14,,,,,,,,,Matches
445,Kosei Tani,jp JPN,GK,Shonan Bellmare,19,2000,25.0,,,,,,,1,,,,,,,,,Matches
446,Shogo Taniguchi,jp JPN,DF,Kawa Frontale,28,1991,27.4,,,,,,,0,,,,,,,,,Matches
447,Masakazu Tashiro,jp JPN,DF,Yokohama FC,31,1988,15.3,,,,,,,1,,,,,,,,,Matches
448,Yugo Tatsuta,jp JPN,DF,S-Pulse,21,1998,25.7,,,,,,,3,,,,,,,,,Matches
449,Hisashi Tawiah,jp JPN,DF,Vegalta Sendai,21,1998,5.7,,,,,,,2,,,,,,,,,Matches
450,Hayato Teruyama,jp JPN,DF,Vegalta Sendai,19,2000,3.2,,,,,,,3,,,,,,,,,Matches
Rk,Player,Nation,Pos,Squad,Age,Born,90s,Att,Live,Dead,FK,TB,Sw,Crs,TI,CK,In,Out,Str,Cmp,Off,Blocks,Matches
451,Kohei Tezuka,jp JPN,MF,Yokohama FC,23,1996,22.0,,,,,,,106,,,,,,,,,Matches
452,Ken Tokura,jp JPN,FW,Cerezo Osaka,33,1986,6.9,,,,,,,2,,,,,,,,,Matches
453,Daiki Tomii,jp JPN,GK,Shonan Bellmare,30,1989,6.0,,,,,,,0,,,,,,,,,Matches
454,Ryosuke Tone,jp JPN,DF,Oita Trinita,28,1991,6.7,,,,,,,1,,,,,,,,,Matches
455,Sachiro Toshima,jp JPN,MF,Kashiwa Reysol,24,1995,9.2,,,,,,,11,,,,,,,,,Matches
456,Shoji Toyama,jp JPN,FW,Gamba Osaka,17,2002,1.1,,,,,,,1,,,,,,,,,Matches
457,Yohei Toyoda,jp JPN,FW,Sagan Tosu,34,1985,6.6,,,,,,,0,,,,,,,,,Matches
458,Yuta Toyokawa,jp JPN,FW,Cerezo Osaka,25,1994,8.4,,,,,,,5,,,,,,,,,Matches
459,Dai Tsukamoto,jp JPN,FW,Gamba Osaka,18,2001,1.0,,,,,,,3,,,,,,,,,Matches
460,Keigo Tsunemoto,jp JPN,DF,Kashima Antlers,21,1998,0.1,,,,,,,1,,,,,,,,,Matches
461,Ryotaro Tsunoda,jp JPN,DF,Marinos,20,1999,0.1,,,,,,,0,,,,,,,,,Matches
462,Atsuto Uchida,jp JPN,DF,Kashima Antlers,31,1988,1.5,,,,,,,9,,,,,,,,,Matches
463,Takuya Uchida,jp JPN,"MF,FW",FC Tokyo,21,1998,11.9,,,,,,,9,,,,,,,,,Matches
464,Yuto Uchida,jp JPN,DF,Sagan Tosu,24,1995,18.2,,,,,,,64,,,,,,,,,Matches
465,Ayase Ueda,jp JPN,FW,Kashima Antlers,21,1998,12.8,,,,,,,8,,,,,,,,,Matches
466,Tomoya Ugajin,jp JPN,DF,Urawa Reds,31,1988,10.5,,,,,,,9,,,,,,,,,Matches
467,Togo Umeda,jp JPN,GK,S-Pulse,19,2000,17.0,,,,,,,0,,,,,,,,,Matches
468,Tsukasa Umesaki,jp JPN,MF,Shonan Bellmare,32,1987,0.3,,,,,,,9,,,,,,,,,Matches
469,Fumiya Unoki,jp JPN,MF,Kashiwa Reysol,18,2001,0.5,,,,,,,3,,,,,,,,,Matches
470,Takashi Usami,jp JPN,FW,Gamba Osaka,27,1992,23.5,,,,,,,192,,,,,,,,,Matches
471,Valdo,br BRA,DF,S-Pulse,27,1992,28.1,,,,,,,4,,,,,,,,,Matches
472,Thomas Vermaelen,be BEL,DF,Vissel Kobe,34,1985,13.3,,,,,,,0,,,,,,,,,Matches
473,Douglas Vieira,br BRA,"FW,MF",Sanfrecce,32,1987,19.8,,,,,,,16,,,,,,,,,Matches
474,Hugo Vieira,pt POR,FW,Consa Sapporo,31,1988,0.5,,,,,,,0,,,,,,,,,Matches
475,Alvino Volpi Neto,br BRA,GK,S-Pulse,27,1992,1.0,,,,,,,0,,,,,,,,,Matches
Rk,Player,Nation,Pos,Squad,Age,Born,90s,Att,Live,Dead,FK,TB,Sw,Crs,TI,CK,In,Out,Str,Cmp,Off,Blocks,Matches
476,Takuya Wada,jp JPN,MF,Marinos,29,1990,10.2,,,,,,,4,,,,,,,,,Matches
477,Yasuto Wakizaka,jp JPN,MF,Kawa Frontale,24,1995,18.0,,,,,,,106,,,,,,,,,Matches
478,Hirofumi Watanabe,jp JPN,DF,Vissel Kobe,32,1987,11.3,,,,,,,1,,,,,,,,,Matches
479,Kazuma Watanabe,jp JPN,FW,Gamba Osaka,33,1986,13.3,,,,,,,8,,,,,,,,,Matches
480,Kota Watanabe,jp JPN,MF,Marinos,21,1998,8.7,,,,,,,6,,,,,,,,,Matches
481,Tsuyoshi Watanabe,jp JPN,DF,FC Tokyo,22,1997,26.6,,,,,,,1,,,,,,,,,Matches
482,Daiki Watari,jp JPN,"MF,FW",Oita Trinita,26,1993,11.4,,,,,,,11,,,,,,,,,Matches
483,Gabriel Xavier,br BRA,"MF,FW",Grampus,26,1993,13.6,,,,,,,31,,,,,,,,,Matches
484,Kiichi Yajima,jp JPN,FW,FC Tokyo,24,1995,0.6,,,,,,,0,,,,,,,,,Matches
485,Shinya Yajima,jp JPN,MF,Gamba Osaka,26,1994,17.4,,,,,,,21,,,,,,,,,Matches
486,Hiroto Yamada,jp JPN,"MF,FW",Vegalta Sendai,19,2000,10.9,,,,,,,16,,,,,,,,,Matches
487,Naoki Yamada,jp JPN,"MF,FW",Shonan Bellmare,29,1990,7.8,,,,,,,8,,,,,,,,,Matches
488,Taiki Yamada,jp JPN,GK,Kashima Antlers,18,2002,2.0,,,,,,,0,,,,,,,,,Matches
489,Yuto Yamada,jp JPN,MF,Kashiwa Reysol,19,2000,0.1,,,,,,,0,,,,,,,,,Matches
490,Hotaru Yamaguchi,jp JPN,MF,Vissel Kobe,29,1990,32.0,,,,,,,11,,,,,,,,,Matches
491,Tetsushi Yamakawa,jp JPN,DF,Vissel Kobe,22,1997,5.0,,,,,,,6,,,,,,,,,Matches
492,Shuto Yamamoto,jp JPN,DF,Kashima Antlers,34,1985,6.7,,,,,,,15,,,,,,,,,Matches
493,Yuki Yamamoto,jp JPN,MF,Gamba Osaka,22,1997,19.4,,,,,,,43,,,,,,,,,Matches
494,Kazuya Yamamura,jp JPN,DF,Kawa Frontale,30,1989,6.5,,,,,,,0,,,,,,,,,Matches
495,Ryosuke Yamanaka,jp JPN,DF,Urawa Reds,26,1993,22.3,,,,,,,163,,,,,,,,,Matches
496,Miki Yamane,jp JPN,DF,Kawa Frontale,26,1993,30.4,,,,,,,49,,,,,,,,,Matches
497,Ryogo Yamasaki,jp JPN,FW,Grampus,27,1992,8.3,,,,,,,3,,,,,,,,,Matches
498,Tatsuya Yamashita,jp JPN,DF,Kashiwa Reysol,32,1987,15.0,,,,,,,1,,,,,,,,,Matches
499,Ryohei Yamazaki,jp JPN,"FW,MF",Kashiwa Reysol,30,1989,0.1,,,,,,,0,,,,,,,,,Matches
500,Takahiro Yanagi,jp JPN,DF,Vegalta Sendai,22,1997,18.6,,,,,,,65,,,,,,,,,Matches
Rk,Player,Nation,Pos,Squad,Age,Born,90s,Att,Live,Dead,FK,TB,Sw,Crs,TI,CK,In,Out,Str,Cmp,Off,Blocks,Matches
501,Takuya Yasui,jp JPN,MF,Vissel Kobe,21,1998,11.1,,,,,,,31,,,,,,,,,Matches
502,Reo Yasunaga,jp JPN,MF,Yokohama FC,19,2000,13.3,,,,,,,15,,,,,,,,,Matches
503,Takuji Yonemoto,jp JPN,MF,Grampus,29,1990,23.3,,,,,,,5,,,,,,,,,Matches
504,Ryang Yong-gi,kp PRK,MF,Sagan Tosu,38,1982,9.1,,,,,,,28,,,,,,,,,Matches
505,An Yong-woo,kr KOR,"MF,FW",Sagan Tosu,28,1991,3.2,,,,,,,17,,,,,,,,,Matches
506,Yutaka Yoshida,jp JPN,DF,Grampus,29,1990,27.6,,,,,,,34,,,,,,,,,Matches
507,Kenshin Yoshimaru,jp JPN,GK,Vissel Kobe,23,1996,1.0,,,,,,,0,,,,,,,,,Matches
508,Kazunori Yoshimoto,jp JPN,DF,S-Pulse,31,1988,0.8,,,,,,,0,,,,,,,,,Matches
509,Kyohei Yoshino,jp JPN,"DF,MF",Vegalta Sendai,25,1994,13.2,,,,,,,2,,,,,,,,,Matches
510,Kim Young-gwon,kr KOR,DF,Gamba Osaka,29,1990,27.5,,,,,,,3,,,,,,,,,Matches
511,Koya Yuruki,jp JPN,MF,Urawa Reds,24,1995,19.6,,,,,,,32,,,,,,,,,Matches
