rk,player,nation,pos,squad,age,born,90s,att,live,dead,fk,tb,sw,crs,ti,ck,in,out,str,cmp,off,blocks,matches
1,Francesco Acerbi,it ITA,DF,Lazio,31,1988,35.1,2073,1979,93,69,3,38,26,23,1,0,0,0,1844,1,12,Matches
2,Bobby Adekanye,nl NED,FW,Lazio,20,1999,2.1,43,42,1,0,0,0,1,1,0,0,0,0,38,0,0,Matches
3,Claud Adjapong,it ITA,DF,Hellas Verona,21,1998,2.6,83,69,14,0,0,0,3,14,0,0,0,0,58,0,1,Matches
4,Lucien Agoume,fr FRA,MF,Inter,17,2002,0.8,38,38,0,0,0,0,2,0,0,0,0,0,35,0,1,Matches
5,Kevin Agudelo,co COL,"MF,FW",Fiorentina,20,1998,0.7,37,36,0,0,0,0,0,0,0,0,0,0,29,1,0,Matches
6,Kevin Agudelo,co COL,"MF,FW",Genoa,20,1998,7.4,293,292,1,0,0,2,11,1,0,0,0,0,239,0,12,Matches
7,Emmanuel Agyemang-Badu,gh GHA,MF,Hellas Verona,28,1990,2.6,104,102,2,1,0,0,1,1,0,0,0,0,90,0,0,Matches
8,Ola Aina,ng NGA,DF,Torino,22,1996,23.1,1185,936,243,14,1,5,62,225,4,0,0,0,862,6,27,Matches
9,Luis Alberto,es ESP,MF,Lazio,26,1992,34.6,2296,1977,295,69,28,18,177,21,151,51,73,0,1793,24,38,Matches
10,Enrico Alfonso,it ITA,GK,Brescia,31,1988,3.1,80,42,38,14,0,0,0,0,0,0,0,0,58,0,0,Matches
11,Allan,br BRA,MF,Napoli,28,1991,14.2,842,806,33,17,2,6,13,16,0,0,0,0,726,3,16,Matches
12,Bruno Alves,pt POR,DF,Parma,37,1981,29.7,1347,1253,90,82,0,45,13,2,0,0,0,0,1107,4,7,Matches
13,Sofyan Amrabat,ma MAR,MF,Hellas Verona,22,1996,32.4,1738,1638,91,82,6,27,25,9,0,0,0,0,1510,9,16,Matches
14,Djavan Anderson,sr SUR,"FW,DF",Lazio,24,1995,1.9,66,47,19,3,0,0,2,16,0,0,0,0,58,0,1,Matches
15,Lorenzo Andrenacci,it ITA,GK,Brescia,24,1995,5.9,162,76,86,20,0,0,0,0,0,0,0,0,124,0,0,Matches
16,Peter Ankersen,dk DEN,DF,Genoa,28,1990,11.8,607,528,77,8,0,1,22,69,0,0,0,0,495,2,7,Matches
17,Cristian Ansaldi,ar ARG,"DF,MF",Torino,32,1986,19.6,819,660,156,19,0,30,141,130,7,2,0,0,571,3,21,Matches
18,Mirko Antonucci,it ITA,"FW,MF",Roma,20,1999,0.9,21,21,0,0,0,0,0,0,0,0,0,0,16,0,0,Matches
19,Guilherme Arana,br BRA,DF,Atalanta,22,1997,0.9,56,47,9,0,0,0,4,9,0,0,0,0,42,0,3,Matches
20,Nicolò Armini,it ITA,DF,Lazio,18,2001,0.0,3,3,0,0,0,0,0,0,0,0,0,0,3,0,0,Matches
21,Kwadwo Asamoah,gh GHA,"DF,FW",Inter,30,1988,7.1,372,326,46,3,0,0,18,43,0,0,0,0,298,0,13,Matches
22,Kristoffer Askildsen,no NOR,MF,Sampdoria,18,2001,0.8,32,31,1,0,0,0,0,1,0,0,0,0,28,0,0,Matches
23,Emil Audero,id IDN,GK,Sampdoria,22,1997,36.0,1039,617,416,125,0,2,0,0,0,0,0,0,674,6,1,Matches
24,Tommaso Augello,it ITA,DF,Sampdoria,24,1994,12.6,823,691,130,11,0,2,82,118,1,0,0,0,632,2,18,Matches
25,Florian Ayé,fr FRA,"FW,MF",Brescia,22,1997,15.3,310,298,10,0,1,1,7,2,0,0,0,0,207,2,11,Matches
Rk,Player,Nation,Pos,Squad,Age,Born,90s,Att,Live,Dead,FK,TB,Sw,Crs,TI,CK,In,Out,Str,Cmp,Off,Blocks,Matches
26,Khouma Babacar,sn SEN,FW,Lecce,26,1993,15.8,292,281,10,0,1,2,2,2,0,0,0,0,213,1,7,Matches
27,Milan Badelj,hr CRO,MF,Fiorentina,30,1989,17.6,945,894,47,40,4,7,4,2,0,0,0,0,768,4,15,Matches
28,Marco Ballarini,it ITA,MF,Udinese,18,2001,0.0,5,5,0,0,0,0,0,0,0,0,0,0,5,0,0,Matches
29,Mario Balotelli,it ITA,FW,Brescia,28,1990,15.6,360,336,21,2,2,10,8,2,0,0,0,0,231,3,2,Matches
30,Mattia Bani,it ITA,DF,Bologna,25,1993,24.5,1169,1117,49,43,0,9,6,6,0,0,0,0,936,3,12,Matches
31,Antonín Barák,cz CZE,"MF,FW",Udinese,24,1994,2.2,101,94,7,3,0,0,7,2,2,1,1,0,75,0,5,Matches
32,Antonín Barák,cz CZE,MF,Lecce,24,1994,15.2,679,664,13,7,2,8,20,5,1,0,0,0,552,2,15,Matches
33,Nicolò Barella,it ITA,MF,Inter,22,1997,22.4,1237,1214,16,10,1,19,38,5,1,0,0,0,1007,7,30,Matches
34,Antonino Barillà,it ITA,MF,Parma,31,1988,18.8,523,505,15,3,1,1,25,2,7,3,2,0,399,3,14,Matches
35,Antonio Barreca,it ITA,"DF,FW",Genoa,24,1995,12.2,396,319,76,3,0,1,62,73,0,0,0,0,260,1,22,Matches
36,Édgar Barreto,py PAR,MF,Sampdoria,35,1984,1.0,31,30,1,1,1,0,0,0,0,0,0,0,27,0,0,Matches
37,Musa Barrow,gm GAM,"FW,MF",Bologna,20,1998,15.0,596,523,69,12,3,18,59,10,36,26,4,0,427,4,9,Matches
38,Musa Barrow,gm GAM,"FW,MF",Atalanta,20,1998,2.1,53,52,1,0,1,2,3,0,1,0,0,0,39,0,3,Matches
39,Daniele Baselli,it ITA,MF,Torino,27,1992,14.2,723,622,96,59,1,8,51,5,32,2,4,0,576,5,5,Matches
40,Alessandro Bastoni,it ITA,DF,Inter,20,1999,21.3,1460,1368,85,63,1,27,20,22,0,0,0,0,1278,7,17,Matches
41,Bastos,ao ANG,DF,Lazio,28,1991,8.5,422,408,13,11,0,1,1,2,0,0,0,0,374,1,5,Matches
42,Rodrigo Becão,br BRA,DF,Udinese,23,1996,24.6,1036,987,47,41,0,12,5,6,0,0,0,0,878,2,11,Matches
43,Asmir Begović,ba BIH,GK,Milan,32,1987,1.4,38,19,19,7,0,0,0,0,0,0,0,0,31,0,0,Matches
44,Valon Behrami,ch SUI,MF,Genoa,34,1985,12.3,441,424,14,14,0,2,1,0,0,0,0,0,365,3,9,Matches
45,Raoul Bellanova,it ITA,DF,Atalanta,19,2000,0.2,15,14,1,0,0,0,0,1,0,0,0,0,14,0,0,Matches
46,Andrea Belotti,it ITA,FW,Torino,25,1993,33.4,759,706,51,3,0,10,47,2,0,0,0,0,495,2,49,Matches
47,Marco Benassi,it ITA,MF,Fiorentina,24,1994,10.9,351,338,11,2,1,1,19,7,0,0,0,0,259,2,6,Matches
48,Ismaël Bennacer,dz ALG,MF,Milan,21,1997,27.6,1806,1682,117,72,1,22,34,3,25,3,20,0,1571,7,21,Matches
49,Rodrigo Bentancur,uy URU,MF,Juventus,22,1997,24.4,1627,1547,77,32,2,3,52,8,37,11,17,0,1418,3,26,Matches
50,Romario Benzar,ro ROU,DF,Lecce,27,1992,1.1,69,58,11,0,0,1,7,11,0,0,0,0,47,0,2,Matches
Rk,Player,Nation,Pos,Squad,Age,Born,90s,Att,Live,Dead,FK,TB,Sw,Crs,TI,CK,In,Out,Str,Cmp,Off,Blocks,Matches
51,Domenico Berardi,it ITA,FW,Sassuolo,24,1994,27.7,1212,1101,104,33,12,12,113,5,60,37,20,0,876,7,30,Matches
52,Álex Berenguer,es ESP,"MF,DF",Torino,24,1995,20.3,791,685,104,29,4,4,69,42,30,8,8,0,582,2,21,Matches
53,Bartosz Bereszyński,pl POL,DF,Sampdoria,27,1992,26.7,1350,1074,271,33,0,4,49,238,0,0,0,0,1038,5,29,Matches
54,Etrit Berisha,al ALB,GK,SPAL,30,1989,26.0,879,566,309,76,0,2,0,0,0,0,0,0,620,4,1,Matches
55,Valon Berisha,xk KVX,MF,Lazio,26,1993,0.4,6,6,0,0,0,0,0,0,0,0,0,0,4,0,0,Matches
56,Federico Bernardeschi,it ITA,"MF,FW",Juventus,25,1994,17.5,692,639,51,17,3,11,55,10,23,3,16,0,565,2,18,Matches
57,Andrea Bertolacci,it ITA,MF,Sampdoria,28,1991,5.9,254,246,8,8,0,4,3,0,0,0,0,0,199,0,1,Matches
58,Lucas Biglia,ar ARG,MF,Milan,33,1986,7.6,434,395,38,27,0,3,3,2,2,0,2,0,388,1,5,Matches
59,Cristiano Biraghi,it ITA,DF,Inter,26,1992,17.5,902,686,208,21,0,3,138,144,43,23,6,0,633,8,33,Matches
60,Davide Biraschi,it ITA,DF,Genoa,25,1994,21.9,1201,1010,188,32,0,2,39,156,0,0,0,0,896,3,30,Matches
61,Valter Birsa,si SVN,"MF,FW",Cagliari,32,1986,4.8,332,292,38,15,0,2,23,5,16,9,5,0,276,2,7,Matches
62,Dimitri Bisoli,it ITA,MF,Brescia,25,1994,23.9,785,751,25,1,1,6,64,20,0,0,0,0,494,9,36,Matches
63,Birkir Bjarnason,is ISL,"MF,FW",Brescia,31,1988,8.9,275,258,14,6,1,1,14,3,2,2,0,0,205,3,7,Matches
64,Kevin-Prince Boateng,gh GHA,FW,Fiorentina,32,1987,6.7,193,181,12,0,0,0,4,1,0,0,0,0,152,0,2,Matches
65,Salvatore Bocchetti,it ITA,DF,Hellas Verona,32,1986,3.4,167,161,5,2,0,0,0,3,0,0,0,0,135,1,3,Matches
66,Jeremie Boga,ci CIV,FW,Sassuolo,22,1997,27.9,983,973,10,3,0,0,24,5,2,1,0,0,832,0,20,Matches
67,Giacomo Bonaventura,it ITA,"MF,FW",Milan,29,1989,14.9,692,659,30,9,3,3,28,1,16,8,5,0,570,3,13,Matches
68,Federico Bonazzoli,it ITA,FW,Sampdoria,22,1997,8.3,210,198,11,1,1,6,10,1,0,0,0,0,147,1,8,Matches
69,Kevin Bonifazi,it ITA,DF,Torino,23,1996,2.7,97,94,3,3,0,1,0,0,0,0,0,0,80,0,0,Matches
70,Kevin Bonifazi,it ITA,DF,SPAL,23,1996,13.2,659,637,22,18,0,3,4,4,0,0,0,0,565,0,2,Matches
71,Federico Bonini,it ITA,DF,Bologna,17,2001,0.1,5,5,0,0,0,0,0,0,0,0,0,0,5,0,0,Matches
72,Leonardo Bonucci,it ITA,DF,Juventus,32,1987,34.2,2133,2045,79,75,8,35,6,4,0,0,0,0,1844,9,8,Matches
73,Fabio Borini,it ITA,"MF,FW",Hellas Verona,28,1991,9.0,263,241,18,3,1,1,18,6,8,0,7,0,178,4,11,Matches
74,Fabio Borini,it ITA,MF,Milan,28,1991,0.8,24,23,1,1,0,0,0,0,0,0,0,0,18,0,2,Matches
75,Mehdi Bourabia,ma MAR,MF,Sassuolo,27,1991,10.3,743,718,22,17,2,2,7,3,2,2,0,0,640,3,7,Matches
Rk,Player,Nation,Pos,Squad,Age,Born,90s,Att,Live,Dead,FK,TB,Sw,Crs,TI,CK,In,Out,Str,Cmp,Off,Blocks,Matches
76,Federico Brancolini,it ITA,GK,Fiorentina,18,2001,0.1,3,2,1,0,0,0,0,0,0,0,0,0,3,0,0,Matches
77,Gleison Bremer,br BRA,DF,Torino,22,1997,25.2,1137,1103,34,31,1,21,1,3,0,0,0,0,914,0,17,Matches
78,Marco Brescianini,it ITA,MF,Milan,19,2000,0.3,21,21,0,0,0,0,0,0,0,0,0,0,21,0,0,Matches
79,Marcelo Brozović,hr CRO,MF,Inter,26,1992,30.0,2149,2022,114,80,2,29,49,7,25,11,4,0,1885,13,23,Matches
80,Gastón Brugman,uy URU,MF,Parma,26,1992,16.2,674,637,36,23,2,13,12,2,9,2,7,0,557,1,6,Matches
81,Gianluigi Buffon,it ITA,GK,Juventus,41,1978,9.0,208,145,63,9,0,1,0,0,0,0,0,0,191,0,1,Matches
82,Fabrizio Cacciatore,it ITA,DF,Cagliari,32,1986,12.8,707,569,138,22,0,12,36,116,0,0,0,0,550,0,11,Matches
83,Martín Cáceres,uy URU,DF,Fiorentina,32,1987,26.2,1348,1197,148,63,0,28,12,84,0,0,0,0,1111,3,13,Matches
84,Felipe Caicedo,ec ECU,FW,Lazio,30,1988,15.6,407,402,3,1,3,0,0,1,0,0,0,0,312,2,6,Matches
85,Davide Calabria,it ITA,DF,Milan,22,1996,18.0,1168,983,184,18,1,9,48,166,0,0,0,0,938,1,21,Matches
86,Riccardo Calafiori,it ITA,DF,Roma,17,2002,0.7,13,13,0,0,0,0,0,0,0,0,0,0,9,0,0,Matches
87,Mattia Caldara,it ITA,DF,Atalanta,25,1994,10.7,448,430,18,18,0,1,2,0,0,0,0,0,393,0,2,Matches
88,Marco Calderoni,it ITA,DF,Lecce,30,1989,22.9,1122,892,225,32,0,5,100,170,23,0,13,0,816,5,55,Matches
89,Hakan Çalhanoğlu,tr TUR,"MF,FW",Milan,25,1994,30.0,1632,1467,156,44,8,22,151,18,90,37,38,0,1270,9,26,Matches
90,José Callejón,es ESP,"FW,MF",Napoli,32,1987,24.1,1236,1115,119,30,3,15,170,23,64,6,49,0,984,2,23,Matches
91,Emre Can,de GER,MF,Juventus,25,1994,3.2,162,158,4,2,1,1,3,2,0,0,0,0,143,0,1,Matches
92,Antonio Candreva,it ITA,DF,Inter,32,1987,22.1,1368,1140,219,10,0,37,178,177,32,3,24,0,1041,9,40,Matches
93,Gianmarco Cangiano,it ITA,"FW,MF",Bologna,17,2001,0.2,12,11,1,0,0,0,1,0,0,0,0,0,9,0,0,Matches
94,Gianluca Caprari,it ITA,"FW,MF",Sampdoria,26,1993,7.4,245,210,35,5,2,2,25,5,18,13,2,0,177,0,8,Matches
95,Gianluca Caprari,it ITA,"FW,MF",Parma,26,1993,6.5,214,183,28,9,0,2,22,1,10,2,5,1,164,3,4,Matches
96,Francesco Caputo,it ITA,FW,Sassuolo,31,1987,32.6,795,713,78,1,6,4,9,1,0,0,0,0,622,4,10,Matches
97,Andrea Carboni,it ITA,DF,Cagliari,18,2001,4.1,165,152,13,6,0,1,2,7,0,0,0,0,136,0,1,Matches
98,Francesco Cassata,it ITA,MF,Genoa,22,1997,16.2,649,620,25,6,1,10,27,16,3,2,0,0,497,4,23,Matches
99,Timothy Castagne,be BEL,DF,Atalanta,23,1995,19.7,1138,996,142,7,1,1,60,135,0,0,0,0,946,0,17,Matches
100,Samu Castillejo,es ESP,"FW,MF",Milan,24,1995,13.4,558,499,54,9,3,5,71,14,29,13,7,0,409,5,14,Matches
Rk,Player,Nation,Pos,Squad,Age,Born,90s,Att,Live,Dead,FK,TB,Sw,Crs,TI,CK,In,Out,Str,Cmp,Off,Blocks,Matches
101,Lucas Castro,ar ARG,MF,SPAL,30,1989,4.7,211,208,2,2,1,2,3,0,0,0,0,0,161,1,6,Matches
102,Lucas Castro,ar ARG,MF,Cagliari,30,1989,6.7,290,276,11,1,0,2,20,6,3,0,2,0,210,3,4,Matches
103,Gaetano Castrovilli,it ITA,MF,Fiorentina,22,1997,29.7,1124,1075,44,20,6,15,38,8,9,5,3,0,886,5,29,Matches
104,Danilo Cataldi,it ITA,MF,Lazio,24,1994,6.6,447,399,48,19,1,4,35,4,25,8,13,0,370,0,7,Matches
105,Federico Ceccherini,it ITA,DF,Fiorentina,27,1992,9.3,417,388,29,20,0,8,0,9,0,0,0,0,353,0,1,Matches
106,Christian Celesia,it ITA,DF,Torino,17,2002,0.0,1,1,0,0,0,0,0,0,0,0,0,0,1,0,0,Matches
107,Luca Ceppitelli,it ITA,DF,Cagliari,29,1989,13.8,527,502,24,24,0,7,4,0,0,0,0,0,403,1,3,Matches
108,Alberto Cerri,it ITA,FW,SPAL,23,1996,4.7,138,134,4,0,0,1,2,0,0,0,0,0,84,0,9,Matches
109,Alberto Cerri,it ITA,FW,Cagliari,23,1996,2.7,98,94,3,0,0,1,0,1,0,0,0,0,63,1,2,Matches
110,Julian Chabot,de GER,DF,Sampdoria,21,1998,6.3,259,244,14,12,0,4,0,2,0,0,0,0,216,1,0,Matches
111,Jhon Chancellor,ve VEN,DF,Brescia,27,1992,24.9,878,846,27,27,0,12,0,0,0,0,0,0,751,5,10,Matches
112,Giorgio Chiellini,it ITA,DF,Juventus,34,1984,2.2,111,110,1,1,0,0,0,0,0,0,0,0,97,0,1,Matches
113,Federico Chiesa,it ITA,"FW,DF",Fiorentina,21,1997,29.3,827,761,63,4,11,7,53,48,4,1,0,0,602,3,21,Matches
114,Vlad Chiricheș,ro ROU,DF,Sassuolo,29,1989,7.9,485,471,14,14,0,5,1,0,0,0,0,0,448,0,1,Matches
115,Luca Cigarini,it ITA,MF,Cagliari,33,1986,17.8,1240,1072,165,104,1,12,83,1,60,22,25,1,991,3,7,Matches
116,Thiago Cionek,pl POL,DF,SPAL,33,1986,24.1,1372,1114,251,66,0,5,60,185,0,0,0,0,1023,7,39,Matches
117,Andrea Cistana,it ITA,DF,Brescia,22,1997,20.4,829,779,49,43,1,5,4,6,0,0,0,0,694,1,11,Matches
118,Denilho Cleonise,nl NED,FW,Genoa,17,2001,0.5,7,7,0,0,0,0,0,0,0,0,0,0,7,0,0,Matches
119,Ebrima Colley,gm GAM,FW,Atalanta,19,2000,0.9,46,44,2,0,0,0,0,0,0,0,0,0,39,0,0,Matches
120,Omar Colley,gm GAM,DF,Sampdoria,26,1992,30.8,1377,1326,44,43,0,13,5,1,0,0,0,0,1113,7,8,Matches
121,Simone Colombi,it ITA,GK,Parma,28,1991,4.0,101,50,51,9,0,0,0,0,0,0,0,0,85,0,0,Matches
122,Lorenzo Colombo,it ITA,FW,Milan,17,2002,0.1,2,2,0,0,0,0,0,0,0,0,0,0,2,0,0,Matches
123,Andrea Consigli,it ITA,GK,Sassuolo,32,1987,31.0,988,703,280,75,1,5,0,0,0,0,0,0,775,5,0,Matches
124,Andrea Conti,it ITA,DF,Milan,25,1994,19.2,1058,876,179,26,0,2,24,153,0,0,0,0,876,3,11,Matches
125,Gabriele Corbo,it ITA,DF,Bologna,19,2000,1.4,62,61,1,1,0,4,1,0,0,0,0,0,57,0,0,Matches
Rk,Player,Nation,Pos,Squad,Age,Born,90s,Att,Live,Dead,FK,TB,Sw,Crs,TI,CK,In,Out,Str,Cmp,Off,Blocks,Matches
126,Andreas Cornelius,dk DEN,FW,Parma,26,1993,16.6,417,402,14,1,0,6,7,0,0,0,0,0,275,1,15,Matches
127,Joaquín Correa,ar ARG,FW,Lazio,24,1994,22.2,688,661,23,3,2,6,9,8,6,2,1,0,555,4,20,Matches
128,Douglas Costa,br BRA,"FW,MF",Juventus,28,1990,8.9,486,449,35,4,2,10,38,15,15,7,4,0,384,2,12,Matches
129,Angelo da Costa Júnior,br BRA,GK,Bologna,35,1983,1.0,26,20,6,2,0,0,0,0,0,0,0,0,24,0,0,Matches
130,Alessio Cragno,it ITA,GK,Cagliari,25,1994,16.0,472,259,211,55,0,0,0,0,0,0,0,0,305,2,0,Matches
131,Domenico Criscito,it ITA,DF,Genoa,32,1986,22.8,1280,1049,224,57,1,15,76,147,20,8,10,0,970,7,20,Matches
132,Bryan Cristante,it ITA,MF,Roma,24,1995,18.0,1069,1044,23,21,5,17,7,1,1,0,0,0,903,2,12,Matches
133,Sebastián Cristóforo,uy URU,MF,Fiorentina,25,1993,1.0,51,42,9,3,0,0,5,0,6,1,4,0,43,0,0,Matches
134,Juan Cuadrado,co COL,"DF,FW",Juventus,31,1988,29.5,2318,2063,251,49,4,37,86,202,0,0,0,0,2032,4,20,Matches
135,Jaume Cuéllar,bo BOL,"MF,FW",SPAL,17,2001,0.8,16,15,1,0,0,0,0,0,0,0,0,0,14,0,0,Matches
136,Felipe Curcio,br BRA,DF,Brescia,25,1993,0.1,12,11,1,0,0,0,2,1,0,0,0,0,8,0,0,Matches
137,Patrick Cutrone,it ITA,FW,Fiorentina,21,1998,9.3,168,163,5,0,1,1,6,1,0,0,0,0,118,0,9,Matches
138,Lennart-Marten Czyborra,de GER,DF,Atalanta,20,1999,0.2,9,8,1,0,0,0,1,1,0,0,0,0,8,0,0,Matches
139,Marco D'Alessandro,it ITA,"MF,DF",SPAL,28,1991,8.7,255,250,5,0,0,0,28,4,1,0,0,0,181,0,18,Matches
140,Danilo D'Ambrosio,it ITA,DF,Inter,30,1988,15.6,905,797,106,15,1,6,17,91,0,0,0,0,757,2,11,Matches
141,Felice D'Amico,it ITA,MF,Sampdoria,18,2000,0.0,5,3,2,0,0,0,0,0,2,0,0,0,4,0,0,Matches
142,Jacopo Da Riva,it ITA,MF,Atalanta,18,2000,0.0,2,2,0,0,0,0,0,0,0,0,0,0,2,0,0,Matches
143,Bryan Dabo,bf BFA,MF,SPAL,27,1992,12.5,568,556,11,5,0,3,4,5,0,0,0,0,489,1,6,Matches
144,Felipe dal Belo,br BRA,DF,SPAL,35,1984,11.1,466,422,40,19,0,4,4,21,0,0,0,0,391,4,8,Matches
145,Christian Dalle Mura,it ITA,FW,Fiorentina,17,2002,0.0,0,0,0,0,0,0,0,0,0,0,0,0,0,0,0,Matches
146,Danilo,br BRA,DF,Juventus,28,1991,16.0,1231,1102,128,20,1,10,29,108,0,0,0,0,1057,1,15,Matches
147,Andrea Danzi,it ITA,MF,Hellas Verona,20,1999,0.0,1,1,0,0,0,0,0,0,0,0,0,0,1,0,0,Matches
148,Matteo Darmian,it ITA,DF,Parma,29,1989,29.8,1523,1216,302,26,0,9,45,276,0,0,0,0,1199,5,27,Matches
149,Paweł Dawidowicz,pl POL,DF,Hellas Verona,24,1995,7.7,437,412,23,20,0,1,2,3,0,0,0,0,377,2,1,Matches
150,Sebastien De Maio,fr FRA,DF,Udinese,32,1987,16.7,663,627,34,25,0,6,6,9,0,0,0,0,520,2,8,Matches
Rk,Player,Nation,Pos,Squad,Age,Born,90s,Att,Live,Dead,FK,TB,Sw,Crs,TI,CK,In,Out,Str,Cmp,Off,Blocks,Matches
151,Rodrigo De Paul,ar ARG,MF,Udinese,25,1994,31.4,1837,1596,231,90,7,41,240,23,117,39,39,0,1357,10,44,Matches
152,Mattia De Sciglio,it ITA,DF,Juventus,26,1992,5.2,342,289,53,9,0,3,8,44,0,0,0,0,282,0,7,Matches
153,Lorenzo De Silvestri,it ITA,DF,Torino,31,1988,24.9,965,781,180,6,0,2,81,174,0,0,0,0,698,4,32,Matches
154,Grégoire Defrel,mq MTQ,"FW,MF",Sassuolo,28,1991,10.9,343,321,20,1,0,0,4,2,1,0,1,0,299,2,6,Matches
155,Alessandro Deiola,it ITA,MF,Cagliari,23,1995,0.0,1,1,0,0,0,0,0,0,0,0,0,0,0,0,0,Matches
156,Alessandro Deiola,it ITA,MF,Lecce,23,1995,8.0,295,288,6,5,1,7,10,0,0,0,0,0,222,1,9,Matches
157,Cristian Dell'Orco,it ITA,DF,Lecce,25,1994,11.2,559,493,66,13,0,10,27,53,0,0,0,0,442,0,18,Matches
158,Merih Demiral,tr TUR,DF,Juventus,21,1998,4.6,317,313,4,3,0,0,1,1,0,0,0,0,292,0,1,Matches
159,Diego Demme,de GER,MF,Napoli,27,1991,10.0,781,767,12,11,0,5,3,1,0,0,0,0,717,2,7,Matches
160,Stefano Denswil,sr SUR,DF,Bologna,26,1993,24.9,1282,1145,128,52,0,8,7,76,0,0,0,0,1091,9,11,Matches
161,Fabio Depaoli,it ITA,"MF,DF",Sampdoria,22,1997,20.6,688,616,66,8,2,3,82,58,0,0,0,0,459,6,36,Matches
162,Kastriot Dermaku,al ALB,DF,Parma,27,1992,11.4,389,364,24,15,0,5,1,3,0,0,0,0,325,1,3,Matches
163,Daniele Dessena,it ITA,MF,Brescia,32,1987,20.8,690,668,20,7,2,10,19,9,0,0,0,0,545,2,12,Matches
164,Mattia Destro,it ITA,FW,Bologna,28,1991,2.1,22,21,1,0,1,0,0,0,0,0,0,0,15,0,1,Matches
165,Mattia Destro,it ITA,"FW,MF",Genoa,28,1991,1.7,24,19,5,0,0,0,1,0,0,0,0,0,18,0,2,Matches
166,Samuel Di Carmine,it ITA,"FW,MF",Hellas Verona,30,1988,14.4,247,221,25,1,0,0,10,0,0,0,0,0,166,1,13,Matches
167,Federico Di Francesco,it ITA,FW,SPAL,25,1994,12.0,343,303,39,16,1,3,34,3,13,8,1,0,255,1,12,Matches
168,Giovanni Di Lorenzo,it ITA,DF,Napoli,25,1993,33.0,2280,1987,291,70,0,14,60,221,0,0,0,0,1979,2,41,Matches
169,Amad Diallo,ci CIV,FW,Atalanta,17,2002,0.3,19,18,1,0,0,0,1,0,1,1,0,0,13,0,1,Matches
170,Amadou Diawara,gn GUI,MF,Roma,22,1997,16.9,1005,972,30,29,5,11,2,1,0,0,0,0,890,3,4,Matches
171,Mitchell Dijks,nl NED,DF,Bologna,26,1993,11.2,545,439,106,12,0,1,28,94,0,0,0,0,424,0,16,Matches
172,Federico Dimarco,it ITA,DF,Hellas Verona,21,1997,5.8,425,361,64,13,0,3,57,27,24,9,15,0,308,0,8,Matches
173,Federico Dimarco,it ITA,DF,Inter,21,1997,0.3,13,11,2,0,0,0,0,2,0,0,0,0,11,0,0,Matches
174,Koffi Djidji,ci CIV,DF,Torino,26,1992,9.5,394,377,15,11,0,3,0,4,0,0,0,0,338,2,0,Matches
175,Berat Djimsiti,al ALB,DF,Atalanta,26,1993,30.9,1876,1763,111,57,0,20,3,54,0,0,0,0,1615,2,17,Matches
Rk,Player,Nation,Pos,Squad,Age,Born,90s,Att,Live,Dead,FK,TB,Sw,Crs,TI,CK,In,Out,Str,Cmp,Off,Blocks,Matches
176,Nicolás Domínguez,ar ARG,MF,Bologna,21,1998,7.8,407,376,29,18,2,3,5,10,0,0,0,0,337,2,8,Matches
177,Giulio Donati,it ITA,DF,Lecce,29,1990,19.6,993,840,151,27,0,8,57,124,0,0,0,0,841,2,11,Matches
178,Alfredo Donnarumma,it ITA,FW,Brescia,28,1990,18.7,437,399,35,0,1,4,7,3,0,0,0,0,296,3,20,Matches
179,Gianluigi Donnarumma,it ITA,GK,Milan,20,1999,35.6,1139,783,354,95,0,2,0,0,0,0,0,0,880,2,0,Matches
180,Bartłomiej Drągowski,pl POL,GK,Fiorentina,21,1997,31.0,900,594,304,83,0,3,0,0,0,0,0,0,645,2,1,Matches
181,Léo Duarte,br BRA,DF,Milan,23,1996,4.5,198,181,16,13,0,0,0,3,0,0,0,0,172,1,2,Matches
182,Edgaras Dubickas,lt LTU,DF,Lecce,21,1998,0.0,2,2,0,0,0,0,0,0,0,0,0,0,1,0,0,Matches
183,Alfred Duncan,gh GHA,MF,Fiorentina,26,1993,9.9,407,394,10,5,2,2,15,5,0,0,0,0,341,3,9,Matches
184,Alfred Duncan,gh GHA,MF,Sassuolo,26,1993,9.4,474,460,12,5,2,2,8,4,3,3,0,0,375,2,10,Matches
185,Paulo Dybala,ar ARG,"FW,MF",Juventus,25,1993,23.9,1524,1357,157,27,11,26,109,14,74,28,34,0,1264,10,24,Matches
186,Edin Džeko,ba BIH,FW,Roma,33,1986,31.7,793,754,35,2,6,11,19,0,3,1,0,0,543,4,25,Matches
187,Blerim Džemaili,ch SUI,MF,Bologna,33,1986,7.8,353,329,23,21,2,8,4,2,0,0,0,0,289,1,5,Matches
188,Simone Edera,it ITA,"MF,FW",Torino,22,1997,4.4,131,115,16,5,0,3,12,5,6,3,3,0,94,0,8,Matches
189,Albin Ekdal,se SWE,MF,Sampdoria,30,1989,26.5,1165,1092,69,63,2,1,9,6,0,0,0,0,991,4,12,Matches
190,Elif Elmas,mk MKD,MF,Napoli,19,1999,12.6,676,661,10,4,0,4,3,5,0,0,0,0,612,5,5,Matches
191,Alan Empereur,br BRA,DF,Hellas Verona,25,1994,9.5,468,438,29,23,0,2,2,6,0,0,0,0,394,1,6,Matches
192,Christian Eriksen,dk DEN,MF,Inter,27,1992,7.8,473,412,61,16,1,4,59,2,42,19,15,1,353,0,14,Matches
193,Sebastiano Esposito,it ITA,FW,Inter,17,2002,2.2,67,58,9,1,1,0,7,1,6,6,0,0,41,0,3,Matches
194,Valentin Eysseric,fr FRA,"MF,FW",Hellas Verona,27,1992,3.9,153,135,17,5,0,2,14,2,6,0,5,0,117,1,6,Matches
195,Valentin Eysseric,fr FRA,"FW,MF",Fiorentina,27,1992,0.5,26,23,3,0,0,0,4,1,2,2,0,0,15,0,1,Matches
196,Luca Falbo,it ITA,DF,Lazio,19,2000,0.0,2,2,0,0,0,0,0,0,0,0,0,0,1,0,0,Matches
197,Filippo Falco,it ITA,"FW,MF",Lecce,27,1992,22.4,1023,887,132,44,1,5,127,8,42,7,1,0,818,4,28,Matches
198,Wladimiro Falcone,it ITA,GK,Sampdoria,24,1995,2.0,61,35,26,8,0,0,0,0,0,0,0,0,38,0,0,Matches
199,Iago Falque,es ESP,"FW,MF",Torino,29,1990,1.1,68,63,5,1,0,0,4,1,2,1,0,0,57,0,3,Matches
200,Iago Falque,es ESP,MF,Genoa,29,1990,5.8,302,280,19,4,0,3,31,2,9,3,3,0,234,3,10,Matches
Rk,Player,Nation,Pos,Squad,Age,Born,90s,Att,Live,Dead,FK,TB,Sw,Crs,TI,CK,In,Out,Str,Cmp,Off,Blocks,Matches
201,Andri Fannar Baldursson,is ISL,MF,Bologna,17,2002,1.6,66,66,0,0,0,0,2,0,0,0,0,0,47,0,4,Matches
202,Paolo Faragò,it ITA,"DF,MF",Cagliari,26,1993,14.9,877,729,147,17,1,7,44,130,0,0,0,0,683,1,16,Matches
203,Davide Faraoni,it ITA,DF,Hellas Verona,27,1991,35.9,1718,1391,321,23,1,9,130,290,8,0,8,0,1214,6,40,Matches
204,Mohamed Fares,dz ALG,"DF,MF",SPAL,23,1996,4.7,207,180,27,8,0,3,19,18,1,0,1,0,142,0,10,Matches
205,Diego Farias,br BRA,"MF,FW",Lecce,29,1990,9.2,360,332,27,2,2,5,24,7,16,5,0,0,288,1,7,Matches
206,Andrea Favilli,it ITA,FW,Genoa,22,1997,7.3,193,176,16,2,1,3,1,0,0,0,0,0,133,1,5,Matches
207,Federico Fazio,ar ARG,DF,Roma,32,1987,13.5,675,640,34,29,0,4,2,5,0,0,0,0,587,1,4,Matches
208,Luiz Felipe,it ITA,DF,Lazio,22,1997,22.5,1168,1129,39,25,0,7,6,14,0,0,0,0,1031,0,15,Matches
209,Lucas Felippe,br BRA,"MF,DF",Hellas Verona,19,2000,0.3,22,22,0,0,0,1,0,0,0,0,0,0,20,0,0,Matches
210,Alex Ferrari,it ITA,DF,Sampdoria,25,1994,11.2,455,414,39,36,0,5,1,3,0,0,0,0,345,2,5,Matches
211,Sergio Floccari,it ITA,FW,SPAL,37,1981,10.5,257,234,23,3,1,0,16,0,0,0,0,0,201,0,5,Matches
212,Alessandro Florenzi,it ITA,"DF,FW",Roma,28,1991,11.1,683,599,83,13,2,14,29,70,0,0,0,0,551,1,16,Matches
213,Seko Fofana,ci CIV,MF,Udinese,24,1995,25.0,1070,1056,10,3,4,14,21,7,0,0,0,0,922,4,21,Matches
214,Gianluca Frabotta,it ITA,DF,Juventus,20,1999,1.0,61,56,5,0,0,0,3,4,1,0,1,0,53,0,0,Matches
215,Remo Freuler,ch SUI,MF,Atalanta,27,1992,26.0,1664,1565,99,74,1,6,30,21,4,0,0,0,1449,0,23,Matches
216,Daniel Fuzato,br BRA,GK,Roma,22,1997,1.0,44,33,11,1,0,1,0,0,0,0,0,0,30,0,0,Matches
217,Matteo Gabbia,it ITA,DF,Milan,19,1999,7.6,449,438,10,10,0,7,0,0,0,0,0,0,395,1,4,Matches
218,Manolo Gabbiadini,it ITA,FW,Sampdoria,27,1991,22.6,579,495,79,14,3,1,71,2,41,18,14,0,361,5,24,Matches
219,Gabriel,br BRA,GK,Lecce,26,1992,33.3,978,556,416,90,0,0,0,0,0,0,0,0,755,6,1,Matches
220,Luca Gagliano,it ITA,FW,Cagliari,19,2000,0.6,11,9,2,0,0,1,0,2,0,0,0,0,9,0,0,Matches
221,Roberto Gagliardini,it ITA,MF,Inter,25,1994,20.0,941,921,19,10,3,19,10,8,1,0,0,0,796,1,15,Matches
222,Riccardo Gagliolo,se SWE,DF,Parma,29,1990,28.9,1366,1136,226,28,0,11,51,198,0,0,0,0,1013,4,23,Matches
223,Daniele Gastaldello,it ITA,DF,Brescia,36,1983,4.3,146,134,12,11,0,1,3,1,0,0,0,0,123,0,0,Matches
224,Gervinho,ci CIV,FW,Parma,32,1987,25.2,508,486,19,1,0,0,13,5,3,0,0,0,399,3,15,Matches
225,Rachid Ghezzal,dz ALG,"MF,FW",Fiorentina,27,1992,9.2,481,450,30,10,0,10,32,7,13,1,11,0,399,1,8,Matches
Rk,Player,Nation,Pos,Squad,Age,Born,90s,Att,Live,Dead,FK,TB,Sw,Crs,TI,CK,In,Out,Str,Cmp,Off,Blocks,Matches
226,Andrea Ghezzi,it ITA,"FW,MF",Brescia,18,2001,0.4,11,11,0,0,0,0,0,0,0,0,0,0,7,0,0,Matches
227,Paolo Ghiglione,it ITA,"DF,FW",Genoa,22,1997,19.1,907,773,132,16,0,5,114,114,2,2,0,0,633,2,39,Matches
228,Andrea Ghion,it ITA,"FW,MF",Sassuolo,19,2000,0.5,49,47,2,2,0,0,0,0,0,0,0,0,49,0,0,Matches
229,Faouzi Ghoulam,dz ALG,DF,Napoli,28,1991,4.2,300,242,58,9,0,0,33,34,15,6,6,1,238,0,4,Matches
230,Diego Godín,uy URU,DF,Inter,33,1986,18.1,1119,1081,33,30,2,7,10,3,0,0,0,0,943,5,11,Matches
231,Edoardo Goldaniga,it ITA,DF,Genoa,25,1993,8.7,422,390,32,19,0,6,12,13,0,0,0,0,321,0,3,Matches
232,Pierluigi Gollini,it ITA,GK,Atalanta,24,1995,32.0,975,689,285,77,1,1,0,0,0,0,0,0,738,1,0,Matches
233,Papu Gómez,ar ARG,"MF,FW",Atalanta,31,1988,31.6,1995,1755,231,57,15,17,233,35,134,49,74,0,1566,9,25,Matches
234,Robin Gosens,de GER,DF,Atalanta,25,1994,29.1,1508,1353,153,12,1,6,74,140,0,0,0,0,1158,2,34,Matches
235,Alberto Grassi,it ITA,MF,Parma,24,1995,7.1,231,229,2,1,1,1,8,1,0,0,0,0,198,0,4,Matches
236,Sinan Gümüş,de GER,"FW,MF",Genoa,25,1994,1.1,29,28,1,0,0,0,1,0,0,0,0,0,24,0,1,Matches
237,Koray Günter,de GER,DF,Hellas Verona,24,1994,30.4,1383,1332,47,40,0,10,2,7,0,0,0,0,1178,4,4,Matches
238,Samir Handanović,si SVN,GK,Inter,35,1984,35.0,1124,792,328,61,0,3,0,0,0,0,0,0,985,4,0,Matches
239,Lukáš Haraslín,sk SVK,FW,Sassuolo,23,1996,4.3,129,114,15,2,0,1,16,3,10,9,0,0,97,0,6,Matches
240,Hans Hateboer,nl NED,DF,Atalanta,25,1994,26.2,1438,1223,213,16,0,5,76,196,1,1,0,0,1195,2,43,Matches
241,Liam Henderson,sct SCO,MF,Hellas Verona,23,1996,2.2,65,60,5,4,0,0,2,0,0,0,0,0,43,0,0,Matches
242,Dalbert Henrique,br BRA,"DF,MF",Fiorentina,25,1993,27.6,1286,1066,219,31,2,5,142,185,3,0,1,0,941,1,43,Matches
243,Theo Hernández,fr FRA,DF,Milan,21,1997,31.3,1995,1683,311,44,2,22,83,267,0,0,0,0,1645,1,51,Matches
244,Hernani,br BRA,MF,Parma,25,1994,26.9,1057,939,113,52,1,26,103,5,55,30,16,0,762,5,26,Matches
245,Gonzalo Higuaín,ar ARG,FW,Juventus,31,1987,20.7,645,613,30,0,3,8,11,1,0,0,0,0,523,2,15,Matches
246,Krisztofer Horváth,hu HUN,"FW,DF",SPAL,17,2002,0.5,16,12,4,0,0,2,1,0,2,1,0,0,12,0,0,Matches
247,Elseid Hysaj,al ALB,DF,Napoli,25,1994,16.5,1291,1138,152,38,1,16,37,114,0,0,0,0,1074,1,26,Matches
248,Simone Iacoponi,it ITA,DF,Parma,32,1987,33.9,1413,1301,108,85,2,28,1,22,0,0,0,0,1197,4,16,Matches
249,Roger Ibanez,br BRA,DF,Roma,20,1998,6.8,330,317,13,10,0,3,0,1,0,0,0,0,293,0,2,Matches
250,Zlatan Ibrahimović,se SWE,FW,Milan,37,1981,15.1,616,581,28,2,6,8,16,2,1,0,0,0,424,7,14,Matches
Rk,Player,Nation,Pos,Squad,Age,Born,90s,Att,Live,Dead,FK,TB,Sw,Crs,TI,CK,In,Out,Str,Cmp,Off,Blocks,Matches
251,Igor,br BRA,DF,SPAL,21,1998,14.9,676,602,70,25,1,6,9,43,2,0,0,0,553,4,18,Matches
252,Igor,br BRA,DF,Fiorentina,21,1998,6.8,335,305,30,10,0,3,2,20,0,0,0,0,293,0,2,Matches
253,Josip Iličić,si SVN,"FW,MF",Atalanta,31,1988,18.5,969,880,86,29,11,19,58,8,39,6,23,0,763,3,24,Matches
254,Giannelli Imbula,cd COD,MF,Lecce,26,1992,1.4,70,66,3,3,0,1,1,0,0,0,0,0,61,1,3,Matches
255,Ciro Immobile,it ITA,FW,Lazio,29,1990,35.2,912,876,29,1,5,12,13,9,2,0,0,0,687,7,29,Matches
256,Roberto Inglese,it ITA,FW,Parma,27,1991,8.5,152,136,14,0,0,1,4,0,0,0,0,0,95,2,7,Matches
257,Lorenzo Insigne,it ITA,"FW,MF",Napoli,28,1991,31.2,1790,1648,133,50,12,18,115,24,51,27,9,1,1448,9,30,Matches
258,Artur Ioniță,md MDA,MF,Cagliari,28,1990,21.1,688,660,27,15,0,1,22,11,0,0,0,0,580,1,11,Matches
259,Jakub Iskra,pl POL,DF,SPAL,16,2002,0.9,47,44,3,0,0,0,2,3,0,0,0,0,39,0,1,Matches
260,Armando Izzo,it ITA,DF,Torino,27,1992,29.8,1419,1336,78,69,0,12,16,9,0,0,0,0,1115,5,17,Matches
261,Filip Jagiełło,pl POL,MF,Genoa,21,1997,6.1,310,298,12,4,0,2,8,3,5,0,3,0,264,0,6,Matches
262,Mato Jajalo,ba BIH,MF,Udinese,31,1988,18.3,1028,966,58,42,2,15,23,7,8,2,2,0,846,4,9,Matches
263,Marko Janković,me MNE,"FW,DF",SPAL,24,1995,1.3,62,57,4,2,1,0,10,1,1,1,0,0,45,1,2,Matches
264,Jakub Jankto,cz CZE,"MF,FW",Sampdoria,23,1996,23.3,787,740,43,6,2,3,86,21,16,7,8,0,546,4,20,Matches
265,Juan Jesus,br BRA,DF,Roma,28,1991,1.5,73,68,5,5,0,0,0,0,0,0,0,0,66,0,0,Matches
266,Jony,es ESP,"DF,FW",Lazio,28,1991,13.1,636,496,138,13,1,7,128,97,28,10,13,0,427,2,25,Matches
267,Jesse Joronen,fi FIN,GK,Brescia,26,1993,29.0,855,437,417,142,0,0,0,0,0,0,0,0,586,1,2,Matches
268,Hamed Junior Traorè,ci CIV,"MF,FW",Sassuolo,19,2000,17.4,802,711,87,15,4,4,85,7,65,33,24,0,611,4,18,Matches
269,Musa Juwara,gm GAM,"FW,MF",Bologna,17,2001,1.7,79,76,3,1,0,1,13,2,0,0,0,0,52,0,6,Matches
270,Nikola Kalinić,hr CRO,FW,Roma,31,1988,6.3,124,112,10,1,0,1,0,1,0,0,0,0,94,2,2,Matches
271,Yann Karamoh,fr FRA,"FW,MF",Parma,21,1998,6.4,146,144,2,0,0,1,8,0,0,0,0,0,107,0,4,Matches
272,Franck Kessié,ci CIV,MF,Milan,22,1996,32.3,1715,1679,33,20,3,14,14,11,0,0,0,0,1520,3,16,Matches
273,Sami Khedira,de GER,MF,Juventus,32,1987,7.6,338,323,13,3,2,0,20,10,0,0,0,0,283,2,12,Matches
274,Simon Kjær,dk DEN,DF,Atalanta,30,1989,3.2,149,144,5,5,0,2,0,0,0,0,0,0,132,0,1,Matches
275,Simon Kjær,dk DEN,DF,Milan,30,1989,13.8,701,678,20,20,0,7,1,0,0,0,0,0,617,3,2,Matches
Rk,Player,Nation,Pos,Squad,Age,Born,90s,Att,Live,Dead,FK,TB,Sw,Crs,TI,CK,In,Out,Str,Cmp,Off,Blocks,Matches
276,Ragnar Klavan,ee EST,DF,Cagliari,33,1985,26.2,1222,1182,38,33,0,10,0,5,0,0,0,0,1086,2,6,Matches
277,Justin Kluivert,nl NED,FW,Roma,20,1999,16.8,481,463,17,6,0,8,23,10,1,1,0,0,388,1,10,Matches
278,Aleksandar Kolarov,rs SRB,DF,Roma,33,1985,30.4,1823,1503,315,66,5,31,183,178,71,5,61,0,1445,5,34,Matches
279,Christian Kouamé,ci CIV,"FW,MF",Fiorentina,21,1997,3.3,102,96,5,1,1,2,1,2,0,0,0,0,73,1,2,Matches
280,Christian Kouamé,ci CIV,FW,Genoa,21,1997,10.2,242,229,13,2,0,0,4,4,0,0,0,0,176,0,3,Matches
281,Kalidou Koulibaly,sn SEN,DF,Napoli,28,1991,23.4,1702,1627,72,50,0,13,4,10,0,0,0,0,1551,3,6,Matches
282,Ladislav Krejčí,cz CZE,DF,Bologna,27,1992,11.7,649,530,112,14,0,3,14,97,0,0,0,0,527,7,13,Matches
283,Rade Krunić,ba BIH,"MF,FW",Milan,25,1993,6.0,233,226,7,4,1,2,0,3,0,0,0,0,197,0,6,Matches
284,Juraj Kucka,sk SVK,"MF,FW",Parma,32,1987,21.5,723,699,18,4,3,10,27,10,0,0,0,0,495,6,12,Matches
285,Dejan Kulusevski,se SWE,"FW,MF",Parma,19,2000,32.6,1138,1065,66,9,7,3,63,9,19,13,0,0,865,7,32,Matches
286,Marash Kumbulla,al ALB,DF,Hellas Verona,19,2000,21.7,922,892,23,20,0,4,1,3,0,0,0,0,773,7,8,Matches
287,Jasmin Kurtić,si SVN,MF,SPAL,30,1989,15.7,685,646,37,21,2,12,81,7,9,4,5,0,505,2,21,Matches
288,Jasmin Kurtić,si SVN,"MF,FW",Parma,30,1989,18.5,804,763,41,18,1,25,55,8,15,6,8,0,675,0,14,Matches
289,Giorgos Kyriakopoulos,gr GRE,DF,Sassuolo,23,1996,18.3,1144,956,186,29,0,1,50,152,5,4,0,0,946,2,21,Matches
290,Antonino La Gumina,it ITA,FW,Sampdoria,23,1996,2.1,36,31,4,0,0,0,0,0,0,0,0,0,31,1,1,Matches
291,Andrea La Mantia,it ITA,FW,Lecce,28,1991,6.1,117,113,4,1,0,2,1,1,0,0,0,0,85,0,2,Matches
292,Riccardo Ladinetti,it ITA,MF,Cagliari,18,2000,1.4,78,71,6,6,1,1,2,0,0,0,0,0,61,1,1,Matches
293,Gianluca Lapadula,pe PER,FW,Lecce,29,1990,19.8,329,273,54,1,1,1,10,1,0,0,0,0,243,2,7,Matches
294,Danilo Larangeira,br BRA,DF,Bologna,35,1984,29.3,1332,1233,93,89,0,13,4,4,0,0,0,0,1024,6,5,Matches
295,Kevin Lasagna,it ITA,FW,Udinese,26,1992,28.5,480,442,35,0,0,3,19,2,0,0,0,0,325,3,17,Matches
296,Vincent Laurini,fr FRA,DF,Parma,30,1989,9.8,542,438,103,16,0,1,21,87,0,0,0,0,427,1,10,Matches
297,Diego Laxalt,uy URU,"DF,MF",Torino,26,1993,6.6,307,253,52,4,0,0,16,46,2,0,0,0,217,2,8,Matches
298,Diego Laxalt,uy URU,DF,Milan,26,1993,1.9,119,101,18,2,0,0,10,16,0,0,0,0,93,0,3,Matches
299,Valentino Lazaro,at AUT,DF,Inter,23,1996,3.6,195,157,38,3,0,2,18,27,8,3,1,0,147,0,5,Matches
300,Darko Lazović,rs SRB,DF,Hellas Verona,28,1990,36.0,1665,1342,313,9,1,2,135,288,16,14,1,0,1229,10,49,Matches
Rk,Player,Nation,Pos,Squad,Age,Born,90s,Att,Live,Dead,FK,TB,Sw,Crs,TI,CK,In,Out,Str,Cmp,Off,Blocks,Matches
301,Manuel Lazzari,it ITA,DF,Lazio,25,1993,28.3,1066,892,172,14,3,3,135,158,0,0,0,0,835,2,33,Matches
302,Rafael Leão,pt POR,FW,Milan,20,1999,15.6,465,457,7,0,0,2,37,3,0,0,0,0,349,1,11,Matches
303,Lucas Leiva,br BRA,MF,Lazio,32,1987,20.1,1142,1109,29,27,2,8,6,2,0,0,0,0,978,4,15,Matches
304,Lukas Lerager,dk DEN,MF,Genoa,26,1993,15.4,605,585,18,7,1,6,11,4,2,0,0,0,497,2,10,Matches
305,Mehdi Léris,dz ALG,"MF,FW",Sampdoria,21,1998,5.7,228,220,8,1,2,2,30,1,6,5,1,0,166,0,8,Matches
306,Karlo Letica,hr CRO,GK,SPAL,22,1997,10.0,316,182,132,37,0,0,0,0,0,0,0,0,203,2,0,Matches
307,Matthijs de Ligt,nl NED,DF,Juventus,19,1999,27.2,1565,1518,44,41,1,13,2,3,0,0,0,0,1408,3,7,Matches
308,Anderson Lima,br BRA,"MF,DF",Lazio,19,1999,0.7,26,23,3,1,0,0,2,0,2,1,1,0,20,0,0,Matches
309,Karol Linetty,pl POL,MF,Sampdoria,24,1995,22.4,762,738,24,7,1,6,33,5,12,3,3,0,589,0,24,Matches
310,Pol Lirola,es ESP,DF,Fiorentina,21,1997,29.4,1300,1105,191,16,1,10,80,175,0,0,0,0,956,4,39,Matches
311,Fernando Llorente,es ESP,FW,Napoli,34,1985,5.6,154,149,4,0,0,1,0,0,0,0,0,0,124,1,3,Matches
312,Stanislav Lobotka,sk SVK,MF,Napoli,24,1994,8.4,639,630,9,9,0,8,1,0,0,0,0,0,605,0,3,Matches
313,Manuel Locatelli,it ITA,MF,Sassuolo,21,1998,28.7,2190,2069,112,78,9,33,64,4,30,17,11,1,1882,9,21,Matches
314,Pau López,es ESP,GK,Roma,24,1994,32.0,1052,760,286,78,0,3,0,0,0,0,0,0,837,6,1,Matches
315,Matteo Lovato,it ITA,DF,Hellas Verona,19,2000,0.1,2,2,0,0,0,0,0,0,0,0,0,0,1,0,0,Matches
316,Hirving Lozano,mx MEX,"FW,MF",Napoli,24,1995,11.4,343,332,9,0,1,0,41,4,4,0,4,0,247,2,20,Matches
317,Fabio Lucioni,it ITA,DF,Lecce,31,1987,34.8,1598,1502,92,84,0,45,4,8,0,0,0,0,1349,4,10,Matches
318,José Luis Palomino,ar ARG,DF,Atalanta,29,1990,27.6,1384,1286,93,66,0,5,7,27,0,0,0,0,1162,5,16,Matches
319,Jordan Lukaku,be BEL,DF,Lazio,25,1994,4.4,167,141,25,0,0,0,19,25,0,0,0,0,125,1,6,Matches
320,Romelu Lukaku,be BEL,FW,Inter,26,1993,33.1,807,752,47,0,3,9,24,0,0,0,0,0,554,8,24,Matches
321,Saša Lukić,rs SRB,MF,Torino,22,1996,20.7,827,791,34,20,0,1,23,3,7,3,2,0,699,2,22,Matches
322,Senad Lulić,ba BIH,DF,Lazio,33,1986,17.5,860,759,97,6,0,11,69,91,0,0,0,0,674,4,25,Matches
323,Sebastiano Luperto,it ITA,DF,Napoli,22,1996,5.9,382,366,15,8,0,1,5,7,0,0,0,0,340,1,1,Matches
324,Lyanco,br BRA,DF,Torino,22,1997,13.1,665,638,26,26,0,12,5,0,0,0,0,0,563,1,6,Matches
325,Charalampos Lykogiannis,gr GRE,DF,Cagliari,25,1993,14.9,618,486,130,22,0,8,64,94,14,6,6,0,400,2,21,Matches
Rk,Player,Nation,Pos,Squad,Age,Born,90s,Att,Live,Dead,FK,TB,Sw,Crs,TI,CK,In,Out,Str,Cmp,Off,Blocks,Matches
326,Francesco Magnanelli,it ITA,MF,Sassuolo,34,1984,15.5,1191,1121,65,63,3,12,4,0,1,0,0,0,1050,5,7,Matches
327,Giangiacomo Magnani,it ITA,DF,Brescia,23,1995,1.3,37,37,0,0,0,0,0,0,0,0,0,0,28,0,0,Matches
328,Giangiacomo Magnani,it ITA,DF,Sassuolo,23,1995,1.6,79,76,3,3,0,0,0,0,0,0,0,0,64,0,0,Matches
329,Žan Majer,si SVN,MF,Lecce,27,1992,18.5,745,715,26,9,1,5,26,3,10,0,0,0,592,4,21,Matches
330,Nikola Maksimović,rs SRB,DF,Napoli,27,1991,20.0,1394,1345,48,32,0,10,13,12,0,0,0,0,1291,1,11,Matches
331,Kévin Malcuit,ma MAR,DF,Napoli,28,1991,2.8,172,137,34,3,0,1,13,31,0,0,0,0,138,1,0,Matches
332,Daniel Maldini,it ITA,"FW,MF",Milan,17,2001,0.3,15,15,0,0,0,1,0,0,0,0,0,0,13,0,0,Matches
333,Ruslan Malinovskyi,ua UKR,"MF,FW",Atalanta,26,1993,17.1,999,905,89,21,5,9,90,9,55,18,31,0,773,5,22,Matches
334,Gianluca Mancini,it ITA,"DF,MF",Roma,23,1996,30.4,1678,1619,57,46,3,5,2,11,0,0,0,0,1479,2,11,Matches
335,Marco Mancosu,it ITA,"MF,FW",Lecce,30,1988,27.1,882,857,22,9,2,6,45,6,4,1,0,0,658,3,26,Matches
336,Rolando Mandragora,it ITA,MF,Udinese,22,1997,22.8,971,872,93,44,1,16,51,7,39,21,0,0,789,6,15,Matches
337,Massimiliano Mangraviti,it ITA,DF,Brescia,21,1998,10.8,447,385,62,19,0,3,9,43,0,0,0,0,362,0,6,Matches
338,Kostas Manolas,gr GRE,DF,Napoli,28,1991,24.2,1510,1455,52,48,0,5,0,4,0,0,0,0,1384,3,2,Matches
339,Giacomo Manzari,it ITA,"FW,MF",Sassuolo,18,2000,0.2,6,6,0,0,0,0,0,0,0,0,0,0,3,0,0,Matches
340,Gian Marco Ferrari,it ITA,DF,Sassuolo,27,1992,21.1,1492,1436,54,47,0,4,2,5,0,0,0,0,1384,2,6,Matches
341,Federico Marigosu,it ITA,MF,Cagliari,18,2001,0.3,14,14,0,0,0,0,2,0,0,0,0,0,7,0,1,Matches
342,Marlon,br BRA,DF,Sassuolo,23,1995,20.2,1468,1428,39,33,1,10,0,6,0,0,0,0,1383,1,6,Matches
343,Gonzalo Maroni,ar ARG,"MF,FW",Sampdoria,20,1999,2.0,93,83,10,3,0,1,12,1,6,3,3,0,72,0,5,Matches
344,Bruno Martella,it ITA,DF,Brescia,26,1992,14.1,577,466,109,15,0,4,66,91,3,2,0,0,406,2,17,Matches
345,Lautaro Martínez,ar ARG,FW,Inter,21,1997,27.2,504,480,18,1,1,5,16,3,1,0,0,0,305,6,13,Matches
346,Adam Marušić,me MNE,DF,Lazio,26,1992,10.5,389,311,78,6,0,1,13,71,1,0,0,0,327,0,9,Matches
347,Andrea Masiello,it ITA,DF,Genoa,33,1986,14.7,821,758,60,25,0,19,9,35,0,0,0,0,688,3,11,Matches
348,Andrea Masiello,it ITA,DF,Atalanta,33,1986,6.0,311,288,23,16,0,8,2,7,0,0,0,0,257,0,3,Matches
349,Aleš Matějů,cz CZE,DF,Brescia,23,1996,28.3,1158,1006,150,30,0,17,16,120,0,0,0,0,939,2,19,Matches
350,Alessandro Matri,it ITA,"FW,MF",Brescia,34,1984,1.0,27,24,3,0,1,0,2,2,0,0,0,0,18,0,1,Matches
Rk,Player,Nation,Pos,Squad,Age,Born,90s,Att,Live,Dead,FK,TB,Sw,Crs,TI,CK,In,Out,Str,Cmp,Off,Blocks,Matches
351,Federico Mattiello,it ITA,DF,Cagliari,24,1995,10.3,408,359,47,5,0,0,30,42,0,0,0,0,318,2,11,Matches
352,Blaise Matuidi,fr FRA,MF,Juventus,32,1987,24.9,1100,1062,35,8,2,1,40,26,1,0,0,0,951,3,15,Matches
353,Luca Mazzitelli,it ITA,MF,Sassuolo,23,1995,0.1,28,28,0,0,0,0,1,0,0,0,0,0,26,0,0,Matches
354,Ibrahima Mbaye,sn SEN,DF,Bologna,24,1994,16.7,842,677,165,30,0,2,9,135,0,0,0,0,705,0,18,Matches
355,Biagio Meccariello,it ITA,DF,Lecce,28,1991,8.5,396,353,42,9,0,6,9,33,0,0,0,0,324,1,3,Matches
356,Gary Medel,cl CHI,MF,Bologna,31,1987,19.8,1113,1056,56,42,3,1,3,12,0,0,0,0,998,1,8,Matches
357,Soualiho Meïté,fr FRA,MF,Torino,25,1994,24.5,919,887,25,14,1,13,16,1,3,0,0,0,753,7,15,Matches
358,Alex Meret,it ITA,GK,Napoli,22,1997,21.7,605,422,183,44,0,0,0,0,0,0,0,0,516,0,0,Matches
359,Yıldırım Mert Çetin,tr TUR,DF,Roma,22,1997,2.9,143,135,8,7,0,1,0,1,0,0,0,0,130,0,2,Matches
360,Dries Mertens,be BEL,FW,Napoli,32,1987,18.8,721,633,83,6,4,5,83,3,36,19,10,0,540,5,28,Matches
361,Kingsley Michael,ng NGA,MF,Bologna,19,1999,0.8,57,54,3,1,1,1,1,0,0,0,0,0,51,0,0,Matches
362,Nikola Milenković,rs SRB,DF,Fiorentina,21,1997,36.2,1776,1651,123,56,0,23,3,67,0,0,0,0,1542,2,17,Matches
363,Arkadiusz Milik,pl POL,FW,Napoli,25,1994,19.4,469,430,38,4,1,1,2,3,0,0,0,0,384,1,12,Matches
364,Sergej Milinković-Savić,rs SRB,MF,Lazio,24,1995,33.7,1773,1708,55,26,10,34,42,27,2,0,1,0,1338,10,41,Matches
365,Vincenzo Millico,it ITA,"MF,FW",Torino,18,2000,2.4,82,72,10,3,0,5,24,0,7,3,1,0,58,0,4,Matches
366,Antonio Mirante,it ITA,GK,Roma,36,1983,5.0,171,123,48,19,0,0,0,0,0,0,0,0,142,0,0,Matches
367,Simone Missiroli,it ITA,MF,SPAL,33,1986,31.1,1456,1405,48,28,1,5,10,10,0,0,0,0,1219,3,12,Matches
368,Henrikh Mkhitaryan,am ARM,"MF,FW",Roma,30,1989,17.0,699,678,20,4,4,6,15,11,0,0,0,0,578,1,17,Matches
369,Gabriele Moncini,it ITA,"FW,MF",SPAL,23,1996,1.7,17,14,3,0,0,0,0,1,0,0,0,0,10,0,1,Matches
370,Ilario Monterisi,it ITA,DF,Lecce,17,2001,0.0,4,4,0,0,0,0,0,0,0,0,0,0,4,0,0,Matches
371,Raúl Moro,es ESP,FW,Lazio,16,2002,0.0,0,0,0,0,0,0,0,0,0,0,0,0,0,0,0,Matches
372,Leonardo Morosini,it ITA,"FW,DF",Brescia,23,1995,0.3,4,4,0,0,0,0,1,0,0,0,0,0,3,0,0,Matches
373,Victor Moses,ng NGA,DF,Inter,28,1990,4.7,278,241,37,0,0,2,26,37,0,0,0,0,221,0,7,Matches
374,Mert Müldür,tr TUR,DF,Sassuolo,20,1999,14.1,805,680,123,20,0,2,25,103,0,0,0,0,679,2,11,Matches
375,Simone Muratore,it ITA,MF,Juventus,21,1998,1.8,137,132,3,2,0,0,1,1,0,0,0,0,124,2,1,Matches
Rk,Player,Nation,Pos,Squad,Age,Born,90s,Att,Live,Dead,FK,TB,Sw,Crs,TI,CK,In,Out,Str,Cmp,Off,Blocks,Matches
376,Alessandro Murgia,it ITA,MF,SPAL,22,1996,19.4,840,732,105,44,0,0,82,3,57,30,17,1,698,3,4,Matches
377,Luis Muriel,co COL,FW,Atalanta,28,1991,14.0,524,479,44,11,3,5,40,3,12,8,4,0,360,1,18,Matches
378,Jeison Murillo,co COL,DF,Sampdoria,27,1992,7.4,280,238,40,22,0,6,6,18,0,0,0,0,223,2,1,Matches
379,Nicola Murru,it ITA,DF,Sampdoria,24,1994,25.1,1055,839,210,12,0,6,93,196,2,0,1,0,674,6,28,Matches
380,Mateo Musacchio,ar ARG,DF,Milan,28,1990,16.3,1008,970,37,33,1,2,1,4,0,0,0,0,895,1,4,Matches
381,Juan Musso,ar ARG,GK,Udinese,25,1994,38.0,1174,721,449,91,0,2,0,0,0,0,0,0,895,4,2,Matches
382,Radja Nainggolan,be BEL,MF,Cagliari,31,1988,23.0,1139,1068,61,24,6,33,82,11,16,4,10,0,859,10,27,Matches
383,Nahitan Nández,uy URU,"MF,DF",Cagliari,23,1995,32.2,1349,1273,71,15,2,14,113,56,0,0,0,0,1003,5,36,Matches
384,Michel Ndary Adopo,fr FRA,"DF,MF",Torino,19,2000,0.0,5,5,0,0,0,0,0,0,0,0,0,0,4,0,0,Matches
385,Emanuele Ndoj,al ALB,MF,Brescia,22,1996,6.2,216,203,11,5,1,7,4,4,0,0,0,0,163,2,4,Matches
386,Ilija Nestorovski,mk MKD,FW,Udinese,29,1990,13.9,392,363,24,1,0,2,9,3,0,0,0,0,278,5,15,Matches
387,Nicolas Nkoulou,cm CMR,DF,Torino,29,1990,29.9,1187,1129,53,51,0,3,0,2,0,0,0,0,1057,5,5,Matches
388,Bram Nuytinck,nl NED,DF,Udinese,29,1990,24.7,1308,1258,46,32,0,13,6,14,0,0,0,0,1102,4,6,Matches
389,Pedro Obiang,gq EQG,MF,Sassuolo,27,1992,18.6,1096,1060,32,29,0,4,6,3,0,0,0,0,965,4,11,Matches
390,Stefano Okaka,it ITA,FW,Udinese,29,1989,26.8,610,577,31,2,2,2,7,4,0,0,0,0,463,2,23,Matches
391,Christian Oliva,uy URU,MF,Cagliari,23,1996,5.2,244,233,11,11,1,2,1,0,0,0,0,0,212,0,5,Matches
392,Maximiliano Olivera,uy URU,MF,Fiorentina,27,1992,0.1,5,5,0,0,0,0,2,0,0,0,0,0,3,0,0,Matches
393,Marco Olivieri,it ITA,FW,Juventus,20,1999,0.3,14,11,3,1,0,0,1,2,0,0,0,0,11,0,1,Matches
394,Robin Olsen,se SWE,GK,Cagliari,29,1990,16.9,492,270,217,58,0,1,0,0,0,0,0,0,324,5,0,Matches
395,Nicholas Opoku,gh GHA,DF,Udinese,21,1997,5.3,203,184,19,1,0,2,2,18,0,0,0,0,162,0,2,Matches
396,Riccardo Orsolini,it ITA,"FW,MF",Bologna,22,1997,29.8,1104,959,140,32,0,19,198,9,99,72,6,0,668,5,42,Matches
397,David Ospina,co COL,GK,Napoli,30,1988,16.3,469,350,118,33,0,4,0,0,0,0,0,0,409,1,0,Matches
398,Daniele Padelli,it ITA,GK,Inter,33,1985,3.0,93,63,30,6,0,0,0,0,0,0,0,0,76,0,0,Matches
399,Marko Pajač,hr CRO,"DF,FW",Genoa,26,1993,8.4,465,382,83,12,0,3,79,62,9,3,3,0,336,0,18,Matches
400,Rodrigo Palacio,ar ARG,FW,Bologna,37,1982,28.0,1033,954,74,4,0,7,96,5,0,0,0,0,738,5,45,Matches
Rk,Player,Nation,Pos,Squad,Age,Born,90s,Att,Live,Dead,FK,TB,Sw,Crs,TI,CK,In,Out,Str,Cmp,Off,Blocks,Matches
401,Alberto Paloschi,it ITA,FW,SPAL,29,1990,4.9,61,52,9,0,0,0,0,0,0,0,0,0,43,0,2,Matches
402,Alberto Paloschi,it ITA,"FW,MF",Cagliari,29,1990,2.3,40,37,3,0,0,0,2,0,0,0,0,0,31,0,3,Matches
403,Martin Palumbo,no NOR,MF,Udinese,17,2002,0.0,0,0,0,0,0,0,0,0,0,0,0,0,0,0,0,Matches
404,Goran Pandev,mk MKD,"FW,MF",Genoa,36,1983,18.7,597,578,16,2,1,6,12,1,0,0,0,0,441,3,22,Matches
405,Andrea Papetti,it ITA,DF,Brescia,17,2002,10.2,336,317,18,16,0,4,1,2,0,0,0,0,277,1,2,Matches
406,Lucas Paquetá,br BRA,"MF,FW",Milan,21,1997,12.3,565,547,14,9,4,2,10,5,0,0,0,0,438,4,14,Matches
407,Marco Parolo,it ITA,MF,Lazio,34,1985,18.9,772,756,14,13,1,5,5,0,0,0,0,0,665,2,12,Matches
408,Mario Pašalić,hr CRO,MF,Atalanta,24,1995,26.9,1426,1393,28,20,0,15,13,4,1,0,0,0,1246,5,13,Matches
409,Javier Pastore,ar ARG,MF,Roma,30,1989,5.7,291,276,14,6,2,1,5,1,1,0,0,0,234,1,4,Matches
410,Patric,es ESP,DF,Lazio,26,1993,18.6,1227,1184,42,22,2,8,11,20,0,0,0,0,1081,1,9,Matches
411,Leonardo Pavoletti,it ITA,FW,Cagliari,30,1988,0.5,16,16,0,0,0,0,0,0,0,0,0,0,13,0,0,Matches
412,Nehuén Paz,ar ARG,DF,Bologna,26,1993,1.3,44,40,3,3,0,0,0,0,0,0,0,0,35,1,0,Matches
413,Nehuén Paz,ar ARG,DF,Lecce,26,1993,9.4,445,437,7,7,0,2,1,0,0,0,0,0,379,1,6,Matches
414,Giampaolo Pazzini,it ITA,"FW,MF",Hellas Verona,34,1984,3.4,66,59,7,0,0,2,1,1,0,0,0,0,49,0,1,Matches
415,Pedro,br BRA,FW,Fiorentina,22,1997,0.7,19,19,0,0,0,0,0,0,0,0,0,0,14,0,1,Matches
416,João Pedro,it ITA,"FW,MF",Cagliari,27,1992,35.0,829,788,37,6,5,14,15,13,4,1,3,0,624,4,20,Matches
417,Daouda Peeters,be BEL,MF,Juventus,20,1999,0.2,12,12,0,0,0,0,0,0,0,0,0,0,12,0,0,Matches
418,Gianluca Pegolo,it ITA,GK,Sassuolo,38,1981,5.0,158,111,47,11,0,0,0,0,0,0,0,0,132,0,0,Matches
419,Lorenzo Pellegrini,it ITA,MF,Roma,23,1996,23.3,1210,1017,190,51,10,9,148,13,96,26,54,0,913,3,27,Matches
420,Luca Pellegrini,it ITA,DF,Cagliari,20,1999,21.2,1087,879,205,20,0,10,114,184,1,1,0,0,775,3,36,Matches
421,Federico Peluso,it ITA,DF,Sassuolo,35,1984,16.8,1026,928,97,38,0,4,6,55,0,0,0,0,891,1,14,Matches
422,Gastón Pereiro,uy URU,"MF,FW",Cagliari,24,1995,3.9,132,112,20,4,1,0,18,4,8,4,3,0,90,0,2,Matches
423,Bruno Peres,br BRA,DF,Roma,29,1990,11.7,630,527,102,7,0,9,46,95,0,0,0,0,526,1,19,Matches
424,Carles Pérez,es ESP,"FW,MF",Roma,21,1998,6.3,225,212,13,2,2,1,8,2,8,1,5,0,191,0,2,Matches
425,Mattia Perin,it ITA,GK,Genoa,26,1992,21.0,730,477,250,61,0,2,0,0,0,0,0,0,458,3,0,Matches
Rk,Player,Nation,Pos,Squad,Age,Born,90s,Att,Live,Dead,FK,TB,Sw,Crs,TI,CK,In,Out,Str,Cmp,Off,Blocks,Matches
426,Diego Perotti,ar ARG,"FW,MF",Roma,31,1988,9.7,394,371,23,3,2,3,41,4,15,7,1,0,308,0,9,Matches
427,Matteo Pessina,it ITA,MF,Hellas Verona,22,1997,27.7,1344,1284,52,37,2,5,31,7,1,0,1,0,1041,8,28,Matches
428,Andrea Petagna,it ITA,FW,SPAL,24,1995,33.7,895,830,58,5,3,28,33,10,4,1,1,0,650,7,27,Matches
429,Jacopo Petriccione,it ITA,MF,Lecce,24,1995,23.8,1287,1157,125,58,0,21,60,6,52,2,9,1,1104,5,12,Matches
430,Germán Pezzella,ar ARG,DF,Fiorentina,28,1991,31.4,1227,1174,49,45,1,2,2,4,0,0,0,0,1013,4,9,Matches
431,Giuseppe Pezzella,it ITA,DF,Udinese,21,1997,0.9,49,41,8,1,0,0,7,7,0,0,0,0,33,0,3,Matches
432,Giuseppe Pezzella,it ITA,DF,Parma,21,1997,10.5,484,379,103,6,0,0,33,97,0,0,0,0,357,2,13,Matches
433,Krzysztof Piątek,pl POL,FW,Milan,24,1995,13.1,228,217,9,0,1,1,3,1,0,0,0,0,173,2,4,Matches
434,Stefano Piccinini,it ITA,DF,Sassuolo,16,2002,0.1,21,18,3,1,0,0,0,2,0,0,0,0,19,0,0,Matches
435,Roberto Piccoli,it ITA,FW,Atalanta,18,2001,0.2,6,6,0,0,0,0,0,0,0,0,0,0,4,0,0,Matches
436,Andrea Pinamonti,it ITA,FW,Genoa,20,1999,24.8,599,547,51,0,0,3,22,1,0,0,0,0,414,1,18,Matches
437,Simone Pinna,it ITA,DF,Cagliari,21,1997,1.0,74,66,8,0,0,1,6,8,0,0,0,0,60,0,1,Matches
438,Carlo Pinsoglio,it ITA,GK,Juventus,29,1990,0.2,3,1,2,0,0,0,0,0,0,0,0,0,3,0,0,Matches
439,Lorenzo Pirola,it ITA,DF,Inter,17,2002,0.1,8,8,0,0,0,0,0,0,0,0,0,0,8,0,0,Matches
440,Fabio Pisacane,it ITA,DF,Cagliari,33,1986,27.1,1107,1066,41,22,0,4,9,18,0,0,0,0,971,0,5,Matches
441,Miralem Pjanić,ba BIH,MF,Juventus,29,1990,25.3,1999,1812,180,104,6,15,82,2,74,21,30,1,1751,7,18,Matches
442,Andrea Poli,it ITA,MF,Bologna,29,1989,21.3,1044,1005,35,28,2,2,14,6,0,0,0,0,924,4,7,Matches
443,Matteo Politano,it ITA,FW,Napoli,25,1993,8.3,366,329,36,5,1,1,39,10,19,7,6,0,281,1,9,Matches
444,Matteo Politano,it ITA,"FW,MF",Inter,25,1993,2.9,120,103,16,3,0,0,17,6,6,2,1,0,76,1,9,Matches
445,Erick Pulgar,cl CHI,MF,Fiorentina,25,1994,32.8,1724,1395,323,125,5,27,223,8,171,60,93,0,1377,6,24,Matches
446,Ignacio Pussetto,ar ARG,"FW,MF",Udinese,23,1995,3.8,124,111,13,1,1,2,12,7,3,2,1,0,76,0,5,Matches
447,Fabio Quagliarella,it ITA,FW,Sampdoria,36,1983,25.3,543,482,59,3,7,8,22,0,0,0,0,0,355,2,11,Matches
448,Adrien Rabiot,fr FRA,MF,Juventus,24,1995,21.2,1124,1108,15,3,2,4,20,12,0,0,0,0,996,1,19,Matches
449,Ivan Radovanović,rs SRB,MF,Genoa,30,1988,14.6,817,788,25,23,1,23,12,1,1,0,0,0,698,4,3,Matches
450,Ionuț Radu,ro ROU,GK,Genoa,22,1997,17.0,657,460,196,44,0,1,0,0,0,0,0,0,534,1,0,Matches
Rk,Player,Nation,Pos,Squad,Age,Born,90s,Att,Live,Dead,FK,TB,Sw,Crs,TI,CK,In,Out,Str,Cmp,Off,Blocks,Matches
451,Ștefan Radu,ro ROU,DF,Lazio,32,1986,25.6,1378,1321,55,36,2,20,41,18,0,0,0,0,1188,2,13,Matches
452,Boris Radunović,rs SRB,GK,Hellas Verona,23,1996,3.0,61,43,18,4,0,0,0,0,0,0,0,0,39,0,0,Matches
453,Rafael,br BRA,GK,Cagliari,37,1982,5.0,157,86,69,23,0,0,0,0,0,0,0,0,110,2,0,Matches
454,Daniele Ragatzu,it ITA,"MF,FW",Cagliari,27,1991,3.5,171,165,6,1,0,2,9,0,4,3,1,0,137,0,2,Matches
455,Gastón Ramírez,uy URU,"MF,FW",Sampdoria,28,1990,15.5,657,539,116,47,4,6,105,5,59,32,24,0,464,2,10,Matches
456,Aaron Ramsey,wls WAL,MF,Juventus,28,1990,11.7,736,716,18,8,2,2,18,6,3,2,1,0,632,2,10,Matches
457,Luca Ranieri,it ITA,DF,Fiorentina,20,1999,2.6,166,153,13,6,0,0,3,7,0,0,0,0,134,0,1,Matches
458,Andrea Ranocchia,it ITA,DF,Inter,31,1988,5.8,342,330,8,8,0,0,0,0,0,0,0,0,298,4,0,Matches
459,Giacomo Raspadori,it ITA,"MF,FW",Sassuolo,19,2000,2.9,111,109,2,0,0,0,2,0,1,1,0,0,90,0,4,Matches
460,Ante Rebić,hr CRO,"FW,MF",Milan,25,1993,15.5,420,398,19,0,0,2,48,10,4,2,0,0,253,3,18,Matches
461,Arkadiusz Reca,pl POL,DF,SPAL,24,1995,21.4,935,752,182,6,0,1,64,176,0,0,0,0,686,1,32,Matches
462,Vasco Regini,it ITA,DF,Sampdoria,28,1990,1.9,62,57,5,4,0,0,1,1,0,0,0,0,49,0,0,Matches
463,Vasco Regini,it ITA,DF,Parma,28,1990,0.6,23,22,1,1,0,0,0,0,0,0,0,0,22,0,0,Matches
464,Pepe Reina,es ESP,GK,Milan,36,1982,1.0,36,24,11,4,0,0,0,0,0,0,0,0,27,1,0,Matches
465,Franck Ribéry,fr FRA,FW,Fiorentina,36,1983,15.7,732,716,13,5,5,11,15,5,0,0,0,0,614,3,20,Matches
466,Davide Riccardi,it ITA,DF,Lecce,23,1996,0.2,3,3,0,0,0,0,0,0,0,0,0,0,2,0,0,Matches
467,Emiliano Rigoni,ar ARG,"MF,FW",Sampdoria,26,1993,4.8,192,160,32,9,0,1,41,7,16,7,5,0,127,0,10,Matches
468,Tomás Rincón,ve VEN,MF,Torino,31,1988,30.0,1297,1202,91,53,0,26,23,38,0,0,0,0,1052,4,18,Matches
469,Andrea Rispoli,it ITA,DF,Lecce,30,1988,21.2,1111,949,156,21,0,5,89,131,4,0,0,0,843,6,27,Matches
470,Ricardo Rodríguez,ch SUI,DF,Milan,26,1992,4.3,270,235,35,6,0,8,5,29,0,0,0,0,233,0,4,Matches
471,Marko Rog,hr CRO,MF,Cagliari,24,1995,25.7,1185,1109,70,36,3,12,42,4,28,13,12,0,990,6,25,Matches
472,Rogério,br BRA,DF,Sassuolo,21,1998,11.3,700,587,110,24,0,2,42,85,1,0,1,0,588,3,17,Matches
473,Filippo Romagna,it ITA,DF,Sassuolo,22,1997,16.4,1054,1021,31,30,0,1,0,1,0,0,0,0,979,2,2,Matches
474,Alessio Romagnoli,it ITA,DF,Milan,24,1995,34.3,1994,1930,62,54,0,8,0,8,0,0,0,0,1808,2,7,Matches
475,Cristian Romero,ar ARG,DF,Genoa,21,1998,28.6,1572,1444,126,78,0,6,2,48,0,0,0,0,1380,2,9,Matches
Rk,Player,Nation,Pos,Squad,Age,Born,90s,Att,Live,Dead,FK,TB,Sw,Crs,TI,CK,In,Out,Str,Cmp,Off,Blocks,Matches
476,Rômulo,it ITA,MF,Brescia,32,1987,19.1,543,510,32,20,1,4,36,7,5,1,2,0,433,1,18,Matches
477,Rômulo,it ITA,DF,Genoa,32,1987,0.2,7,6,1,0,0,0,0,1,0,0,0,0,4,0,0,Matches
478,Cristiano Ronaldo,pt POR,FW,Juventus,34,1985,32.4,1267,1224,39,8,2,9,36,23,3,0,0,0,1052,4,40,Matches
479,Marten de Roon,nl NED,"MF,DF",Atalanta,28,1991,30.2,2046,1973,67,43,0,21,19,24,0,0,0,0,1764,6,28,Matches
480,Antonio Rosati,it ITA,GK,Torino,36,1983,1.0,36,19,16,1,0,0,0,0,0,0,0,0,27,1,0,Matches
481,Luca Rossettini,it ITA,DF,Lecce,34,1985,25.1,1065,1012,50,46,0,18,1,3,0,0,0,0,905,3,2,Matches
482,Francesco Rossi,it ITA,GK,Atalanta,28,1991,0.1,3,3,0,0,0,0,0,0,0,0,0,0,3,0,0,Matches
483,Nicolò Rovella,it ITA,MF,Genoa,17,2001,1.2,68,68,0,0,0,1,2,0,0,0,0,0,59,0,1,Matches
484,Amir Rrahmani,xk KVX,DF,Hellas Verona,25,1994,35.9,1555,1472,78,35,1,5,15,43,0,0,0,0,1233,5,16,Matches
485,Dion Ruffo Luci,it ITA,MF,Bologna,18,2001,0.0,0,0,0,0,0,0,0,0,0,0,0,0,0,0,0,Matches
486,Daniele Rugani,it ITA,DF,Juventus,25,1994,7.7,452,444,7,7,0,2,0,0,0,0,0,0,393,1,1,Matches
487,Mário Rui,pt POR,DF,Napoli,28,1991,21.8,2003,1754,247,52,1,11,122,167,28,14,8,0,1637,2,41,Matches
488,Fabián Ruiz Peña,es ESP,MF,Napoli,23,1996,29.8,2365,2291,70,54,5,30,14,16,0,0,0,0,2136,4,27,Matches
489,Stefano Sabelli,it ITA,DF,Brescia,26,1993,35.2,1971,1518,442,63,2,19,89,378,1,0,1,0,1412,11,46,Matches
490,Alexis Saelemaekers,be BEL,"FW,DF",Milan,20,1999,7.6,336,306,28,0,1,0,24,23,5,0,3,0,271,2,10,Matches
491,Jacopo Sala,it ITA,DF,SPAL,27,1991,9.5,457,386,70,7,0,4,30,63,0,0,0,0,366,1,13,Matches
492,Bartosz Salamon,pl POL,DF,SPAL,28,1991,3.8,152,143,9,9,0,4,0,0,0,0,0,0,138,0,0,Matches
493,Eddie Salcedo,it ITA,"FW,MF",Hellas Verona,17,2001,7.6,218,210,7,0,2,0,26,3,2,1,0,0,134,1,10,Matches
494,Antonio Sanabria,py PAR,FW,Genoa,23,1996,15.4,365,353,12,0,1,4,10,0,0,0,0,0,273,0,9,Matches
495,Alexis Sánchez,cl CHI,FW,Inter,30,1988,10.3,402,355,45,10,3,4,40,0,29,12,7,0,288,2,11,Matches
496,Alex Sandro,br BRA,DF,Juventus,28,1991,26.5,1983,1726,245,31,2,13,67,214,0,0,0,0,1687,12,23,Matches
497,Nicola Sansone,it ITA,"FW,MF",Bologna,27,1991,25.2,996,875,112,41,7,6,121,13,58,37,3,2,716,9,37,Matches
498,Federico Santander,py PAR,FW,Bologna,28,1991,8.6,271,259,12,0,0,0,7,2,0,0,0,0,178,0,7,Matches
499,Davide Santon,it ITA,DF,Roma,28,1991,6.9,410,348,62,10,0,2,9,52,0,0,0,0,360,0,6,Matches
500,Samir Santos,br BRA,DF,Udinese,24,1994,17.2,755,709,46,26,1,2,6,20,0,0,0,0,651,0,7,Matches
Rk,Player,Nation,Pos,Squad,Age,Born,90s,Att,Live,Dead,FK,TB,Sw,Crs,TI,CK,In,Out,Str,Cmp,Off,Blocks,Matches
501,Riccardo Saponara,it ITA,"MF,FW",Genoa,27,1991,1.9,82,80,1,0,0,0,5,1,0,0,0,0,59,1,2,Matches
502,Riccardo Saponara,it ITA,"MF,FW",Lecce,27,1991,10.5,510,475,33,5,4,7,35,4,23,0,4,0,389,2,12,Matches
503,Lasse Schöne,dk DEN,MF,Genoa,33,1986,27.0,1635,1449,178,68,4,3,120,5,105,30,47,0,1364,8,22,Matches
504,Jerdy Schouten,nl NED,MF,Bologna,22,1997,12.0,547,529,16,10,1,3,1,2,0,0,0,0,451,2,13,Matches
505,Matteo Scozzarella,it ITA,MF,Parma,31,1988,10.2,484,420,62,29,1,7,44,0,33,15,13,1,370,2,10,Matches
506,Ken Sema,se SWE,"DF,MF",Udinese,25,1993,27.3,1056,844,206,13,0,3,163,162,31,8,12,0,757,6,52,Matches
507,Alessandro Semprini,it ITA,DF,Brescia,21,1998,7.0,345,270,75,3,0,4,14,72,0,0,0,0,263,0,10,Matches
508,Stefano Sensi,it ITA,MF,Inter,23,1995,8.0,514,458,55,14,0,7,44,1,38,13,6,0,412,1,7,Matches
509,Luigi Sepe,it ITA,GK,Parma,28,1991,34.0,1132,697,431,104,0,5,0,0,0,0,0,0,860,4,0,Matches
510,Yevhen Shakhov,ua UKR,"MF,FW",Lecce,28,1990,12.1,403,391,10,2,0,6,4,5,1,0,0,0,334,2,12,Matches
511,Luca Siligardi,it ITA,"MF,FW",Parma,31,1988,3.7,155,142,12,1,0,3,17,4,4,3,1,0,101,1,6,Matches
512,André Silva,pt POR,FW,Milan,23,1995,0.7,12,12,0,0,0,0,0,0,0,0,0,0,9,0,0,Matches
513,Marco Silvestri,it ITA,GK,Hellas Verona,28,1991,35.0,984,564,416,86,0,0,0,0,0,0,0,0,451,4,0,Matches
514,Giovanni Simeone,ar ARG,FW,Cagliari,24,1995,32.5,484,430,54,0,3,2,16,0,0,0,0,0,324,0,22,Matches
515,Wilfried Singo,ci CIV,DF,Torino,18,2000,1.5,71,62,8,0,0,1,6,8,0,0,0,0,55,1,1,Matches
516,Salvatore Sirigu,it ITA,GK,Torino,32,1987,36.0,1158,687,469,136,0,3,0,0,0,0,0,0,825,2,1,Matches
517,Łukasz Skorupski,pl POL,GK,Bologna,28,1991,37.0,1146,757,382,91,0,2,0,0,0,0,0,0,888,7,1,Matches
518,Andreas Skov Olsen,dk DEN,"FW,MF",Bologna,19,1999,8.4,378,347,29,5,0,3,56,2,22,13,3,0,269,2,8,Matches
519,Simon Skrabb,fi FIN,"FW,MF",Brescia,24,1995,2.9,94,92,1,1,0,0,8,0,0,0,0,0,66,1,3,Matches
520,Milan Škriniar,sk SVK,DF,Inter,24,1995,29.2,2023,1947,71,51,0,37,0,20,0,0,0,0,1862,5,4,Matches
521,Chris Smalling,eng ENG,DF,Roma,29,1989,28.5,1449,1403,44,41,0,12,3,3,0,0,0,0,1308,2,7,Matches
522,Roberto Soriano,it ITA,MF,Bologna,28,1991,27.4,1192,1163,19,9,5,4,30,10,0,0,0,0,1010,10,19,Matches
523,Riccardo Sottil,it ITA,"FW,DF",Fiorentina,20,1999,5.7,191,183,8,2,0,1,23,6,0,0,0,0,150,0,6,Matches
524,Adama Soumaoro,fr FRA,DF,Genoa,27,1992,7.1,327,314,13,12,0,0,0,1,0,0,0,0,302,0,0,Matches
525,Nikolas Špalek,sk SVK,"MF,FW",Brescia,22,1997,17.5,437,422,14,2,1,5,34,7,5,0,2,0,288,1,22,Matches
Rk,Player,Nation,Pos,Squad,Age,Born,90s,Att,Live,Dead,FK,TB,Sw,Crs,TI,CK,In,Out,Str,Cmp,Off,Blocks,Matches
526,Leonardo Spinazzola,it ITA,DF,Roma,26,1993,17.2,1007,841,166,20,0,10,71,146,0,0,0,0,797,0,27,Matches
527,Marco Sportiello,it ITA,GK,Atalanta,27,1992,5.8,150,118,32,6,0,0,0,0,0,0,0,0,128,0,0,Matches
528,Mattia Sprocati,it ITA,"FW,MF",Parma,26,1993,6.6,210,190,19,1,0,1,24,3,11,5,5,0,139,1,7,Matches
529,Mariusz Stępiński,pl POL,"FW,MF",Hellas Verona,24,1995,7.8,166,154,11,0,0,1,4,0,0,0,0,0,106,1,10,Matches
530,Thomas Strakosha,al ALB,GK,Lazio,24,1995,38.0,1233,859,370,79,0,2,0,0,0,0,0,0,959,4,1,Matches
531,Gabriel Strefezza,br BRA,"DF,MF",SPAL,22,1997,23.4,858,777,81,6,1,4,73,72,2,0,2,0,658,0,29,Matches
532,Jens Stryger Larsen,dk DEN,DF,Udinese,28,1991,31.0,1640,1361,271,8,1,3,119,263,0,0,0,0,1223,8,39,Matches
533,Stefano Sturaro,it ITA,MF,Genoa,26,1993,13.9,502,461,40,12,2,10,27,18,10,3,5,0,354,1,7,Matches
534,Suso,es ESP,"FW,MF",Milan,25,1993,15.1,754,687,67,19,6,24,102,4,36,22,3,0,564,0,17,Matches
535,Bosko Sutalo,hr CRO,DF,Atalanta,19,2000,3.1,164,161,3,1,0,0,4,2,0,0,0,0,139,0,2,Matches
536,Mattias Svanberg,se SWE,MF,Bologna,20,1999,11.7,412,383,26,10,1,6,21,1,13,7,5,0,339,3,5,Matches
537,Wojciech Szczęsny,pl POL,GK,Juventus,29,1990,28.8,758,515,240,45,0,5,0,0,0,0,0,0,656,3,1,Matches
538,Andrea Tabanelli,it ITA,MF,Lecce,29,1990,10.7,352,337,13,7,0,0,13,5,1,0,0,0,277,2,7,Matches
539,Panagiotis Tachtsidis,gr GRE,MF,Lecce,28,1991,22.3,1186,1114,66,60,1,30,28,4,2,0,0,0,926,6,27,Matches
540,Adrien Tameze,cm CMR,MF,Atalanta,25,1994,2.3,197,194,3,3,0,2,1,0,0,0,0,0,177,0,3,Matches
541,Łukasz Teodorczyk,pl POL,FW,Udinese,28,1991,2.5,72,68,3,0,0,1,0,1,0,0,0,0,50,1,1,Matches
542,Hidde ter Avest,nl NED,DF,Udinese,22,1997,7.6,353,291,59,2,0,1,11,57,0,0,0,0,255,3,7,Matches
543,Pietro Terracciano,it ITA,GK,Fiorentina,29,1990,6.9,208,128,80,21,0,1,0,0,0,0,0,0,146,0,0,Matches
544,Aleksa Terzić,rs SRB,MF,Fiorentina,19,1999,0.1,5,5,0,0,0,0,0,0,0,0,0,0,3,0,1,Matches
545,Demba Thiam,sn SEN,GK,SPAL,21,1998,2.0,69,37,32,5,0,0,0,0,0,0,0,0,54,0,0,Matches
546,Morten Thorsby,no NOR,"MF,DF",Sampdoria,23,1996,20.7,794,752,41,7,0,4,15,34,0,0,0,0,609,1,20,Matches
547,Jeremy Toljan,de GER,DF,Sassuolo,24,1994,24.3,1478,1214,262,40,0,3,59,222,0,0,0,0,1247,2,38,Matches
548,Rafael Tolói,it ITA,DF,Atalanta,28,1990,29.0,1704,1625,72,37,1,13,13,35,0,0,0,0,1374,7,34,Matches
549,Takehiro Tomiyasu,jp JPN,DF,Bologna,20,1998,28.1,1681,1391,286,47,0,10,32,238,0,0,0,0,1374,4,29,Matches
550,Nenad Tomović,rs SRB,DF,SPAL,31,1987,19.5,942,847,94,39,0,5,13,55,0,0,0,0,776,1,9,Matches
Rk,Player,Nation,Pos,Squad,Age,Born,90s,Att,Live,Dead,FK,TB,Sw,Crs,TI,CK,In,Out,Str,Cmp,Off,Blocks,Matches
551,Sandro Tonali,it ITA,MF,Brescia,19,2000,33.5,1565,1209,344,177,2,29,185,3,129,35,68,0,1110,12,26,Matches
552,Lorenzo Tonelli,it ITA,DF,Sampdoria,29,1990,7.8,374,359,15,14,0,9,1,1,0,0,0,0,305,0,2,Matches
553,Ernesto Torregrossa,ve VEN,FW,Brescia,27,1992,20.5,493,470,20,8,5,11,13,3,1,0,0,0,313,3,19,Matches
554,Luca Tremolada,it ITA,MF,Brescia,27,1991,0.2,8,7,1,0,0,0,2,1,0,0,0,0,4,0,0,Matches
555,Alessandro Tripaldelli,it ITA,DF,Sassuolo,20,1999,1.5,70,60,10,1,0,0,4,9,0,0,0,0,58,0,3,Matches
556,William Troost-Ekong,ng NGA,DF,Udinese,25,1993,28.6,1058,1024,33,32,0,6,1,1,0,0,0,0,862,1,4,Matches
557,Georgi Tunjov,ee EST,MF,SPAL,18,2001,3.2,112,100,12,6,0,2,14,0,6,0,5,0,75,0,5,Matches
558,Stefano Turati,it ITA,GK,Sassuolo,17,2001,2.0,52,34,18,4,0,0,0,0,0,0,0,0,45,0,0,Matches
559,Gennaro Tutino,it ITA,"FW,MF",Hellas Verona,22,1996,2.5,78,71,6,1,0,0,1,1,0,0,0,0,53,1,0,Matches
560,Samir Ujkani,xk KVX,GK,Torino,31,1988,1.0,50,37,13,5,0,0,0,0,0,0,0,0,42,0,0,Matches
561,Cengiz Ünder,tr TUR,FW,Roma,22,1997,9.7,346,325,19,4,5,12,44,1,14,8,2,1,245,2,8,Matches
562,Mirko Valdifiori,it ITA,MF,SPAL,33,1986,15.6,923,780,139,61,0,9,74,2,60,18,33,0,755,4,12,Matches
563,Borja Valero,es ESP,MF,Inter,34,1985,10.3,539,519,17,13,0,6,3,3,1,0,0,0,480,3,8,Matches
564,Mattia Valoti,it ITA,"MF,FW",SPAL,25,1993,17.0,580,565,14,12,0,13,22,2,0,0,0,0,446,1,10,Matches
565,Denis Vavro,sk SVK,DF,Lazio,23,1996,3.6,213,205,8,5,0,1,0,2,0,0,0,0,188,0,5,Matches
566,Matías Vecino,uy URU,MF,Inter,27,1991,14.2,547,537,8,4,0,3,16,4,0,0,0,0,417,2,20,Matches
567,Miguel Veloso,pt POR,MF,Hellas Verona,33,1986,31.2,1793,1522,262,127,5,10,191,9,126,57,64,0,1364,9,31,Matches
568,Lorenzo Venuti,it ITA,"DF,MF",Fiorentina,24,1995,9.5,489,426,61,8,0,4,25,53,0,0,0,0,393,2,13,Matches
569,Brayan Vera,co COL,"DF,FW",Lecce,20,1999,1.7,78,60,18,5,0,1,10,10,3,0,0,0,60,0,5,Matches
570,Simone Verdi,it ITA,"MF,FW",Torino,27,1992,23.0,909,749,156,44,5,16,151,7,80,32,16,1,633,4,29,Matches
571,Jordan Veretout,fr FRA,MF,Roma,26,1993,29.2,1662,1558,99,36,2,21,76,6,56,8,39,0,1441,5,18,Matches
572,Valerio Verre,it ITA,"MF,FW",Hellas Verona,25,1994,19.7,718,666,42,11,9,5,30,1,12,2,7,0,523,10,23,Matches
573,Francesco Vicari,it ITA,DF,SPAL,24,1994,32.2,1290,1212,73,70,0,9,0,3,0,0,0,0,1118,5,6,Matches
574,Ronaldo Vieira,gw GNB,MF,Sampdoria,21,1998,20.2,939,880,55,31,1,12,31,8,16,8,6,0,770,4,12,Matches
575,Mauro Vigorito,it ITA,GK,Lecce,29,1990,4.7,151,84,64,16,0,1,0,0,0,0,0,0,110,3,1,Matches
Rk,Player,Nation,Pos,Squad,Age,Born,90s,Att,Live,Dead,FK,TB,Sw,Crs,TI,CK,In,Out,Str,Cmp,Off,Blocks,Matches
576,Gonzalo Villar,es ESP,MF,Roma,21,1998,3.3,141,138,3,1,0,1,0,1,0,0,0,0,130,0,0,Matches
577,Luigi Vitale,it ITA,DF,Hellas Verona,31,1987,0.5,13,12,1,0,0,0,3,1,0,0,0,0,7,0,1,Matches
578,Mattia Viviani,it ITA,MF,Brescia,18,2000,3.8,190,174,15,9,0,1,3,0,4,0,0,0,160,1,6,Matches
579,Dušan Vlahović,rs SRB,FW,Fiorentina,19,2000,16.7,325,296,26,0,1,2,13,0,1,0,0,0,209,3,20,Matches
580,Stefan de Vrij,nl NED,DF,Inter,27,1992,31.4,1670,1629,37,35,0,9,0,2,0,0,0,0,1530,4,8,Matches
581,Giacomo Vrioni,al ALB,FW,Juventus,20,1998,0.1,2,2,0,0,0,0,0,0,0,0,0,0,2,0,0,Matches
582,Walace,br BRA,MF,Udinese,24,1995,12.7,679,668,11,9,0,5,2,2,0,0,0,0,600,0,8,Matches
583,Sebastian Walukiewicz,pl POL,DF,Cagliari,19,2000,12.9,614,566,48,17,0,7,3,31,0,0,0,0,530,0,3,Matches
584,Jawad El Yamiq,ma MAR,DF,Genoa,27,1992,2.2,113,109,3,1,0,1,1,2,0,0,0,0,98,1,0,Matches
585,Maya Yoshida,jp JPN,DF,Sampdoria,30,1988,13.2,574,548,24,22,0,9,1,2,0,0,0,0,489,2,4,Matches
586,Amin Younes,de GER,"FW,MF",Napoli,25,1993,2.0,112,110,2,1,1,0,1,1,0,0,0,0,91,0,3,Matches
587,Ashley Young,eng ENG,DF,Inter,34,1985,13.2,632,529,99,1,1,5,40,96,2,0,1,0,495,4,21,Matches
588,Mattia Zaccagni,it ITA,"MF,FW",Hellas Verona,24,1995,23.5,782,744,32,8,1,4,46,9,4,0,4,0,556,6,24,Matches
589,Luca Zanimacchia,it ITA,"FW,MF",Juventus,21,1998,1.3,61,56,5,0,0,0,10,1,4,2,2,0,43,0,2,Matches
590,Nicolò Zaniolo,it ITA,"FW,MF",Roma,20,1999,16.7,441,424,14,2,4,16,25,6,1,1,0,0,343,3,11,Matches
591,Cristián Zapata,co COL,DF,Genoa,32,1986,19.1,892,844,47,43,0,2,1,4,0,0,0,0,814,1,5,Matches
592,Duván Zapata,co COL,FW,Atalanta,28,1991,22.5,586,535,49,1,0,5,33,4,0,0,0,0,446,2,22,Matches
593,Davide Zappacosta,it ITA,DF,Roma,27,1992,5.0,242,196,46,2,0,0,23,44,0,0,0,0,195,0,11,Matches
594,Simone Zaza,it ITA,FW,Torino,28,1991,18.2,328,300,23,4,1,3,8,1,0,0,0,0,204,5,9,Matches
595,Marvin Zeegelaar,nl NED,DF,Udinese,28,1990,6.6,307,262,45,3,0,0,13,42,0,0,0,0,249,0,7,Matches
596,Piotr Zieliński,pl POL,MF,Napoli,25,1994,32.5,1994,1953,37,26,4,18,41,6,5,2,1,0,1721,4,22,Matches
597,Jaromír Zmrhal,cz CZE,MF,Brescia,25,1993,12.5,370,351,17,3,0,2,30,4,10,4,3,1,259,2,17,Matches
598,Ervin Zukanović,ba BIH,DF,SPAL,32,1987,2.3,118,118,0,0,0,0,1,0,0,0,0,0,106,0,1,Matches
599,Szymon Żurkowski,pl POL,MF,Fiorentina,21,1997,0.1,4,4,0,0,0,0,0,0,0,0,0,0,4,0,0,Matches
600,Filip Đuričić,rs SRB,"MF,FW",Sassuolo,27,1992,18.1,701,668,29,2,6,6,30,0,26,11,11,0,546,4,27,Matches
Rk,Player,Nation,Pos,Squad,Age,Born,90s,Att,Live,Dead,FK,TB,Sw,Crs,TI,CK,In,Out,Str,Cmp,Off,Blocks,Matches
