rk,player,nation,pos,squad,age,born,90s,tkl,tklw,def_3rd,mid_3rd,att_3rd,tkl_challe,att,lost,blocks,sh,pass,int,tkl_int,clr,err,matches
1,Yunis Abdelhamid,ma MAR,DF,Reims,31,1987,28.0,46,33,29,15,2,17,30,13,26,14,12,47,93,99,1,Matches
2,Mehdi Abeid,dz ALG,MF,Nantes,26,1992,20.2,55,29,18,32,5,20,53,33,16,3,13,23,78,8,1,Matches
3,Charles Abi,fr FRA,FW,Saint-Étienne,19,2000,6.9,9,9,2,5,2,2,7,5,2,0,2,4,13,4,0,Matches
4,Amine Adli,ma MAR,"MF,FW",Toulouse,19,2000,0.5,0,0,0,0,0,0,1,1,0,0,0,1,1,0,0,Matches
5,Yacine Adli,fr FRA,MF,Bordeaux,19,2000,11.3,22,14,4,15,3,11,34,23,10,0,10,8,30,3,0,Matches
6,Nayef Aguerd,ma MAR,DF,Dijon,23,1996,10.6,13,9,7,5,1,8,12,4,11,11,0,18,31,54,0,Matches
7,Ruben Aguilar,fr FRA,DF,Monaco,26,1993,11.9,36,22,19,15,2,19,28,9,6,2,4,11,47,21,0,Matches
8,Jean-Eudes Aholou,ci CIV,MF,Saint-Étienne,25,1994,7.0,16,12,2,11,3,3,9,6,6,1,5,15,31,10,0,Matches
9,Youssef Aït Bennasser,ma MAR,MF,Bordeaux,23,1996,6.0,11,8,6,4,1,4,24,20,6,1,5,4,15,10,1,Matches
10,Rayan Aït-Nouri,dz ALG,DF,Angers,18,2001,14.2,29,22,14,8,7,10,21,11,14,1,13,18,47,33,0,Matches
11,Ludovic Ajorque,fr FRA,FW,Strasbourg,25,1994,22.9,15,10,2,10,3,2,13,11,11,0,11,2,17,20,0,Matches
12,Marley Aké,fr FRA,"FW,MF",Marseille,18,2001,1.1,2,2,1,1,0,1,3,2,0,0,0,1,3,1,0,Matches
13,Chadrac Akolo,cd COD,"FW,MF",Amiens,24,1995,6.0,16,8,8,6,2,5,12,7,6,1,5,5,21,5,0,Matches
14,Sofiane Alakouch,ma MAR,DF,Nîmes,21,1998,15.6,45,26,25,13,7,25,48,23,13,2,11,23,68,39,3,Matches
15,Haitam Aleesami,no NOR,DF,Amiens,28,1991,21.3,36,16,25,9,2,18,43,25,33,10,23,34,70,59,1,Matches
16,Rúnar Alex Rúnarsson,is ISL,GK,Dijon,24,1995,10.0,0,0,0,0,0,0,2,2,0,0,0,0,0,3,3,Matches
17,Rachid Alioui,ma MAR,FW,Angers,27,1992,17.4,8,5,0,7,1,2,13,11,3,0,3,2,10,9,0,Matches
18,Mickaël Alphonse,gp GLP,DF,Dijon,30,1989,15.3,39,25,26,12,1,23,37,14,19,3,16,17,56,64,0,Matches
19,Romain Amalfitano,fr FRA,MF,Dijon,29,1989,18.8,43,27,18,21,4,21,61,40,23,9,14,36,79,14,2,Matches
20,Jordan Amavi,fr FRA,DF,Marseille,25,1994,24.0,55,29,31,19,5,31,64,33,27,6,21,56,111,97,0,Matches
21,Thierry Ambrose,gp GLP,FW,Metz,22,1997,6.1,7,5,2,2,3,2,7,5,3,0,3,3,10,3,0,Matches
22,Kelvin Amian,fr FRA,DF,Toulouse,21,1998,18.1,27,21,21,5,1,14,25,11,14,7,7,18,45,56,0,Matches
23,Joachim Andersen,dk DEN,DF,Lyon,23,1996,17.0,17,9,15,2,0,7,19,12,16,12,4,10,27,74,2,Matches
24,Benjamin André,fr FRA,MF,Lille,28,1990,22.8,72,44,31,35,6,29,74,45,32,9,23,59,131,40,1,Matches
25,Victorien Angban,ci CIV,MF,Metz,22,1996,11.4,23,18,11,11,1,11,24,13,9,2,7,8,31,5,0,Matches
Rk,Player,Nation,Pos,Squad,Age,Born,90s,Tkl,TklW,Def 3rd,Mid 3rd,Att 3rd,Tkl,Att,Lost,Blocks,Sh,Pass,Int,Tkl+Int,Clr,Err,Matches
26,Janis Antiste,fr FRA,MF,Toulouse,16,2002,0.1,0,0,0,0,0,0,0,0,0,0,0,0,0,0,0,Matches
27,Houssem Aouar,dz ALG,"MF,FW",Lyon,21,1998,21.7,28,12,6,18,4,10,35,25,15,1,14,13,41,11,0,Matches
28,Adil Aouchiche,fr FRA,MF,Paris S-G,17,2002,0.7,3,2,1,2,0,2,4,2,3,0,3,0,3,0,0,Matches
29,Dennis Appiah,fr FRA,DF,Nantes,27,1992,17.8,58,35,32,20,6,28,52,24,9,3,6,23,81,34,0,Matches
30,Luiz Araújo,br BRA,"FW,MF",Lille,23,1996,9.2,20,11,3,8,9,5,31,26,14,0,14,4,24,6,0,Matches
31,Alphonse Areola,fr FRA,GK,Paris S-G,26,1993,3.0,0,0,0,0,0,0,0,0,0,0,0,0,0,1,1,Matches
32,Youcef Atal,dz ALG,"FW,DF",Nice,23,1996,11.1,24,11,15,6,3,13,31,18,12,1,11,24,48,11,1,Matches
33,Jean-Kévin Augustin,fr FRA,FW,Monaco,22,1997,3.0,3,0,1,2,0,1,6,5,2,0,2,3,6,0,0,Matches
34,Mathias Autret,fr FRA,"MF,FW",Brest,28,1991,13.6,23,17,5,11,7,8,25,17,14,1,13,10,33,3,0,Matches
35,Ludovic Baal,gf GUF,DF,Brest,33,1986,9.2,27,15,13,12,2,10,22,12,9,3,6,17,44,20,0,Matches
36,Benoît Badiashile,fr FRA,DF,Monaco,18,2001,15.7,18,12,12,5,1,6,12,6,20,11,9,27,45,57,1,Matches
37,Bastian Badu,fr FRA,FW,Montpellier,19,2000,0.1,0,0,0,0,0,0,0,0,0,0,0,0,0,0,0,Matches
38,Stéphane Bahoken,cm CMR,FW,Angers,27,1992,10.1,7,4,1,2,4,1,7,6,4,1,3,2,9,2,0,Matches
39,Dénys Bain,fr FRA,DF,Brest,26,1993,14.1,21,14,15,6,0,9,9,0,13,10,3,28,49,66,0,Matches
40,Stefan Bajic,fr FRA,GK,Saint-Étienne,17,2001,1.0,0,0,0,0,0,0,0,0,1,0,1,0,0,2,0,Matches
41,Tiemoué Bakayoko,fr FRA,MF,Monaco,24,1994,19.1,48,24,16,27,5,29,54,25,12,4,8,29,77,17,0,Matches
42,Mitchel Bakker,nl NED,DF,Paris S-G,19,2000,1.0,2,2,1,1,0,1,1,0,0,0,0,0,2,2,0,Matches
43,Keita Baldé,sn SEN,"FW,MF",Monaco,24,1995,9.5,6,5,1,1,4,3,9,6,4,1,3,2,8,7,1,Matches
44,Fodé Ballo-Touré,sn SEN,DF,Monaco,22,1997,18.7,36,25,21,11,4,17,32,15,10,1,9,24,60,45,0,Matches
45,Florent Balmont,fr FRA,MF,Dijon,39,1980,4.5,12,6,5,7,0,7,12,5,6,0,6,1,13,3,0,Matches
46,Abdoulaye Bamba,ci CIV,DF,Angers,29,1990,6.2,10,7,7,1,2,8,15,7,4,1,3,4,14,18,0,Matches
47,Jonathan Bamba,ci CIV,"FW,MF",Lille,23,1996,21.5,12,6,5,5,2,7,29,22,19,3,16,16,28,8,2,Matches
48,Danilo Barbosa,br BRA,"DF,MF",Nice,23,1996,12.5,28,21,17,9,2,13,29,16,21,6,15,20,48,38,0,Matches
49,Melvin Bard,fr FRA,DF,Lyon,18,2000,0.5,0,0,0,0,0,0,0,0,0,0,0,1,1,0,0,Matches
50,Toma Bašić,hr CRO,MF,Bordeaux,22,1996,11.0,26,22,9,16,1,12,27,15,14,2,12,9,35,12,1,Matches
Rk,Player,Nation,Pos,Squad,Age,Born,90s,Tkl,TklW,Def 3rd,Mid 3rd,Att 3rd,Tkl,Att,Lost,Blocks,Sh,Pass,Int,Tkl+Int,Clr,Err,Matches
51,Thomas Basila,fr FRA,DF,Nantes,20,1999,4.6,6,3,2,4,0,4,4,0,0,0,0,4,10,14,0,Matches
52,Gil Bastião Dias,pt POR,"DF,MF",Monaco,22,1996,11.7,53,33,30,21,2,29,58,29,15,1,14,13,66,22,1,Matches
53,Cristian Battocchio,it ITA,MF,Brest,27,1992,15.5,31,24,13,13,5,14,36,22,13,4,9,19,50,21,0,Matches
54,Gaëtan Belaud,fr FRA,DF,Brest,32,1986,6.4,13,7,10,2,1,4,8,4,8,3,5,15,28,15,0,Matches
55,Haris Belkebla,dz ALG,MF,Brest,25,1994,20.2,44,24,17,17,10,10,28,18,25,5,20,53,97,21,2,Matches
56,Raoul Bellanova,it ITA,DF,Bordeaux,19,2000,0.7,1,1,1,0,0,0,1,1,0,0,0,0,1,0,0,Matches
57,Jean-Ricner Bellegarde,ht HAI,MF,Strasbourg,21,1998,16.6,40,27,18,19,3,13,21,8,16,3,13,22,62,6,0,Matches
58,Sami Ben Amar,ma MAR,FW,Nîmes,21,1998,0.2,1,1,0,0,1,1,1,0,1,0,1,1,2,0,0,Matches
59,Wissam Ben Yedder,fr FRA,FW,Monaco,28,1990,24.0,22,16,2,12,8,8,19,11,12,0,12,4,26,1,0,Matches
60,Cristian Benavente,pe PER,"MF,FW",Nantes,25,1994,3.9,8,5,2,5,1,2,8,6,1,0,1,3,11,0,0,Matches
61,Darío Benedetto,ar ARG,FW,Marseille,29,1990,23.3,12,9,0,9,3,3,18,15,15,2,13,3,15,23,1,Matches
62,Walter Benítez,ar ARG,GK,Nice,26,1993,26.0,1,1,1,0,0,1,3,2,0,0,0,0,1,8,0,Matches
63,Loris Benito,ch SUI,DF,Bordeaux,27,1992,21.1,40,25,23,11,6,16,43,27,14,5,9,29,69,58,1,Matches
64,Bilal Benkhedim,fr FRA,"MF,FW",Saint-Étienne,18,2001,1.5,3,3,1,1,1,1,4,3,1,0,1,1,4,0,0,Matches
65,Yassine Benrahou,fr FRA,"FW,MF",Bordeaux,20,1999,1.9,3,0,1,1,1,2,5,3,1,0,1,2,5,1,0,Matches
66,Yassine Benrahou,fr FRA,"MF,FW",Nîmes,20,1999,8.5,13,8,3,3,7,5,16,11,1,0,1,2,15,0,0,Matches
67,Yassine Benzia,dz ALG,MF,Dijon,24,1994,1.9,3,2,2,1,0,1,6,5,4,2,2,3,6,1,0,Matches
68,Robert Berić,si SVN,FW,Saint-Étienne,28,1991,4.6,3,2,0,2,1,0,5,5,2,0,2,4,7,2,0,Matches
69,Paul Bernardoni,fr FRA,GK,Nîmes,22,1997,24.5,0,0,0,0,0,0,1,1,0,0,0,0,0,11,1,Matches
70,Juan Bernat,es ESP,"DF,MF",Paris S-G,26,1993,15.4,42,27,19,16,7,20,51,31,13,1,12,10,52,26,0,Matches
71,Dimitry Bertaud,cd COD,GK,Montpellier,21,1998,2.2,0,0,0,0,0,0,0,0,0,0,0,0,0,0,0,Matches
72,El Bilal Touré,ml MLI,FW,Reims,17,2001,5.0,3,3,1,0,2,0,0,0,6,0,6,1,4,1,0,Matches
73,Ludovic Blas,fr FRA,"FW,MF",Nantes,21,1997,20.5,26,18,7,15,4,5,26,21,17,1,16,14,40,11,0,Matches
74,Alexis Blin,fr FRA,MF,Amiens,22,1996,20.5,39,25,18,15,6,20,61,41,25,6,19,16,55,49,0,Matches
75,Antonin Bobichon,fr FRA,MF,Nîmes,23,1995,2.0,4,3,1,3,0,3,3,0,1,0,1,1,5,0,0,Matches
Rk,Player,Nation,Pos,Squad,Age,Born,90s,Tkl,TklW,Def 3rd,Mid 3rd,Att 3rd,Tkl,Att,Lost,Blocks,Sh,Pass,Int,Tkl+Int,Clr,Err,Matches
76,Antonin Bobichon,fr FRA,MF,Angers,23,1995,7.2,9,4,4,5,0,2,19,17,7,0,7,7,16,4,0,Matches
77,Mathieu Bodmer,fr FRA,"MF,FW",Amiens,36,1982,1.0,0,0,0,0,0,0,1,1,1,1,0,1,1,1,0,Matches
78,Sacha Boey,fr FRA,DF,Rennes,18,2000,1.9,6,4,3,1,2,4,8,4,0,0,0,2,8,5,0,Matches
79,Quentin Boisgard,fr FRA,"MF,FW",Toulouse,22,1997,12.7,31,19,10,14,7,14,35,21,11,0,11,12,43,4,1,Matches
80,Gabriel Boschilia,br BRA,"MF,FW",Monaco,23,1996,1.4,3,1,0,3,0,1,5,4,1,1,0,2,5,2,0,Matches
81,Denis Bouanga,ga GAB,"FW,MF",Saint-Étienne,24,1994,22.7,45,34,10,25,10,20,55,35,30,0,30,10,55,15,0,Matches
82,Hicham Boudaoui,dz ALG,"MF,FW",Nice,19,1999,5.4,20,10,6,11,3,9,23,14,10,3,7,13,33,7,0,Matches
83,Ryad Boudebouz,dz ALG,"MF,FW",Saint-Étienne,29,1990,17.7,25,16,9,14,2,8,25,17,14,1,13,7,32,5,0,Matches
84,Farid Boulaya,dz ALG,FW,Metz,26,1993,9.1,14,10,7,4,3,7,19,12,5,0,5,6,20,3,0,Matches
85,Benjamin Bourigeaud,fr FRA,MF,Rennes,25,1994,21.1,40,12,18,20,2,17,68,51,38,7,31,20,60,25,0,Matches
86,Bilal Boutobba,fr FRA,MF,Montpellier,20,1998,0.1,0,0,0,0,0,0,1,1,0,0,0,0,0,0,0,Matches
87,John Boye,gh GHA,DF,Metz,32,1987,23.5,30,19,25,5,0,19,32,13,31,18,13,31,61,116,0,Matches
88,Domagoj Bradarić,hr CRO,DF,Lille,19,1999,15.8,28,11,9,17,2,12,27,15,16,3,13,22,50,28,0,Matches
89,Anthony Briançon,fr FRA,DF,Nîmes,24,1994,19.3,29,19,20,9,0,17,34,17,22,16,6,39,68,80,0,Matches
90,Jimmy Briand,fr FRA,FW,Bordeaux,33,1985,16.9,12,8,5,4,3,3,13,10,8,4,4,6,18,12,0,Matches
91,Dylan Bronn,tn TUN,DF,Metz,24,1995,9.0,7,5,6,1,0,4,7,3,11,9,2,6,13,42,0,Matches
92,Lucas Buadés,fr FRA,"MF,FW",Nîmes,21,1997,1.3,4,4,3,1,0,1,5,4,0,0,0,1,5,3,0,Matches
93,Patrick Burner,mq MTQ,DF,Nice,23,1996,15.9,35,25,15,17,3,14,25,11,11,2,9,30,65,37,0,Matches
94,Ludovic Butelle,fr FRA,GK,Angers,36,1983,26.0,1,1,1,0,0,1,2,1,1,0,1,0,1,10,4,Matches
95,Marcin Bułka,pl POL,GK,Paris S-G,19,1999,1.0,0,0,0,0,0,0,0,0,0,0,0,0,0,0,0,Matches
96,Yohan Cabaye,fr FRA,MF,Saint-Étienne,33,1986,9.5,29,18,11,14,4,14,25,11,10,0,10,22,51,7,1,Matches
97,Manuel Cabit,mq MTQ,DF,Metz,26,1993,3.0,3,1,1,2,0,2,10,8,5,0,5,4,7,5,0,Matches
98,Anthony Caci,fr FRA,DF,Strasbourg,22,1997,7.7,29,17,19,9,1,8,17,9,15,5,10,19,48,15,1,Matches
99,Jhonder Cádiz,ve VEN,"FW,MF",Dijon,24,1995,8.9,16,8,6,7,3,3,7,4,4,2,2,1,17,9,0,Matches
100,Mathieu Cafaro,fr FRA,"FW,MF",Reims,22,1997,10.3,12,6,5,5,2,6,17,11,13,0,13,2,14,0,0,Matches
Rk,Player,Nation,Pos,Squad,Age,Born,90s,Tkl,TklW,Def 3rd,Mid 3rd,Att 3rd,Tkl,Att,Lost,Blocks,Sh,Pass,Int,Tkl+Int,Clr,Err,Matches
101,Jonathan Cafu,br BRA,DF,Bordeaux,28,1991,2.2,7,3,4,3,0,4,7,3,1,0,1,1,8,3,0,Matches
102,Arturo Calabresi,it ITA,DF,Amiens,23,1996,20.9,53,33,29,20,4,33,75,42,24,11,13,29,82,60,0,Matches
103,Duje Ćaleta-Car,hr CRO,DF,Marseille,22,1996,21.0,29,15,17,11,1,18,26,8,17,6,11,26,55,98,0,Matches
104,Mahdi Camara,fr FRA,MF,Saint-Étienne,21,1998,10.0,33,20,12,16,5,18,32,14,20,2,18,18,51,5,0,Matches
105,Souleymane Camara,sn SEN,FW,Montpellier,36,1982,1.8,0,0,0,0,0,0,2,2,0,0,0,0,0,1,0,Matches
106,Eduardo Camavinga,fr FRA,MF,Rennes,16,2002,23.4,105,64,45,56,4,48,96,48,26,8,18,34,139,35,0,Matches
107,Pierrick Capelle,fr FRA,"MF,DF",Angers,32,1987,19.4,42,32,18,16,8,16,48,32,17,3,14,21,63,28,0,Matches
108,Maxence Caqueret,fr FRA,MF,Lyon,19,2000,6.3,24,15,10,13,1,11,25,14,14,2,12,9,33,6,1,Matches
109,Irvin Cardona,mt MLT,"FW,MF",Brest,21,1997,16.1,13,8,5,6,2,9,32,23,8,0,8,1,14,7,0,Matches
110,Lionel Carole,fr FRA,DF,Strasbourg,28,1991,14.1,23,8,15,6,2,13,17,4,2,1,1,19,42,22,0,Matches
111,Matis Carvalho,pt POR,GK,Montpellier,20,1999,0.8,0,0,0,0,0,0,1,1,0,0,0,0,0,1,0,Matches
112,Moreto Cassamã,gw GNB,MF,Reims,21,1998,6.6,17,11,2,13,2,5,7,2,7,2,5,5,22,6,0,Matches
113,Jean-Charles Castelletto,cm CMR,DF,Brest,24,1995,20.4,18,9,13,5,0,9,18,9,20,16,4,33,51,87,1,Matches
114,Edinson Cavani,uy URU,FW,Paris S-G,32,1987,6.7,5,1,0,2,3,0,3,3,7,0,7,1,6,2,0,Matches
115,Zeki Çelik,tr TUR,DF,Lille,22,1997,23.0,53,28,18,28,7,27,60,33,24,4,20,26,79,39,0,Matches
116,Fabien Centonze,fr FRA,DF,Metz,23,1996,28.0,76,49,53,22,1,34,57,23,30,11,19,59,135,98,0,Matches
117,Florian Chabrolle,fr FRA,MF,Marseille,21,1998,0.2,0,0,0,0,0,0,0,0,0,0,0,0,0,0,0,Matches
118,Fouad Chafik,ma MAR,DF,Dijon,32,1986,17.0,32,21,22,7,3,17,36,19,12,5,7,26,58,36,0,Matches
119,Gaëtan Charbonnier,fr FRA,"FW,MF",Brest,30,1988,22.9,36,16,11,11,14,10,35,25,19,6,13,7,43,33,1,Matches
120,Brendan Chardonnet,fr FRA,DF,Brest,24,1994,9.1,12,6,10,2,0,7,12,5,8,5,3,15,27,50,0,Matches
121,Xavier Chavalerin,fr FRA,MF,Reims,28,1991,23.9,71,52,29,33,9,19,49,30,23,8,15,36,107,36,0,Matches
122,Aurélien Chedjou,cm CMR,DF,Amiens,34,1985,21.9,27,19,18,9,0,10,22,12,15,11,4,40,67,120,3,Matches
123,Rayan Cherki,fr FRA,"MF,FW",Lyon,15,2003,1.6,3,2,0,1,2,3,4,1,3,0,3,0,3,0,0,Matches
124,Joris Chotard,fr FRA,MF,Montpellier,17,2001,13.9,30,18,13,17,0,15,35,20,12,5,7,20,50,12,1,Matches
125,Mounir Chouiar,fr FRA,"MF,FW",Dijon,20,1999,16.7,36,23,13,18,5,12,42,30,8,0,8,13,49,13,0,Matches
Rk,Player,Nation,Pos,Squad,Age,Born,90s,Tkl,TklW,Def 3rd,Mid 3rd,Att 3rd,Tkl,Att,Lost,Blocks,Sh,Pass,Int,Tkl+Int,Clr,Err,Matches
126,Ibrahim Cissé,ci CIV,DF,Nice,20,1999,0.6,1,1,1,0,0,0,0,0,0,0,0,0,1,6,0,Matches
127,Ibrahim Cissé,sn SEN,DF,Angers,23,1996,0.7,2,1,0,2,0,0,0,0,0,0,0,0,2,2,0,Matches
128,Alexis Claude-Maurice,fr FRA,"FW,MF",Nice,21,1998,18.1,26,16,8,11,7,13,35,22,20,4,16,11,37,4,0,Matches
129,Yannis Clementia,mq MTQ,GK,Nice,22,1997,2.0,0,0,0,0,0,0,0,0,0,0,0,0,0,0,0,Matches
130,Marcus Coco,fr FRA,FW,Nantes,23,1996,0.2,1,0,1,0,0,1,1,0,0,0,0,0,1,0,0,Matches
131,Renaud Cohade,fr FRA,MF,Metz,34,1984,8.5,28,20,11,12,5,12,28,16,14,3,11,8,36,6,0,Matches
132,Racine Coly,sn SEN,"DF,FW",Nice,23,1995,7.2,21,13,15,5,1,9,17,8,5,0,5,12,33,23,0,Matches
133,Daniel Congré,fr FRA,DF,Montpellier,34,1985,21.6,37,27,20,16,1,18,38,20,8,7,1,47,84,66,1,Matches
134,Benjamin Corgnet,fr FRA,"MF,FW",Strasbourg,32,1987,2.9,1,1,1,0,0,1,3,2,2,0,2,2,3,3,0,Matches
135,Maxwel Cornet,ci CIV,"FW,DF",Lyon,22,1996,14.8,30,19,18,8,4,13,23,10,16,1,15,21,51,19,1,Matches
136,Quentin Cornette,fr FRA,"FW,MF",Amiens,25,1994,3.9,8,3,3,2,3,3,9,6,7,1,6,6,14,5,0,Matches
137,Edmilson Correia,gw GNB,"FW,DF",Saint-Étienne,19,2000,0.5,0,0,0,0,0,0,1,1,1,0,1,1,1,0,0,Matches
138,Nuno da Costa,cv CPV,FW,Strasbourg,28,1991,5.9,15,10,3,8,4,4,10,6,7,0,7,4,19,3,0,Matches
139,Benoît Costil,fr FRA,GK,Bordeaux,32,1987,28.0,0,0,0,0,0,0,3,3,0,0,0,2,2,9,0,Matches
140,Kalifa Coulibaly,ml MLI,FW,Nantes,27,1991,18.0,11,7,0,5,6,3,5,2,3,1,2,6,17,32,0,Matches
141,Senou Coulibaly,ml MLI,DF,Dijon,24,1994,7.4,14,7,11,3,0,2,4,2,11,10,1,10,24,44,1,Matches
142,Yoann Court,fr FRA,"FW,MF",Brest,29,1990,16.3,48,26,28,17,3,20,64,44,21,0,21,15,63,14,0,Matches
143,Nicolas Cozza,fr FRA,DF,Montpellier,20,1999,6.2,5,5,3,2,0,2,3,1,8,6,2,9,14,18,0,Matches
144,Wylan Cyprien,fr FRA,MF,Nice,24,1995,19.7,17,11,5,12,0,7,27,20,8,2,6,19,36,16,3,Matches
145,Lucas Da Cunha,fr FRA,MF,Rennes,18,2001,0.8,1,0,1,0,0,1,1,0,0,0,0,0,1,0,0,Matches
146,Damien Da Silva,fr FRA,DF,Rennes,31,1988,24.9,27,14,20,5,2,10,19,9,21,13,8,26,53,143,1,Matches
147,Colin Dagba,fr FRA,DF,Paris S-G,20,1998,7.4,10,4,2,4,4,5,9,4,6,1,5,6,16,9,0,Matches
148,Dante,br BRA,DF,Nice,35,1983,21.0,34,21,24,10,0,17,25,8,27,16,11,26,60,79,0,Matches
149,Lucas Deaux,fr FRA,MF,Nîmes,30,1988,14.8,49,26,16,29,4,16,45,29,20,4,16,15,64,19,0,Matches
150,Mathieu Debuchy,fr FRA,DF,Saint-Étienne,34,1985,19.7,44,26,22,15,7,24,47,23,21,11,10,43,87,59,0,Matches
Rk,Player,Nation,Pos,Squad,Age,Born,90s,Tkl,TklW,Def 3rd,Mid 3rd,Att 3rd,Tkl,Att,Lost,Blocks,Sh,Pass,Int,Tkl+Int,Clr,Err,Matches
151,Romain Del Castillo,fr FRA,"FW,MF",Rennes,23,1996,13.8,20,14,5,11,4,6,27,21,12,2,10,7,27,7,0,Matches
152,Thomas Delaine,fr FRA,DF,Metz,27,1992,13.9,25,16,18,6,1,12,21,9,17,1,16,15,40,28,0,Matches
153,Paul Delecroix,fr FRA,GK,Metz,30,1988,1.5,0,0,0,0,0,0,0,0,0,0,0,0,0,0,0,Matches
154,Andy Delort,dz ALG,FW,Montpellier,27,1991,25.3,28,18,11,9,8,7,27,20,21,6,15,3,31,10,0,Matches
155,Moussa Dembélé,fr FRA,FW,Lyon,23,1996,24.3,12,7,2,5,5,4,14,10,14,3,11,5,17,31,0,Matches
156,Jason Denayer,be BEL,DF,Lyon,24,1995,23.7,17,13,12,5,0,10,14,4,32,29,3,20,37,83,0,Matches
157,Kévin Denkey,tg TOG,FW,Nîmes,18,2000,6.7,10,5,1,8,1,6,10,4,7,0,7,2,12,1,1,Matches
158,Ángel Di María,ar ARG,"FW,MF",Paris S-G,31,1988,22.2,17,12,2,8,7,4,34,30,14,3,11,11,28,1,3,Matches
159,Boulaye Dia,sn SEN,FW,Reims,22,1996,20.1,15,9,7,6,2,3,10,7,9,2,7,7,22,16,0,Matches
160,Fousseni Diabaté,ml MLI,"FW,MF",Amiens,23,1995,13.2,16,10,6,6,4,5,16,11,11,0,11,8,24,3,1,Matches
161,Bafodé Diakité,fr FRA,DF,Toulouse,18,2001,15.2,23,19,15,8,0,7,13,6,18,9,9,20,43,75,0,Matches
162,Abdou Diallo,sn SEN,DF,Paris S-G,23,1996,13.3,20,11,9,10,1,8,14,6,9,5,4,10,30,32,0,Matches
163,Habib Diallo,sn SEN,FW,Metz,24,1995,24.4,2,1,0,2,0,0,6,6,6,5,1,4,6,43,0,Matches
164,Ibrahima Diallo,fr FRA,MF,Brest,20,1999,17.3,38,24,15,22,1,12,29,17,9,2,7,23,61,16,3,Matches
165,Moussa Diarra,ml MLI,DF,Toulouse,18,2000,1.0,3,3,2,1,0,1,1,0,0,0,0,3,6,2,0,Matches
166,Lucas Dias,fr FRA,GK,Nîmes,20,1999,3.5,1,1,1,0,0,1,1,0,0,0,0,0,1,2,0,Matches
167,Bakaye Dibassy,ml MLI,DF,Amiens,29,1989,20.8,26,14,17,8,1,15,20,5,29,18,11,37,63,78,2,Matches
168,Tristan Dingomé,cm CMR,MF,Reims,28,1991,9.9,10,4,3,6,1,2,12,10,6,0,6,6,16,1,0,Matches
169,Lois Diony,fr FRA,FW,Saint-Étienne,26,1992,7.4,15,5,0,11,4,5,9,4,3,0,3,1,16,0,0,Matches
170,Assane Dioussé,sn SEN,MF,Saint-Étienne,21,1997,1.3,1,1,0,1,0,0,3,3,0,0,0,0,1,2,0,Matches
171,Axel Disasi,fr FRA,DF,Reims,21,1998,27.0,32,21,18,13,1,17,27,10,29,24,5,26,58,97,0,Matches
172,Tiago Djaló,pt POR,DF,Lille,19,2000,7.3,9,4,5,3,1,2,7,5,3,2,1,11,20,28,0,Matches
173,Alexander Djiku,gh GHA,"DF,MF",Strasbourg,24,1994,22.9,46,32,27,19,0,21,29,8,14,8,6,55,101,82,4,Matches
174,Kasper Dolberg,dk DEN,FW,Nice,21,1997,21.0,10,6,0,3,7,4,17,13,18,2,16,10,20,24,0,Matches
175,Keagan Dolly,za RSA,MF,Montpellier,26,1993,1.6,6,3,1,3,2,2,5,3,1,0,1,1,7,0,0,Matches
Rk,Player,Nation,Pos,Squad,Age,Born,90s,Tkl,TklW,Def 3rd,Mid 3rd,Att 3rd,Tkl,Att,Lost,Blocks,Sh,Pass,Int,Tkl+Int,Clr,Err,Matches
176,Anastasios Donis,gr GRE,FW,Reims,22,1996,6.8,3,2,2,1,0,1,9,8,2,0,2,1,4,3,0,Matches
177,Mathieu Dossevi,tg TOG,"MF,FW",Toulouse,31,1988,19.5,32,20,7,17,8,15,30,15,17,0,17,14,46,7,0,Matches
178,Moussa Doumbia,ml MLI,"FW,MF",Reims,24,1994,19.1,16,8,5,6,5,7,24,17,14,1,13,9,25,5,0,Matches
179,Souleyman Doumbia,ci CIV,DF,Angers,22,1996,5.0,10,4,7,2,1,5,6,1,5,0,5,6,16,18,0,Matches
180,Souleyman Doumbia,ci CIV,DF,Rennes,22,1996,1.0,1,1,1,0,0,1,1,0,2,2,0,0,1,3,0,Matches
181,Julian Draxler,de GER,MF,Paris S-G,25,1993,7.6,13,10,2,9,2,7,15,8,7,1,6,10,23,1,0,Matches
182,Leo Dubois,fr FRA,DF,Lyon,24,1994,15.0,32,23,20,9,3,13,22,9,12,4,8,18,50,34,1,Matches
183,Haris Duljević,ba BIH,"FW,MF",Nîmes,25,1993,5.8,11,6,3,7,1,4,12,8,5,0,5,2,13,1,0,Matches
184,Riza Durmisi,dk DEN,"DF,MF",Nice,25,1994,1.8,1,1,1,0,0,0,0,0,2,1,1,1,2,3,0,Matches
185,Jean-Kevin Duverne,ht HAI,DF,Brest,22,1997,13.1,12,8,5,6,1,2,6,4,23,8,15,20,32,50,0,Matches
186,Bruno Ecuele Manga,ga GAB,DF,Dijon,31,1988,28.0,22,15,17,5,0,9,20,11,34,23,11,37,59,112,2,Matches
187,Renaud Emond,be BEL,FW,Nantes,27,1991,3.2,3,1,0,2,1,1,5,4,0,0,0,0,3,7,0,Matches
188,Fábio,br BRA,DF,Nantes,29,1990,9.3,38,22,18,20,0,25,35,10,10,5,5,18,56,19,0,Matches
189,Cesc Fàbregas,es ESP,MF,Monaco,32,1987,10.3,11,4,6,3,2,6,29,23,8,1,7,7,18,3,0,Matches
190,Julien Faussurier,fr FRA,DF,Brest,32,1987,22.0,36,22,23,13,0,21,53,32,22,7,15,33,69,46,1,Matches
191,Zinedine Ferhat,dz ALG,"FW,MF",Nîmes,26,1993,25.0,26,16,5,16,5,15,46,31,15,3,12,16,42,18,0,Matches
192,Juan Ferney Otero,co COL,"FW,MF",Amiens,24,1995,13.4,17,10,6,9,2,8,24,16,12,1,11,19,36,10,0,Matches
193,Jordan Ferri,fr FRA,MF,Montpellier,27,1992,12.8,22,13,7,12,3,13,44,31,9,0,9,10,32,10,0,Matches
194,Mamadou Fofana,ml MLI,"DF,MF",Metz,21,1998,17.6,57,35,38,15,4,21,41,20,22,10,12,22,79,61,1,Matches
195,Wesley Fofana,fr FRA,DF,Saint-Étienne,18,2000,13.5,25,15,16,9,0,12,18,6,10,5,5,36,61,55,4,Matches
196,Youssouf Fofana,fr FRA,MF,Strasbourg,20,1999,11.2,25,17,10,12,3,13,30,17,11,0,11,14,39,7,0,Matches
197,Youssouf Fofana,fr FRA,MF,Monaco,20,1999,6.8,16,9,6,10,0,8,15,7,12,2,10,8,24,9,0,Matches
198,Thomas Foket,be BEL,DF,Reims,24,1994,27.0,61,36,31,23,7,30,48,18,15,4,11,39,100,59,1,Matches
199,Lamine Fomba,fr FRA,MF,Nîmes,21,1998,15.3,65,31,20,37,8,21,43,22,29,4,25,25,90,11,1,Matches
200,José Fonte,pt POR,DF,Lille,35,1983,24.5,19,11,11,7,1,11,22,11,19,11,8,28,47,90,1,Matches
Rk,Player,Nation,Pos,Squad,Age,Born,90s,Tkl,TklW,Def 3rd,Mid 3rd,Att 3rd,Tkl,Att,Lost,Blocks,Sh,Pass,Int,Tkl+Int,Clr,Err,Matches
201,Lyle Foster,za RSA,FW,Monaco,18,2000,0.7,0,0,0,0,0,0,1,1,0,0,0,0,0,1,0,Matches
202,Angelo Fulgini,fr FRA,MF,Angers,22,1996,17.5,28,18,8,15,5,12,23,11,6,1,5,19,47,10,0,Matches
203,Ruben Gabrielsen,no NOR,DF,Toulouse,27,1992,7.3,3,2,3,0,0,2,4,2,5,3,2,8,11,41,0,Matches
204,Nicolás Gaitán,ar ARG,"MF,FW",Lille,31,1988,0.6,1,0,0,1,0,1,1,0,1,0,1,0,1,1,0,Matches
205,Marvin Gakpa,fr FRA,"MF,FW",Metz,25,1993,5.2,10,6,3,4,3,4,8,4,3,0,3,5,15,1,0,Matches
206,Idrissa Gana Gueye,sn SEN,MF,Paris S-G,29,1989,18.4,65,34,30,25,10,18,43,25,29,4,25,33,98,15,0,Matches
207,Ignatius Ganago,cm CMR,"FW,MF",Nice,20,1999,13.8,10,6,4,3,3,3,18,15,8,1,7,4,14,13,0,Matches
208,Yann Gboho,fr FRA,FW,Rennes,18,2001,2.5,2,2,1,0,1,0,2,2,1,0,1,1,3,0,0,Matches
209,Jérémy Gélin,fr FRA,"DF,MF",Rennes,22,1997,10.3,14,5,10,2,2,8,13,5,14,7,7,15,29,33,1,Matches
210,Valère Germain,fr FRA,FW,Marseille,29,1990,15.0,22,12,6,11,5,6,31,25,16,3,13,8,30,26,0,Matches
211,Saman Ghoddos,ir IRN,FW,Amiens,25,1993,2.6,2,2,0,1,1,1,2,1,5,0,5,2,4,3,0,Matches
212,Andrei Girotto,br BRA,DF,Nantes,27,1992,24.2,76,53,45,29,2,39,71,32,32,17,15,34,110,111,1,Matches
213,Kamil Glik,pl POL,DF,Monaco,31,1988,23.0,26,14,15,11,0,13,21,8,23,17,6,27,53,118,0,Matches
214,Joris Gnagnon,fr FRA,DF,Rennes,22,1997,14.2,16,13,14,2,0,10,11,1,21,17,4,18,34,61,0,Matches
215,Eddy Gnahoré,fr FRA,MF,Amiens,25,1993,12.6,24,12,7,15,2,8,28,20,25,4,21,9,33,25,0,Matches
216,Mauro Goicoechea,uy URU,GK,Toulouse,31,1988,2.0,0,0,0,0,0,0,0,0,0,0,0,0,0,1,2,Matches
217,Aleksandr Golovin,ru RUS,MF,Monaco,23,1996,22.9,49,27,17,26,6,14,69,55,28,0,28,31,80,22,0,Matches
218,Alfred Gomis,sn SEN,GK,Dijon,25,1993,18.0,1,0,1,0,0,1,2,1,2,0,2,0,1,14,2,Matches
219,Mathieu Goncalves,fr FRA,DF,Toulouse,18,2001,3.5,5,3,5,0,0,2,8,6,4,3,1,4,9,10,0,Matches
220,Álvaro González,es ESP,DF,Marseille,29,1990,18.1,19,13,14,4,1,9,13,4,7,4,3,18,37,65,0,Matches
221,Prince-Désir Gouano,fr FRA,DF,Amiens,25,1993,3.0,3,1,0,3,0,0,0,0,6,3,3,2,5,15,0,Matches
222,Amine Gouiri,dz ALG,FW,Lyon,19,2000,0.0,0,0,0,0,0,0,0,0,0,0,0,0,0,0,0,Matches
223,Max Gradel,ci CIV,"MF,FW",Toulouse,31,1987,18.2,36,20,17,14,5,12,47,35,11,1,10,11,47,23,0,Matches
224,Samuel Grandsir,fr FRA,"FW,MF",Brest,22,1996,16.6,34,22,13,16,5,11,30,19,9,0,9,14,48,5,0,Matches
225,Clément Grenier,fr FRA,MF,Rennes,28,1991,9.3,21,12,6,15,0,11,40,29,7,2,5,7,28,16,0,Matches
Rk,Player,Nation,Pos,Squad,Age,Born,90s,Tkl,TklW,Def 3rd,Mid 3rd,Att 3rd,Tkl,Att,Lost,Blocks,Sh,Pass,Int,Tkl+Int,Clr,Err,Matches
226,Jérémy Grimm,fr FRA,MF,Strasbourg,32,1987,0.0,0,0,0,0,0,0,0,0,0,0,0,0,0,0,0,Matches
227,Bruno Guimarães,br BRA,MF,Lyon,21,1997,3.0,12,7,5,6,1,5,10,5,1,0,1,4,16,1,0,Matches
228,Serhou Guirassy,gn GUI,FW,Amiens,23,1996,21.3,7,3,1,4,2,2,7,5,13,6,7,4,11,21,0,Matches
229,Rafik Guitane,fr FRA,MF,Rennes,20,1999,0.2,0,0,0,0,0,0,0,0,0,0,0,0,0,0,0,Matches
230,Régis Gurtner,fr FRA,GK,Amiens,32,1986,28.0,1,1,1,0,0,1,2,1,0,0,0,0,1,10,4,Matches
231,Luiz Gustavo,br BRA,MF,Marseille,32,1987,2.1,6,3,3,3,0,3,5,2,5,2,3,5,11,6,0,Matches
232,Romain Hamouma,fr FRA,"FW,MF",Saint-Étienne,32,1987,9.6,12,9,1,5,6,2,12,10,12,0,12,0,12,4,0,Matches
233,Benjamin Henrichs,de GER,"DF,MF",Monaco,22,1997,9.9,26,20,16,9,1,14,33,19,19,4,15,14,40,18,0,Matches
234,Christophe Hérelle,mq MTQ,DF,Nice,26,1992,12.3,14,11,10,4,0,3,7,4,14,8,6,17,31,26,1,Matches
235,Ander Herrera,es ESP,"MF,DF",Paris S-G,29,1989,6.1,19,11,9,9,1,5,14,9,10,2,8,6,25,4,0,Matches
236,Vitorino Hilton,br BRA,DF,Montpellier,41,1977,27.9,27,17,20,7,0,13,28,15,22,18,4,49,76,121,1,Matches
237,Josué Homawoo,tg TOG,DF,Nantes,21,1997,0.5,6,2,3,3,0,2,2,0,3,2,1,2,8,2,0,Matches
238,Franck Honorat,fr FRA,"FW,DF",Saint-Étienne,22,1996,9.4,16,11,7,8,1,8,23,15,12,1,11,5,21,13,1,Matches
239,Adrien Hunou,fr FRA,"FW,MF",Rennes,25,1994,13.4,21,18,5,11,5,4,21,17,16,1,15,5,26,5,0,Matches
240,Suk Hyun-jun,kr KOR,"FW,MF",Reims,28,1991,2.9,3,3,1,1,1,1,2,1,1,0,1,1,4,2,0,Matches
241,Didier Ibrahim Ndong,ga GAB,MF,Dijon,25,1994,26.5,62,35,30,31,1,30,59,29,27,6,21,49,111,31,0,Matches
242,Mauro Icardi,ar ARG,FW,Paris S-G,26,1993,14.1,4,2,1,3,0,1,10,9,7,1,6,2,6,11,0,Matches
243,Jonathan Ikone,fr FRA,"MF,FW",Lille,21,1998,22.9,15,7,3,7,5,6,24,18,26,2,24,5,20,3,0,Matches
244,Yun Il-lok,kr KOR,"MF,FW",Montpellier,27,1992,1.3,1,1,0,1,0,0,4,4,0,0,0,0,1,0,0,Matches
245,Nicolas Isimat-Mirin,fr FRA,DF,Toulouse,27,1991,14.0,14,8,8,6,0,5,11,6,18,12,6,22,36,71,0,Matches
246,Christophe Jallet,fr FRA,DF,Amiens,35,1983,9.5,24,16,14,8,2,14,37,23,8,2,6,18,42,29,0,Matches
247,Corentin Jean,fr FRA,DF,Toulouse,24,1995,0.1,0,0,0,0,0,0,0,0,0,0,0,0,0,1,0,Matches
248,Benjamin Jeannot,fr FRA,"MF,FW",Dijon,27,1992,1.9,2,1,0,1,1,0,4,4,2,0,2,2,4,4,0,Matches
249,Jemerson,br BRA,"DF,MF",Monaco,26,1992,11.7,28,17,13,14,1,10,21,11,8,3,5,16,44,24,0,Matches
250,Jesé,es ESP,FW,Paris S-G,26,1993,0.0,0,0,0,0,0,0,0,0,0,0,0,0,0,0,0,Matches
Rk,Player,Nation,Pos,Squad,Age,Born,90s,Tkl,TklW,Def 3rd,Mid 3rd,Att 3rd,Tkl,Att,Lost,Blocks,Sh,Pass,Int,Tkl+Int,Clr,Err,Matches
251,Vukašin Jovanović,rs SRB,DF,Bordeaux,23,1996,6.4,18,11,12,6,0,14,21,7,5,3,2,15,33,15,0,Matches
252,Stevan Jovetić,me MNE,"FW,MF",Monaco,29,1989,5.3,2,1,0,1,1,1,5,4,1,0,1,1,3,5,0,Matches
253,Abdoul Kader Bamba,fr FRA,"FW,MF",Nantes,25,1994,16.3,19,15,5,9,5,9,30,21,8,2,6,16,35,8,0,Matches
254,Gaël Kakuta,cd COD,"MF,FW",Amiens,28,1991,22.2,46,27,13,27,6,17,48,31,15,1,14,16,62,8,2,Matches
255,Lovre Kalinić,hr CRO,GK,Toulouse,29,1990,3.4,0,0,0,0,0,0,1,1,0,0,0,0,0,0,0,Matches
256,Samuel Kalu,ng NGA,"DF,FW",Bordeaux,21,1997,15.1,33,17,19,12,2,16,36,20,13,1,12,24,57,10,0,Matches
257,François Kamano,gn GUI,"DF,MF",Bordeaux,23,1996,7.2,12,6,5,4,3,8,15,7,5,0,5,3,15,2,0,Matches
258,Boubacar Kamara,fr FRA,"DF,MF",Marseille,19,1999,23.8,67,34,37,27,3,27,57,30,27,14,13,34,101,53,1,Matches
259,Hassane Kamara,ci CIV,"DF,FW",Reims,25,1994,19.0,58,47,40,14,4,24,35,11,17,2,15,58,116,58,0,Matches
260,Wilfried Kanga,ci CIV,FW,Angers,21,1998,0.8,0,0,0,0,0,0,1,1,0,0,0,0,0,0,0,Matches
261,Thilo Kehrer,de GER,DF,Paris S-G,22,1996,5.3,10,7,4,5,1,5,10,5,2,0,2,1,11,2,1,Matches
262,Jules Keita,gn GUI,"MF,FW",Dijon,21,1998,1.8,4,3,2,1,1,1,6,5,1,0,1,3,7,0,0,Matches
263,Saîf-Eddine Khaoui,tn TUN,"MF,FW",Marseille,24,1995,1.2,3,1,0,3,0,2,5,3,2,0,2,1,4,4,0,Matches
264,Wahbi Khazri,tn TUN,"FW,MF",Saint-Étienne,28,1991,12.8,17,9,5,7,5,9,27,18,11,0,11,4,21,0,0,Matches
265,Presnel Kimpembe,fr FRA,DF,Paris S-G,23,1995,13.6,33,25,25,8,0,14,20,6,7,3,4,21,54,33,1,Matches
266,Timothée Kolodziejczak,fr FRA,DF,Saint-Étienne,27,1991,14.5,17,10,13,4,0,9,21,12,8,3,5,30,47,44,2,Matches
267,Ghislain Konan,ci CIV,DF,Reims,23,1995,14.8,43,26,28,14,1,19,28,9,13,3,10,24,67,34,0,Matches
268,Moussa Konaté,sn SEN,FW,Amiens,26,1993,6.8,3,0,0,3,0,0,2,2,2,0,2,1,4,1,0,Matches
269,Lamine Koné,ci CIV,DF,Strasbourg,30,1989,16.4,31,21,20,10,1,12,17,5,8,5,3,25,56,47,1,Matches
270,Manu Koné,fr FRA,MF,Toulouse,18,2001,9.7,35,20,17,14,4,13,30,17,15,1,14,19,54,10,1,Matches
271,Moussa Koné,sn SEN,"FW,MF",Nîmes,22,1996,1.6,2,0,1,1,0,1,3,2,1,0,1,1,3,0,0,Matches
272,Youssouf Koné,ml MLI,DF,Lyon,24,1995,9.1,22,14,17,3,2,12,20,8,2,1,1,8,30,15,0,Matches
273,Laurent Koscielny,fr FRA,DF,Bordeaux,33,1985,24.3,28,13,24,4,0,10,20,10,23,19,4,26,54,104,0,Matches
274,Efthimis Koulouris,gr GRE,FW,Toulouse,23,1996,17.1,13,8,5,5,3,3,13,10,8,4,4,3,16,16,0,Matches
275,Rene Krhin,si SVN,"DF,MF",Nantes,29,1990,3.6,4,3,1,3,0,2,2,0,1,0,1,6,10,17,0,Matches
Rk,Player,Nation,Pos,Squad,Age,Born,90s,Tkl,TklW,Def 3rd,Mid 3rd,Att 3rd,Tkl,Att,Lost,Blocks,Sh,Pass,Int,Tkl+Int,Clr,Err,Matches
276,Layvin Kurzawa,fr FRA,DF,Paris S-G,26,1992,9.5,23,16,5,14,4,11,23,12,12,1,11,18,41,24,1,Matches
277,Dereck Kutesa,ch SUI,"FW,MF",Reims,21,1997,5.9,6,5,3,2,1,3,9,6,5,0,5,1,7,1,0,Matches
278,Enock Kwateng,fr FRA,DF,Bordeaux,22,1997,10.9,36,22,17,17,2,22,47,25,16,6,10,22,58,41,0,Matches
279,Gaëtan Laborde,fr FRA,FW,Montpellier,25,1994,24.9,21,12,4,10,7,9,38,29,21,0,21,7,28,32,1,Matches
280,Alban Lafont,ci CIV,GK,Nantes,20,1999,27.0,1,1,1,0,0,1,1,0,0,0,0,0,1,12,0,Matches
281,Jack Lahne,se SWE,FW,Amiens,17,2001,0.1,1,1,0,0,1,0,0,0,0,0,0,0,1,0,0,Matches
282,Kenny Lala,mg MAD,"DF,MF",Strasbourg,27,1991,22.7,29,16,17,11,1,11,27,16,14,5,9,20,49,40,1,Matches
283,Loïck Landre,fr FRA,DF,Nîmes,27,1992,10.3,16,9,12,3,1,7,11,4,12,9,3,17,33,34,0,Matches
284,Gautier Larsonneur,fr FRA,GK,Brest,22,1997,26.6,2,1,2,0,0,2,4,2,1,0,1,4,6,14,3,Matches
285,Paul Lasne,fr FRA,"MF,FW",Brest,30,1989,13.6,25,13,13,11,1,6,20,14,7,2,5,7,32,5,0,Matches
286,Wesley Lautoa,nc NCL,"MF,DF",Dijon,31,1987,20.8,54,29,24,28,2,28,63,35,31,16,15,42,96,48,2,Matches
287,Mickaël Le Bihan,fr FRA,"FW,DF",Nice,29,1990,1.1,0,0,0,0,0,0,2,2,0,0,0,0,0,2,0,Matches
288,Damien Le Tallec,fr FRA,"MF,DF",Montpellier,29,1990,27.3,52,27,20,28,4,24,69,45,38,18,20,38,90,59,0,Matches
289,James Lea Siliki,cm CMR,MF,Rennes,23,1996,12.0,28,16,19,9,0,16,29,13,15,4,11,12,40,12,0,Matches
290,Adrien Lebeau,fr FRA,"MF,FW",Strasbourg,20,1999,0.1,1,1,1,0,0,0,1,1,1,0,1,0,1,0,0,Matches
291,Benjamin Lecomte,fr FRA,GK,Monaco,28,1991,28.0,0,0,0,0,0,0,1,1,1,0,1,0,0,10,5,Matches
292,Pierre Lees-Melou,fr FRA,MF,Nice,26,1993,25.0,63,27,34,21,8,31,88,57,38,12,26,32,95,43,0,Matches
293,Jordan Lefort,fr FRA,DF,Amiens,25,1993,9.4,3,2,2,1,0,3,5,2,4,1,3,9,12,29,0,Matches
294,Nicolas Lemaître,fr FRA,GK,Reims,22,1997,1.0,0,0,0,0,0,0,1,1,0,0,0,1,1,1,1,Matches
295,Donovan Léon,gf GUF,GK,Brest,26,1992,1.4,0,0,0,0,0,0,0,0,1,0,1,0,0,0,0,Matches
296,Aaron Leya Iseka,be BEL,FW,Toulouse,21,1997,8.6,2,0,0,2,0,0,3,3,5,0,5,1,3,7,0,Matches
297,Dimitri Liénard,fr FRA,MF,Strasbourg,31,1988,16.5,37,24,10,22,5,18,39,21,18,4,14,17,54,25,0,Matches
298,Isaac Lihadji,fr FRA,MF,Marseille,17,2002,0.3,0,0,0,0,0,0,0,0,0,0,0,0,0,0,0,Matches
299,Lucas Lima,br BRA,"FW,DF",Nantes,27,1991,3.0,7,2,4,3,0,2,5,3,2,0,2,1,8,3,0,Matches
300,Anthony Limbombe,be BEL,"FW,MF",Nantes,25,1994,1.7,3,2,1,2,0,1,1,0,1,0,1,0,3,3,0,Matches
Rk,Player,Nation,Pos,Squad,Age,Born,90s,Tkl,TklW,Def 3rd,Mid 3rd,Att 3rd,Tkl,Att,Lost,Blocks,Sh,Pass,Int,Tkl+Int,Clr,Err,Matches
301,Gautier Lloris,fr FRA,DF,Nice,24,1995,3.0,5,3,5,0,0,4,5,1,3,3,0,2,7,11,0,Matches
302,Enzo Loiodice,fr FRA,MF,Dijon,18,2000,2.1,6,4,1,4,1,1,3,2,2,0,2,2,8,1,0,Matches
303,Anthony Lopes,pt POR,GK,Lyon,28,1990,26.0,0,0,0,0,0,0,0,0,0,0,0,1,1,11,0,Matches
304,Rony Lopes,pt POR,FW,Monaco,23,1995,0.9,1,0,0,1,0,0,0,0,0,0,0,0,1,0,0,Matches
305,Maxime Lopez,fr FRA,"MF,FW",Marseille,21,1997,12.3,16,10,5,8,3,4,26,22,8,2,6,8,24,1,0,Matches
306,Albert Lottin,fr FRA,MF,Bordeaux,17,2001,0.5,2,0,2,0,0,1,4,3,0,0,0,2,4,2,0,Matches
307,Imran Louza,ma MAR,"MF,FW",Nantes,20,1999,22.3,53,27,18,27,8,19,46,27,18,2,16,17,70,7,0,Matches
308,Jean Lucas,br BRA,MF,Lyon,21,1998,2.2,16,7,8,5,3,2,9,7,2,2,0,2,18,0,0,Matches
309,Arnaud Lusamba,cd COD,"MF,FW",Nice,22,1997,10.9,20,11,8,10,2,7,23,16,9,0,9,5,25,6,1,Matches
310,Yann M'Vila,fr FRA,"MF,DF",Saint-Étienne,29,1990,21.6,29,14,12,16,1,12,43,31,14,4,10,40,69,47,1,Matches
311,Yvann Macon,fr FRA,DF,Saint-Étienne,20,1998,1.1,0,0,0,0,0,0,1,1,2,0,2,3,3,4,0,Matches
312,Gabriel Magalhães,br BRA,DF,Lille,21,1997,23.2,41,29,27,11,3,15,22,7,27,18,9,22,63,86,2,Matches
313,Hugo Magnetti,fr FRA,MF,Brest,21,1998,2.6,16,10,7,7,2,5,9,4,4,0,4,7,23,4,0,Matches
314,Thiago Maia,br BRA,MF,Lille,22,1997,0.5,4,4,1,3,0,0,1,1,0,0,0,1,5,1,0,Matches
315,Habib Maïga,ci CIV,MF,Metz,23,1996,25.2,84,50,36,38,10,24,64,40,39,4,35,34,118,39,2,Matches
316,Mike Maignan,fr FRA,GK,Lille,24,1995,28.0,0,0,0,0,0,0,0,0,0,0,0,2,2,5,0,Matches
317,Josh Maja,ng NGA,FW,Bordeaux,20,1998,8.2,5,2,0,2,3,1,10,9,8,4,4,1,6,3,0,Matches
318,Abdul Majeed Waris,gh GHA,FW,Strasbourg,27,1991,4.1,6,4,4,2,0,3,8,5,2,0,2,4,10,0,0,Matches
319,Jean-Victor Makengo,fr FRA,MF,Toulouse,21,1998,11.0,14,11,3,10,1,4,13,9,7,1,6,3,17,5,1,Matches
320,Hianga Mananga Mbock,fr FRA,MF,Brest,19,1999,1.6,1,1,1,0,0,0,0,0,0,0,0,4,5,0,0,Matches
321,Vincent Manceau,fr FRA,DF,Angers,30,1989,22.0,34,22,18,13,3,16,36,20,16,3,13,22,56,51,0,Matches
322,Steve Mandanda,fr FRA,GK,Marseille,34,1985,26.3,3,1,3,0,0,3,4,1,0,0,0,1,4,2,4,Matches
323,Reinildo Mandava,mz MOZ,"DF,MF",Lille,25,1994,12.3,37,21,23,11,3,25,41,16,16,1,15,19,56,20,0,Matches
324,Thomas Mangani,fr FRA,MF,Angers,32,1987,20.8,33,23,15,16,2,14,47,33,17,2,15,12,45,20,1,Matches
325,Myziane Maolida,km COM,"FW,MF",Nice,20,1999,7.5,14,10,5,6,3,5,12,7,8,0,8,3,17,3,0,Matches
Rk,Player,Nation,Pos,Squad,Age,Born,90s,Tkl,TklW,Def 3rd,Mid 3rd,Att 3rd,Tkl,Att,Lost,Blocks,Sh,Pass,Int,Tkl+Int,Clr,Err,Matches
326,Faitout Maouassa,fr FRA,DF,Rennes,21,1998,20.0,51,33,27,20,4,14,26,12,13,5,8,23,74,59,0,Matches
327,Fernando Marçal,br BRA,DF,Lyon,30,1989,9.2,28,18,18,7,3,13,26,13,7,3,4,26,54,32,0,Matches
328,Marcelo,br BRA,DF,Lyon,32,1987,16.7,27,18,18,8,1,16,23,7,12,11,1,22,49,77,0,Matches
329,Dario Maresic,at AUT,DF,Reims,19,1999,1.0,0,0,0,0,0,0,0,0,1,1,0,1,1,6,0,Matches
330,Jordan Marié,fr FRA,"MF,FW",Dijon,27,1991,2.2,7,5,4,3,0,4,9,5,3,1,2,4,11,2,0,Matches
331,Guillermo Maripán,cl CHI,DF,Monaco,25,1994,19.5,42,26,28,13,1,24,41,17,30,13,17,25,67,69,2,Matches
332,Marquinhos,br BRA,"MF,DF",Paris S-G,25,1994,16.4,39,20,17,18,4,11,26,15,25,8,17,25,64,31,1,Matches
333,Jonas Martin,fr FRA,MF,Rennes,29,1990,1.3,6,2,4,0,2,1,1,0,2,2,0,0,6,0,0,Matches
334,Jonas Martin,fr FRA,MF,Strasbourg,29,1990,2.7,5,3,4,0,1,1,3,2,3,0,3,1,6,3,0,Matches
335,Pablo Martinez,fr FRA,DF,Nîmes,30,1989,26.0,42,21,26,15,1,21,40,19,34,22,12,58,100,97,0,Matches
336,Gelson Martins,pt POR,"DF,FW",Monaco,24,1995,18.6,30,22,11,15,4,17,42,25,9,2,7,19,49,10,1,Matches
337,Stephy Mavididi,eng ENG,"FW,MF",Dijon,21,1998,15.5,18,11,7,8,3,10,26,16,11,0,11,7,25,5,0,Matches
338,Eric Maxim Choupo-Moting,cm CMR,"FW,MF",Paris S-G,30,1989,5.0,12,9,3,4,5,4,8,4,3,0,3,1,13,3,0,Matches
339,Kévin Mayi,ga GAB,"FW,MF",Brest,26,1993,0.0,0,0,0,0,0,0,0,0,0,0,0,0,0,0,0,Matches
340,Kylian Mbappé,fr FRA,FW,Paris S-G,20,1998,16.8,7,2,1,5,1,3,10,7,4,0,4,3,10,0,0,Matches
341,Loïc Mbe Soh,fr FRA,DF,Paris S-G,18,2001,0.6,2,2,2,0,0,2,2,0,0,0,0,1,3,0,0,Matches
342,Isaac Mbenza,be BEL,FW,Amiens,23,1996,0.9,0,0,0,0,0,0,1,1,0,0,0,0,0,0,0,Matches
343,Nathanael Mbuku,cd COD,"FW,MF",Reims,17,2002,4.4,4,2,2,2,0,0,3,3,0,0,0,2,6,1,0,Matches
344,Farid El Melali,dz ALG,"MF,FW",Angers,22,1997,3.4,7,5,2,2,3,4,14,10,5,0,5,2,9,4,0,Matches
345,Memphis,nl NED,"FW,MF",Lyon,25,1994,11.3,4,3,2,0,2,0,5,5,0,0,0,2,6,2,0,Matches
346,Pedro Mendes,pt POR,DF,Montpellier,28,1990,15.3,28,17,15,13,0,15,24,9,19,12,7,28,56,42,1,Matches
347,Thiago Mendes,br BRA,MF,Lyon,27,1992,20.1,43,29,20,19,4,21,45,24,21,7,14,46,89,36,0,Matches
348,Stiven Mendoza,co COL,"FW,MF",Amiens,27,1992,12.2,12,7,4,5,3,4,22,18,13,2,11,9,21,3,1,Matches
349,Alexandre Mendy,gw GNB,FW,Brest,25,1994,10.0,5,1,1,0,4,1,4,3,4,1,3,0,5,10,0,Matches
350,Edouard Mendy,sn SEN,GK,Rennes,27,1992,24.0,0,0,0,0,0,0,0,0,0,0,0,0,0,5,1,Matches
Rk,Player,Nation,Pos,Squad,Age,Born,90s,Tkl,TklW,Def 3rd,Mid 3rd,Att 3rd,Tkl,Att,Lost,Blocks,Sh,Pass,Int,Tkl+Int,Clr,Err,Matches
351,Hamza Mendyl,ma MAR,DF,Dijon,21,1997,16.0,49,32,31,14,4,29,46,17,16,4,12,23,72,47,0,Matches
352,Thomas Meunier,be BEL,DF,Paris S-G,27,1991,13.8,27,21,9,12,6,16,26,10,17,5,12,18,45,19,1,Matches
353,Mexer,mz MOZ,DF,Bordeaux,30,1988,16.5,16,11,14,1,1,10,30,20,14,13,1,15,31,47,0,Matches
354,Florian Miguel,fr FRA,DF,Nîmes,22,1996,22.8,51,25,27,20,4,31,52,21,19,4,15,33,84,32,0,Matches
355,Georges Mikautadze,ge GEO,FW,Metz,18,2000,0.1,1,0,0,0,1,0,0,0,0,0,0,0,1,0,0,Matches
356,Stefan Mitrović,rs SRB,DF,Strasbourg,29,1990,22.8,15,9,10,5,0,6,14,8,14,9,5,23,38,90,3,Matches
357,Florent Mollet,fr FRA,"MF,FW",Montpellier,27,1991,18.7,13,11,3,8,2,7,28,21,9,1,8,9,22,2,0,Matches
358,Thomas Monconduit,fr FRA,MF,Amiens,28,1991,15.2,26,12,6,18,2,9,26,17,11,4,7,10,36,25,3,Matches
359,Steven Moreira,cv CPV,DF,Toulouse,24,1994,15.4,37,25,21,15,1,19,31,12,16,3,13,16,53,29,0,Matches
360,Jérémy Morel,mg MAD,DF,Rennes,35,1984,20.1,15,9,13,1,1,9,20,11,21,17,4,17,32,59,1,Matches
361,Lebo Mothiba,za RSA,FW,Strasbourg,23,1996,11.6,4,3,1,1,2,1,6,5,5,0,5,3,7,1,0,Matches
362,Harold Moukoudi,cm CMR,DF,Saint-Étienne,21,1997,11.0,28,19,20,7,1,11,14,3,16,10,6,16,44,42,2,Matches
363,Jessy Moulin,fr FRA,GK,Saint-Étienne,33,1986,5.0,0,0,0,0,0,0,0,0,0,0,0,1,1,2,0,Matches
364,Wesley Moustache,fr FRA,DF,Nantes,20,1999,0.5,0,0,0,0,0,0,0,0,1,0,1,0,0,2,0,Matches
365,Samuel Moutoussamy,cd COD,"DF,MF",Nantes,22,1996,5.8,4,1,2,1,1,2,7,5,2,0,2,4,8,7,0,Matches
366,Marshall Munetsi,zw ZIM,MF,Reims,23,1996,9.3,27,19,12,12,3,6,12,6,13,7,6,12,39,20,1,Matches
367,Kévin N'Doram,fr FRA,MF,Metz,23,1996,18.3,43,28,19,21,3,17,40,23,20,8,12,26,69,23,0,Matches
368,Abdallah N'dour,sn SEN,DF,Strasbourg,25,1993,4.1,5,4,2,3,0,5,10,5,4,1,3,4,9,5,1,Matches
369,Ferris N'Goma,fr FRA,"MF,FW",Brest,26,1993,0.3,0,0,0,0,0,0,0,0,1,0,1,0,0,0,0,Matches
370,Nathan N'Goumou,cm CMR,FW,Toulouse,19,2000,0.1,0,0,0,0,0,0,0,0,0,0,0,0,0,1,0,Matches
371,Stanley N'Soki,fr FRA,DF,Nice,20,1999,14.1,40,29,24,16,0,23,42,19,14,6,8,32,72,37,0,Matches
372,Keylor Navas,cr CRC,GK,Paris S-G,32,1986,21.0,0,0,0,0,0,0,0,0,1,0,1,0,0,4,2,Matches
373,Papa Ndiaga Yade,mr MTN,FW,Metz,19,2000,0.0,0,0,0,0,0,0,0,0,0,0,0,0,0,0,0,Matches
374,Neymar,br BRA,"MF,FW",Paris S-G,27,1992,14.6,12,7,1,9,2,3,21,18,10,0,10,4,16,1,0,Matches
375,Muzinga Ngonda,cd COD,DF,Dijon,24,1994,6.0,15,6,10,3,2,7,10,3,5,4,1,11,26,23,0,Matches
Rk,Player,Nation,Pos,Squad,Age,Born,90s,Tkl,TklW,Def 3rd,Mid 3rd,Att 3rd,Tkl,Att,Lost,Blocks,Sh,Pass,Int,Tkl+Int,Clr,Err,Matches
376,Ahmad Ngouyamsa,td CHA,DF,Dijon,18,2000,0.6,1,0,1,0,0,0,3,3,1,1,0,1,2,5,0,Matches
377,Opa Nguette,sn SEN,FW,Metz,25,1994,20.3,44,28,23,15,6,11,39,28,17,3,14,12,56,12,0,Matches
378,Ibrahima Niane,sn SEN,FW,Metz,20,1999,10.6,8,7,2,5,1,5,16,11,5,1,4,10,18,11,1,Matches
379,M'Baye Niang,sn SEN,FW,Rennes,24,1994,23.6,17,10,3,11,3,6,21,15,10,1,9,5,22,20,0,Matches
380,Tanguy Nianzou,fr FRA,"DF,MF",Paris S-G,17,2002,5.0,2,1,0,1,1,1,3,2,4,2,2,3,5,6,0,Matches
381,Cheikh Niasse,sn SEN,MF,Lille,19,2000,0.2,0,0,0,0,0,0,0,0,0,0,0,0,0,0,0,Matches
382,Casimir Ninga,td CHA,"MF,FW",Angers,26,1993,7.6,5,5,4,0,1,1,5,4,5,0,5,3,8,2,0,Matches
383,Timothée Nkada,fr FRA,FW,Reims,20,1999,1.6,1,0,1,0,0,0,1,1,0,0,0,0,1,1,0,Matches
384,Arnaud Nordin,fr FRA,"FW,MF",Saint-Étienne,21,1998,10.1,7,3,3,3,1,4,13,9,11,1,10,4,11,6,0,Matches
385,Gerzino Nyamsi,fr FRA,DF,Rennes,22,1997,1.3,1,0,1,0,0,0,0,0,1,0,1,1,2,5,0,Matches
386,Steven Nzonzi,fr FRA,MF,Rennes,30,1988,4.3,5,4,3,1,1,1,2,1,2,2,0,4,9,18,0,Matches
387,Jean Onana,cm CMR,MF,Lille,19,2000,0.9,0,0,0,0,0,0,2,2,1,0,1,1,1,0,0,Matches
388,Henry Onyekuru,ng NGA,"MF,FW",Monaco,22,1997,1.8,1,1,1,0,0,0,0,0,1,0,1,1,2,0,0,Matches
389,Nicholas Opoku,gh GHA,DF,Amiens,21,1997,7.0,7,5,6,1,0,7,14,7,6,2,4,7,14,32,0,Matches
390,Victor Osimhen,ng NGA,FW,Lille,20,1998,25.4,8,4,1,0,7,1,11,10,8,0,8,11,19,32,0,Matches
391,Otávio,br BRA,MF,Bordeaux,25,1994,24.6,80,45,23,52,5,35,82,47,26,9,17,41,121,40,6,Matches
392,Abou Ouattara,bf BFA,FW,Lille,19,1999,0.1,0,0,0,0,0,0,0,0,0,0,0,0,0,1,0,Matches
393,Remi Oudin,fr FRA,"FW,MF",Bordeaux,22,1996,6.2,9,6,4,4,1,4,14,10,7,1,6,9,18,5,0,Matches
394,Remi Oudin,fr FRA,"FW,MF",Reims,22,1996,15.5,15,7,8,5,2,6,19,13,16,1,15,18,33,18,1,Matches
395,Alexandre Oukidja,dz ALG,GK,Metz,31,1988,26.5,0,0,0,0,0,0,1,1,1,0,1,0,0,15,1,Matches
396,Zinédine Ould Khaled,fr FRA,MF,Angers,19,2000,0.7,2,1,0,2,0,2,4,2,0,0,0,4,6,0,0,Matches
397,Adam Ounas,dz ALG,"FW,MF",Nice,22,1996,12.5,10,5,2,6,2,5,13,8,9,1,8,11,21,8,1,Matches
398,Ambroise Oyongo,cm CMR,"DF,FW",Montpellier,28,1991,20.2,25,10,16,6,3,16,28,12,8,0,8,17,42,35,0,Matches
399,Pablo,br BRA,DF,Bordeaux,28,1991,24.1,27,15,22,5,0,16,31,15,25,14,11,40,67,130,2,Matches
400,Vincent Pajot,fr FRA,MF,Angers,28,1990,1.3,2,2,1,1,0,1,1,0,3,0,3,5,7,0,0,Matches
Rk,Player,Nation,Pos,Squad,Age,Born,90s,Tkl,TklW,Def 3rd,Mid 3rd,Att 3rd,Tkl,Att,Lost,Blocks,Sh,Pass,Int,Tkl+Int,Clr,Err,Matches
401,Vincent Pajot,fr FRA,MF,Metz,28,1990,5.8,16,11,8,7,1,2,4,2,5,1,4,9,25,13,0,Matches
402,Sergi Palencia,es ESP,DF,Saint-Étienne,23,1996,5.2,16,10,6,10,0,5,7,2,6,1,5,8,24,4,0,Matches
403,Nicolas Pallois,fr FRA,DF,Nantes,31,1987,21.0,47,36,28,17,2,31,55,24,18,13,5,40,87,77,1,Matches
404,Jonathan Panzo,eng ENG,DF,Monaco,18,2000,1.2,2,2,2,0,0,1,1,0,3,1,2,3,5,7,0,Matches
405,Gaëtan Paquiez,fr FRA,DF,Nîmes,25,1994,17.0,36,25,14,13,9,17,47,30,18,5,13,33,69,43,0,Matches
406,Rubén Pardo,es ESP,MF,Bordeaux,26,1992,2.1,3,2,2,1,0,2,3,1,0,0,0,1,4,2,1,Matches
407,Leandro Paredes,ar ARG,MF,Paris S-G,25,1994,9.0,22,14,7,14,1,13,29,16,7,1,6,15,37,7,0,Matches
408,Mateo Pavlović,ba BIH,DF,Angers,29,1990,9.0,8,2,6,2,0,5,7,2,4,2,2,5,13,38,1,Matches
409,Dimitri Payet,fr FRA,"FW,MF",Marseille,32,1987,21.4,22,12,8,8,6,10,26,16,8,1,7,8,30,12,0,Matches
410,Jordan Pefok,us USA,FW,Rennes,23,1996,4.9,7,6,1,4,2,0,2,2,3,0,3,1,8,2,0,Matches
411,Yohann Pelé,fr FRA,GK,Marseille,36,1982,1.7,0,0,0,0,0,0,0,0,0,0,0,0,0,0,0,Matches
412,Théo Pellenard,fr FRA,DF,Angers,25,1994,5.1,11,8,6,3,2,6,13,7,4,0,4,5,16,8,0,Matches
413,Andy Pelmard,mg MAD,DF,Nice,19,2000,8.5,22,14,13,9,0,9,11,2,12,4,8,15,37,28,1,Matches
414,Mathias Pereira Lage,pt POR,MF,Angers,22,1996,17.1,30,18,16,13,1,12,37,25,19,0,19,17,47,9,0,Matches
415,Romain Perraud,fr FRA,DF,Brest,21,1997,18.6,29,14,18,9,2,14,28,14,24,9,15,27,56,50,0,Matches
416,Loïc Perrin,fr FRA,DF,Saint-Étienne,33,1985,19.0,27,20,16,11,0,11,14,3,23,17,6,39,66,59,0,Matches
417,Lucas Perrin,fr FRA,DF,Marseille,20,1998,4.0,5,2,3,2,0,2,7,5,3,2,1,10,15,17,0,Matches
418,Danijel Petković,me MNE,GK,Angers,26,1993,2.0,0,0,0,0,0,0,0,0,0,0,0,0,0,2,0,Matches
419,Denis Petrić,rs SRB,GK,Nantes,31,1988,1.0,1,1,1,0,0,1,1,0,0,0,0,0,1,0,0,Matches
420,Rayan Philippe,fr FRA,FW,Dijon,18,2000,0.3,0,0,0,0,0,0,1,1,0,0,0,1,1,1,1,Matches
421,Romain Philippoteaux,fr FRA,"FW,MF",Nîmes,31,1988,22.2,23,12,11,11,1,9,43,34,22,1,21,13,36,10,0,Matches
422,Jérémy Pied,fr FRA,DF,Lille,30,1989,5.0,18,10,6,11,1,11,16,5,8,0,8,7,25,10,0,Matches
423,Maxime Poundjé,fr FRA,DF,Bordeaux,26,1992,0.0,0,0,0,0,0,0,0,0,0,0,0,0,0,0,0,Matches
424,Percy Prado,pe PER,DF,Nantes,23,1996,2.1,6,5,3,2,1,5,9,4,1,0,1,1,7,5,0,Matches
425,Sanjin Prcić,ba BIH,"MF,FW",Strasbourg,25,1993,0.9,1,0,0,0,1,1,2,1,1,1,0,1,2,0,0,Matches
Rk,Player,Nation,Pos,Squad,Age,Born,90s,Tkl,TklW,Def 3rd,Mid 3rd,Att 3rd,Tkl,Att,Lost,Blocks,Sh,Pass,Int,Tkl+Int,Clr,Err,Matches
426,Nicolas de Préville,fr FRA,"MF,FW",Bordeaux,28,1991,22.2,35,21,9,22,4,18,56,38,15,3,12,6,41,19,0,Matches
427,Nemanja Radonjić,rs SRB,"FW,MF",Marseille,23,1996,9.8,10,3,4,3,3,6,17,11,7,0,7,2,12,7,0,Matches
428,Rafael,br BRA,DF,Lyon,29,1990,7.8,24,16,12,8,4,10,18,8,6,3,3,10,34,14,0,Matches
429,Predrag Rajković,rs SRB,GK,Reims,23,1995,27.0,1,1,1,0,0,1,1,0,0,0,0,1,2,9,0,Matches
430,Raphinha,br BRA,"MF,FW",Rennes,22,1996,18.8,22,18,5,12,5,10,32,22,23,1,22,17,39,14,1,Matches
431,Jeff Reine-Adélaïde,fr FRA,MF,Angers,21,1998,0.9,3,1,1,2,0,1,1,0,1,0,1,0,3,1,0,Matches
432,Jeff Reine-Adélaïde,fr FRA,"MF,FW",Lyon,21,1998,8.7,10,8,3,3,4,5,13,8,3,1,2,7,17,4,0,Matches
433,Loïc Rémy,fr FRA,FW,Lille,32,1987,10.7,4,1,0,3,1,0,4,4,1,1,0,0,4,7,0,Matches
434,Baptiste Reynet,fr FRA,GK,Toulouse,28,1990,22.6,1,1,1,0,0,1,3,2,0,0,0,0,1,12,0,Matches
435,Sergio Rico,es ESP,GK,Paris S-G,25,1993,2.0,0,0,0,0,0,0,0,0,0,0,0,0,0,1,2,Matches
436,Renaud Ripart,fr FRA,"FW,DF",Nîmes,26,1993,22.5,39,23,17,20,2,18,46,28,17,2,15,12,51,37,0,Matches
437,Mihailo Ristić,rs SRB,"DF,MF",Montpellier,23,1995,9.0,18,14,7,11,0,9,20,11,7,2,5,7,25,18,0,Matches
438,Maxence Rivera,fr FRA,"MF,FW",Saint-Étienne,17,2002,0.3,0,0,0,0,0,0,1,1,1,0,1,0,0,0,0,Matches
439,Agustín Rogel,uy URU,DF,Toulouse,21,1997,9.5,15,8,12,3,0,7,13,6,13,10,3,11,26,35,2,Matches
440,Alaixys Romao,tg TOG,MF,Reims,35,1984,19.8,46,29,31,14,1,17,57,40,12,3,9,26,72,38,3,Matches
441,Valentin Rongier,fr FRA,MF,Marseille,24,1994,19.9,76,51,25,41,10,22,63,41,30,4,26,36,112,16,2,Matches
442,Valentin Rongier,fr FRA,MF,Nantes,24,1994,3.0,5,4,0,2,3,3,5,2,4,0,4,2,7,0,0,Matches
443,Nolan Roux,fr FRA,FW,Nîmes,31,1988,6.5,5,2,1,3,1,1,3,2,2,0,2,4,9,5,0,Matches
444,Stéphane Ruffier,fr FRA,GK,Saint-Étienne,32,1986,22.0,0,0,0,0,0,0,0,0,0,0,0,0,0,5,3,Matches
445,Gerónimo Rulli,ar ARG,GK,Montpellier,27,1992,25.0,3,1,3,0,0,3,4,1,1,0,1,2,5,9,1,Matches
446,Roli Pereira de Sa,fr FRA,MF,Nantes,22,1996,0.1,0,0,0,0,0,0,0,0,0,0,0,0,0,0,0,Matches
447,Youssouf Sabaly,sn SEN,DF,Bordeaux,26,1993,10.1,18,11,9,4,5,6,22,16,8,1,7,18,36,23,0,Matches
448,Ihsan Sacko,fr FRA,FW,Nice,22,1997,1.6,1,1,1,0,0,0,1,1,0,0,0,0,1,0,0,Matches
449,Wesley Saïd,fr FRA,"MF,FW",Toulouse,24,1995,12.9,20,9,8,10,2,2,13,11,6,0,6,9,29,8,0,Matches
450,Théo Sainte-Luce,fr FRA,"MF,DF",Nîmes,20,1998,0.2,0,0,0,0,0,0,0,0,0,0,0,0,0,0,0,Matches
Rk,Player,Nation,Pos,Squad,Age,Born,90s,Tkl,TklW,Def 3rd,Mid 3rd,Att 3rd,Tkl,Att,Lost,Blocks,Sh,Pass,Int,Tkl+Int,Clr,Err,Matches
451,Hiroki Sakai,jp JPN,DF,Marseille,29,1990,18.0,57,36,26,24,7,25,40,15,20,5,15,23,80,34,1,Matches
452,William Saliba,fr FRA,DF,Saint-Étienne,18,2001,11.0,19,9,15,3,1,5,10,5,13,4,9,21,40,36,1,Matches
453,Romain Salin,fr FRA,GK,Rennes,35,1984,4.0,0,0,0,0,0,0,1,1,0,0,0,0,0,3,0,Matches
454,Mama Samba Baldé,gw GNB,"FW,MF",Dijon,23,1995,18.6,24,13,9,8,7,7,30,23,17,0,17,7,31,24,0,Matches
455,Junior Sambia,fr FRA,"DF,MF",Montpellier,22,1996,6.5,8,6,4,2,2,3,13,10,4,0,4,8,16,6,0,Matches
456,Frédéric Sammaritano,fr FRA,"MF,FW",Dijon,33,1986,5.8,9,7,4,4,1,4,11,7,6,1,5,2,11,3,1,Matches
457,Renato Sanches,pt POR,"MF,FW",Lille,21,1997,16.5,28,15,9,15,4,8,33,25,19,1,18,15,43,10,1,Matches
458,Ibrahim Sangaré,ci CIV,MF,Toulouse,21,1997,24.2,84,54,37,42,5,33,74,41,28,10,18,39,123,49,4,Matches
459,Yaya Sanogo,fr FRA,FW,Toulouse,26,1993,10.1,6,3,2,3,1,1,2,1,4,1,3,7,13,14,0,Matches
460,Morgan Sanson,fr FRA,MF,Marseille,24,1994,24.1,60,28,20,29,11,13,52,39,39,5,34,23,83,9,0,Matches
461,Baptiste Santamaria,fr FRA,MF,Angers,24,1995,27.8,91,53,39,43,9,35,79,44,27,5,22,43,134,36,0,Matches
462,Pablo Sarabia,es ESP,"FW,MF",Paris S-G,27,1992,12.9,12,7,3,6,3,4,25,21,19,1,18,10,22,5,0,Matches
463,Bouna Sarr,sn SEN,"DF,FW",Marseille,27,1992,24.0,60,37,30,19,11,30,53,23,17,1,16,32,92,38,0,Matches
464,Malang Sarr,fr FRA,DF,Nice,20,1999,16.2,19,11,13,6,0,9,22,13,10,4,6,38,57,31,4,Matches
465,Sidy Sarr,sn SEN,MF,Nîmes,23,1996,12.9,35,18,15,16,4,11,34,23,13,3,10,15,50,18,0,Matches
466,Téji Savanier,fr FRA,MF,Montpellier,27,1991,16.9,52,39,16,30,6,25,77,52,10,0,10,35,87,21,1,Matches
467,Matz Sels,be BEL,GK,Strasbourg,27,1992,27.0,0,0,0,0,0,0,1,1,0,0,0,1,1,6,0,Matches
468,Gen Shoji,jp JPN,DF,Toulouse,26,1992,0.5,2,2,2,0,0,1,1,0,0,0,0,0,2,2,0,Matches
469,Kalidou Sidibé,ml MLI,MF,Toulouse,20,1999,1.0,3,3,0,3,0,2,5,3,0,0,0,1,4,0,0,Matches
470,Kaj Sierhuis,nl NED,FW,Reims,21,1998,0.1,0,0,0,0,0,0,0,0,0,0,0,0,0,0,0,Matches
471,Adrien Silva,pt POR,MF,Monaco,30,1989,13.6,37,22,14,19,4,10,37,27,19,6,13,12,49,14,2,Matches
472,Gabriel Silva,br BRA,DF,Saint-Étienne,28,1991,2.6,4,1,1,2,1,2,3,1,2,0,2,4,8,8,0,Matches
473,Matheus Pereira da Silva,br BRA,"MF,FW",Dijon,21,1998,5.2,10,6,1,6,3,4,10,6,11,0,11,6,16,5,0,Matches
474,Thiago Silva,br BRA,DF,Paris S-G,34,1984,17.5,28,16,15,13,0,13,16,3,18,15,3,26,54,54,0,Matches
475,Mohamed Simakan,fr FRA,DF,Strasbourg,19,2000,16.7,54,32,35,16,3,22,34,12,14,3,11,31,85,25,0,Matches
Rk,Player,Nation,Pos,Squad,Age,Born,90s,Tkl,TklW,Def 3rd,Mid 3rd,Att 3rd,Tkl,Att,Lost,Blocks,Sh,Pass,Int,Tkl+Int,Clr,Err,Matches
476,Moses Simon,ng NGA,"FW,MF",Nantes,24,1995,24.2,15,7,5,4,6,6,21,15,6,0,6,8,23,6,0,Matches
477,Ibrahima Sissoko,ml MLI,MF,Strasbourg,21,1997,17.8,46,27,21,21,4,16,48,32,14,5,9,20,66,25,0,Matches
478,Sambou Sissoko,fr FRA,"MF,FW",Reims,20,1999,0.4,0,0,0,0,0,0,0,0,0,0,0,1,1,2,0,Matches
479,Petar Škuletić,rs SRB,"FW,MF",Montpellier,29,1990,1.2,6,4,2,2,2,2,4,2,0,0,0,0,6,1,0,Matches
480,Islam Slimani,dz ALG,FW,Monaco,31,1988,14.3,8,4,0,2,6,4,15,11,5,0,5,1,9,11,1,Matches
481,Oumar Solet,fr FRA,DF,Lyon,19,2000,0.1,0,0,0,0,0,0,0,0,1,1,0,0,0,1,0,Matches
482,Adama Soumaoro,fr FRA,DF,Lille,27,1992,4.6,1,1,0,1,0,0,0,0,6,5,1,4,5,17,0,Matches
483,Boubakary Soumaré,fr FRA,MF,Lille,20,1999,13.5,19,12,6,13,0,9,19,10,6,0,6,16,35,9,0,Matches
484,Bryan Soumaré,fr FRA,"MF,FW",Dijon,20,1999,4.3,12,1,6,5,1,6,9,3,1,0,1,2,14,1,0,Matches
485,Arnaud Souquet,fr FRA,"DF,FW",Montpellier,27,1992,22.4,62,40,45,13,4,30,67,37,20,6,14,17,79,44,0,Matches
486,Bassem Srarfi,tn TUN,"FW,MF",Nice,22,1997,1.5,0,0,0,0,0,0,2,2,0,0,0,2,2,0,0,Matches
487,Vlatko Stojanovski,mk MKD,FW,Nîmes,22,1997,1.4,3,3,0,3,0,1,1,0,0,0,0,0,3,1,0,Matches
488,Kevin Strootman,nl NED,MF,Marseille,29,1990,15.7,39,27,13,23,3,20,49,29,16,1,15,17,56,24,0,Matches
489,Mathías Suárez,uy URU,DF,Montpellier,23,1996,0.7,2,2,2,0,0,2,3,1,0,0,0,1,3,3,0,Matches
490,Stoppila Sunzu,zm ZAM,DF,Metz,30,1989,15.0,16,8,12,4,0,10,15,5,22,15,7,24,40,63,0,Matches
491,Issiaga Sylla,gn GUI,DF,Toulouse,25,1994,28.0,73,49,44,21,8,40,69,29,31,7,24,67,140,90,2,Matches
492,Moussa Sylla,ml MLI,FW,Monaco,19,1999,0.1,0,0,0,0,0,0,0,0,0,0,0,0,0,0,0,Matches
493,Eddy Sylvestre,fr FRA,MF,Nice,19,1999,0.4,0,0,0,0,0,0,1,1,0,0,0,0,0,0,0,Matches
494,Flavien Tait,fr FRA,"MF,FW",Rennes,26,1993,9.8,20,13,12,6,2,9,28,19,7,0,7,9,29,5,1,Matches
495,Madih Talal,fr FRA,FW,Amiens,21,1997,0.2,0,0,0,0,0,0,1,1,1,0,1,0,0,2,0,Matches
496,Adrien Tameze,cm CMR,MF,Nice,25,1994,5.8,6,2,2,3,1,4,16,12,7,2,5,7,13,1,1,Matches
497,Adil Taoui,fr FRA,MF,Toulouse,17,2001,0.3,2,2,0,2,0,0,2,2,0,0,0,2,4,0,0,Matches
498,Ciprian Tătărușanu,ro ROU,GK,Lyon,33,1986,2.0,0,0,0,0,0,0,0,0,0,0,0,0,0,0,1,Matches
499,Júlio Tavares,cv CPV,FW,Dijon,30,1988,22.2,12,8,1,6,5,4,17,13,9,2,7,8,20,29,0,Matches
500,Aurélien Tchouaméni,fr FRA,MF,Bordeaux,19,2000,12.3,30,14,15,13,2,11,27,16,11,3,8,13,43,19,1,Matches
Rk,Player,Nation,Pos,Squad,Age,Born,90s,Tkl,TklW,Def 3rd,Mid 3rd,Att 3rd,Tkl,Att,Lost,Blocks,Sh,Pass,Int,Tkl+Int,Clr,Err,Matches
501,Aurélien Tchouaméni,fr FRA,MF,Monaco,19,2000,0.7,0,0,0,0,0,0,2,2,0,0,0,0,0,2,1,Matches
502,Martin Terrier,fr FRA,"FW,MF",Lyon,22,1997,13.3,20,15,7,10,3,3,14,11,14,1,13,10,30,11,0,Matches
503,Kenny Tete,nl NED,DF,Lyon,23,1995,11.9,33,21,12,16,5,15,23,8,12,3,9,19,52,34,0,Matches
504,Florian Thauvin,fr FRA,FW,Marseille,26,1993,0.2,1,0,0,1,0,0,1,1,0,0,0,0,1,0,0,Matches
505,Sada Thioub,sn SEN,"MF,FW",Angers,24,1995,16.8,20,12,8,9,3,5,18,13,9,1,8,4,24,5,0,Matches
506,Romain Thomas,fr FRA,DF,Angers,31,1988,26.0,24,17,16,7,1,8,18,10,35,18,17,39,63,118,1,Matches
507,Adrien Thomasson,fr FRA,"MF,FW",Strasbourg,25,1993,23.0,36,21,11,16,9,15,47,32,21,1,20,9,45,9,0,Matches
508,Khéphren Thuram,fr FRA,MF,Nice,18,2001,6.6,22,7,14,8,0,6,17,11,12,2,10,7,29,13,0,Matches
509,Cheick Timite,ci CIV,"MF,FW",Amiens,21,1997,1.3,1,0,0,1,0,0,1,1,0,0,0,2,3,1,0,Matches
510,Karl Toko Ekambi,cm CMR,"FW,MF",Lyon,26,1992,6.0,5,2,0,1,4,3,5,2,2,0,2,5,10,1,0,Matches
511,Abdoulaye Touré,gn GUI,MF,Nantes,25,1994,24.7,32,21,10,21,1,10,30,20,31,11,20,29,61,18,1,Matches
512,Lucas Tousart,fr FRA,MF,Lyon,22,1997,19.6,58,32,19,34,5,17,56,39,19,7,12,31,89,27,1,Matches
513,Adama Traoré,ml MLI,"FW,MF",Metz,24,1995,11.2,3,1,1,2,0,3,12,9,7,2,5,3,6,5,0,Matches
514,Adama Traoré,ml MLI,MF,Monaco,24,1995,0.3,0,0,0,0,0,0,0,0,0,0,0,1,1,0,0,Matches
515,Bertrand Traoré,bf BFA,"FW,MF",Lyon,23,1995,13.9,27,14,8,12,7,8,19,11,17,2,15,21,48,16,0,Matches
516,Charles Traore,ml MLI,DF,Nantes,27,1992,19.3,48,35,27,19,2,36,61,25,21,4,17,39,87,64,0,Matches
517,Hamari Traoré,ml MLI,DF,Rennes,27,1992,26.8,55,26,34,18,3,32,64,32,22,5,17,48,103,59,1,Matches
518,Ismaël Traoré,ci CIV,DF,Angers,32,1986,22.8,23,12,14,7,2,10,17,7,23,13,10,27,50,85,1,Matches
519,Miguel Trauco,pe PER,DF,Saint-Étienne,26,1992,16.4,32,20,16,12,4,19,44,25,8,1,7,23,55,25,0,Matches
520,Matthieu Udol,fr FRA,DF,Metz,23,1996,12.2,29,19,19,8,2,13,24,11,21,4,17,23,52,43,0,Matches
521,Hwang Ui-jo,kr KOR,"FW,MF",Bordeaux,26,1992,18.1,9,7,2,5,2,4,20,16,7,0,7,5,14,5,0,Matches
522,William Vainqueur,fr FRA,MF,Toulouse,30,1988,19.1,68,36,30,32,6,22,60,38,21,5,16,29,97,23,0,Matches
523,Pierrick Valdivia,fr FRA,MF,Nîmes,31,1988,0.8,1,1,0,0,1,0,1,1,0,0,0,0,1,0,0,Matches
524,Antoine Valerio,fr FRA,MF,Nîmes,19,1999,1.0,1,1,0,1,0,0,2,2,2,0,2,3,4,1,0,Matches
525,Luca Valls,fr FRA,MF,Nîmes,20,1998,0.1,1,0,1,0,0,1,1,0,1,0,1,0,1,0,0,Matches
Rk,Player,Nation,Pos,Squad,Age,Born,90s,Tkl,TklW,Def 3rd,Mid 3rd,Att 3rd,Tkl,Att,Lost,Blocks,Sh,Pass,Int,Tkl+Int,Clr,Err,Matches
526,Theo Valls,fr FRA,MF,Nîmes,23,1995,18.1,39,16,12,26,1,16,50,34,17,0,17,13,52,6,0,Matches
527,Thibaut Vargas,fr FRA,"DF,MF",Montpellier,19,2000,1.7,3,1,3,0,0,2,5,3,1,1,0,0,3,3,0,Matches
528,Marco Verratti,it ITA,MF,Paris S-G,26,1992,16.5,54,32,22,22,10,20,56,36,23,3,20,19,73,9,0,Matches
529,Clément Vidal,fr FRA,DF,Montpellier,19,2000,1.0,0,0,0,0,0,0,2,2,1,1,0,0,0,6,0,Matches
530,Molla Wagué,ml MLI,DF,Nantes,28,1991,7.6,15,12,11,4,0,7,7,0,10,8,2,15,30,42,0,Matches
531,Moussa Wagué,sn SEN,"DF,MF",Nice,20,1998,2.2,6,4,3,3,0,2,3,1,2,1,1,2,8,2,0,Matches
532,Rémi Walter,fr FRA,MF,Nice,24,1995,0.6,1,1,0,1,0,1,1,0,0,0,0,0,1,0,0,Matches
533,Timothy Weah,us USA,"MF,FW",Lille,19,2000,0.9,0,0,0,0,0,0,1,1,0,0,0,0,0,1,0,Matches
534,Xeka,pt POR,MF,Lille,24,1994,7.9,18,10,3,13,2,9,29,20,11,1,10,4,22,7,1,Matches
535,Yusuf Yazıcı,tr TUR,"MF,FW",Lille,22,1997,9.4,17,8,2,11,4,5,13,8,6,1,5,5,22,1,1,Matches
536,Elie Youan,fr FRA,"FW,MF",Nantes,20,1999,1.8,0,0,0,0,0,0,7,7,2,0,2,0,0,3,0,Matches
537,Zaydou Youssouf,km COM,MF,Saint-Étienne,20,1999,12.0,40,22,12,26,2,15,35,20,7,1,6,16,56,13,0,Matches
538,Arthur Zagre,fr FRA,MF,Paris S-G,17,2001,0.3,1,0,1,0,0,0,0,0,1,0,1,1,2,0,0,Matches
539,Mootaz Zemzemi,tn TUN,MF,Strasbourg,19,1999,0.3,0,0,0,0,0,0,0,0,0,0,0,1,1,0,0,Matches
540,Arber Zeneli,xk KVX,MF,Reims,24,1995,0.1,0,0,0,0,0,0,0,0,0,0,0,0,0,0,0,Matches
541,Kévin Zohi,ml MLI,"FW,MF",Strasbourg,22,1996,5.9,8,6,3,3,2,3,6,3,1,0,1,4,12,2,0,Matches
542,Bongani Zungu,za RSA,MF,Amiens,26,1992,11.0,27,11,10,13,4,18,31,13,8,2,6,16,43,21,0,Matches
