rk,player,nation,pos,squad,age,born,90s,att,live,dead,fk,tb,sw,crs,ti,ck,in,out,str,cmp,off,blocks,matches
1,Rayane Aabid,fr FRA,MF,Hatayspor,28,1992,36.0,,,,,,,131,,,,,,,,,Matches
2,Yusuf Abdioğlu,tr TUR,DF,Hatayspor,30,1989,18.5,,,,,,,3,,,,,,,,,Matches
3,Vincent Aboubakar,cm CMR,FW,Beşiktaş,28,1992,23.6,,,,,,,13,,,,,,,,,Matches
4,Yaw Ackah,gh GHA,MF,Kayserispor,21,1999,5.3,,,,,,,0,,,,,,,,,Matches
5,Yaw Ackah,gh GHA,MF,Erzurum BB,21,1999,0.6,,,,,,,0,,,,,,,,,Matches
6,Afriyie Acquah,gh GHA,MF,Yeni Mal'spor,28,1992,27.3,,,,,,,13,,,,,,,,,Matches
7,Kemal Ademi,ch SUI,FW,Fenerbahçe,24,1996,2.0,,,,,,,0,,,,,,,,,Matches
8,Kemal Ademi,ch SUI,FW,Fatih Karagümrük,24,1996,3.1,,,,,,,0,,,,,,,,,Matches
9,Übeyd Adıyaman,tr TUR,GK,Gençlerbirliği,22,1997,4.0,,,,,,,0,,,,,,,,,Matches
10,Luka Adžić,rs SRB,MF,Ankaragücü,21,1998,4.4,,,,,,,23,,,,,,,,,Matches
11,Benik Afobe,cd COD,FW,Trabzonspor,27,1993,11.4,,,,,,,8,,,,,,,,,Matches
12,Cenk Ahmet Alkılıç,tr TUR,"MF,DF",Erzurum BB,32,1987,23.3,,,,,,,96,,,,,,,,,Matches
13,Serhat Ahmetoğlu,,"DF,MF",Fatih Karagümrük,18,2002,5.4,,,,,,,7,,,,,,,,,Matches
14,Ismaïl Aissati,ma MAR,MF,Denizlispor,31,1988,10.9,,,,,,,36,,,,,,,,,Matches
15,Emre Akbaba,tr TUR,MF,Galatasaray,27,1992,15.5,,,,,,,53,,,,,,,,,Matches
16,Mustafa Akbaş,tr TUR,DF,Gençlerbirliği,30,1990,3.2,,,,,,,1,,,,,,,,,Matches
17,Halil Akbunar,tr TUR,MF,Göztepe,26,1993,37.2,,,,,,,135,,,,,,,,,Matches
18,Murat Akça,tr TUR,DF,Yeni Mal'spor,30,1990,3.1,,,,,,,1,,,,,,,,,Matches
19,İbrahim Akdağ,tr TUR,MF,Erzurum BB,29,1991,11.1,,,,,,,24,,,,,,,,,Matches
20,İbrahim Akdağ,tr TUR,MF,Ankaragücü,29,1991,15.2,,,,,,,14,,,,,,,,,Matches
21,Babajide Akintola,ng NGA,MF,Hatayspor,24,1996,32.4,,,,,,,50,,,,,,,,,Matches
22,Gökhan Akkan,tr TUR,GK,Rizespor,25,1995,31.3,,,,,,,0,,,,,,,,,Matches
23,Joseph Akomadi,gh GHA,MF,Hatayspor,20,1999,0.2,,,,,,,0,,,,,,,,,Matches
24,Fatih Aksoy,tr TUR,"DF,MF",Alanyaspor,22,1997,18.0,,,,,,,8,,,,,,,,,Matches
25,Aksel Aktas,tr TUR,MF,Fatih Karagümrük,21,1999,4.9,,,,,,,14,,,,,,,,,Matches
Rk,Player,Nation,Pos,Squad,Age,Born,90s,Att,Live,Dead,FK,TB,Sw,Crs,TI,CK,In,Out,Str,Cmp,Off,Blocks,Matches
26,Kubilay Aktaş,tr TUR,"MF,DF",Denizlispor,25,1995,10.6,,,,,,,1,,,,,,,,,Matches
27,Kubilay Aktaş,tr TUR,DF,Gaziantep FK,25,1995,2.8,,,,,,,0,,,,,,,,,Matches
28,Kerem Aktürkoğlu,tr TUR,MF,Galatasaray,21,1998,9.6,,,,,,,12,,,,,,,,,Matches
29,Ufuk Akyol,de GER,MF,Antalyaspor,22,1997,6.8,,,,,,,14,,,,,,,,,Matches
30,Eren Albayrak,tr TUR,"DF,MF",Antalyaspor,29,1991,24.5,,,,,,,85,,,,,,,,,Matches
31,Mücahit Albayrak,tr TUR,DF,Erzurum BB,29,1991,2.8,,,,,,,2,,,,,,,,,Matches
32,Danijel Aleksić,rs SRB,MF,Başakşehir,29,1991,20.3,,,,,,,54,,,,,,,,,Matches
33,Doğan Alemdar,tr TUR,GK,Kayserispor,17,2002,28.0,,,,,,,0,,,,,,,,,Matches
34,Hasan Ali Kaldırım,tr TUR,DF,Başakşehir,30,1989,20.0,,,,,,,77,,,,,,,,,Matches
35,Ömer Ali Şahiner,tr TUR,"MF,FW",Konyaspor,28,1992,9.9,,,,,,,39,,,,,,,,,Matches
36,Ömer Ali Şahiner,tr TUR,"DF,MF",Başakşehir,28,1992,13.4,,,,,,,50,,,,,,,,,Matches
37,Mehmet Ali Ulaman,,MF,Denizlispor,17,2003,0.5,,,,,,,1,,,,,,,,,Matches
38,Denis Alibec,ro ROU,"FW,MF",Kayserispor,29,1991,7.4,,,,,,,3,,,,,,,,,Matches
39,Kerim Alıcı,tr TUR,DF,Göztepe,23,1997,3.5,,,,,,,1,,,,,,,,,Matches
40,Akın Alkan,,GK,Hatayspor,31,1989,3.5,,,,,,,0,,,,,,,,,Matches
41,Koray Altınay,,"DF,MF",Fatih Karagümrük,28,1991,15.5,,,,,,,22,,,,,,,,,Matches
42,Hüseyin Altıntaş,tr TUR,GK,Denizlispor,25,1994,2.5,,,,,,,0,,,,,,,,,Matches
43,Sami Altıparmak,,FW,Gençlerbirliği,19,2001,2.5,,,,,,,0,,,,,,,,,Matches
44,Amilton,br BRA,MF,Antalyaspor,30,1989,31.1,,,,,,,59,,,,,,,,,Matches
45,André,br BRA,FW,Gaziantep FK,29,1990,6.5,,,,,,,2,,,,,,,,,Matches
46,Diego Ângelo,br BRA,DF,Gençlerbirliği,34,1986,19.6,,,,,,,7,,,,,,,,,Matches
47,Marin Aničić,ba BIH,DF,Konyaspor,30,1989,1.3,,,,,,,0,,,,,,,,,Matches
48,Taylan Antalyalı,tr TUR,MF,Galatasaray,25,1995,29.9,,,,,,,10,,,,,,,,,Matches
49,Aaron Appindangoyé,ga GAB,DF,Sivasspor,28,1992,12.7,,,,,,,0,,,,,,,,,Matches
50,Hakan Arslan,tr TUR,MF,Sivasspor,32,1988,34.0,,,,,,,6,,,,,,,,,Matches
Rk,Player,Nation,Pos,Squad,Age,Born,90s,Att,Live,Dead,FK,TB,Sw,Crs,TI,CK,In,Out,Str,Cmp,Off,Blocks,Matches
51,Ömürcan Artan,,DF,Gençlerbirliği,21,1999,6.8,,,,,,,20,,,,,,,,,Matches
52,Vato Arveladze,ge GEO,MF,Fatih Karagümrük,22,1998,3.3,,,,,,,4,,,,,,,,,Matches
53,Serkan Asan,tr TUR,DF,Trabzonspor,21,1999,23.8,,,,,,,44,,,,,,,,,Matches
54,Kerem Atakan Kesgin,tr TUR,MF,Sivasspor,19,2000,0.4,,,,,,,0,,,,,,,,,Matches
55,Daniel Avramovski,mk MKD,MF,Kayserispor,25,1995,21.3,,,,,,,80,,,,,,,,,Matches
56,Selim Ay,tr TUR,DF,Rizespor,29,1991,17.6,,,,,,,8,,,,,,,,,Matches
57,Hasan Ayaroğlu,tr TUR,"FW,MF",Alanyaspor,25,1995,0.1,,,,,,,1,,,,,,,,,Matches
58,Hasan Ayaroğlu,tr TUR,"MF,DF",Denizlispor,25,1995,7.3,,,,,,,19,,,,,,,,,Matches
59,Mirkan Aydın,de GER,FW,Hatayspor,33,1987,1.0,,,,,,,0,,,,,,,,,Matches
60,Soner Aydoğdu,tr TUR,MF,Göztepe,29,1991,35.5,,,,,,,68,,,,,,,,,Matches
61,Ender Aygören,tr TUR,MF,Ankaragücü,20,2000,1.4,,,,,,,2,,,,,,,,,Matches
62,Yavuz Aygün,tr TUR,GK,Fatih Karagümrük,24,1996,0.0,,,,,,,0,,,,,,,,,Matches
63,Floyd Ayité,tg TOG,"MF,FW",Gençlerbirliği,31,1988,17.4,,,,,,,19,,,,,,,,,Matches
64,Sakıb Aytaç,tr TUR,DF,Denizlispor,28,1991,14.4,,,,,,,23,,,,,,,,,Matches
65,Embiya Ayyıldız,tr TUR,FW,Ankaragücü,20,2000,0.9,,,,,,,0,,,,,,,,,Matches
66,Serdar Aziz,tr TUR,DF,Fenerbahçe,29,1990,24.9,,,,,,,1,,,,,,,,,Matches
67,Abdul Aziz Tetteh,gh GHA,MF,Gaziantep FK,30,1990,0.1,,,,,,,0,,,,,,,,,Matches
68,Demba Ba,sn SEN,"FW,MF",Başakşehir,35,1985,18.7,,,,,,,2,,,,,,,,,Matches
69,Mahamadou Ba,ml MLI,MF,Erzurum BB,20,1999,0.0,,,,,,,0,,,,,,,,,Matches
70,Mame Baba Thiam,sn SEN,"MF,FW",Fenerbahçe,27,1992,16.3,,,,,,,12,,,,,,,,,Matches
71,Alperen Babacan,tr TUR,DF,Ankaragücü,23,1997,0.7,,,,,,,1,,,,,,,,,Matches
72,Volkan Babacan,tr TUR,GK,Başakşehir,31,1988,19.0,,,,,,,0,,,,,,,,,Matches
73,Khouma Babacar,sn SEN,"FW,MF",Alanyaspor,27,1993,17.8,,,,,,,17,,,,,,,,,Matches
74,Ryan Babel,nl NED,"MF,FW",Galatasaray,33,1986,17.6,,,,,,,43,,,,,,,,,Matches
75,Aliou Badji,sn SEN,FW,Ankaragücü,22,1997,8.5,,,,,,,1,,,,,,,,,Matches
Rk,Player,Nation,Pos,Squad,Age,Born,90s,Att,Live,Dead,FK,TB,Sw,Crs,TI,CK,In,Out,Str,Cmp,Off,Blocks,Matches
76,Fabrício Baiano,br BRA,"MF,DF",Rizespor,28,1992,21.8,,,,,,,53,,,,,,,,,Matches
77,Marvin Bakalorz,de GER,MF,Denizlispor,30,1989,23.1,,,,,,,14,,,,,,,,,Matches
78,Anastasios Bakasetas,gr GRE,"MF,FW",Alanyaspor,27,1993,17.7,,,,,,,107,,,,,,,,,Matches
79,Anastasios Bakasetas,gr GRE,MF,Trabzonspor,27,1993,18.0,,,,,,,75,,,,,,,,,Matches
80,Lewis Baker,eng ENG,MF,Trabzonspor,25,1995,29.5,,,,,,,100,,,,,,,,,Matches
81,Göktuğ Bakırbaş,tr TUR,GK,Erzurum BB,24,1996,2.5,,,,,,,0,,,,,,,,,Matches
82,Bünyamin Balcı,tr TUR,"DF,MF",Antalyaspor,20,2000,33.6,,,,,,,42,,,,,,,,,Matches
83,Jure Balkovec,si SVN,DF,Fatih Karagümrük,25,1994,32.2,,,,,,,159,,,,,,,,,Matches
84,Hélder Barbosa,pt POR,MF,Hatayspor,33,1987,3.1,,,,,,,10,,,,,,,,,Matches
85,Abdülkerim Bardakcı,tr TUR,DF,Konyaspor,25,1994,36.8,,,,,,,11,,,,,,,,,Matches
86,Adam Bareiro,py PAR,FW,Alanyaspor,24,1996,20.4,,,,,,,4,,,,,,,,,Matches
87,Bilal Başaçıkoğlu,tr TUR,"FW,MF",Gaziantep FK,25,1995,1.7,,,,,,,8,,,,,,,,,Matches
88,Bilal Başaçıkoğlu,tr TUR,MF,Trabzonspor,25,1995,2.2,,,,,,,10,,,,,,,,,Matches
89,Yılmaz Basravi,,FW,Göztepe,20,2000,0.1,,,,,,,0,,,,,,,,,Matches
90,Emrah Başsan,tr TUR,"MF,FW",Erzurum BB,28,1992,25.4,,,,,,,248,,,,,,,,,Matches
91,Altay Bayındır,tr TUR,GK,Fenerbahçe,22,1998,33.0,,,,,,,0,,,,,,,,,Matches
92,Gökdeniz Bayrakdar,tr TUR,"MF,FW",Antalyaspor,18,2001,20.3,,,,,,,8,,,,,,,,,Matches
93,Emin Bayram,tr TUR,DF,Galatasaray,17,2003,0.3,,,,,,,0,,,,,,,,,Matches
94,Ömer Bayram,tr TUR,"DF,MF",Galatasaray,29,1991,15.0,,,,,,,144,,,,,,,,,Matches
95,Aziz Behich,au AUS,DF,Kayserispor,29,1990,33.1,,,,,,,61,,,,,,,,,Matches
96,Efkan Bekiroğlu,,MF,Alanyaspor,24,1995,8.9,,,,,,,7,,,,,,,,,Matches
97,Younès Belhanda,ma MAR,MF,Galatasaray,30,1990,16.4,,,,,,,58,,,,,,,,,Matches
98,Aymen Ben Mohamed,tn TUN,DF,Denizlispor,25,1994,4.3,,,,,,,6,,,,,,,,,Matches
99,Zakarya Bergdich,ma MAR,DF,Denizlispor,31,1989,13.7,,,,,,,23,,,,,,,,,Matches
100,Zakarya Bergdich,ma MAR,DF,Erzurum BB,31,1989,4.6,,,,,,,10,,,,,,,,,Matches
Rk,Player,Nation,Pos,Squad,Age,Born,90s,Att,Live,Dead,FK,TB,Sw,Crs,TI,CK,In,Out,Str,Cmp,Off,Blocks,Matches
101,Rahmetullah Berişbek,tr TUR,"MF,DF",Gençlerbirliği,21,1999,6.3,,,,,,,14,,,,,,,,,Matches
102,Andrea Bertolacci,it ITA,MF,Fatih Karagümrük,29,1991,17.9,,,,,,,10,,,,,,,,,Matches
103,Lucas Biglia,ar ARG,MF,Fatih Karagümrük,34,1986,32.1,,,,,,,67,,,,,,,,,Matches
104,Jean-Claude Billong,cm CMR,DF,Hatayspor,26,1993,22.3,,,,,,,0,,,,,,,,,Matches
105,Tayfur Bingöl,tr TUR,"DF,MF",Alanyaspor,27,1993,11.7,,,,,,,48,,,,,,,,,Matches
106,Efe Binici,,MF,Göztepe,19,2001,0.3,,,,,,,0,,,,,,,,,Matches
107,Mame Biram Diouf,sn SEN,FW,Hatayspor,32,1987,35.4,,,,,,,11,,,,,,,,,Matches
108,Eray Birniçan,tr TUR,GK,Konyaspor,32,1988,10.0,,,,,,,0,,,,,,,,,Matches
109,Kristijan Bistrović,hr CRO,MF,Kasımpaşa,22,1998,16.1,,,,,,,31,,,,,,,,,Matches
110,André Biyogo Poko,ga GAB,MF,Göztepe,27,1993,0.7,,,,,,,0,,,,,,,,,Matches
111,Ruud Boffin,be BEL,GK,Antalyaspor,32,1987,35.0,,,,,,,0,,,,,,,,,Matches
112,Fernando Boldrin,br BRA,"MF,FW",Rizespor,31,1989,21.2,,,,,,,95,,,,,,,,,Matches
113,Jonathan Bolingi,cd COD,"FW,MF",Ankaragücü,26,1994,12.0,,,,,,,5,,,,,,,,,Matches
114,Boli Bolingoli-Mbombo,be BEL,DF,Başakşehir,25,1995,9.1,,,,,,,19,,,,,,,,,Matches
115,Fabio Borini,it ITA,"MF,FW",Fatih Karagümrük,29,1991,18.6,,,,,,,27,,,,,,,,,Matches
116,Petrus Boumal,cm CMR,MF,Erzurum BB,27,1993,23.3,,,,,,,5,,,,,,,,,Matches
117,Aaron Boupendza,ga GAB,MF,Hatayspor,23,1996,27.8,,,,,,,35,,,,,,,,,Matches
118,Tyler Boyd,us USA,MF,Sivasspor,25,1994,8.1,,,,,,,17,,,,,,,,,Matches
119,Tyler Boyd,us USA,MF,Beşiktaş,25,1994,3.5,,,,,,,9,,,,,,,,,Matches
120,Tomáš Břečka,cz CZE,DF,Kasımpaşa,26,1994,28.1,,,,,,,1,,,,,,,,,Matches
121,Onur Bulut,tr TUR,"DF,MF",Rizespor,26,1994,10.3,,,,,,,32,,,,,,,,,Matches
122,Umut Bulut,tr TUR,"FW,MF",Yeni Mal'spor,37,1983,19.6,,,,,,,11,,,,,,,,,Matches
123,Mustafa Burak Bozan,,GK,Gaziantep FK,19,2000,1.0,,,,,,,0,,,,,,,,,Matches
124,Dženan Bureković,ba BIH,DF,Göztepe,25,1995,10.2,,,,,,,27,,,,,,,,,Matches
125,Bohdan Butko,ua UKR,DF,Erzurum BB,29,1991,7.9,,,,,,,14,,,,,,,,,Matches
Rk,Player,Nation,Pos,Squad,Age,Born,90s,Att,Live,Dead,FK,TB,Sw,Crs,TI,CK,In,Out,Str,Cmp,Off,Blocks,Matches
126,Adem Büyük,tr TUR,"MF,FW",Yeni Mal'spor,32,1987,32.0,,,,,,,39,,,,,,,,,Matches
127,Zymer Bytyqi,no NOR,"MF,FW",Konyaspor,23,1996,11.2,,,,,,,99,,,,,,,,,Matches
128,Torgeir Børven,no NOR,"FW,MF",Ankaragücü,28,1991,17.6,,,,,,,6,,,,,,,,,Matches
129,Musa Çağıran,tr TUR,MF,Konyaspor,27,1992,5.0,,,,,,,4,,,,,,,,,Matches
130,Rahman Çağıran,tr TUR,MF,Erzurum BB,25,1995,3.6,,,,,,,5,,,,,,,,,Matches
131,Oğulcan Çağlayan,tr TUR,"MF,FW",Galatasaray,24,1996,9.4,,,,,,,24,,,,,,,,,Matches
132,Júnior Caiçara,br BRA,DF,Başakşehir,31,1989,5.6,,,,,,,25,,,,,,,,,Matches
133,Uğurcan Çakır,tr TUR,GK,Trabzonspor,24,1996,38.0,,,,,,,0,,,,,,,,,Matches
134,Samba Camara,ml MLI,DF,Sivasspor,27,1992,23.3,,,,,,,0,,,,,,,,,Matches
135,Burak Çamoğlu,tr TUR,DF,Hatayspor,23,1996,7.1,,,,,,,22,,,,,,,,,Matches
136,Gustavo Campanharo,br BRA,MF,Kayserispor,28,1992,21.8,,,,,,,33,,,,,,,,,Matches
137,Gastón Campi,ar ARG,DF,Fatih Karagümrük,29,1991,14.5,,,,,,,0,,,,,,,,,Matches
138,Gastón Campi,ar ARG,DF,Trabzonspor,29,1991,2.7,,,,,,,0,,,,,,,,,Matches
139,Mücahit Can Akçay,tr TUR,FW,Ankaragücü,22,1998,0.0,,,,,,,0,,,,,,,,,Matches
140,İrfan Can Eğribayat,tr TUR,GK,Göztepe,22,1998,35.0,,,,,,,0,,,,,,,,,Matches
141,Faruk Can Genç,,DF,Trabzonspor,20,2000,1.0,,,,,,,1,,,,,,,,,Matches
142,Görkem Can,tr TUR,DF,Denizlispor,20,2000,1.4,,,,,,,0,,,,,,,,,Matches
143,Ahmet Canbaz,tr TUR,MF,Trabzonspor,22,1998,0.3,,,,,,,0,,,,,,,,,Matches
144,Daniel Candeias,pt POR,MF,Gençlerbirliği,32,1988,33.6,,,,,,,291,,,,,,,,,Matches
145,Atakan Çankaya,tr TUR,"DF,MF",Ankaragücü,22,1998,18.7,,,,,,,8,,,,,,,,,Matches
146,Abdurrahman Canlı,,MF,Hatayspor,23,1997,2.1,,,,,,,2,,,,,,,,,Matches
147,Erdem Canpolat,de GER,GK,Kasımpaşa,19,2001,1.0,,,,,,,0,,,,,,,,,Matches
148,Oğuzhan Çapar,,DF,Kayserispor,23,1996,2.1,,,,,,,0,,,,,,,,,Matches
149,José Carlos Marafona,pt POR,GK,Alanyaspor,33,1987,37.0,,,,,,,0,,,,,,,,,Matches
150,Lucas Castro,ar ARG,MF,Fatih Karagümrük,31,1989,11.2,,,,,,,11,,,,,,,,,Matches
Rk,Player,Nation,Pos,Squad,Age,Born,90s,Att,Live,Dead,FK,TB,Sw,Crs,TI,CK,In,Out,Str,Cmp,Off,Blocks,Matches
151,Steven Caulker,sl SLE,DF,Alanyaspor,28,1991,32.0,,,,,,,6,,,,,,,,,Matches
152,Mesut Çaytemel,tr TUR,DF,Hatayspor,36,1984,18.6,,,,,,,79,,,,,,,,,Matches
153,Mustafa Çeçenoğlu,,DF,Gençlerbirliği,26,1994,2.3,,,,,,,14,,,,,,,,,Matches
154,Özgür Çek,tr TUR,DF,Denizlispor,29,1991,1.2,,,,,,,9,,,,,,,,,Matches
155,Endri Çekiçi,al ALB,MF,Ankaragücü,23,1996,23.8,,,,,,,90,,,,,,,,,Matches
156,Alpay Çelebi,tr TUR,DF,Alanyaspor,21,1999,0.1,,,,,,,0,,,,,,,,,Matches
157,Muğdat Çelik,tr TUR,"FW,MF",Kayserispor,30,1990,6.0,,,,,,,9,,,,,,,,,Matches
158,Osman Çelik,tr TUR,"MF,DF",Erzurum BB,28,1991,16.3,,,,,,,3,,,,,,,,,Matches
159,Korcan Çelikay,tr TUR,GK,Ankaragücü,32,1987,16.0,,,,,,,0,,,,,,,,,Matches
160,Sahverdi Cetin,de GER,MF,Ankaragücü,19,2000,4.6,,,,,,,12,,,,,,,,,Matches
161,Tarık Çetin,tr TUR,GK,Rizespor,23,1997,6.7,,,,,,,0,,,,,,,,,Matches
162,Bülent Cevahir,tr TUR,DF,Yeni Mal'spor,28,1992,4.6,,,,,,,23,,,,,,,,,Matches
163,Oğuz Ceylan,tr TUR,"DF,MF",Gaziantep FK,29,1990,22.3,,,,,,,84,,,,,,,,,Matches
164,Nacer Chadli,be BEL,"MF,FW",Başakşehir,30,1989,12.0,,,,,,,21,,,,,,,,,Matches
165,Aatif Chahechouhe,ma MAR,"MF,FW",Erzurum BB,34,1986,14.4,,,,,,,22,,,,,,,,,Matches
166,Aatif Chahechouhe,ma MAR,MF,Fatih Karagümrük,34,1986,6.1,,,,,,,8,,,,,,,,,Matches
167,Dimitris Chatziisaias,gr GRE,DF,Rizespor,27,1992,1.0,,,,,,,0,,,,,,,,,Matches
168,Issam Chebake,ma MAR,DF,Yeni Mal'spor,30,1989,32.8,,,,,,,81,,,,,,,,,Matches
169,Nadir Çiftçi,nl NED,FW,Rizespor,28,1992,0.3,,,,,,,0,,,,,,,,,Matches
170,Uğur Çiftçi,tr TUR,DF,Sivasspor,28,1992,33.1,,,,,,,99,,,,,,,,,Matches
171,Sadık Çiftpınar,tr TUR,DF,Fenerbahçe,27,1993,4.9,,,,,,,0,,,,,,,,,Matches
172,Tolga Ciğerci,tr TUR,MF,Fenerbahçe,28,1992,2.0,,,,,,,3,,,,,,,,,Matches
173,Tolga Ciğerci,tr TUR,MF,Başakşehir,28,1992,10.3,,,,,,,5,,,,,,,,,Matches
174,Mirza Cihan,,FW,Gaziantep FK,19,2000,0.5,,,,,,,2,,,,,,,,,Matches
175,Sokol Cikalleshi,al ALB,"FW,MF",Konyaspor,30,1990,27.3,,,,,,,23,,,,,,,,,Matches
Rk,Player,Nation,Pos,Squad,Age,Born,90s,Att,Live,Dead,FK,TB,Sw,Crs,TI,CK,In,Out,Str,Cmp,Off,Blocks,Matches
176,Orkan Çınar,tr TUR,MF,Ankaragücü,24,1996,3.2,,,,,,,26,,,,,,,,,Matches
177,İsmail Çipe,tr TUR,GK,Kayserispor,25,1995,4.5,,,,,,,0,,,,,,,,,Matches
178,Papiss Cissé,sn SEN,FW,Fenerbahçe,35,1985,8.6,,,,,,,2,,,,,,,,,Matches
179,Ramazan Civelek,tr TUR,"DF,MF",Kayserispor,24,1996,7.1,,,,,,,28,,,,,,,,,Matches
180,Ramazan Civelek,tr TUR,"DF,MF",Fatih Karagümrük,24,1996,9.6,,,,,,,18,,,,,,,,,Matches
181,Isaac Cofie,gh GHA,MF,Sivasspor,28,1991,16.2,,,,,,,3,,,,,,,,,Matches
182,Emre Çolak,tr TUR,MF,Fatih Karagümrük,29,1991,1.7,,,,,,,7,,,,,,,,,Matches
183,Kamil Çörekçi,tr TUR,"DF,MF",Trabzonspor,28,1992,9.7,,,,,,,10,,,,,,,,,Matches
184,Manuel da Costa,ma MAR,DF,Erzurum BB,34,1986,14.0,,,,,,,3,,,,,,,,,Matches
185,Enzo Crivelli,fr FRA,FW,Başakşehir,25,1995,21.7,,,,,,,17,,,,,,,,,Matches
186,Christian Cueva,pe PER,MF,Yeni Mal'spor,28,1991,6.1,,,,,,,25,,,,,,,,,Matches
187,Robert Piris Da Motta,py PAR,MF,Gençlerbirliği,26,1994,35.3,,,,,,,6,,,,,,,,,Matches
188,Erdon Daci,mk MKD,"FW,MF",Konyaspor,22,1998,7.9,,,,,,,23,,,,,,,,,Matches
189,Abdulsamed Damlu,tr TUR,GK,Yeni Mal'spor,21,1999,13.0,,,,,,,1,,,,,,,,,Matches
190,Brahim Darri,nl NED,"FW,MF",Erzurum BB,25,1994,0.6,,,,,,,0,,,,,,,,,Matches
191,Brahim Darri,nl NED,MF,Fatih Karagümrük,25,1994,3.5,,,,,,,5,,,,,,,,,Matches
192,Emre Demir,tr TUR,MF,Kayserispor,16,2004,2.5,,,,,,,2,,,,,,,,,Matches
193,Mete-Kaan Demir,tr TUR,MF,Başakşehir,22,1998,1.0,,,,,,,1,,,,,,,,,Matches
194,Muhammet Demir,tr TUR,FW,Gaziantep FK,28,1992,22.5,,,,,,,3,,,,,,,,,Matches
195,Adil Demirbağ,tr TUR,DF,Konyaspor,22,1997,14.0,,,,,,,6,,,,,,,,,Matches
196,Uğur Demirok,tr TUR,DF,Kayserispor,32,1988,11.8,,,,,,,1,,,,,,,,,Matches
197,Uğur Demirok,tr TUR,DF,Konyaspor,32,1988,7.0,,,,,,,0,,,,,,,,,Matches
198,İlhan Depe,tr TUR,MF,Kayserispor,27,1992,0.6,,,,,,,4,,,,,,,,,Matches
199,Halil Dervişoğlu,tr TUR,"FW,MF",Galatasaray,20,1999,6.4,,,,,,,2,,,,,,,,,Matches
200,Ersin Destanoğlu,tr TUR,GK,Beşiktaş,19,2001,34.6,,,,,,,0,,,,,,,,,Matches
Rk,Player,Nation,Pos,Squad,Age,Born,90s,Att,Live,Dead,FK,TB,Sw,Crs,TI,CK,In,Out,Str,Cmp,Off,Blocks,Matches
201,Fousseni Diabaté,ml MLI,MF,Göztepe,24,1995,12.0,,,,,,,9,,,,,,,,,Matches
202,Fousseni Diabaté,ml MLI,MF,Trabzonspor,24,1995,1.9,,,,,,,5,,,,,,,,,Matches
203,Mbaye Diagne,sn SEN,FW,Galatasaray,28,1991,9.5,,,,,,,3,,,,,,,,,Matches
204,Nouha Dicko,ml MLI,FW,Gaziantep FK,28,1992,21.5,,,,,,,24,,,,,,,,,Matches
205,Erdi Dikmen,tr TUR,DF,Ankaragücü,23,1997,16.6,,,,,,,1,,,,,,,,,Matches
206,Soner Dikmen,tr TUR,MF,Gençlerbirliği,26,1993,27.0,,,,,,,54,,,,,,,,,Matches
207,Emir Dilaver,at AUT,DF,Rizespor,29,1991,20.0,,,,,,,3,,,,,,,,,Matches
208,Ismaël Diomandé,ci CIV,MF,Konyaspor,27,1992,9.1,,,,,,,6,,,,,,,,,Matches
209,Assane Dioussé,sn SEN,MF,Ankaragücü,22,1997,9.4,,,,,,,13,,,,,,,,,Matches
210,Mix Diskerud,us USA,MF,Denizlispor,29,1990,12.5,,,,,,,2,,,,,,,,,Matches
211,Djaniny,cv CPV,FW,Trabzonspor,29,1991,24.5,,,,,,,27,,,,,,,,,Matches
212,Papy Djilobodji,sn SEN,DF,Gaziantep FK,31,1988,35.5,,,,,,,7,,,,,,,,,Matches
213,Adem Dogan,tr TUR,DF,Kayserispor,18,2001,0.0,,,,,,,0,,,,,,,,,Matches
214,Mitchell Donald,sr SUR,MF,Erzurum BB,31,1988,9.7,,,,,,,6,,,,,,,,,Matches
215,Ryan Donk,sr SUR,DF,Galatasaray,34,1986,24.3,,,,,,,4,,,,,,,,,Matches
216,Godfred Donsah,gh GHA,MF,Rizespor,24,1996,16.0,,,,,,,4,,,,,,,,,Matches
217,Mathieu Dossevi,tg TOG,"MF,FW",Denizlispor,32,1988,5.9,,,,,,,39,,,,,,,,,Matches
218,Danny Drinkwater,eng ENG,MF,Kasımpaşa,30,1990,5.8,,,,,,,4,,,,,,,,,Matches
219,Jean-Armel Drolé,ci CIV,MF,Antalyaspor,22,1997,0.5,,,,,,,0,,,,,,,,,Matches
220,Léo Duarte,br BRA,DF,Başakşehir,24,1996,14.2,,,,,,,3,,,,,,,,,Matches
221,Yasin Dülger,,FW,Kasımpaşa,24,1995,2.0,,,,,,,4,,,,,,,,,Matches
222,Abdullah Durak,tr TUR,MF,Rizespor,33,1987,19.3,,,,,,,2,,,,,,,,,Matches
223,Jimmy Durmaz,se SWE,"MF,DF",Fatih Karagümrük,31,1989,15.9,,,,,,,53,,,,,,,,,Matches
224,Jimmy Durmaz,se SWE,MF,Galatasaray,31,1989,0.1,,,,,,,0,,,,,,,,,Matches
225,Abdurrahim Dursun,tr TUR,MF,Trabzonspor,21,1998,1.5,,,,,,,0,,,,,,,,,Matches
Rk,Player,Nation,Pos,Squad,Age,Born,90s,Att,Live,Dead,FK,TB,Sw,Crs,TI,CK,In,Out,Str,Cmp,Off,Blocks,Matches
226,Emem Eduok,ng NGA,"FW,MF",Konyaspor,26,1994,1.7,,,,,,,2,,,,,,,,,Matches
227,Muhammed Egemen Pehlivan,,MF,Fatih Karagümrük,20,2000,1.6,,,,,,,2,,,,,,,,,Matches
228,Vegar Eggen Hedenstad,no NOR,DF,Fatih Karagümrük,29,1991,14.0,,,,,,,31,,,,,,,,,Matches
229,Caleb Ekuban,gh GHA,"MF,FW",Trabzonspor,26,1994,30.3,,,,,,,36,,,,,,,,,Matches
230,Omar Elabdellaoui,no NOR,DF,Galatasaray,28,1991,9.1,,,,,,,24,,,,,,,,,Matches
231,Eren Elmalı,tr TUR,DF,Kasımpaşa,20,2000,2.5,,,,,,,3,,,,,,,,,Matches
232,Bartuğ Elmaz,tr TUR,MF,Galatasaray,17,2003,0.0,,,,,,,0,,,,,,,,,Matches
233,Doğukan Emeksiz,,FW,Yeni Mal'spor,20,2000,0.0,,,,,,,0,,,,,,,,,Matches
234,Muhammed Emin Sarıkaya,tr TUR,DF,Başakşehir,18,2002,2.3,,,,,,,5,,,,,,,,,Matches
235,Berkan Emir,tr TUR,DF,Göztepe,32,1988,31.1,,,,,,,233,,,,,,,,,Matches
236,Celal Emir Dede,,MF,Rizespor,19,2001,0.0,,,,,,,0,,,,,,,,,Matches
237,Hasan Emre Yeşilyurt,,MF,Kasımpaşa,19,2000,0.4,,,,,,,0,,,,,,,,,Matches
238,Alexandru Epureanu,md MDA,DF,Başakşehir,33,1986,26.6,,,,,,,9,,,,,,,,,Matches
239,Ziya Erdal,tr TUR,"DF,MF",Sivasspor,32,1988,9.3,,,,,,,20,,,,,,,,,Matches
240,Alparslan Erdem,tr TUR,"DF,MF",Fatih Karagümrük,31,1988,6.1,,,,,,,27,,,,,,,,,Matches
241,Mehmet Erdem Uğurlu,tr TUR,MF,Gaziantep FK,32,1988,0.2,,,,,,,0,,,,,,,,,Matches
242,Mevlüt Erdinç,tr TUR,"FW,MF",Fatih Karagümrük,33,1987,11.5,,,,,,,3,,,,,,,,,Matches
243,Doğan Erdoğan,tr TUR,MF,Rizespor,23,1996,8.3,,,,,,,14,,,,,,,,,Matches
244,Ferhat Erdoğan,tr TUR,MF,Denizlispor,19,2001,0.0,,,,,,,0,,,,,,,,,Matches
245,Kayacan Erdoğan,tr TUR,GK,Erzurum BB,32,1988,4.9,,,,,,,1,,,,,,,,,Matches
246,Yusuf Erdoğan,tr TUR,"MF,FW",Kasımpaşa,27,1992,23.1,,,,,,,112,,,,,,,,,Matches
247,Ali Eren İyican,tr TUR,DF,Antalyaspor,21,1999,3.6,,,,,,,5,,,,,,,,,Matches
248,Muhammed Eren Kiryolcu,,MF,Denizlispor,17,2003,0.1,,,,,,,0,,,,,,,,,Matches
249,Caner Erkin,tr TUR,DF,Fenerbahçe,31,1988,30.0,,,,,,,378,,,,,,,,,Matches
250,Ertuğrul Ersoy,tr TUR,DF,Gaziantep FK,23,1997,3.4,,,,,,,1,,,,,,,,,Matches
Rk,Player,Nation,Pos,Squad,Age,Born,90s,Att,Live,Dead,FK,TB,Sw,Crs,TI,CK,In,Out,Str,Cmp,Off,Blocks,Matches
251,Erten Ersu,tr TUR,GK,Konyaspor,26,1994,1.0,,,,,,,0,,,,,,,,,Matches
252,Anderson Esiti,ng NGA,MF,Göztepe,26,1994,9.0,,,,,,,1,,,,,,,,,Matches
253,Mustafa Eskihellaç,tr TUR,MF,Yeni Mal'spor,23,1997,12.2,,,,,,,41,,,,,,,,,Matches
254,Oghenekaro Etebo,ng NGA,MF,Galatasaray,24,1995,13.7,,,,,,,4,,,,,,,,,Matches
255,Fayçal Fajr,ma MAR,MF,Sivasspor,31,1988,34.3,,,,,,,218,,,,,,,,,Matches
256,Radamel Falcao,co COL,FW,Galatasaray,34,1986,9.7,,,,,,,0,,,,,,,,,Matches
257,Fabien Farnolle,bj BEN,GK,Erzurum BB,35,1984,12.5,,,,,,,0,,,,,,,,,Matches
258,Ömer Faruk Beyaz,tr TUR,MF,Fenerbahçe,16,2003,0.1,,,,,,,0,,,,,,,,,Matches
259,Sofiane Feghouli,dz ALG,MF,Galatasaray,30,1989,13.0,,,,,,,47,,,,,,,,,Matches
260,Jorge Félix,es ESP,FW,Sivasspor,28,1991,3.1,,,,,,,2,,,,,,,,,Matches
261,Gedson Fernandes,pt POR,MF,Galatasaray,21,1999,15.4,,,,,,,55,,,,,,,,,Matches
262,Junior Fernándes,cl CHI,MF,Başakşehir,32,1988,3.3,,,,,,,12,,,,,,,,,Matches
263,Manuel Fernandes,pt POR,MF,Kayserispor,34,1986,5.4,,,,,,,20,,,,,,,,,Matches
264,Fernando,br BRA,MF,Rizespor,27,1993,14.0,,,,,,,17,,,,,,,,,Matches
265,Mehmet Feyzi Yıldırım,tr TUR,DF,Kasımpaşa,24,1996,4.7,,,,,,,5,,,,,,,,,Matches
266,Volkan Fındıklı,tr TUR,"DF,MF",Konyaspor,29,1990,0.1,,,,,,,0,,,,,,,,,Matches
267,Flávio,br BRA,MF,Trabzonspor,24,1996,19.1,,,,,,,17,,,,,,,,,Matches
268,Moryké Fofana,ci CIV,MF,Yeni Mal'spor,28,1991,18.3,,,,,,,25,,,,,,,,,Matches
269,Fredy,ao ANG,MF,Antalyaspor,30,1990,30.1,,,,,,,74,,,,,,,,,Matches
270,Kerim Frei,tr TUR,MF,Başakşehir,26,1993,1.8,,,,,,,12,,,,,,,,,Matches
271,Michael Frey,ch SUI,FW,Fenerbahçe,26,1994,1.0,,,,,,,4,,,,,,,,,Matches
272,Dominik Furman,pl POL,MF,Gençlerbirliği,28,1992,12.0,,,,,,,62,,,,,,,,,Matches
273,Lamine Gassama,sn SEN,DF,Göztepe,30,1989,12.9,,,,,,,29,,,,,,,,,Matches
274,Geraldo,ao ANG,MF,Ankaragücü,28,1991,7.7,,,,,,,17,,,,,,,,,Matches
275,Rachid Ghezzal,dz ALG,MF,Beşiktaş,28,1992,26.7,,,,,,,218,,,,,,,,,Matches
Rk,Player,Nation,Pos,Squad,Age,Born,90s,Att,Live,Dead,FK,TB,Sw,Crs,TI,CK,In,Out,Str,Cmp,Off,Blocks,Matches
276,Okechukwu Godson Azubuike,ng NGA,MF,Başakşehir,23,1997,6.2,,,,,,,2,,,,,,,,,Matches
277,Gerard Gohou,rw RWA,FW,Kasımpaşa,31,1988,1.0,,,,,,,0,,,,,,,,,Matches
278,Marcelo Goiano,br BRA,DF,Sivasspor,32,1987,8.0,,,,,,,16,,,,,,,,,Matches
279,Doğan Gölpek,nl NED,FW,Konyaspor,25,1994,0.4,,,,,,,2,,,,,,,,,Matches
280,Ricardo Jorge Pires Gomes,cv CPV,FW,Erzurum BB,28,1991,24.4,,,,,,,11,,,,,,,,,Matches
281,Cenk Gönen,tr TUR,GK,Denizlispor,32,1988,15.5,,,,,,,0,,,,,,,,,Matches
282,Gökhan Gönül,tr TUR,DF,Fenerbahçe,35,1985,19.0,,,,,,,79,,,,,,,,,Matches
283,Zafer Görgen,,GK,Rizespor,20,2000,2.0,,,,,,,0,,,,,,,,,Matches
284,Max Gradel,ci CIV,"MF,FW",Sivasspor,32,1987,37.5,,,,,,,215,,,,,,,,,Matches
285,Guilherme,br BRA,MF,Göztepe,29,1991,8.0,,,,,,,31,,,,,,,,,Matches
286,Guilherme,br BRA,MF,Trabzonspor,29,1991,1.0,,,,,,,3,,,,,,,,,Matches
287,Ahmet Gülay,tr TUR,DF,Alanyaspor,17,2003,2.4,,,,,,,2,,,,,,,,,Matches
288,Fredrik Gulbrandsen,no NOR,"FW,MF",Başakşehir,27,1992,12.9,,,,,,,4,,,,,,,,,Matches
289,Ceyhun Gülselam,tr TUR,MF,Alanyaspor,32,1987,6.9,,,,,,,6,,,,,,,,,Matches
290,Ersan Gülüm,tr TUR,DF,Antalyaspor,33,1987,8.4,,,,,,,0,,,,,,,,,Matches
291,Sinan Gümüş,de GER,MF,Fenerbahçe,26,1994,6.4,,,,,,,11,,,,,,,,,Matches
292,Atakan Gündüz,tr TUR,DF,Trabzonspor,19,2001,0.0,,,,,,,0,,,,,,,,,Matches
293,Umut Güneş,tr TUR,MF,Alanyaspor,20,2000,5.2,,,,,,,5,,,,,,,,,Matches
294,Mert Günok,tr TUR,GK,Başakşehir,31,1989,21.0,,,,,,,0,,,,,,,,,Matches
295,Emre Güral,tr TUR,"MF,FW",Ankaragücü,31,1989,9.7,,,,,,,19,,,,,,,,,Matches
296,Berke Gürbüz,,MF,Ankaragücü,17,2003,0.1,,,,,,,0,,,,,,,,,Matches
297,Serdar Gürler,tr TUR,MF,Antalyaspor,28,1991,4.0,,,,,,,10,,,,,,,,,Matches
298,Luiz Gustavo,br BRA,MF,Fenerbahçe,33,1987,26.5,,,,,,,17,,,,,,,,,Matches
299,İsmail Güven,tr TUR,MF,Konyaspor,26,1994,0.5,,,,,,,0,,,,,,,,,Matches
300,Günay Güvenç,tr TUR,GK,Gaziantep FK,29,1991,38.0,,,,,,,0,,,,,,,,,Matches
Rk,Player,Nation,Pos,Squad,Age,Born,90s,Att,Live,Dead,FK,TB,Sw,Crs,TI,CK,In,Out,Str,Cmp,Off,Blocks,Matches
301,Oussama Haddadi,tn TUN,DF,Kasımpaşa,28,1992,33.4,,,,,,,132,,,,,,,,,Matches
302,Teenage Hadebe,zw ZIM,DF,Yeni Mal'spor,24,1995,26.3,,,,,,,17,,,,,,,,,Matches
303,Florent Hadergjonaj,xk KVX,DF,Kasımpaşa,26,1994,35.4,,,,,,,123,,,,,,,,,Matches
304,Amir Hadžiahmetović,ba BIH,MF,Konyaspor,23,1997,29.8,,,,,,,19,,,,,,,,,Matches
305,Karim Hafez,eg EGY,DF,Yeni Mal'spor,24,1996,31.6,,,,,,,176,,,,,,,,,Matches
306,Haris Hajradinović,ba BIH,MF,Kasımpaşa,26,1994,34.4,,,,,,,165,,,,,,,,,Matches
307,Jugurtha Hamroun,dz ALG,MF,Erzurum BB,31,1989,1.7,,,,,,,13,,,,,,,,,Matches
308,Mevlüt Han Ekelik,,MF,Antalyaspor,15,2004,0.7,,,,,,,0,,,,,,,,,Matches
309,Ajdin Hasić,ba BIH,MF,Beşiktaş,18,2001,2.4,,,,,,,2,,,,,,,,,Matches
310,Dogucan Haspolat,tr TUR,MF,Kasımpaşa,20,2000,3.2,,,,,,,1,,,,,,,,,Matches
311,Hasan Hatipoğlu,tr TUR,DF,Erzurum BB,31,1989,21.8,,,,,,,1,,,,,,,,,Matches
312,Pedro Henrique,br BRA,"MF,FW",Kayserispor,30,1990,28.0,,,,,,,51,,,,,,,,,Matches
313,Guido Herrera,ar ARG,GK,Yeni Mal'spor,28,1992,3.0,,,,,,,0,,,,,,,,,Matches
314,Armin Hodžić,ba BIH,"FW,MF",Kasımpaşa,25,1994,17.0,,,,,,,17,,,,,,,,,Matches
315,Majid Hosseini,ir IRN,DF,Trabzonspor,24,1996,8.3,,,,,,,1,,,,,,,,,Matches
316,Vitor Hugo,br BRA,DF,Trabzonspor,29,1991,29.4,,,,,,,0,,,,,,,,,Matches
317,Paolo Hurtado,pe PER,FW,Konyaspor,30,1990,2.7,,,,,,,8,,,,,,,,,Matches
318,Hasan Hüseyin Acar,tr TUR,MF,Alanyaspor,25,1994,1.0,,,,,,,4,,,,,,,,,Matches
319,Hasan Hüseyin Acar,tr TUR,MF,Kayserispor,25,1994,7.7,,,,,,,29,,,,,,,,,Matches
320,Mustafa Hüseyin Seyhan,,MF,Gençlerbirliği,24,1996,1.7,,,,,,,1,,,,,,,,,Matches
321,Atiba Hutchinson,ca CAN,MF,Beşiktaş,37,1983,32.5,,,,,,,6,,,,,,,,,Matches
322,Brown Ideye,ng NGA,FW,Göztepe,31,1988,12.1,,,,,,,2,,,,,,,,,Matches
323,Edgar Ié,gw GNB,DF,Trabzonspor,26,1994,35.9,,,,,,,6,,,,,,,,,Matches
324,Ahmed Ildiz,tr TUR,MF,Yeni Mal'spor,23,1996,19.3,,,,,,,26,,,,,,,,,Matches
325,Selim Ilgaz,,MF,Hatayspor,25,1995,13.0,,,,,,,32,,,,,,,,,Matches
Rk,Player,Nation,Pos,Squad,Age,Born,90s,Att,Live,Dead,FK,TB,Sw,Crs,TI,CK,In,Out,Str,Cmp,Off,Blocks,Matches
326,Omar Imeri,al ALB,"DF,MF",Antalyaspor,20,1999,6.7,,,,,,,7,,,,,,,,,Matches
327,Adis Jahović,mk MKD,FW,Antalyaspor,33,1987,10.0,,,,,,,1,,,,,,,,,Matches
328,Adis Jahović,mk MKD,FW,Göztepe,33,1987,12.6,,,,,,,4,,,,,,,,,Matches
329,Julian Jeanvier,gn GUI,DF,Kasımpaşa,28,1992,3.5,,,,,,,0,,,,,,,,,Matches
330,Jefferson,br BRA,MF,Gaziantep FK,26,1994,16.2,,,,,,,8,,,,,,,,,Matches
331,Marko Jevtović,rs SRB,MF,Konyaspor,27,1993,31.7,,,,,,,18,,,,,,,,,Matches
332,Mattias Johansson,se SWE,DF,Gençlerbirliği,28,1992,28.1,,,,,,,30,,,,,,,,,Matches
333,Dušan Jovančić,rs SRB,MF,Rizespor,29,1990,0.5,,,,,,,0,,,,,,,,,Matches
334,Juanfran,es ESP,DF,Alanyaspor,31,1988,32.2,,,,,,,213,,,,,,,,,Matches
335,Mathias Jørgensen,dk DEN,DF,Fenerbahçe,30,1990,2.0,,,,,,,0,,,,,,,,,Matches
336,Ali Kaan Güneren,tr TUR,"DF,MF",Ankaragücü,20,2000,3.2,,,,,,,6,,,,,,,,,Matches
337,Moestafa El Kabir,ma MAR,FW,Erzurum BB,31,1988,5.8,,,,,,,6,,,,,,,,,Matches
338,Bora Kadioglu,,MF,Fatih Karagümrük,19,2001,0.0,,,,,,,0,,,,,,,,,Matches
339,Ferdi Kadioglu,tr TUR,MF,Fenerbahçe,20,1999,8.2,,,,,,,24,,,,,,,,,Matches
340,Damian Kądzior,pl POL,"MF,FW",Alanyaspor,28,1992,6.5,,,,,,,86,,,,,,,,,Matches
341,Oğuz Kağan Güçtekin,tr TUR,MF,Konyaspor,21,1999,8.4,,,,,,,3,,,,,,,,,Matches
342,İrfan Kahveci,tr TUR,MF,Fenerbahçe,25,1995,7.4,,,,,,,15,,,,,,,,,Matches
343,İrfan Kahveci,tr TUR,MF,Başakşehir,25,1995,16.4,,,,,,,64,,,,,,,,,Matches
344,Berat Kalkan,mk MKD,FW,Kasımpaşa,17,2003,0.0,,,,,,,0,,,,,,,,,Matches
345,Kesselly Kamara,lr LBR,MF,Hatayspor,22,1997,7.4,,,,,,,10,,,,,,,,,Matches
346,Jean-Armel Kana-Biyik,cm CMR,DF,Gaziantep FK,31,1989,15.7,,,,,,,0,,,,,,,,,Matches
347,Kaan Kanak,tr TUR,"DF,MF",Erzurum BB,29,1990,11.9,,,,,,,44,,,,,,,,,Matches
348,Kubilay Kanatsızkuş,tr TUR,"MF,FW",Yeni Mal'spor,23,1997,18.5,,,,,,,9,,,,,,,,,Matches
349,Wilfried Kanga,ci CIV,FW,Kayserispor,22,1998,10.1,,,,,,,2,,,,,,,,,Matches
350,Ferhat Kaplan,tr TUR,GK,Antalyaspor,31,1989,5.0,,,,,,,0,,,,,,,,,Matches
Rk,Player,Nation,Pos,Squad,Age,Born,90s,Att,Live,Dead,FK,TB,Sw,Crs,TI,CK,In,Out,Str,Cmp,Off,Blocks,Matches
351,Aytaç Kara,tr TUR,MF,Kasımpaşa,27,1993,25.2,,,,,,,17,,,,,,,,,Matches
352,Emre Karaal,,,Başakşehir,17,2003,0.1,,,,,,,0,,,,,,,,,Matches
353,Efecan Karaca,tr TUR,MF,Alanyaspor,30,1989,24.0,,,,,,,49,,,,,,,,,Matches
354,Ahmet Karademir,,FW,Konyaspor,16,2004,0.3,,,,,,,0,,,,,,,,,Matches
355,Gökhan Karadeniz,tr TUR,"MF,FW",Hatayspor,30,1990,5.0,,,,,,,9,,,,,,,,,Matches
356,İlker Karakaş,tr TUR,"FW,MF",Gençlerbirliği,21,1999,4.6,,,,,,,6,,,,,,,,,Matches
357,Oltan Karakullukçu,tr TUR,FW,Erzurum BB,29,1991,5.7,,,,,,,2,,,,,,,,,Matches
358,Enes Karakuş,,FW,Başakşehir,19,2001,0.2,,,,,,,0,,,,,,,,,Matches
359,Cebrail Karayel,tr TUR,DF,Ankaragücü,25,1994,1.2,,,,,,,3,,,,,,,,,Matches
360,Gökhan Kardes,tr TUR,DF,Erzurum BB,23,1997,10.3,,,,,,,1,,,,,,,,,Matches
361,Erce Kardeşler,tr TUR,GK,Trabzonspor,26,1994,1.0,,,,,,,0,,,,,,,,,Matches
362,Erkan Kaş,tr TUR,DF,Yeni Mal'spor,28,1991,1.7,,,,,,,10,,,,,,,,,Matches
363,Emirhan Kascioglu,,DF,Denizlispor,19,2001,1.6,,,,,,,0,,,,,,,,,Matches
364,Alexandros Katranis,gr GRE,DF,Hatayspor,22,1998,16.9,,,,,,,95,,,,,,,,,Matches
365,Erdogan Kaya,tr TUR,DF,Beşiktaş,19,2001,0.2,,,,,,,0,,,,,,,,,Matches
366,Semih Kaya,tr TUR,DF,Yeni Mal'spor,29,1991,29.3,,,,,,,4,,,,,,,,,Matches
367,Yalçın Kayan,tr TUR,MF,Göztepe,21,1999,10.6,,,,,,,2,,,,,,,,,Matches
368,Olarenwaju Kayode,ng NGA,FW,Sivasspor,27,1993,17.9,,,,,,,20,,,,,,,,,Matches
369,Isaac Kiese Thelin,se SWE,FW,Kasımpaşa,28,1992,18.9,,,,,,,2,,,,,,,,,Matches
370,Emre Kılınç,tr TUR,MF,Galatasaray,25,1994,25.5,,,,,,,107,,,,,,,,,Matches
371,Safa Kınalı,,MF,Trabzonspor,21,1999,1.2,,,,,,,0,,,,,,,,,Matches
372,Batuhan Kırdaroğlu,,FW,Göztepe,19,2000,0.1,,,,,,,0,,,,,,,,,Matches
373,Serkan Kırıntılı,tr TUR,GK,Alanyaspor,35,1985,3.0,,,,,,,0,,,,,,,,,Matches
374,Stelios Kitsiou,gr GRE,DF,Ankaragücü,26,1993,28.0,,,,,,,52,,,,,,,,,Matches
375,Arda Kızıldağ,tr TUR,DF,Gençlerbirliği,21,1998,27.0,,,,,,,3,,,,,,,,,Matches
Rk,Player,Nation,Pos,Squad,Age,Born,90s,Att,Live,Dead,FK,TB,Sw,Crs,TI,CK,In,Out,Str,Cmp,Off,Blocks,Matches
376,Alberk Koç,,DF,Rizespor,23,1997,1.5,,,,,,,14,,,,,,,,,Matches
377,Anıl Koç,tr TUR,MF,Kasımpaşa,25,1995,8.2,,,,,,,28,,,,,,,,,Matches
378,Okan Kocuk,tr TUR,GK,Galatasaray,25,1995,10.0,,,,,,,0,,,,,,,,,Matches
379,Bengali-Fodé Koita,gn GUI,"FW,MF",Kasımpaşa,29,1990,7.5,,,,,,,0,,,,,,,,,Matches
380,Dimitrios Kolovetsios,gr GRE,DF,Kayserispor,28,1991,35.0,,,,,,,2,,,,,,,,,Matches
381,Arouna Koné,ci CIV,"MF,FW",Sivasspor,36,1983,6.4,,,,,,,3,,,,,,,,,Matches
382,Youssouf Koné,ml MLI,DF,Hatayspor,25,1995,1.1,,,,,,,9,,,,,,,,,Matches
383,Gilbert Koomson,gh GHA,MF,Kasımpaşa,25,1994,13.0,,,,,,,35,,,,,,,,,Matches
384,Nurettin Korkmaz,tr TUR,FW,Kayserispor,18,2002,1.6,,,,,,,8,,,,,,,,,Matches
385,Ramazan Köse,tr TUR,GK,Kasımpaşa,32,1988,20.0,,,,,,,0,,,,,,,,,Matches
386,İsmail Köybaşı,tr TUR,DF,Rizespor,31,1989,13.8,,,,,,,39,,,,,,,,,Matches
387,Zvonimir Kožulj,ba BIH,MF,Gaziantep FK,26,1993,5.3,,,,,,,14,,,,,,,,,Matches
388,Artem Kravets,ua UKR,FW,Konyaspor,31,1989,16.9,,,,,,,8,,,,,,,,,Matches
389,Fyodor Kudryashov,ru RUS,DF,Antalyaspor,33,1987,34.9,,,,,,,25,,,,,,,,,Matches
390,Furkan Külekçi,,FW,Kasımpaşa,19,2001,0.3,,,,,,,0,,,,,,,,,Matches
391,Ante Kulušić,hr CRO,DF,Ankaragücü,34,1986,17.8,,,,,,,3,,,,,,,,,Matches
392,Fatih Kuruçuk,tr TUR,DF,Fatih Karagümrük,22,1998,14.0,,,,,,,1,,,,,,,,,Matches
393,Berkan Kutlu,tr TUR,MF,Alanyaspor,22,1998,27.0,,,,,,,25,,,,,,,,,Matches
394,Zoran Kvržić,ba BIH,"DF,MF",Kayserispor,31,1988,32.3,,,,,,,97,,,,,,,,,Matches
395,Cyle Larin,ca CAN,"MF,FW",Beşiktaş,25,1995,32.0,,,,,,,13,,,,,,,,,Matches
396,Joseph Larweh Attamah,gh GHA,"MF,DF",Kayserispor,26,1994,25.3,,,,,,,9,,,,,,,,,Matches
397,Fabiano Leismann,br BRA,DF,Denizlispor,28,1991,29.9,,,,,,,14,,,,,,,,,Matches
398,Mauricio Lemos,uy URU,DF,Fenerbahçe,24,1995,7.2,,,,,,,3,,,,,,,,,Matches
399,Aaron Lennon,eng ENG,MF,Kayserispor,33,1987,29.6,,,,,,,80,,,,,,,,,Matches
400,Jeremain Lens,nl NED,MF,Fatih Karagümrük,32,1987,7.0,,,,,,,26,,,,,,,,,Matches
Rk,Player,Nation,Pos,Squad,Age,Born,90s,Att,Live,Dead,FK,TB,Sw,Crs,TI,CK,In,Out,Str,Cmp,Off,Blocks,Matches
401,Jeremain Lens,nl NED,"FW,MF",Beşiktaş,32,1987,0.5,,,,,,,0,,,,,,,,,Matches
402,Eric Lichaj,us USA,DF,Fatih Karagümrük,31,1988,8.2,,,,,,,7,,,,,,,,,Matches
403,Alan Lima Cariús,br BRA,"MF,FW",Kasımpaşa,23,1997,7.7,,,,,,,16,,,,,,,,,Matches
404,Sandro Lima,br BRA,"FW,MF",Gençlerbirliği,29,1990,14.3,,,,,,,9,,,,,,,,,Matches
405,Martin Linnes,no NOR,DF,Galatasaray,28,1991,17.2,,,,,,,59,,,,,,,,,Matches
406,Adem Ljajić,rs SRB,MF,Beşiktaş,28,1991,12.2,,,,,,,47,,,,,,,,,Matches
407,Saba Lobzhanidze,ge GEO,MF,Ankaragücü,25,1994,30.2,,,,,,,60,,,,,,,,,Matches
408,Miguel Lopes,pt POR,DF,Kayserispor,33,1986,12.1,,,,,,,26,,,,,,,,,Matches
409,Tiago Jorge Oliveira Lopes,pt POR,"DF,MF",Denizlispor,31,1989,21.5,,,,,,,71,,,,,,,,,Matches
410,Derrick Luckassen,nl NED,DF,Kasımpaşa,25,1995,14.8,,,,,,,1,,,,,,,,,Matches
411,Kevin Luckassen,nl NED,FW,Kayserispor,27,1993,5.9,,,,,,,0,,,,,,,,,Matches
412,Jody Lukoki,cd COD,MF,Yeni Mal'spor,27,1992,3.7,,,,,,,19,,,,,,,,,Matches
413,Silviu Lung Jr.,ro ROU,GK,Kayserispor,31,1989,7.5,,,,,,,0,,,,,,,,,Matches
414,Christian Luyindama,cd COD,DF,Galatasaray,26,1994,19.5,,,,,,,0,,,,,,,,,Matches
415,Davidson da Luz Pereira,br BRA,MF,Alanyaspor,29,1991,33.5,,,,,,,72,,,,,,,,,Matches
416,Anton Maglica,hr CRO,FW,Kayserispor,28,1991,3.9,,,,,,,3,,,,,,,,,Matches
417,Stevie Mallan,sct SCO,MF,Yeni Mal'spor,24,1996,8.6,,,,,,,19,,,,,,,,,Matches
418,Aly Mallé,ml MLI,FW,Yeni Mal'spor,22,1998,0.4,,,,,,,7,,,,,,,,,Matches
419,Yunus Mallı,tr TUR,MF,Trabzonspor,28,1992,4.6,,,,,,,7,,,,,,,,,Matches
420,Harrison Manzala,cd COD,MF,Kayserispor,26,1994,1.4,,,,,,,3,,,,,,,,,Matches
421,Marcão,br BRA,DF,Galatasaray,24,1996,36.8,,,,,,,6,,,,,,,,,Matches
422,Marlon,br BRA,DF,Trabzonspor,23,1997,35.8,,,,,,,74,,,,,,,,,Matches
423,Alexandru Maxim,ro ROU,MF,Gaziantep FK,30,1990,33.5,,,,,,,163,,,,,,,,,Matches
424,Balázs Megyeri,hu HUN,GK,Göztepe,30,1990,2.0,,,,,,,0,,,,,,,,,Matches
425,Dario Melnjak,hr CRO,DF,Rizespor,27,1992,23.6,,,,,,,69,,,,,,,,,Matches
Rk,Player,Nation,Pos,Squad,Age,Born,90s,Att,Live,Dead,FK,TB,Sw,Crs,TI,CK,In,Out,Str,Cmp,Off,Blocks,Matches
426,Bernard Mensah,gh GHA,MF,Beşiktaş,25,1994,16.2,,,,,,,37,,,,,,,,,Matches
427,Yassine Meriah,tn TUN,DF,Rizespor,27,1993,26.1,,,,,,,7,,,,,,,,,Matches
428,Metehan Mert,,DF,Gençlerbirliği,21,1999,4.2,,,,,,,0,,,,,,,,,Matches
429,Muhammed Mert,be BEL,MF,Hatayspor,25,1995,4.6,,,,,,,16,,,,,,,,,Matches
430,Muris Mešanović,ba BIH,"MF,FW",Denizlispor,30,1990,20.9,,,,,,,15,,,,,,,,,Matches
431,Konrad Michalak,pl POL,MF,Rizespor,22,1997,15.2,,,,,,,42,,,,,,,,,Matches
432,Marko Mihojević,ba BIH,DF,Göztepe,24,1996,17.3,,,,,,,3,,,,,,,,,Matches
433,Deni Milošević,ba BIH,MF,Konyaspor,25,1995,19.9,,,,,,,31,,,,,,,,,Matches
434,Arturo Mina,ec ECU,DF,Erzurum BB,29,1990,7.9,,,,,,,0,,,,,,,,,Matches
435,Kevin Mirallas,be BEL,"MF,FW",Gaziantep FK,32,1987,22.5,,,,,,,63,,,,,,,,,Matches
436,Roderick Miranda,pt POR,DF,Gaziantep FK,29,1991,11.7,,,,,,,1,,,,,,,,,Matches
437,Farouk Miya,ug UGA,"MF,FW",Konyaspor,22,1997,8.1,,,,,,,6,,,,,,,,,Matches
438,Mostafa Mohamed,eg EGY,FW,Galatasaray,22,1997,10.1,,,,,,,2,,,,,,,,,Matches
439,Javi Montero,es ESP,DF,Beşiktaş,21,1999,10.2,,,,,,,0,,,,,,,,,Matches
440,Kağan Moradaoglu,tr TUR,GK,Trabzonspor,17,2003,1.0,,,,,,,0,,,,,,,,,Matches
441,Júnior Morais,br BRA,"DF,MF",Gaziantep FK,34,1986,15.8,,,,,,,50,,,,,,,,,Matches
442,Mykola Morozyuk,ua UKR,DF,Rizespor,32,1988,30.0,,,,,,,146,,,,,,,,,Matches
443,Mossoró,br BRA,MF,Göztepe,37,1983,6.0,,,,,,,8,,,,,,,,,Matches
444,François Moubandje,ch SUI,DF,Alanyaspor,30,1990,33.9,,,,,,,49,,,,,,,,,Matches
445,Lucas Mugni,ar ARG,MF,Gençlerbirliği,28,1992,3.1,,,,,,,20,,,,,,,,,Matches
446,Rashad Muhammed,fr FRA,FW,Erzurum BB,26,1993,7.4,,,,,,,9,,,,,,,,,Matches
447,Karlo Muhar,hr CRO,MF,Kayserispor,24,1996,13.4,,,,,,,4,,,,,,,,,Matches
448,Paul Mukairu,ng NGA,MF,Antalyaspor,20,2000,1.5,,,,,,,0,,,,,,,,,Matches
449,Munir,ma MAR,GK,Hatayspor,31,1989,36.5,,,,,,,0,,,,,,,,,Matches
450,Radosław Murawski,pl POL,MF,Denizlispor,26,1994,27.8,,,,,,,15,,,,,,,,,Matches
Rk,Player,Nation,Pos,Squad,Age,Born,90s,Att,Live,Dead,FK,TB,Sw,Crs,TI,CK,In,Out,Str,Cmp,Off,Blocks,Matches
451,Fernando Muslera,uy URU,GK,Galatasaray,34,1986,22.0,,,,,,,0,,,,,,,,,Matches
452,Georges-Kévin N'Koudou,cm CMR,MF,Beşiktaş,25,1995,16.8,,,,,,,56,,,,,,,,,Matches
453,Fabrice N'Sakala,cd COD,DF,Beşiktaş,30,1990,26.1,,,,,,,84,,,,,,,,,Matches
454,Naldo,br BRA,DF,Antalyaspor,31,1988,28.2,,,,,,,0,,,,,,,,,Matches
455,Stefano Napoleoni,it ITA,"MF,FW",Göztepe,34,1986,5.2,,,,,,,2,,,,,,,,,Matches
456,Umut Nayir,tr TUR,FW,Beşiktaş,27,1993,0.3,,,,,,,0,,,,,,,,,Matches
457,Alassane Ndao,sn SEN,MF,Fatih Karagümrük,23,1996,34.3,,,,,,,83,,,,,,,,,Matches
458,Youssouf Ndayishimiye,bi BDI,"MF,DF",Yeni Mal'spor,21,1998,16.3,,,,,,,9,,,,,,,,,Matches
459,Youssouf Ndayishimiye,bi BDI,"MF,DF",Başakşehir,21,1998,7.8,,,,,,,5,,,,,,,,,Matches
460,Badou Ndiaye,sn SEN,MF,Fatih Karagümrük,29,1990,13.0,,,,,,,6,,,,,,,,,Matches
461,Cherif Ndiaye,sn SEN,"FW,MF",Göztepe,24,1996,31.0,,,,,,,15,,,,,,,,,Matches
462,Eric Ndizeye,bi BDI,DF,Yeni Mal'spor,20,1999,0.3,,,,,,,0,,,,,,,,,Matches
463,Casimir Ninga,td CHA,"MF,FW",Sivasspor,27,1993,5.2,,,,,,,22,,,,,,,,,Matches
464,Recep Niyaz,tr TUR,MF,Denizlispor,24,1995,19.5,,,,,,,39,,,,,,,,,Matches
465,Kristoffer Nordfeldt,se SWE,GK,Gençlerbirliği,31,1989,36.0,,,,,,,0,,,,,,,,,Matches
466,Filip Novák,cz CZE,DF,Fenerbahçe,30,1990,9.5,,,,,,,13,,,,,,,,,Matches
467,Arvydas Novikovas,lt LTU,"MF,FW",Erzurum BB,29,1990,21.9,,,,,,,101,,,,,,,,,Matches
468,Atınç Nukan,tr TUR,DF,Göztepe,27,1993,26.0,,,,,,,3,,,,,,,,,Matches
469,Anthony Nwakaeme,ng NGA,MF,Trabzonspor,31,1989,32.8,,,,,,,87,,,,,,,,,Matches
470,Obinna Nwobodo,ng NGA,MF,Göztepe,23,1996,26.4,,,,,,,6,,,,,,,,,Matches
471,Gabriel Obertan,fr FRA,MF,Erzurum BB,31,1989,21.2,,,,,,,19,,,,,,,,,Matches
472,Ahmet Oğuz,tr TUR,DF,Sivasspor,27,1993,16.7,,,,,,,24,,,,,,,,,Matches
473,Ahmet Oğuz,tr TUR,DF,Kasımpaşa,27,1993,0.9,,,,,,,4,,,,,,,,,Matches
474,Alaaddin Okumuş,,DF,Sivasspor,24,1995,1.2,,,,,,,3,,,,,,,,,Matches
475,Melih Okutan,tr TUR,FW,Kayserispor,24,1996,2.5,,,,,,,9,,,,,,,,,Matches
Rk,Player,Nation,Pos,Squad,Age,Born,90s,Att,Live,Dead,FK,TB,Sw,Crs,TI,CK,In,Out,Str,Cmp,Off,Blocks,Matches
476,Paweł Olkowski,pl POL,"DF,MF",Gaziantep FK,30,1990,28.3,,,,,,,44,,,,,,,,,Matches
477,Johanna Omolo,ke KEN,MF,Erzurum BB,31,1989,16.3,,,,,,,2,,,,,,,,,Matches
478,Abdülkadir Ömür,tr TUR,MF,Trabzonspor,21,1999,16.8,,,,,,,42,,,,,,,,,Matches
479,Alaattin Öner,tr TUR,MF,Denizlispor,16,2004,0.0,,,,,,,0,,,,,,,,,Matches
480,Henry Onyekuru,ng NGA,MF,Galatasaray,23,1997,9.0,,,,,,,3,,,,,,,,,Matches
481,Dever Orgill,jm JAM,"FW,MF",Antalyaspor,30,1990,17.3,,,,,,,3,,,,,,,,,Matches
482,Soner Örnek,tr TUR,DF,Hatayspor,31,1989,0.4,,,,,,,0,,,,,,,,,Matches
483,Bright Osayi-Samuel,ng NGA,MF,Fenerbahçe,22,1997,10.9,,,,,,,16,,,,,,,,,Matches
484,Caner Osmanpaşa,tr TUR,DF,Sivasspor,32,1988,26.3,,,,,,,2,,,,,,,,,Matches
485,Ahmet Oytun Özdoğan,tr TUR,GK,Fenerbahçe,22,1998,1.0,,,,,,,0,,,,,,,,,Matches
486,Şener Özbayraklı,tr TUR,DF,Galatasaray,30,1990,8.4,,,,,,,21,,,,,,,,,Matches
487,Ertaç Özbir,tr TUR,GK,Yeni Mal'spor,30,1989,24.0,,,,,,,1,,,,,,,,,Matches
488,Berkay Özcan,tr TUR,MF,Başakşehir,22,1998,19.6,,,,,,,18,,,,,,,,,Matches
489,Arda Özçimen,tr TUR,GK,Göztepe,18,2002,3.0,,,,,,,0,,,,,,,,,Matches
490,Berat Özdemir,tr TUR,MF,Trabzonspor,22,1998,11.8,,,,,,,5,,,,,,,,,Matches
491,Berat Özdemir,tr TUR,MF,Gençlerbirliği,22,1998,11.5,,,,,,,7,,,,,,,,,Matches
492,Özer Özdemir,,"DF,MF",Denizlispor,22,1998,18.1,,,,,,,35,,,,,,,,,Matches
493,Yusuf Özdemir,tr TUR,"DF,MF",Alanyaspor,19,2001,0.0,,,,,,,1,,,,,,,,,Matches
494,Aykut Özer,tr TUR,GK,Fatih Karagümrük,27,1993,8.7,,,,,,,0,,,,,,,,,Matches
495,Kenan Özer,tr TUR,"FW,MF",Gaziantep FK,32,1987,20.9,,,,,,,32,,,,,,,,,Matches
496,Mesut Özil,de GER,MF,Fenerbahçe,31,1988,7.2,,,,,,,31,,,,,,,,,Matches
497,Muhammet Özkal,,DF,Denizlispor,20,1999,11.5,,,,,,,3,,,,,,,,,Matches
498,Hakan Özmert,tr TUR,MF,Antalyaspor,35,1985,19.1,,,,,,,53,,,,,,,,,Matches
499,Valentine Ozornwafor,ng NGA,DF,Galatasaray,21,1999,0.1,,,,,,,0,,,,,,,,,Matches
500,Yasin Öztekin,tr TUR,"MF,FW",Sivasspor,33,1987,5.6,,,,,,,28,,,,,,,,,Matches
Rk,Player,Nation,Pos,Squad,Age,Born,90s,Att,Live,Dead,FK,TB,Sw,Crs,TI,CK,In,Out,Str,Cmp,Off,Blocks,Matches
501,Alpaslan Öztürk,tr TUR,DF,Göztepe,27,1993,18.3,,,,,,,1,,,,,,,,,Matches
502,Bahadır Öztürk,tr TUR,DF,Antalyaspor,24,1995,3.0,,,,,,,0,,,,,,,,,Matches
503,Fatih Öztürk,tr TUR,GK,Galatasaray,33,1986,8.0,,,,,,,0,,,,,,,,,Matches
504,Oğuzhan Özyakup,tr TUR,MF,Beşiktaş,27,1992,6.9,,,,,,,28,,,,,,,,,Matches
505,Joseph Paintsil,gh GHA,MF,Ankaragücü,22,1998,24.5,,,,,,,35,,,,,,,,,Matches
506,Mithat Pala,tr TUR,MF,Rizespor,19,2000,0.3,,,,,,,1,,,,,,,,,Matches
507,Murat Paluli,tr TUR,DF,Göztepe,25,1994,26.9,,,,,,,54,,,,,,,,,Matches
508,Costel Pantilimon,ro ROU,GK,Denizlispor,33,1987,15.0,,,,,,,0,,,,,,,,,Matches
509,İlhan Parlak,tr TUR,"FW,MF",Kayserispor,33,1987,20.8,,,,,,,20,,,,,,,,,Matches
510,İlhan Parlak,tr TUR,FW,Ankaragücü,33,1987,0.9,,,,,,,2,,,,,,,,,Matches
511,Abdülkadir Parmak,tr TUR,MF,Trabzonspor,25,1994,20.6,,,,,,,9,,,,,,,,,Matches
512,Giuliano de Paula,br BRA,MF,Başakşehir,30,1990,14.6,,,,,,,7,,,,,,,,,Matches
513,David Pavelka,cz CZE,"MF,DF",Kasımpaşa,29,1991,2.4,,,,,,,0,,,,,,,,,Matches
514,Nehuén Paz,ar ARG,DF,Kayserispor,27,1993,7.8,,,,,,,0,,,,,,,,,Matches
515,Michał Pazdan,pl POL,DF,Ankaragücü,32,1987,12.6,,,,,,,0,,,,,,,,,Matches
516,Halil Pehlivan,tr TUR,DF,Gençlerbirliği,26,1993,16.4,,,,,,,37,,,,,,,,,Matches
517,Yasin Pehlivan,at AUT,MF,Rizespor,31,1989,8.6,,,,,,,2,,,,,,,,,Matches
518,Mustafa Pektemek,tr TUR,"FW,MF",Alanyaspor,31,1988,13.3,,,,,,,5,,,,,,,,,Matches
519,Dimitris Pelkas,gr GRE,MF,Fenerbahçe,26,1993,26.5,,,,,,,44,,,,,,,,,Matches
520,João Pereira,pt POR,"DF,MF",Trabzonspor,36,1984,5.7,,,,,,,18,,,,,,,,,Matches
521,Diego Perotti,ar ARG,MF,Fenerbahçe,32,1988,2.1,,,,,,,8,,,,,,,,,Matches
522,Tiago Pinto,pt POR,"DF,MF",Ankaragücü,32,1988,25.2,,,,,,,48,,,,,,,,,Matches
523,Stiven Plaza,ec ECU,FW,Trabzonspor,21,1999,0.1,,,,,,,1,,,,,,,,,Matches
524,Lukas Podolski,de GER,"FW,MF",Antalyaspor,35,1985,20.7,,,,,,,31,,,,,,,,,Matches
525,Pierre-Yves Polomat,fr FRA,DF,Gençlerbirliği,26,1993,27.3,,,,,,,81,,,,,,,,,Matches
Rk,Player,Nation,Pos,Squad,Age,Born,90s,Att,Live,Dead,FK,TB,Sw,Crs,TI,CK,In,Out,Str,Cmp,Off,Blocks,Matches
526,Carlos Ponck,cv CPV,DF,Başakşehir,25,1995,19.7,,,,,,,0,,,,,,,,,Matches
527,Strahil Popov,bg BUL,DF,Hatayspor,29,1990,35.8,,,,,,,138,,,,,,,,,Matches
528,Alper Potuk,tr TUR,MF,Ankaragücü,29,1991,17.8,,,,,,,35,,,,,,,,,Matches
529,Rafael,br BRA,DF,Başakşehir,30,1990,15.2,,,,,,,51,,,,,,,,,Matches
530,Amar Rahmanović,ba BIH,MF,Konyaspor,26,1994,8.6,,,,,,,9,,,,,,,,,Matches
531,Elba Rashani,xk KVX,MF,Erzurum BB,27,1993,5.6,,,,,,,29,,,,,,,,,Matches
532,Osama Rashid,iq IRQ,MF,Gaziantep FK,28,1992,10.3,,,,,,,5,,,,,,,,,Matches
533,Loïc Rémy,fr FRA,FW,Rizespor,33,1987,11.3,,,,,,,3,,,,,,,,,Matches
534,Rúben Tiago Rodrigues Ribeiro,pt POR,MF,Hatayspor,32,1987,32.0,,,,,,,22,,,,,,,,,Matches
535,Ricardo,br BRA,GK,Ankaragücü,27,1993,23.0,,,,,,,0,,,,,,,,,Matches
536,Enzo Roco,cl CHI,DF,Fatih Karagümrük,27,1992,30.4,,,,,,,2,,,,,,,,,Matches
537,Hugo Rodallega,co COL,FW,Denizlispor,35,1985,36.3,,,,,,,16,,,,,,,,,Matches
538,Valentin Rosier,fr FRA,DF,Beşiktaş,23,1996,32.4,,,,,,,115,,,,,,,,,Matches
539,Kemal Rüzgar,de GER,FW,Rizespor,25,1995,0.8,,,,,,,0,,,,,,,,,Matches
540,Erik Sabo,sk SVK,MF,Fatih Karagümrük,28,1991,11.1,,,,,,,3,,,,,,,,,Matches
541,Erik Sabo,sk SVK,MF,Rizespor,28,1991,12.7,,,,,,,8,,,,,,,,,Matches
542,Besard Sabovic,se SWE,MF,Kayserispor,22,1998,4.3,,,,,,,15,,,,,,,,,Matches
543,Isaac Sackey,gh GHA,"MF,DF",Hatayspor,26,1994,15.3,,,,,,,0,,,,,,,,,Matches
544,Hadi Sacko,ml MLI,"MF,FW",Denizlispor,26,1994,15.2,,,,,,,32,,,,,,,,,Matches
545,Armando Sadiku,al ALB,FW,Erzurum BB,29,1991,1.2,,,,,,,1,,,,,,,,,Matches
546,Loret Sadiku,al ALB,"MF,DF",Kasımpaşa,29,1991,27.9,,,,,,,2,,,,,,,,,Matches
547,Ángelo Sagal,cl CHI,"MF,FW",Denizlispor,27,1993,32.3,,,,,,,179,,,,,,,,,Matches
548,Murat Saglam,tr TUR,MF,Rizespor,22,1998,0.0,,,,,,,0,,,,,,,,,Matches
549,Olcay Şahan,tr TUR,MF,Yeni Mal'spor,33,1987,4.1,,,,,,,10,,,,,,,,,Matches
550,Çağlar Şahin Akbaba,tr TUR,GK,Gaziantep FK,25,1995,1.0,,,,,,,0,,,,,,,,,Matches
Rk,Player,Nation,Pos,Squad,Age,Born,90s,Att,Live,Dead,FK,TB,Sw,Crs,TI,CK,In,Out,Str,Cmp,Off,Blocks,Matches
551,Cenk Şahin,tr TUR,DF,Gaziantep FK,25,1994,6.1,,,,,,,42,,,,,,,,,Matches
552,Nuri Şahin,tr TUR,MF,Antalyaspor,31,1988,32.0,,,,,,,56,,,,,,,,,Matches
553,Abdullah Sahindere,tr TUR,DF,Gençlerbirliği,18,2002,0.0,,,,,,,0,,,,,,,,,Matches
554,Yannis Salibur,fr FRA,"MF,FW",Fatih Karagümrük,29,1991,8.9,,,,,,,21,,,,,,,,,Matches
555,Sidney Sam,de GER,MF,Antalyaspor,32,1988,13.9,,,,,,,11,,,,,,,,,Matches
556,Mamadou Samassa,ml MLI,GK,Sivasspor,30,1990,17.0,,,,,,,0,,,,,,,,,Matches
557,Mbwana Samatta,tz TAN,FW,Fenerbahçe,27,1992,15.3,,,,,,,10,,,,,,,,,Matches
558,Braian Samudio,py PAR,"MF,FW",Rizespor,24,1995,27.9,,,,,,,69,,,,,,,,,Matches
559,Nazim Sangaré,tr TUR,DF,Antalyaspor,26,1994,1.0,,,,,,,4,,,,,,,,,Matches
560,Nazim Sangaré,tr TUR,DF,Fenerbahçe,26,1994,17.6,,,,,,,27,,,,,,,,,Matches
561,Pablo Santos,br BRA,DF,Hatayspor,28,1992,35.8,,,,,,,4,,,,,,,,,Matches
562,Cristian Săpunaru,ro ROU,DF,Kayserispor,36,1984,21.3,,,,,,,0,,,,,,,,,Matches
563,Marcelo Saracchi,uy URU,DF,Galatasaray,22,1998,23.9,,,,,,,110,,,,,,,,,Matches
564,Veysel Sarı,tr TUR,DF,Antalyaspor,32,1988,26.6,,,,,,,8,,,,,,,,,Matches
565,Yusuf Sari,tr TUR,MF,Trabzonspor,21,1998,7.9,,,,,,,41,,,,,,,,,Matches
566,Murat Sarıgül,,DF,Fatih Karagümrük,19,2001,1.2,,,,,,,0,,,,,,,,,Matches
567,Mert Sarıkuş,tr TUR,FW,Denizlispor,19,2001,0.0,,,,,,,0,,,,,,,,,Matches
568,Zvonimir Šarlija,hr CRO,DF,Ankaragücü,23,1996,31.1,,,,,,,6,,,,,,,,,Matches
569,Ali Şaşal Vural,tr TUR,GK,Sivasspor,30,1990,19.3,,,,,,,0,,,,,,,,,Matches
570,Léo Schwechlen,fr FRA,DF,Erzurum BB,31,1989,27.0,,,,,,,47,,,,,,,,,Matches
571,Ibrahim Šehić,ba BIH,GK,Konyaspor,31,1988,29.0,,,,,,,0,,,,,,,,,Matches
572,Jesse Sekidika,ng NGA,MF,Konyaspor,24,1996,17.1,,,,,,,38,,,,,,,,,Matches
573,Jesse Sekidika,ng NGA,"FW,MF",Galatasaray,24,1996,1.0,,,,,,,3,,,,,,,,,Matches
574,Tarkan Serbest,tr TUR,"DF,MF",Kasımpaşa,26,1994,14.9,,,,,,,11,,,,,,,,,Matches
575,Özgür Sert,,MF,Erzurum BB,19,2001,1.1,,,,,,,0,,,,,,,,,Matches
Rk,Player,Nation,Pos,Squad,Age,Born,90s,Att,Live,Dead,FK,TB,Sw,Crs,TI,CK,In,Out,Str,Cmp,Off,Blocks,Matches
576,Cemalil Sertel,tr TUR,DF,Başakşehir,20,2000,4.5,,,,,,,14,,,,,,,,,Matches
577,Levan Shengelia,ge GEO,MF,Konyaspor,24,1995,17.0,,,,,,,47,,,,,,,,,Matches
578,Beykan Şimşek,tr TUR,MF,Göztepe,25,1995,1.4,,,,,,,1,,,,,,,,,Matches
579,Doğukan Sınık,tr TUR,MF,Antalyaspor,21,1999,10.2,,,,,,,18,,,,,,,,,Matches
580,Giovanni Sio,ci CIV,"MF,FW",Gençlerbirliği,31,1989,14.1,,,,,,,23,,,,,,,,,Matches
581,Emmanouil Siopis,gr GRE,MF,Alanyaspor,26,1994,26.3,,,,,,,5,,,,,,,,,Matches
582,Ömer Şişmanoğlu,tr TUR,MF,Erzurum BB,30,1989,2.8,,,,,,,0,,,,,,,,,Matches
583,Ibrahim Sissoko,ci CIV,"MF,FW",Erzurum BB,28,1991,5.7,,,,,,,8,,,,,,,,,Matches
584,Mario Šitum,hr CRO,MF,Kayserispor,28,1992,1.0,,,,,,,1,,,,,,,,,Matches
585,Guilherme Sityá,pt POR,DF,Konyaspor,30,1990,35.7,,,,,,,213,,,,,,,,,Matches
586,Milan Škoda,cz CZE,FW,Rizespor,34,1986,20.6,,,,,,,5,,,,,,,,,Matches
587,Martin Škrtel,sk SVK,DF,Başakşehir,35,1984,9.1,,,,,,,0,,,,,,,,,Matches
588,Nejc Skubic,si SVN,DF,Konyaspor,31,1989,38.0,,,,,,,92,,,,,,,,,Matches
589,Artur Sobiech,pl POL,FW,Fatih Karagümrük,30,1990,21.7,,,,,,,5,,,,,,,,,Matches
590,Kubilay Sönmez,tr TUR,"MF,DF",Göztepe,26,1994,7.4,,,,,,,0,,,,,,,,,Matches
591,José Sosa,ar ARG,MF,Fenerbahçe,35,1985,23.4,,,,,,,112,,,,,,,,,Matches
592,André Sousa,pt POR,MF,Gaziantep FK,30,1990,12.4,,,,,,,18,,,,,,,,,Matches
593,Claudemir de Souza,br BRA,MF,Sivasspor,32,1988,20.6,,,,,,,9,,,,,,,,,Matches
594,Josef de Souza,br BRA,MF,Beşiktaş,31,1989,32.0,,,,,,,12,,,,,,,,,Matches
595,Furkan Soyalp,tr TUR,MF,Gaziantep FK,25,1995,4.9,,,,,,,4,,,,,,,,,Matches
596,Srđan Spiridonović,at AUT,"FW,MF",Gençlerbirliği,26,1993,1.0,,,,,,,6,,,,,,,,,Matches
597,Bogdan Stancu,ro ROU,FW,Gençlerbirliği,33,1987,17.8,,,,,,,10,,,,,,,,,Matches
598,Neven Subotić,rs SRB,DF,Denizlispor,31,1988,4.5,,,,,,,3,,,,,,,,,Matches
599,Burak Süleyman,,FW,Göztepe,25,1994,0.9,,,,,,,2,,,,,,,,,Matches
600,Abdülkadir Sünger,,GK,Denizlispor,20,2000,7.0,,,,,,,0,,,,,,,,,Matches
Rk,Player,Nation,Pos,Squad,Age,Born,90s,Att,Live,Dead,FK,TB,Sw,Crs,TI,CK,In,Out,Str,Cmp,Off,Blocks,Matches
601,Attila Szalai,hu HUN,DF,Fenerbahçe,22,1998,20.4,,,,,,,12,,,,,,,,,Matches
602,Jakub Szumski,pl POL,GK,Erzurum BB,28,1992,19.5,,,,,,,0,,,,,,,,,Matches
603,Alexander Søderlund,no NOR,FW,Rizespor,32,1987,5.9,,,,,,,1,,,,,,,,,Matches
604,Ravil Tagir,tr TUR,DF,Başakşehir,17,2003,3.2,,,,,,,0,,,,,,,,,Matches
605,Montassar Talbi,tn TUN,DF,Rizespor,22,1998,20.0,,,,,,,1,,,,,,,,,Matches
606,Emre Taşdemir,tr TUR,DF,Galatasaray,24,1995,5.7,,,,,,,38,,,,,,,,,Matches
607,Ertuğrul Taşkıran,tr TUR,GK,Kasımpaşa,30,1989,19.0,,,,,,,0,,,,,,,,,Matches
608,Efe Tatlı,,MF,Fatih Karagümrük,18,2002,4.0,,,,,,,3,,,,,,,,,Matches
609,Adolphe Teikeu,cm CMR,DF,Erzurum BB,30,1990,16.7,,,,,,,0,,,,,,,,,Matches
610,Mahmut Tekdemir,tr TUR,MF,Başakşehir,32,1988,20.5,,,,,,,10,,,,,,,,,Matches
611,Harun Tekin,tr TUR,GK,Fenerbahçe,31,1989,6.0,,,,,,,0,,,,,,,,,Matches
612,Benjamin Tetteh,gh GHA,"FW,MF",Yeni Mal'spor,23,1997,28.0,,,,,,,38,,,,,,,,,Matches
613,Thuram,br BRA,FW,Konyaspor,29,1991,0.0,,,,,,,0,,,,,,,,,Matches
614,Mickaël Tirpan,be BEL,"MF,DF",Kasımpaşa,26,1993,13.1,,,,,,,14,,,,,,,,,Matches
615,Marcel Tisserand,cd COD,DF,Fenerbahçe,27,1993,21.5,,,,,,,4,,,,,,,,,Matches
616,Titi,br BRA,DF,Göztepe,32,1988,12.8,,,,,,,3,,,,,,,,,Matches
617,Dorukhan Toköz,tr TUR,"MF,DF",Beşiktaş,24,1996,14.4,,,,,,,7,,,,,,,,,Matches
618,Mehmet Topal,tr TUR,"MF,DF",Başakşehir,34,1986,14.8,,,,,,,5,,,,,,,,,Matches
619,Jetmir Topalli,xk KVX,MF,Yeni Mal'spor,22,1998,1.9,,,,,,,1,,,,,,,,,Matches
620,Mert Topuz,,GK,Ankaragücü,19,2001,1.0,,,,,,,0,,,,,,,,,Matches
621,Gökhan Töre,tr TUR,"FW,MF",Beşiktaş,28,1992,7.2,,,,,,,24,,,,,,,,,Matches
622,Tunay Torun,tr TUR,"MF,FW",Rizespor,30,1990,10.3,,,,,,,51,,,,,,,,,Matches
623,Alin Toșca,ro ROU,DF,Gaziantep FK,28,1992,31.9,,,,,,,4,,,,,,,,,Matches
624,Duško Tošić,rs SRB,DF,Kasımpaşa,35,1985,8.0,,,,,,,4,,,,,,,,,Matches
625,Cenk Tosun,tr TUR,FW,Beşiktaş,29,1991,1.9,,,,,,,0,,,,,,,,,Matches
Rk,Player,Nation,Pos,Squad,Age,Born,90s,Att,Live,Dead,FK,TB,Sw,Crs,TI,CK,In,Out,Str,Cmp,Off,Blocks,Matches
626,Zargo Touré,sn SEN,DF,Gençlerbirliği,30,1989,22.1,,,,,,,4,,,,,,,,,Matches
627,Adama Traoré,ml MLI,MF,Hatayspor,25,1995,25.6,,,,,,,49,,,,,,,,,Matches
628,Zlatko Tripić,no NOR,MF,Göztepe,27,1992,16.8,,,,,,,76,,,,,,,,,Matches
629,Ozan Tufan,tr TUR,MF,Fenerbahçe,25,1995,30.0,,,,,,,44,,,,,,,,,Matches
630,Arda Turan,tr TUR,MF,Galatasaray,33,1987,18.0,,,,,,,44,,,,,,,,,Matches
631,Atila Turan,tr TUR,DF,Ankaragücü,28,1992,19.7,,,,,,,101,,,,,,,,,Matches
632,Hüseyin Türkmen,tr TUR,DF,Trabzonspor,22,1998,10.5,,,,,,,5,,,,,,,,,Matches
633,Deniz Turuc,tr TUR,MF,Fenerbahçe,27,1993,1.7,,,,,,,9,,,,,,,,,Matches
634,Deniz Turuc,tr TUR,MF,Başakşehir,27,1993,25.4,,,,,,,202,,,,,,,,,Matches
635,Veton Tusha,xk KVX,"MF,FW",Denizlispor,17,2002,3.8,,,,,,,3,,,,,,,,,Matches
636,Georgios Tzavellas,gr GRE,DF,Alanyaspor,32,1987,33.9,,,,,,,33,,,,,,,,,Matches
637,Salih Uçan,tr TUR,MF,Alanyaspor,26,1994,26.9,,,,,,,149,,,,,,,,,Matches
638,Murat Uçar,tr TUR,DF,Erzurum BB,28,1991,24.1,,,,,,,87,,,,,,,,,Matches
639,Uğur Uçar,tr TUR,DF,Başakşehir,33,1987,4.5,,,,,,,22,,,,,,,,,Matches
640,Alper Uludağ,tr TUR,"MF,DF",Konyaspor,29,1990,2.7,,,,,,,4,,,,,,,,,Matches
641,Atakan Üner,tr TUR,MF,Beşiktaş,21,1999,0.7,,,,,,,1,,,,,,,,,Matches
642,Batuhan Ünsal,tr TUR,GK,Erzurum BB,23,1997,0.6,,,,,,,0,,,,,,,,,Matches
643,Furkan Uslu,,,Denizlispor,17,2002,0.0,,,,,,,0,,,,,,,,,Matches
644,Necip Uysal,tr TUR,"DF,MF",Beşiktaş,29,1991,16.6,,,,,,,31,,,,,,,,,Matches
645,Anthony Uzodimma,ng NGA,MF,Kayserispor,21,1999,1.7,,,,,,,1,,,,,,,,,Matches
646,Muhammed Uzun,,FW,Alanyaspor,15,2005,0.0,,,,,,,0,,,,,,,,,Matches
647,Ömer Uzun,tr TUR,FW,Kayserispor,20,2000,1.2,,,,,,,1,,,,,,,,,Matches
648,Enner Valencia,ec ECU,"MF,FW",Fenerbahçe,30,1989,27.4,,,,,,,74,,,,,,,,,Matches
649,Federico Varela,ar ARG,MF,Denizlispor,24,1996,3.0,,,,,,,13,,,,,,,,,Matches
650,Kevin Varga,hu HUN,"MF,FW",Kasımpaşa,24,1996,23.9,,,,,,,56,,,,,,,,,Matches
Rk,Player,Nation,Pos,Squad,Age,Born,90s,Att,Live,Dead,FK,TB,Sw,Crs,TI,CK,In,Out,Str,Cmp,Off,Blocks,Matches
651,Amedej Vetrih,si SVN,MF,Gaziantep FK,29,1990,20.2,,,,,,,5,,,,,,,,,Matches
652,Amedej Vetrih,si SVN,MF,Rizespor,29,1990,1.1,,,,,,,0,,,,,,,,,Matches
653,Domagoj Vida,hr CRO,DF,Beşiktaş,31,1989,33.5,,,,,,,5,,,,,,,,,Matches
654,Edin Višća,ba BIH,MF,Başakşehir,30,1990,23.0,,,,,,,152,,,,,,,,,Matches
655,Emiliano Viviano,it ITA,GK,Fatih Karagümrük,34,1985,31.3,,,,,,,0,,,,,,,,,Matches
656,Idriz Voca,xk KVX,MF,Ankaragücü,23,1997,14.6,,,,,,,5,,,,,,,,,Matches
657,Güray Vural,tr TUR,"MF,DF",Gaziantep FK,32,1988,23.9,,,,,,,163,,,,,,,,,Matches
658,Wallace,br BRA,DF,Yeni Mal'spor,25,1994,27.2,,,,,,,5,,,,,,,,,Matches
659,Welinton,br BRA,DF,Beşiktaş,31,1989,33.2,,,,,,,12,,,,,,,,,Matches
660,Güven Yalçın,tr TUR,FW,Beşiktaş,21,1999,3.2,,,,,,,7,,,,,,,,,Matches
661,Robin Yalçın,de GER,"DF,MF",Sivasspor,26,1994,28.9,,,,,,,29,,,,,,,,,Matches
662,Mert Yandaş,tr TUR,MF,Fenerbahçe,25,1994,18.7,,,,,,,58,,,,,,,,,Matches
663,Barış Yardımcı,tr TUR,DF,Konyaspor,27,1992,3.9,,,,,,,8,,,,,,,,,Matches
664,Barış Yardımcı,tr TUR,DF,Sivasspor,27,1992,4.1,,,,,,,9,,,,,,,,,Matches
665,Ahmed Yasin Ghani,iq IRQ,MF,Denizlispor,29,1991,3.4,,,,,,,8,,,,,,,,,Matches
666,Karahan Yasir Subaşı,tr TUR,DF,Kayserispor,24,1996,7.2,,,,,,,18,,,,,,,,,Matches
667,Mustapha Yatabaré,ml MLI,"FW,MF",Sivasspor,34,1986,24.6,,,,,,,35,,,,,,,,,Matches
668,Zeki Yavru,tr TUR,"MF,DF",Yeni Mal'spor,28,1991,22.3,,,,,,,100,,,,,,,,,Matches
669,Ali Yavuz Kol,tr TUR,"MF,DF",Denizlispor,19,2001,3.4,,,,,,,10,,,,,,,,,Matches
670,Ali Yavuz Kol,tr TUR,MF,Galatasaray,19,2001,0.4,,,,,,,0,,,,,,,,,Matches
671,DeAndre Yedlin,us USA,DF,Galatasaray,27,1993,7.4,,,,,,,24,,,,,,,,,Matches
672,Hakan Yeşil,tr TUR,MF,Trabzonspor,18,2002,0.0,,,,,,,0,,,,,,,,,Matches
673,Erdoğan Yeşilyurt,,MF,Sivasspor,26,1993,21.3,,,,,,,99,,,,,,,,,Matches
674,Fatih Yiğit Şanlitürk,,MF,Fenerbahçe,17,2003,0.2,,,,,,,0,,,,,,,,,Matches
675,Emre Yıldırım,,DF,Denizlispor,18,2002,1.0,,,,,,,0,,,,,,,,,Matches
Rk,Player,Nation,Pos,Squad,Age,Born,90s,Att,Live,Dead,FK,TB,Sw,Crs,TI,CK,In,Out,Str,Cmp,Off,Blocks,Matches
676,Muammer Yıldırım,tr TUR,GK,Sivasspor,29,1990,3.7,,,,,,,0,,,,,,,,,Matches
677,Murat Yıldırım,tr TUR,MF,Gençlerbirliği,33,1987,16.7,,,,,,,19,,,,,,,,,Matches
678,Zeki Yıldırım,tr TUR,MF,Fatih Karagümrük,29,1991,0.6,,,,,,,2,,,,,,,,,Matches
679,Berk Yıldız,tr TUR,"FW,MF",Yeni Mal'spor,24,1996,0.6,,,,,,,1,,,,,,,,,Matches
680,Ahmet Yılmaz Çalık,tr TUR,DF,Konyaspor,26,1994,26.9,,,,,,,1,,,,,,,,,Matches
681,Kartal Yılmaz,tr TUR,MF,Beşiktaş,19,2000,0.1,,,,,,,0,,,,,,,,,Matches
682,Mert Yilmaz,tr TUR,"DF,MF",Antalyaspor,21,1999,8.6,,,,,,,7,,,,,,,,,Matches
683,Oğuz Yılmaz,tr TUR,DF,Denizlispor,27,1993,14.2,,,,,,,1,,,,,,,,,Matches
684,Rıdvan Yılmaz,tr TUR,DF,Beşiktaş,19,2001,12.7,,,,,,,31,,,,,,,,,Matches
685,Sefa Yılmaz,tr TUR,MF,Gençlerbirliği,30,1990,23.5,,,,,,,24,,,,,,,,,Matches
686,İsmail Yüksek,tr TUR,MF,Fenerbahçe,21,1999,0.1,,,,,,,0,,,,,,,,,Matches
687,Mustafa Yumlu,tr TUR,DF,Denizlispor,32,1987,23.9,,,,,,,1,,,,,,,,,Matches
688,Utku Yuvakuran,tr TUR,GK,Beşiktaş,22,1997,5.4,,,,,,,0,,,,,,,,,Matches
689,Ulaş Zengin,,DF,Gaziantep FK,23,1997,1.2,,,,,,,0,,,,,,,,,Matches
690,Ervin Zukanović,ba BIH,DF,Fatih Karagümrük,33,1987,16.3,,,,,,,4,,,,,,,,,Matches
691,Peter Žulj,at AUT,MF,Göztepe,27,1993,7.8,,,,,,,13,,,,,,,,,Matches
692,Fernando Zuqui,ar ARG,MF,Yeni Mal'spor,28,1991,2.3,,,,,,,1,,,,,,,,,Matches
693,Damjan Đoković,hr CRO,MF,Rizespor,30,1990,18.4,,,,,,,20,,,,,,,,,Matches
694,Daniel Łukasik,pl POL,MF,Ankaragücü,29,1991,16.6,,,,,,,14,,,,,,,,,Matches
