rk,player,nation,pos,squad,age,born,90s,cmp,att,cmp_total,totdist,prgdist,cmp_short,att_short,cmp_medium,att_medium,cmp_long,att_long,ast,a_xag,kp,1_3,ppa,crspa,matches
1,Vincent Aboubakar,cm CMR,FW,Hatayspor,32,1992,21.9,,,,,,,,,,,,2,,,,,,Matches
2,Yaw Ackah,gh GHA,MF,Kayserispor,25,1999,5.1,,,,,,,,,,,,0,,,,,,Matches
3,Rüzgar Adıyaman,,GK,BB Bodrumspor,17,2006,1.0,,,,,,,,,,,,0,,,,,,Matches
4,Youssef Aït Bennasser,ma MAR,MF,Samsunspor,28,1996,27.3,,,,,,,,,,,,2,,,,,,Matches
5,Arlind Ajeti,al ALB,DF,BB Bodrumspor,30,1993,28.1,,,,,,,,,,,,0,,,,,,Matches
6,Abat Ajymbetow,kz KAZ,FW,Adana Demirspor,28,1995,15.0,,,,,,,,,,,,0,,,,,,Matches
7,Samet Akaydın,tr TUR,DF,Fenerbahçe,30,1994,4.2,,,,,,,,,,,,0,,,,,,Matches
8,Samet Akaydın,tr TUR,DF,Rizespor,30,1994,11.1,,,,,,,,,,,,0,,,,,,Matches
9,Emre Akbaba,tr TUR,MF,Eyüpspor,31,1992,24.5,,,,,,,,,,,,2,,,,,,Matches
10,Halil Akbunar,tr TUR,MF,Eyüpspor,30,1993,13.6,,,,,,,,,,,,2,,,,,,Matches
11,Yusuf Akçiçek,tr TUR,DF,Fenerbahçe,18,2006,4.6,,,,,,,,,,,,0,,,,,,Matches
12,Yunus Akgün,tr TUR,MF,Galatasaray,24,2000,23.4,,,,,,,,,,,,10,,,,,,Matches
13,Babajide Akintola,ng NGA,MF,Rizespor,28,1996,23.9,,,,,,,,,,,,5,,,,,,Matches
14,Gökhan Akkan,tr TUR,GK,BB Bodrumspor,29,1995,3.3,,,,,,,,,,,,0,,,,,,Matches
15,Gökhan Akkan,tr TUR,GK,Rizespor,29,1995,4.0,,,,,,,,,,,,0,,,,,,Matches
16,Efe Akman,tr TUR,MF,Galatasaray,18,2006,0.2,,,,,,,,,,,,0,,,,,,Matches
17,Hamza Akman,tr TUR,MF,Eyüpspor,19,2004,1.1,,,,,,,,,,,,1,,,,,,Matches
18,Deniz Aksoy,,FW,Hatayspor,17,2007,0.4,,,,,,,,,,,,0,,,,,,Matches
19,Fatih Aksoy,tr TUR,"DF,MF",Alanyaspor,26,1997,17.5,,,,,,,,,,,,0,,,,,,Matches
20,Oğuzhan Aksoy,,MF,Sivasspor,17,2006,0.6,,,,,,,,,,,,0,,,,,,Matches
21,Adnan Aktas,,DF,Kasımpaşa,17,2006,0.1,,,,,,,,,,,,0,,,,,,Matches
22,Aksel Aktas,tr TUR,"MF,DF",Adana Demirspor,25,1999,4.5,,,,,,,,,,,,0,,,,,,Matches
23,Kerem Aktürkoğlu,tr TUR,MF,Galatasaray,25,1998,1.9,,,,,,,,,,,,2,,,,,,Matches
24,Kaan Akyazi,,FW,Konyaspor,18,2005,0.6,,,,,,,,,,,,0,,,,,,Matches
25,Ufuk Akyol,de GER,MF,Konyaspor,26,1997,2.7,,,,,,,,,,,,0,,,,,,Matches
Rk,Player,Nation,Pos,Squad,Age,Born,90s,Cmp,Att,Cmp%,TotDist,PrgDist,Cmp,Att,Cmp,Att,Cmp,Att,Ast,A-xAG,KP,1/3,PPA,CrsPA,Matches
26,Danijel Aleksić,rs SRB,MF,Konyaspor,33,1991,17.6,,,,,,,,,,,,0,,,,,,Matches
27,Hasan Ali Kaldırım,tr TUR,"DF,MF",Kayserispor,34,1989,17.7,,,,,,,,,,,,1,,,,,,Matches
28,Muhammet Ali Özbaskıcı,tr TUR,MF,Samsunspor,18,2005,0.1,,,,,,,,,,,,0,,,,,,Matches
29,Ömer Ali Şahiner,tr TUR,"DF,MF",Başakşehir,32,1992,16.3,,,,,,,,,,,,1,,,,,,Matches
30,Kerim Alıcı,tr TUR,DF,Hatayspor,27,1997,10.7,,,,,,,,,,,,1,,,,,,Matches
31,Nabil Alioui,fr FRA,"MF,FW",Adana Demirspor,25,1999,17.9,,,,,,,,,,,,3,,,,,,Matches
32,Xusniddin Aliqulov,uz UZB,"DF,MF",Rizespor,25,1999,29.3,,,,,,,,,,,,1,,,,,,Matches
33,Fidan Aliti,xk KVX,DF,Alanyaspor,30,1993,33.8,,,,,,,,,,,,0,,,,,,Matches
34,Sinan Alkaş,,FW,Kasımpaşa,17,2006,0.3,,,,,,,,,,,,0,,,,,,Matches
35,Barış Alper Yılmaz,tr TUR,MF,Galatasaray,24,2000,28.9,,,,,,,,,,,,3,,,,,,Matches
36,Taha Altıkardeş,tr TUR,DF,Göztepe,20,2003,15.4,,,,,,,,,,,,1,,,,,,Matches
37,Sofyan Amrabat,ma MAR,MF,Fenerbahçe,27,1996,19.9,,,,,,,,,,,,3,,,,,,Matches
38,Seyfettin Anıl Yaşar,tr TUR,DF,Rizespor,22,2002,2.5,,,,,,,,,,,,0,,,,,,Matches
39,Taylan Antalyalı,tr TUR,MF,BB Bodrumspor,29,1995,20.6,,,,,,,,,,,,1,,,,,,Matches
40,Ali Arda Yildiz,,DF,Adana Demirspor,17,2007,1.2,,,,,,,,,,,,0,,,,,,Matches
41,Keny Arroyo,ec ECU,MF,Beşiktaş,18,2006,2.6,,,,,,,,,,,,0,,,,,,Matches
42,Burak Arslan,,FW,Kayserispor,19,2005,0.3,,,,,,,,,,,,0,,,,,,Matches
43,Ömürcan Artan,,DF,Gaziantep FK,25,1999,6.8,,,,,,,,,,,,0,,,,,,Matches
44,Serkan Asan,tr TUR,DF,Trabzonspor,25,1999,1.0,,,,,,,,,,,,0,,,,,,Matches
45,Ahmet Aslan,,MF,BB Bodrumspor,23,2001,13.2,,,,,,,,,,,,0,,,,,,Matches
46,Loide Augusto,ao ANG,"MF,FW",Alanyaspor,24,2000,16.5,,,,,,,,,,,,4,,,,,,Matches
47,Fahri Ay,tr TUR,MF,Beşiktaş,19,2005,0.0,,,,,,,,,,,,0,,,,,,Matches
48,Ersin Aydemir,,FW,Hatayspor,18,2006,0.1,,,,,,,,,,,,0,,,,,,Matches
49,Eyüp Aydın,tr TUR,MF,Galatasaray,19,2004,0.1,,,,,,,,,,,,0,,,,,,Matches
50,Oğuz Aydın,tr TUR,MF,Fenerbahçe,23,2000,17.5,,,,,,,,,,,,3,,,,,,Matches
Rk,Player,Nation,Pos,Squad,Age,Born,90s,Cmp,Att,Cmp%,TotDist,PrgDist,Cmp,Att,Cmp,Att,Cmp,Att,Ast,A-xAG,KP,1/3,PPA,CrsPA,Matches
51,Taylan Aydın,tr TUR,DF,Kasımpaşa,18,2006,3.5,,,,,,,,,,,,0,,,,,,Matches
52,Tayfun Aydoğan,,MF,Adana Demirspor,28,1996,25.1,,,,,,,,,,,,0,,,,,,Matches
53,Soner Aydoğdu,tr TUR,MF,Samsunspor,33,1991,7.3,,,,,,,,,,,,1,,,,,,Matches
54,Kaan Ayhan,tr TUR,"DF,MF",Galatasaray,29,1994,19.2,,,,,,,,,,,,3,,,,,,Matches
55,Ali Aytemur,tr TUR,DF,BB Bodrumspor,28,1996,31.0,,,,,,,,,,,,0,,,,,,Matches
56,Ousseynou Ba,sn SEN,DF,Başakşehir,28,1995,18.3,,,,,,,,,,,,0,,,,,,Matches
57,Mame Baba Thiam,sn SEN,FW,Eyüpspor,31,1992,30.7,,,,,,,,,,,,2,,,,,,Matches
58,Halil Bağcı,,GK,Gaziantep FK,21,2003,1.0,,,,,,,,,,,,0,,,,,,Matches
59,Stéphane Bahoken,cm CMR,FW,Kayserispor,32,1992,11.3,,,,,,,,,,,,1,,,,,,Matches
60,Bünyamin Balat,de GER,"MF,DF",Adana Demirspor,27,1997,17.6,,,,,,,,,,,,0,,,,,,Matches
61,Bünyamin Balcı,tr TUR,DF,Antalyaspor,24,2000,15.1,,,,,,,,,,,,1,,,,,,Matches
62,Keita Baldé,sn SEN,"MF,FW",Sivasspor,29,1995,4.9,,,,,,,,,,,,0,,,,,,Matches
63,Jure Balkovec,si SVN,DF,Alanyaspor,29,1994,19.2,,,,,,,,,,,,2,,,,,,Matches
64,Metehan Baltacı,tr TUR,DF,Galatasaray,21,2002,2.9,,,,,,,,,,,,1,,,,,,Matches
65,Funsho Bamgboye,ng NGA,MF,Hatayspor,25,1999,16.8,,,,,,,,,,,,0,,,,,,Matches
66,Simon Banza,cd COD,FW,Trabzonspor,27,1996,28.3,,,,,,,,,,,,4,,,,,,Matches
67,Antonín Barák,cz CZE,MF,Kasımpaşa,29,1994,9.3,,,,,,,,,,,,0,,,,,,Matches
68,Yusuf Barasi,tr TUR,"FW,MF",Adana Demirspor,21,2003,25.3,,,,,,,,,,,,2,,,,,,Matches
69,Abdülkerim Bardakcı,tr TUR,DF,Galatasaray,29,1994,30.6,,,,,,,,,,,,2,,,,,,Matches
70,Enis Bardhi,mk MKD,"MF,FW",BB Bodrumspor,29,1995,11.0,,,,,,,,,,,,3,,,,,,Matches
71,Enis Bardhi,mk MKD,MF,Trabzonspor,29,1995,4.1,,,,,,,,,,,,1,,,,,,Matches
72,Borna Barišić,hr CRO,DF,Trabzonspor,31,1992,1.5,,,,,,,,,,,,0,,,,,,Matches
73,Boran Başkan,tr TUR,MF,Trabzonspor,18,2006,0.3,,,,,,,,,,,,0,,,,,,Matches
74,Emrah Başsan,tr TUR,"MF,FW",Sivasspor,32,1992,8.9,,,,,,,,,,,,1,,,,,,Matches
75,Emirhan Başyiğit,tr TUR,DF,Sivasspor,19,2005,6.2,,,,,,,,,,,,0,,,,,,Matches
Rk,Player,Nation,Pos,Squad,Age,Born,90s,Cmp,Att,Cmp%,TotDist,PrgDist,Cmp,Att,Cmp,Att,Cmp,Att,Ast,A-xAG,KP,1/3,PPA,CrsPA,Matches
76,Arsenii Batahov,ua UKR,DF,Trabzonspor,22,2002,18.0,,,,,,,,,,,,1,,,,,,Matches
77,Michy Batshuayi,be BEL,FW,Galatasaray,30,1993,4.5,,,,,,,,,,,,2,,,,,,Matches
78,Bilal Bayazit,nl NED,GK,Kayserispor,25,1999,25.0,,,,,,,,,,,,0,,,,,,Matches
79,Furkan Bayır,tr TUR,DF,Alanyaspor,24,2000,2.5,,,,,,,,,,,,0,,,,,,Matches
80,Furkan Bayır,tr TUR,DF,Göztepe,24,2000,7.1,,,,,,,,,,,,0,,,,,,Matches
81,Ogün Bayrak,,MF,Göztepe,25,1998,18.3,,,,,,,,,,,,0,,,,,,Matches
82,Gökdeniz Bayrakdar,tr TUR,"MF,FW",BB Bodrumspor,22,2001,17.0,,,,,,,,,,,,0,,,,,,Matches
83,Riechedly Bazoer,cw CUW,"DF,MF",Konyaspor,27,1996,21.3,,,,,,,,,,,,2,,,,,,Matches
84,Rodrigo Becão,br BRA,DF,Fenerbahçe,28,1996,6.8,,,,,,,,,,,,0,,,,,,Matches
85,Visar Bekaj,xk KVX,GK,Hatayspor,27,1997,15.0,,,,,,,,,,,,0,,,,,,Matches
86,Efkan Bekiroğlu,,"MF,FW",Sivasspor,28,1995,11.8,,,,,,,,,,,,3,,,,,,Matches
87,Mortadha Ben Ouanes,tn TUN,"MF,DF",Kasımpaşa,30,1994,28.1,,,,,,,,,,,,4,,,,,,Matches
88,Jan Biegański,pl POL,MF,Sivasspor,21,2002,4.0,,,,,,,,,,,,0,,,,,,Matches
89,Ege Bilsel,,"DF,MF",BB Bodrumspor,20,2004,13.2,,,,,,,,,,,,1,,,,,,Matches
90,Tayfur Bingöl,tr TUR,"MF,DF",Eyüpspor,31,1993,20.1,,,,,,,,,,,,1,,,,,,Matches
91,Muhammed Birkan Tetik,,GK,Eyüpspor,28,1995,2.5,,,,,,,,,,,,0,,,,,,Matches
92,Godfrey Bitok,ng NGA,DF,Gaziantep FK,23,2000,1.3,,,,,,,,,,,,0,,,,,,Matches
93,Morten Bjørlo,no NOR,MF,Konyaspor,28,1995,3.3,,,,,,,,,,,,1,,,,,,Matches
94,Aylton Boa Morte,pt POR,MF,Kayserispor,30,1993,13.2,,,,,,,,,,,,2,,,,,,Matches
95,Emmanuel Boateng,gh GHA,MF,Konyaspor,27,1997,3.9,,,,,,,,,,,,0,,,,,,Matches
96,Emmanuel Boateng,gh GHA,"FW,MF",Gaziantep FK,28,1996,9.8,,,,,,,,,,,,1,,,,,,Matches
97,Malcom Bokélé,cm CMR,DF,Göztepe,24,2000,27.7,,,,,,,,,,,,0,,,,,,Matches
98,Marc Bola,eng ENG,DF,Samsunspor,26,1997,30.5,,,,,,,,,,,,4,,,,,,Matches
99,Sinan Bolat,tr TUR,GK,Kasımpaşa,35,1988,2.0,,,,,,,,,,,,0,,,,,,Matches
100,Nikola Boranijašević,rs SRB,DF,Konyaspor,32,1992,15.7,,,,,,,,,,,,0,,,,,,Matches
Rk,Player,Nation,Pos,Squad,Age,Born,90s,Cmp,Att,Cmp%,TotDist,PrgDist,Cmp,Att,Cmp,Att,Cmp,Att,Ast,A-xAG,KP,1/3,PPA,CrsPA,Matches
101,Arif Boşluk,,DF,Trabzonspor,21,2003,7.2,,,,,,,,,,,,1,,,,,,Matches
102,Melih Bostan,,FW,Konyaspor,20,2004,1.4,,,,,,,,,,,,0,,,,,,Matches
103,Mehdi Bourabia,ma MAR,MF,Kayserispor,32,1991,22.7,,,,,,,,,,,,4,,,,,,Matches
104,Bilal Boutobba,fr FRA,"MF,FW",Hatayspor,25,1998,19.8,,,,,,,,,,,,2,,,,,,Matches
105,Umut Bozok,tr TUR,FW,Trabzonspor,27,1996,0.5,,,,,,,,,,,,0,,,,,,Matches
106,Umut Bozok,tr TUR,"MF,FW",Eyüpspor,27,1996,7.3,,,,,,,,,,,,1,,,,,,Matches
107,Pedro Brazão,pt POR,"MF,FW",BB Bodrumspor,21,2002,10.4,,,,,,,,,,,,0,,,,,,Matches
108,Josip Brekalo,hr CRO,MF,Kasımpaşa,26,1998,14.6,,,,,,,,,,,,2,,,,,,Matches
109,Ivan Brnić,hr CRO,"MF,FW",Başakşehir,22,2001,5.9,,,,,,,,,,,,0,,,,,,Matches
110,Gianni Bruno,be BEL,"MF,FW",Eyüpspor,32,1991,4.1,,,,,,,,,,,,1,,,,,,Matches
111,Muhamed Buljubasic,ba BIH,MF,Rizespor,20,2004,4.2,,,,,,,,,,,,0,,,,,,Matches
112,Buluthan Bulut,,MF,Alanyaspor,22,2002,1.1,,,,,,,,,,,,0,,,,,,Matches
113,Emrecan Bulut,,MF,Rizespor,22,2002,5.6,,,,,,,,,,,,1,,,,,,Matches
114,Onur Bulut,tr TUR,DF,Beşiktaş,30,1994,4.5,,,,,,,,,,,,1,,,,,,Matches
115,Abdulsamet Burak,,DF,Adana Demirspor,28,1996,29.7,,,,,,,,,,,,1,,,,,,Matches
116,Mustafa Burak Bozan,,GK,Gaziantep FK,23,2000,16.6,,,,,,,,,,,,1,,,,,,Matches
117,Yiğit Buz,,DF,Hatayspor,17,2007,2.3,,,,,,,,,,,,0,,,,,,Matches
118,Cafú,pt POR,MF,Kasımpaşa,31,1993,15.5,,,,,,,,,,,,0,,,,,,Matches
119,Uğurcan Çakır,tr TUR,GK,Trabzonspor,28,1996,32.0,,,,,,,,,,,,0,,,,,,Matches
120,Erdem Çalık,,MF,Eyüpspor,18,2006,0.1,,,,,,,,,,,,0,,,,,,Matches
121,Josip Čalušić,hr CRO,DF,Konyaspor,30,1993,4.0,,,,,,,,,,,,0,,,,,,Matches
122,Francisco Calvo,cr CRC,DF,Hatayspor,32,1992,23.9,,,,,,,,,,,,1,,,,,,Matches
123,Samba Camara,ml MLI,DF,Sivasspor,31,1992,14.6,,,,,,,,,,,,0,,,,,,Matches
124,İrfan Can Eğribayat,tr TUR,GK,Fenerbahçe,26,1998,13.0,,,,,,,,,,,,0,,,,,,Matches
125,Cihan Çanak,tr TUR,MF,Trabzonspor,19,2005,9.2,,,,,,,,,,,,1,,,,,,Matches
Rk,Player,Nation,Pos,Squad,Age,Born,90s,Cmp,Att,Cmp%,TotDist,PrgDist,Cmp,Att,Cmp,Att,Cmp,Att,Ast,A-xAG,KP,1/3,PPA,CrsPA,Matches
126,Miguel Filipe Nunes Cardoso,pt POR,"MF,FW",Kayserispor,30,1994,31.7,,,,,,,,,,,,7,,,,,,Matches
127,Diego Carlos,br BRA,DF,Fenerbahçe,31,1993,2.0,,,,,,,,,,,,0,,,,,,Matches
128,Lionel Carole,fr FRA,DF,Kayserispor,33,1991,27.5,,,,,,,,,,,,0,,,,,,Matches
129,Bera Çeken,tr TUR,MF,Alanyaspor,18,2005,0.0,,,,,,,,,,,,0,,,,,,Matches
130,İzzet Çelik,tr TUR,MF,Adana Demirspor,20,2004,19.9,,,,,,,,,,,,0,,,,,,Matches
131,Ondřej Čelůstka,cz CZE,DF,BB Bodrumspor,35,1989,20.7,,,,,,,,,,,,0,,,,,,Matches
132,Bedirhan Çetin,tr TUR,DF,Samsunspor,18,2006,1.1,,,,,,,,,,,,0,,,,,,Matches
133,Tarık Çetin,tr TUR,GK,Rizespor,27,1997,10.0,,,,,,,,,,,,0,,,,,,Matches
134,Erdem Çetinkaya,tr TUR,FW,Kasımpaşa,23,2001,0.4,,,,,,,,,,,,0,,,,,,Matches
135,Muhammed Cham,at AUT,MF,Trabzonspor,23,2000,17.2,,,,,,,,,,,,10,,,,,,Matches
136,Charis Charisis,gr GRE,MF,Sivasspor,29,1995,31.4,,,,,,,,,,,,1,,,,,,Matches
137,Anastasios Chatzigiovannis,gr GRE,"FW,MF",Eyüpspor,27,1997,1.0,,,,,,,,,,,,0,,,,,,Matches
138,Uğur Çiftçi,tr TUR,DF,Sivasspor,32,1992,29.5,,,,,,,,,,,,4,,,,,,Matches
139,Sadık Çiftpınar,tr TUR,DF,Kasımpaşa,31,1993,8.4,,,,,,,,,,,,0,,,,,,Matches
140,Tolga Ciğerci,tr TUR,"MF,DF",Sivasspor,32,1992,9.8,,,,,,,,,,,,1,,,,,,Matches
141,Kayra Cihan,,DF,Kayserispor,16,2007,1.0,,,,,,,,,,,,0,,,,,,Matches
142,Mirza Cihan,,MF,Gaziantep FK,23,2000,1.1,,,,,,,,,,,,0,,,,,,Matches
143,Sokol Cikalleshi,al ALB,"FW,MF",Konyaspor,34,1990,0.1,,,,,,,,,,,,0,,,,,,Matches
144,Ramazan Civelek,tr TUR,"MF,DF",Kayserispor,28,1996,15.1,,,,,,,,,,,,3,,,,,,Matches
145,Luccas Claro,br BRA,DF,Eyüpspor,32,1991,33.0,,,,,,,,,,,,0,,,,,,Matches
146,Burak Coban,de GER,MF,BB Bodrumspor,29,1994,0.7,,,,,,,,,,,,0,,,,,,Matches
147,Omar Colley,gm GAM,DF,Beşiktaş,31,1992,2.0,,,,,,,,,,,,0,,,,,,Matches
148,Sergio Córdova,ve VEN,"FW,MF",Alanyaspor,26,1997,30.3,,,,,,,,,,,,3,,,,,,Matches
149,Kamil Çörekçi,tr TUR,DF,Hatayspor,32,1992,19.1,,,,,,,,,,,,2,,,,,,Matches
150,Nuno da Costa,cv CPV,FW,Kasımpaşa,33,1991,27.7,,,,,,,,,,,,2,,,,,,Matches
Rk,Player,Nation,Pos,Squad,Age,Born,90s,Cmp,Att,Cmp%,TotDist,PrgDist,Cmp,Att,Cmp,Att,Cmp,Att,Ast,A-xAG,KP,1/3,PPA,CrsPA,Matches
151,Crespo,pt POR,MF,Başakşehir,27,1996,23.9,,,,,,,,,,,,4,,,,,,Matches
152,Carlos Cuesta,co COL,DF,Galatasaray,25,1999,3.6,,,,,,,,,,,,0,,,,,,Matches
153,Emir Dadük,tr TUR,GK,Hatayspor,16,2008,1.0,,,,,,,,,,,,0,,,,,,Matches
154,Filip Damjanovic,rs SRB,DF,Konyaspor,26,1998,1.8,,,,,,,,,,,,0,,,,,,Matches
155,David Datro Fofana,ci CIV,FW,Göztepe,21,2002,3.2,,,,,,,,,,,,0,,,,,,Matches
156,Quentin Daubin,fr FRA,MF,Gaziantep FK,29,1995,8.8,,,,,,,,,,,,0,,,,,,Matches
157,Erkan Değişmez,tr TUR,MF,BB Bodrumspor,37,1986,2.5,,,,,,,,,,,,0,,,,,,Matches
158,Cengiz Demir,,DF,Hatayspor,23,2001,9.7,,,,,,,,,,,,1,,,,,,Matches
159,Yusuf Demir,at AUT,MF,Galatasaray,21,2003,1.7,,,,,,,,,,,,0,,,,,,Matches
160,Adil Demirbağ,tr TUR,DF,Konyaspor,26,1997,33.0,,,,,,,,,,,,3,,,,,,Matches
161,Ozan Demirbag,tr TUR,"FW,MF",Adana Demirspor,16,2008,9.9,,,,,,,,,,,,0,,,,,,Matches
162,Kerem Demirbay,de GER,MF,Galatasaray,31,1993,6.0,,,,,,,,,,,,1,,,,,,Matches
163,Ali Demirbilek,,FW,Antalyaspor,15,2009,0.1,,,,,,,,,,,,0,,,,,,Matches
164,Yusuf Demirkiran,,DF,Adana Demirspor,18,2006,1.9,,,,,,,,,,,,0,,,,,,Matches
165,Anthony Dennis,ng NGA,MF,Göztepe,20,2004,29.5,,,,,,,,,,,,2,,,,,,Matches
166,Stefano Denswil,sr SUR,DF,Trabzonspor,31,1993,8.4,,,,,,,,,,,,0,,,,,,Matches
167,Halil Dervişoğlu,tr TUR,"FW,MF",Gaziantep FK,24,1999,17.7,,,,,,,,,,,,3,,,,,,Matches
168,Enis Destan,tr TUR,"FW,MF",Trabzonspor,22,2002,5.7,,,,,,,,,,,,1,,,,,,Matches
169,Ersin Destanoğlu,tr TUR,GK,Beşiktaş,23,2001,2.0,,,,,,,,,,,,0,,,,,,Matches
170,Lamine Diack,sn SEN,MF,Hatayspor,23,2000,18.2,,,,,,,,,,,,1,,,,,,Matches
171,Soner Dikmen,tr TUR,MF,Antalyaspor,30,1993,18.2,,,,,,,,,,,,0,,,,,,Matches
172,Deniz Dilmen,,GK,Başakşehir,19,2005,2.0,,,,,,,,,,,,0,,,,,,Matches
173,Landry Dimata,be BEL,"MF,FW",Samsunspor,26,1997,17.7,,,,,,,,,,,,3,,,,,,Matches
174,Zdravko Dimitrov,bg BUL,MF,BB Bodrumspor,25,1998,16.6,,,,,,,,,,,,2,,,,,,Matches
175,Sokratis Dioudis,gr GRE,GK,Gaziantep FK,31,1993,18.4,,,,,,,,,,,,0,,,,,,Matches
Rk,Player,Nation,Pos,Squad,Age,Born,90s,Cmp,Att,Cmp%,TotDist,PrgDist,Cmp,Att,Cmp,Att,Cmp,Att,Ast,A-xAG,KP,1/3,PPA,CrsPA,Matches
176,Novatus Dismas,tz TAN,"MF,DF",Göztepe,21,2002,17.0,,,,,,,,,,,,1,,,,,,Matches
177,Silva Djalma Antonio,br BRA,"MF,DF",Göztepe,29,1994,20.5,,,,,,,,,,,,2,,,,,,Matches
178,Matchoi Djaló,pt POR,MF,Başakşehir,21,2003,1.6,,,,,,,,,,,,0,,,,,,Matches
179,Moussa Djenepo,ml MLI,"MF,FW",Antalyaspor,26,1998,11.8,,,,,,,,,,,,0,,,,,,Matches
180,Alexander Djiku,gh GHA,DF,Fenerbahçe,29,1994,18.0,,,,,,,,,,,,0,,,,,,Matches
181,Deniz Donmezer,,GK,Adana Demirspor,15,2008,17.1,,,,,,,,,,,,0,,,,,,Matches
182,Denis Drăguș,ro ROU,"MF,FW",Trabzonspor,25,1999,10.1,,,,,,,,,,,,1,,,,,,Matches
183,Rick van Drongelen,nl NED,DF,Samsunspor,25,1998,32.7,,,,,,,,,,,,0,,,,,,Matches
184,Léo Duarte,br BRA,DF,Başakşehir,28,1996,27.4,,,,,,,,,,,,0,,,,,,Matches
185,Leo Dubois,fr FRA,DF,Eyüpspor,29,1994,8.4,,,,,,,,,,,,0,,,,,,Matches
186,Leo Dubois,fr FRA,DF,Galatasaray,29,1994,1.8,,,,,,,,,,,,0,,,,,,Matches
187,Celal Dumanlı,tr TUR,FW,BB Bodrumspor,30,1994,3.3,,,,,,,,,,,,0,,,,,,Matches
188,Tibet Durakçay,,FW,Göztepe,18,2006,0.0,,,,,,,,,,,,0,,,,,,Matches
189,Abdurrahim Dursun,tr TUR,DF,Antalyaspor,25,1998,5.6,,,,,,,,,,,,0,,,,,,Matches
190,Serdar Dursun,tr TUR,FW,Alanyaspor,32,1991,3.7,,,,,,,,,,,,0,,,,,,Matches
191,Samet Duyur,,FW,Adana Demirspor,14,2009,0.1,,,,,,,,,,,,0,,,,,,Matches
192,Edin Džeko,ba BIH,FW,Fenerbahçe,38,1986,24.9,,,,,,,,,,,,4,,,,,,Matches
193,Festy Ebosele,ie IRL,DF,Başakşehir,21,2002,1.3,,,,,,,,,,,,0,,,,,,Matches
194,Eren Elmalı,tr TUR,DF,Trabzonspor,24,2000,16.8,,,,,,,,,,,,1,,,,,,Matches
195,Eren Elmalı,tr TUR,DF,Galatasaray,24,2000,9.6,,,,,,,,,,,,0,,,,,,Matches
196,Bartuğ Elmaz,tr TUR,MF,Fenerbahçe,21,2003,0.2,,,,,,,,,,,,0,,,,,,Matches
197,Emersonn,br BRA,FW,Göztepe,20,2004,5.1,,,,,,,,,,,,0,,,,,,Matches
198,Yunus Emre Çift,tr TUR,"DF,MF",Samsunspor,20,2003,10.4,,,,,,,,,,,,0,,,,,,Matches
199,Taha Emre İnce,,DF,Trabzonspor,17,2007,0.1,,,,,,,,,,,,0,,,,,,Matches
200,Ali Emre Yanar,,GK,Kasımpaşa,26,1998,1.0,,,,,,,,,,,,0,,,,,,Matches
Rk,Player,Nation,Pos,Squad,Age,Born,90s,Cmp,Att,Cmp%,TotDist,PrgDist,Cmp,Att,Cmp,Att,Cmp,Att,Ast,A-xAG,KP,1/3,PPA,CrsPA,Matches
201,Youssef En-Nesyri,ma MAR,FW,Fenerbahçe,27,1997,22.2,,,,,,,,,,,,4,,,,,,Matches
202,Mehmet Eray Özbek,,MF,Kayserispor,21,2003,3.5,,,,,,,,,,,,0,,,,,,Matches
203,Ziya Erdal,tr TUR,"DF,MF",Sivasspor,36,1988,4.6,,,,,,,,,,,,0,,,,,,Matches
204,Doğan Erdoğan,tr TUR,MF,Göztepe,27,1996,7.3,,,,,,,,,,,,0,,,,,,Matches
205,Yusuf Erdoğan,tr TUR,"MF,FW",Konyaspor,31,1992,25.7,,,,,,,,,,,,7,,,,,,Matches
206,Adam Eren Kabak,,DF,Konyaspor,23,2000,0.0,,,,,,,,,,,,0,,,,,,Matches
207,Onur Ergün,tr TUR,"MF,DF",Başakşehir,31,1992,10.7,,,,,,,,,,,,0,,,,,,Matches
208,Üzeyir Ergün,,DF,BB Bodrumspor,31,1992,17.9,,,,,,,,,,,,1,,,,,,Matches
209,Caner Erkin,tr TUR,DF,Eyüpspor,35,1988,16.4,,,,,,,,,,,,5,,,,,,Matches
210,Burhan Ersoy,,DF,Adana Demirspor,21,2003,10.7,,,,,,,,,,,,0,,,,,,Matches
211,Ertuğrul Ersoy,tr TUR,DF,Gaziantep FK,27,1997,10.0,,,,,,,,,,,,0,,,,,,Matches
212,Deniz Ertaş,tr TUR,GK,Konyaspor,19,2005,12.0,,,,,,,,,,,,0,,,,,,Matches
213,Osman Ertuğrul Çetin,tr TUR,GK,Fenerbahçe,21,2003,1.6,,,,,,,,,,,,0,,,,,,Matches
214,Murat Eser,,GK,Adana Demirspor,19,2005,4.7,,,,,,,,,,,,0,,,,,,Matches
215,Mustafa Eskihellaç,tr TUR,"DF,MF",Gaziantep FK,27,1997,14.0,,,,,,,,,,,,1,,,,,,Matches
216,Mustafa Eskihellaç,tr TUR,"DF,MF",Trabzonspor,27,1997,13.2,,,,,,,,,,,,2,,,,,,Matches
217,Jhon Espinoza,ec ECU,"DF,MF",Kasımpaşa,25,1999,11.2,,,,,,,,,,,,0,,,,,,Matches
218,Mamadou Fall,sn SEN,"MF,FW",Kasımpaşa,32,1991,33.7,,,,,,,,,,,,5,,,,,,Matches
219,Ömer Faruk Beyaz,tr TUR,MF,Başakşehir,20,2003,3.3,,,,,,,,,,,,0,,,,,,Matches
220,Ohis Felix Uduokhai,de GER,DF,Beşiktaş,26,1997,24.1,,,,,,,,,,,,0,,,,,,Matches
221,Gedson Fernandes,pt POR,MF,Beşiktaş,25,1999,32.7,,,,,,,,,,,,0,,,,,,Matches
222,Joelson Fernandes,pt POR,"MF,FW",Hatayspor,21,2003,25.1,,,,,,,,,,,,3,,,,,,Matches
223,Diogo Fesnard Sousa,pt POR,GK,BB Bodrumspor,25,1998,31.7,,,,,,,,,,,,0,,,,,,Matches
224,Ali Fidan,,DF,Adana Demirspor,17,2006,0.2,,,,,,,,,,,,0,,,,,,Matches
225,João Figueiredo,my MAS,"MF,FW",Başakşehir,28,1996,16.1,,,,,,,,,,,,0,,,,,,Matches
Rk,Player,Nation,Pos,Squad,Age,Born,90s,Cmp,Att,Cmp%,TotDist,PrgDist,Cmp,Att,Cmp,Att,Cmp,Att,Ast,A-xAG,KP,1/3,PPA,CrsPA,Matches
226,Breyton Fougeu,fr FRA,"DF,MF",Adana Demirspor,20,2004,5.5,,,,,,,,,,,,1,,,,,,Matches
227,Przemysław Frankowski,pl POL,"DF,MF",Galatasaray,29,1995,8.7,,,,,,,,,,,,1,,,,,,Matches
228,Fred,br BRA,MF,Fenerbahçe,31,1993,28.6,,,,,,,,,,,,4,,,,,,Matches
229,Fredy,ao ANG,MF,BB Bodrumspor,34,1990,30.6,,,,,,,,,,,,1,,,,,,Matches
230,Mert Furkan Bayram,tr TUR,GK,Alanyaspor,19,2005,0.0,,,,,,,,,,,,0,,,,,,Matches
231,Adolfo Gaich,ar ARG,FW,Antalyaspor,25,1999,14.5,,,,,,,,,,,,0,,,,,,Matches
232,Emrehan Gedikli,de GER,FW,Konyaspor,21,2003,0.2,,,,,,,,,,,,0,,,,,,Matches
233,Amar Gerxhaliu,xk KVX,DF,Antalyaspor,22,2002,6.9,,,,,,,,,,,,0,,,,,,Matches
234,Baran Gezek,tr TUR,MF,Kayserispor,18,2005,10.9,,,,,,,,,,,,0,,,,,,Matches
235,Beytullah Gezer,,FW,Adana Demirspor,14,2010,0.1,,,,,,,,,,,,0,,,,,,Matches
236,Nevzat Gezer,,MF,Gaziantep FK,18,2006,0.1,,,,,,,,,,,,0,,,,,,Matches
237,Rachid Ghezzal,dz ALG,MF,Rizespor,32,1992,16.1,,,,,,,,,,,,2,,,,,,Matches
238,Andreas Gianniotis,gr GRE,GK,Kasımpaşa,31,1992,33.0,,,,,,,,,,,,1,,,,,,Matches
239,Yilmaz Gin,,FW,Sivasspor,16,2008,0.0,,,,,,,,,,,,0,,,,,,Matches
240,Emre Gökay,tr TUR,FW,Sivasspor,18,2006,0.3,,,,,,,,,,,,0,,,,,,Matches
241,Eulânio Ângelo Chipela Gomes,gw GNB,"DF,FW",Samsunspor,30,1994,0.1,,,,,,,,,,,,0,,,,,,Matches
242,Soner Gönül,tr TUR,DF,Samsunspor,27,1997,5.2,,,,,,,,,,,,0,,,,,,Matches
243,Andrew Gravillon,gp GLP,"DF,MF",Adana Demirspor,26,1998,8.0,,,,,,,,,,,,0,,,,,,Matches
244,Ivo Grbić,hr CRO,GK,Rizespor,28,1996,22.0,,,,,,,,,,,,0,,,,,,Matches
245,Gökhan Gül,de GER,MF,Kasımpaşa,26,1998,17.4,,,,,,,,,,,,3,,,,,,Matches
246,Sefa Gülay,,FW,Adana Demirspor,18,2006,0.2,,,,,,,,,,,,0,,,,,,Matches
247,Semih Güler,,DF,Gaziantep FK,29,1994,9.6,,,,,,,,,,,,0,,,,,,Matches
248,Semih Güler,,DF,Adana Demirspor,29,1994,21.0,,,,,,,,,,,,0,,,,,,Matches
249,Ramazan Gülerce,,DF,Antalyaspor,22,2002,0.0,,,,,,,,,,,,0,,,,,,Matches
250,Sinan Gümüş,de GER,"FW,MF",Eyüpspor,30,1994,0.2,,,,,,,,,,,,0,,,,,,Matches
Rk,Player,Nation,Pos,Squad,Age,Born,90s,Cmp,Att,Cmp%,TotDist,PrgDist,Cmp,Att,Cmp,Att,Cmp,Att,Ast,A-xAG,KP,1/3,PPA,CrsPA,Matches
251,Muhammed Gümüskaya,tr TUR,MF,Gaziantep FK,23,2001,0.4,,,,,,,,,,,,0,,,,,,Matches
252,Muhammet Güneş,,DF,Gaziantep FK,18,2006,0.6,,,,,,,,,,,,0,,,,,,Matches
253,Umut Güneş,tr TUR,MF,Başakşehir,24,2000,6.8,,,,,,,,,,,,1,,,,,,Matches
254,Umut Güneş,tr TUR,MF,Trabzonspor,24,2000,4.9,,,,,,,,,,,,0,,,,,,Matches
255,Mert Günok,tr TUR,GK,Beşiktaş,35,1989,34.0,,,,,,,,,,,,0,,,,,,Matches
256,Koray Günter,de GER,DF,Göztepe,29,1994,19.4,,,,,,,,,,,,0,,,,,,Matches
257,Hamza Güreler,tr TUR,DF,Başakşehir,18,2006,12.7,,,,,,,,,,,,0,,,,,,Matches
258,Serdar Gürler,tr TUR,"MF,FW",Başakşehir,32,1991,7.2,,,,,,,,,,,,1,,,,,,Matches
259,Yücel Gürol,,DF,Adana Demirspor,19,2005,0.0,,,,,,,,,,,,0,,,,,,Matches
260,Günay Güvenç,tr TUR,GK,Galatasaray,33,1991,2.0,,,,,,,,,,,,0,,,,,,Matches
261,Florent Hadergjonaj,xk KVX,"DF,MF",Alanyaspor,30,1994,31.3,,,,,,,,,,,,5,,,,,,Matches
262,Amir Hadžiahmetović,ba BIH,MF,Beşiktaş,27,1997,7.9,,,,,,,,,,,,0,,,,,,Matches
263,Amir Hadžiahmetović,ba BIH,MF,Rizespor,27,1997,14.5,,,,,,,,,,,,1,,,,,,Matches
264,Haris Hajradinović,ba BIH,MF,Kasımpaşa,30,1994,32.1,,,,,,,,,,,,8,,,,,,Matches
265,Mustafa Hekimoğlu,tr TUR,"MF,FW",Beşiktaş,17,2007,7.9,,,,,,,,,,,,1,,,,,,Matches
266,Héliton,br BRA,DF,Göztepe,28,1995,32.5,,,,,,,,,,,,0,,,,,,Matches
267,Christophe Hérelle,mq MTQ,DF,BB Bodrumspor,31,1992,8.7,,,,,,,,,,,,0,,,,,,Matches
268,Armin Hodžić,ba BIH,MF,Hatayspor,24,2000,0.9,,,,,,,,,,,,0,,,,,,Matches
269,Carlo Holse,dk DEN,MF,Samsunspor,25,1999,31.8,,,,,,,,,,,,2,,,,,,Matches
270,Majid Hosseini,ir IRN,DF,Kayserispor,28,1996,9.0,,,,,,,,,,,,0,,,,,,Matches
271,Victor Hugo,br BRA,MF,Göztepe,20,2004,10.9,,,,,,,,,,,,0,,,,,,Matches
272,Anel Husic,ch SUI,DF,Gaziantep FK,23,2001,11.0,,,,,,,,,,,,0,,,,,,Matches
273,Casper Højer Nielsen,dk DEN,DF,Rizespor,29,1994,22.5,,,,,,,,,,,,6,,,,,,Matches
274,Melih Ibrahimoglu,tr TUR,MF,Konyaspor,24,2000,17.2,,,,,,,,,,,,0,,,,,,Matches
275,Mauro Icardi,ar ARG,FW,Galatasaray,31,1993,5.8,,,,,,,,,,,,1,,,,,,Matches
Rk,Player,Nation,Pos,Squad,Age,Born,90s,Cmp,Att,Cmp%,TotDist,PrgDist,Cmp,Att,Cmp,Att,Cmp,Att,Ast,A-xAG,KP,1/3,PPA,CrsPA,Matches
276,Hasan İlçin,,MF,Antalyaspor,15,2009,1.4,,,,,,,,,,,,0,,,,,,Matches
277,Ahmed Ildiz,tr TUR,MF,Göztepe,27,1996,11.8,,,,,,,,,,,,1,,,,,,Matches
278,Ciro Immobile,it ITA,FW,Beşiktaş,34,1990,22.3,,,,,,,,,,,,4,,,,,,Matches
279,Yusuf İnci,,MF,Kasımpaşa,19,2005,0.7,,,,,,,,,,,,0,,,,,,Matches
280,Burak Ingenç,tr TUR,DF,Antalyaspor,18,2006,2.3,,,,,,,,,,,,0,,,,,,Matches
281,Tim Jabol-Folcarelli,fr FRA,MF,Trabzonspor,24,1999,3.9,,,,,,,,,,,,0,,,,,,Matches
282,Ismail Jakobs,sn SEN,DF,Galatasaray,24,1999,13.1,,,,,,,,,,,,2,,,,,,Matches
283,Nicolas Janvier,fr FRA,MF,Alanyaspor,25,1998,22.6,,,,,,,,,,,,4,,,,,,Matches
284,Julian Jeanvier,gn GUI,DF,Kayserispor,32,1992,10.5,,,,,,,,,,,,0,,,,,,Matches
285,Elias Jelert,dk DEN,"DF,MF",Galatasaray,21,2003,6.5,,,,,,,,,,,,0,,,,,,Matches
286,Marko Jevtović,rs SRB,MF,Konyaspor,31,1993,25.9,,,,,,,,,,,,2,,,,,,Matches
287,Juan,br BRA,MF,Alanyaspor,23,2001,1.0,,,,,,,,,,,,0,,,,,,Matches
288,Václav Jurečka,cz CZE,"MF,FW",Rizespor,30,1994,8.3,,,,,,,,,,,,1,,,,,,Matches
289,Melih Kabasakal,,"MF,DF",Eyüpspor,28,1996,29.7,,,,,,,,,,,,2,,,,,,Matches
290,Tugay Kaçar,tr TUR,DF,Eyüpspor,30,1994,0.4,,,,,,,,,,,,0,,,,,,Matches
291,Ferdi Kadioglu,tr TUR,DF,Fenerbahçe,24,1999,1.2,,,,,,,,,,,,0,,,,,,Matches
292,İrfan Kahveci,tr TUR,MF,Fenerbahçe,29,1995,10.3,,,,,,,,,,,,3,,,,,,Matches
293,Tolga Kalender,,DF,Adana Demirspor,22,2001,22.6,,,,,,,,,,,,1,,,,,,Matches
294,Ali Kalın,,FW,Gaziantep FK,16,2008,0.4,,,,,,,,,,,,0,,,,,,Matches
295,Kubilay Kanatsızkuş,tr TUR,"FW,MF",Göztepe,27,1997,9.1,,,,,,,,,,,,1,,,,,,Matches
296,Burak Kapacak,tr TUR,DF,Fenerbahçe,24,1999,0.0,,,,,,,,,,,,0,,,,,,Matches
297,Emre Kaplan,tr TUR,DF,Başakşehir,23,2001,0.1,,,,,,,,,,,,0,,,,,,Matches
298,Aytaç Kara,tr TUR,MF,Kasımpaşa,31,1993,23.0,,,,,,,,,,,,1,,,,,,Matches
299,Ercan Kara,at AUT,FW,Samsunspor,28,1996,1.3,,,,,,,,,,,,1,,,,,,Matches
300,Efecan Karaca,tr TUR,MF,Alanyaspor,34,1989,20.1,,,,,,,,,,,,0,,,,,,Matches
Rk,Player,Nation,Pos,Squad,Age,Born,90s,Cmp,Att,Cmp%,TotDist,PrgDist,Cmp,Att,Cmp,Att,Cmp,Att,Ast,A-xAG,KP,1/3,PPA,CrsPA,Matches
301,Yusuf Karademir,,MF,Alanyaspor,16,2008,0.0,,,,,,,,,,,,0,,,,,,Matches
302,Yusuf Karagöz,,GK,Alanyaspor,24,1999,2.0,,,,,,,,,,,,0,,,,,,Matches
303,İlker Karakaş,tr TUR,FW,Gaziantep FK,25,1999,0.4,,,,,,,,,,,,1,,,,,,Matches
304,Vedat Karakuş,tr TUR,GK,Adana Demirspor,26,1998,14.2,,,,,,,,,,,,0,,,,,,Matches
305,Ayberk Karapo,tr TUR,DF,Rizespor,20,2004,0.7,,,,,,,,,,,,0,,,,,,Matches
306,Kadir Karayigit,,DF,Adana Demirspor,18,2005,0.1,,,,,,,,,,,,0,,,,,,Matches
307,Erce Kardeşler,tr TUR,GK,Hatayspor,30,1994,19.0,,,,,,,,,,,,0,,,,,,Matches
308,Ali Karimi,ir IRN,MF,Kayserispor,30,1994,20.1,,,,,,,,,,,,2,,,,,,Matches
309,Salih Kavrazlı,tr TUR,"MF,FW",Adana Demirspor,22,2002,7.7,,,,,,,,,,,,0,,,,,,Matches
310,Mehmet Kaya,de GER,FW,Konyaspor,19,2004,0.1,,,,,,,,,,,,0,,,,,,Matches
311,Muhammed Kaya,tr TUR,MF,Sivasspor,18,2006,0.0,,,,,,,,,,,,0,,,,,,Matches
312,Yalçın Kayan,tr TUR,MF,Göztepe,25,1999,0.7,,,,,,,,,,,,0,,,,,,Matches
313,Yalçın Kayan,tr TUR,MF,Eyüpspor,25,1999,12.6,,,,,,,,,,,,0,,,,,,Matches
314,Osman Kaynak,,"DF,MF",Adana Demirspor,18,2006,6.5,,,,,,,,,,,,1,,,,,,Matches
315,Jakub Kałuziński,pl POL,MF,Antalyaspor,21,2002,29.5,,,,,,,,,,,,8,,,,,,Matches
316,Can Keles,at AUT,MF,Beşiktaş,22,2001,1.0,,,,,,,,,,,,0,,,,,,Matches
317,Can Keles,at AUT,"MF,FW",Kasımpaşa,22,2001,7.8,,,,,,,,,,,,2,,,,,,Matches
318,Thalisson Kelven,br BRA,DF,Antalyaspor,26,1998,29.9,,,,,,,,,,,,0,,,,,,Matches
319,Olivier Kemen,cm CMR,"MF,DF",Başakşehir,28,1996,27.5,,,,,,,,,,,,8,,,,,,Matches
320,Philippe Keny,sn SEN,FW,Başakşehir,25,1999,11.4,,,,,,,,,,,,3,,,,,,Matches
321,Benhur Keser,,MF,Rizespor,27,1996,0.6,,,,,,,,,,,,0,,,,,,Matches
322,Enes Keskin,,"MF,DF",Alanyaspor,23,2001,5.3,,,,,,,,,,,,0,,,,,,Matches
323,Hamidou Keyta,fr FRA,MF,Konyaspor,29,1994,4.8,,,,,,,,,,,,0,,,,,,Matches
324,Guy-Marcelin Kilama,cm CMR,DF,Hatayspor,25,1999,29.9,,,,,,,,,,,,1,,,,,,Matches
325,Yakup Kılıç,,DF,Beşiktaş,19,2005,0.0,,,,,,,,,,,,0,,,,,,Matches
Rk,Player,Nation,Pos,Squad,Age,Born,90s,Cmp,Att,Cmp%,TotDist,PrgDist,Cmp,Att,Cmp,Att,Cmp,Att,Ast,A-xAG,KP,1/3,PPA,CrsPA,Matches
326,Semih Kılıçsoy,tr TUR,"MF,FW",Beşiktaş,18,2005,14.6,,,,,,,,,,,,2,,,,,,Matches
327,Emre Kılınç,tr TUR,"MF,FW",Samsunspor,29,1994,27.2,,,,,,,,,,,,11,,,,,,Matches
328,Arda Kızıldağ,tr TUR,DF,Gaziantep FK,25,1998,21.1,,,,,,,,,,,,0,,,,,,Matches
329,Arif Kocaman,,DF,Kayserispor,20,2003,6.0,,,,,,,,,,,,0,,,,,,Matches
330,Okan Kocuk,tr TUR,GK,Samsunspor,29,1995,36.0,,,,,,,,,,,,0,,,,,,Matches
331,Kenan Kodro,ba BIH,FW,Gaziantep FK,30,1993,8.4,,,,,,,,,,,,0,,,,,,Matches
332,Derrick Köhn,gh GHA,DF,Galatasaray,25,1999,1.0,,,,,,,,,,,,0,,,,,,Matches
333,Bengali-Fodé Koita,gn GUI,"MF,FW",Sivasspor,33,1990,17.7,,,,,,,,,,,,1,,,,,,Matches
334,Dimitrios Kolovetsios,gr GRE,DF,Kayserispor,32,1991,16.4,,,,,,,,,,,,0,,,,,,Matches
335,Eray Korkmaz,tr TUR,DF,Rizespor,21,2003,1.0,,,,,,,,,,,,0,,,,,,Matches
336,Nurettin Korkmaz,tr TUR,"MF,DF",Kayserispor,22,2002,2.5,,,,,,,,,,,,0,,,,,,Matches
337,Filip Kostić,rs SRB,"MF,DF",Fenerbahçe,31,1992,21.8,,,,,,,,,,,,6,,,,,,Matches
338,İsmail Köybaşı,tr TUR,"MF,DF",Göztepe,35,1989,8.7,,,,,,,,,,,,0,,,,,,Matches
339,Kacper Kozłowski,pl POL,"MF,FW",Gaziantep FK,20,2003,23.5,,,,,,,,,,,,4,,,,,,Matches
340,Blaž Kramer,si SVN,FW,Konyaspor,28,1996,22.0,,,,,,,,,,,,3,,,,,,Matches
341,Rade Krunić,ba BIH,MF,Fenerbahçe,30,1993,0.0,,,,,,,,,,,,0,,,,,,Matches
342,Arda Kurtulan,al ALB,DF,Adana Demirspor,21,2002,26.0,,,,,,,,,,,,3,,,,,,Matches
343,Berkan Kutlu,tr TUR,"MF,DF",Galatasaray,26,1998,9.1,,,,,,,,,,,,1,,,,,,Matches
344,Ahmed Kutucu,tr TUR,MF,Eyüpspor,24,2000,16.3,,,,,,,,,,,,6,,,,,,Matches
345,Ahmed Kutucu,tr TUR,"FW,MF",Galatasaray,24,2000,5.6,,,,,,,,,,,,0,,,,,,Matches
346,Sam Larsson,se SWE,"FW,MF",Antalyaspor,31,1993,26.3,,,,,,,,,,,,5,,,,,,Matches
347,Joseph Larweh Attamah,gh GHA,"DF,MF",Kayserispor,30,1994,29.9,,,,,,,,,,,,0,,,,,,Matches
348,Gaëtan Laura,,"MF,FW",Samsunspor,28,1995,3.4,,,,,,,,,,,,1,,,,,,Matches
349,Mario Lemina,ga GAB,MF,Galatasaray,30,1993,8.9,,,,,,,,,,,,2,,,,,,Matches
350,Lucas Lima,br BRA,DF,Başakşehir,32,1991,18.3,,,,,,,,,,,,1,,,,,,Matches
Rk,Player,Nation,Pos,Squad,Age,Born,90s,Cmp,Att,Cmp%,TotDist,PrgDist,Cmp,Att,Cmp,Att,Cmp,Att,Ast,A-xAG,KP,1/3,PPA,CrsPA,Matches
351,Nuno Lima,pt POR,DF,Alanyaspor,23,2001,28.4,,,,,,,,,,,,0,,,,,,Matches
352,Mateusz Lis,pl POL,GK,Göztepe,27,1997,32.0,,,,,,,,,,,,0,,,,,,Matches
353,Dominik Livaković,hr CRO,GK,Fenerbahçe,29,1995,21.4,,,,,,,,,,,,0,,,,,,Matches
354,Rony Lopes,pt POR,MF,Alanyaspor,28,1995,3.7,,,,,,,,,,,,1,,,,,,Matches
355,John Lundstram,eng ENG,"MF,DF",Trabzonspor,30,1994,24.6,,,,,,,,,,,,1,,,,,,Matches
356,Christopher Lungoyi,ch SUI,"MF,FW",Gaziantep FK,24,2000,20.5,,,,,,,,,,,,0,,,,,,Matches
357,Berat Lus,,FW,Galatasaray,17,2007,0.0,,,,,,,,,,,,0,,,,,,Matches
358,Davidson da Luz Pereira,br BRA,MF,Başakşehir,33,1991,11.4,,,,,,,,,,,,0,,,,,,Matches
359,Salem M'bakata,cd COD,DF,Gaziantep FK,26,1998,15.9,,,,,,,,,,,,0,,,,,,Matches
360,Maestro,ao ANG,MF,Adana Demirspor,20,2003,32.2,,,,,,,,,,,,1,,,,,,Matches
361,Gaius Makouta,cg CGO,MF,Alanyaspor,27,1997,27.0,,,,,,,,,,,,2,,,,,,Matches
362,Izzet Malak,,MF,Göztepe,19,2005,0.0,,,,,,,,,,,,0,,,,,,Matches
363,Hüseyin Maldar,,FW,Eyüpspor,17,2007,1.8,,,,,,,,,,,,0,,,,,,Matches
364,Pedro Malheiro,pt POR,DF,Trabzonspor,23,2001,32.4,,,,,,,,,,,,4,,,,,,Matches
365,Salih Malkoçoglu,,DF,Trabzonspor,19,2005,3.1,,,,,,,,,,,,0,,,,,,Matches
366,Rey Manaj,al ALB,FW,Sivasspor,27,1997,24.4,,,,,,,,,,,,4,,,,,,Matches
367,Cyril Mandouki,mq MTQ,"MF,DF",Gaziantep FK,32,1991,7.8,,,,,,,,,,,,0,,,,,,Matches
368,Carlos Mané,gw GNB,MF,Kayserispor,30,1994,17.9,,,,,,,,,,,,2,,,,,,Matches
369,Jovan Manev,mk MKD,DF,Adana Demirspor,23,2001,13.1,,,,,,,,,,,,1,,,,,,Matches
370,João Mário,pt POR,MF,Beşiktaş,31,1993,17.8,,,,,,,,,,,,3,,,,,,Matches
371,Chandrel Massanga,cg CGO,MF,Hatayspor,24,1999,20.5,,,,,,,,,,,,0,,,,,,Matches
372,Arthur Masuaku,cd COD,DF,Beşiktaş,30,1993,30.6,,,,,,,,,,,,8,,,,,,Matches
373,Kuryū Matsuki,jp JPN,"FW,MF",Göztepe,21,2003,11.4,,,,,,,,,,,,4,,,,,,Matches
374,Oğuzhan Matur,,DF,Hatayspor,24,1999,0.2,,,,,,,,,,,,0,,,,,,Matches
375,Alexandru Maxim,ro ROU,MF,Gaziantep FK,34,1990,29.1,,,,,,,,,,,,5,,,,,,Matches
Rk,Player,Nation,Pos,Squad,Age,Born,90s,Cmp,Att,Cmp%,TotDist,PrgDist,Cmp,Att,Cmp,Att,Cmp,Att,Ast,A-xAG,KP,1/3,PPA,CrsPA,Matches
376,Batista Mendy,fr FRA,"MF,DF",Trabzonspor,24,2000,28.8,,,,,,,,,,,,2,,,,,,Matches
377,Queensy Menig,nl NED,MF,Sivasspor,28,1995,3.1,,,,,,,,,,,,0,,,,,,Matches
378,Umut Meraş,tr TUR,DF,Eyüpspor,28,1995,21.2,,,,,,,,,,,,0,,,,,,Matches
379,Levent Mercan,de GER,DF,Fenerbahçe,23,2000,5.5,,,,,,,,,,,,0,,,,,,Matches
380,Dries Mertens,be BEL,MF,Galatasaray,37,1987,20.8,,,,,,,,,,,,7,,,,,,Matches
381,Edouard Michut,fr FRA,MF,Adana Demirspor,21,2003,1.9,,,,,,,,,,,,0,,,,,,Matches
382,Fredrik Midtsjø,no NOR,MF,Eyüpspor,30,1993,8.5,,,,,,,,,,,,2,,,,,,Matches
383,Deni Milošević,ba BIH,"FW,MF",Antalyaspor,29,1995,0.9,,,,,,,,,,,,0,,,,,,Matches
384,Martin Minchev,bg BUL,MF,Rizespor,23,2001,1.7,,,,,,,,,,,,0,,,,,,Matches
385,Attila Mocsi,hu HUN,DF,Rizespor,24,2000,31.4,,,,,,,,,,,,0,,,,,,Matches
386,Milad Mohammadi,ir IRN,DF,Adana Demirspor,30,1993,2.0,,,,,,,,,,,,0,,,,,,Matches
387,Musah Mohammed,gh GHA,MF,BB Bodrumspor,22,2002,21.6,,,,,,,,,,,,4,,,,,,Matches
388,Emre Mor,tr TUR,MF,Eyüpspor,27,1997,11.5,,,,,,,,,,,,4,,,,,,Matches
389,Álvaro Morata,es ESP,"MF,FW",Galatasaray,31,1992,7.3,,,,,,,,,,,,1,,,,,,Matches
390,Marius Mouandilmadji,td CHA,FW,Samsunspor,27,1997,27.8,,,,,,,,,,,,4,,,,,,Matches
391,Samuel Moutoussamy,cd COD,MF,Sivasspor,27,1996,26.9,,,,,,,,,,,,2,,,,,,Matches
392,Ernest Muçi,al ALB,MF,Beşiktaş,23,2001,14.8,,,,,,,,,,,,2,,,,,,Matches
393,Arbnor Muja,al ALB,MF,Samsunspor,25,1998,13.5,,,,,,,,,,,,1,,,,,,Matches
394,Atakan Müjde,,DF,Kasımpaşa,21,2003,0.0,,,,,,,,,,,,0,,,,,,Matches
395,Mert Müldür,tr TUR,DF,Fenerbahçe,25,1999,20.8,,,,,,,,,,,,2,,,,,,Matches
396,Jackson Muleka,cd COD,"FW,MF",Beşiktaş,24,1999,0.1,,,,,,,,,,,,0,,,,,,Matches
397,Fernando Muslera,uy URU,GK,Galatasaray,38,1986,34.0,,,,,,,,,,,,0,,,,,,Matches
398,Almoatasem Al Musrati,ly LBY,MF,Beşiktaş,28,1996,13.0,,,,,,,,,,,,0,,,,,,Matches
399,Umut Nayir,tr TUR,FW,Konyaspor,31,1993,16.4,,,,,,,,,,,,0,,,,,,Matches
400,Duckens Nazon,ht HAI,FW,Kayserispor,30,1994,21.7,,,,,,,,,,,,3,,,,,,Matches
Rk,Player,Nation,Pos,Squad,Age,Born,90s,Cmp,Att,Cmp%,TotDist,PrgDist,Cmp,Att,Cmp,Att,Cmp,Att,Ast,A-xAG,KP,1/3,PPA,CrsPA,Matches
401,Alassane Ndao,sn SEN,"MF,DF",Konyaspor,27,1996,23.2,,,,,,,,,,,,1,,,,,,Matches
402,Badou Ndiaye,sn SEN,MF,Gaziantep FK,33,1990,26.9,,,,,,,,,,,,2,,,,,,Matches
403,Cher Ndour,it ITA,MF,Beşiktaş,20,2004,7.5,,,,,,,,,,,,2,,,,,,Matches
404,Victor Nelsson,dk DEN,DF,Galatasaray,25,1998,3.2,,,,,,,,,,,,0,,,,,,Matches
405,Lasse Nielsen,dk DEN,"MF,DF",Göztepe,36,1988,19.5,,,,,,,,,,,,3,,,,,,Matches
406,Đorđe Nikolić,rs SRB,GK,Sivasspor,27,1997,10.5,,,,,,,,,,,,0,,,,,,Matches
407,Recep Niyaz,tr TUR,MF,Eyüpspor,28,1995,0.5,,,,,,,,,,,,0,,,,,,Matches
408,Mootez Nourani,tn TUN,FW,Adana Demirspor,22,2002,0.7,,,,,,,,,,,,0,,,,,,Matches
409,Olivier Ntcham,cm CMR,MF,Samsunspor,28,1996,26.6,,,,,,,,,,,,2,,,,,,Matches
410,Anthony Nwakaeme,ng NGA,MF,Trabzonspor,35,1989,14.9,,,,,,,,,,,,4,,,,,,Matches
411,Gabriel Obekpa,ng NGA,MF,BB Bodrumspor,20,2004,1.0,,,,,,,,,,,,0,,,,,,Matches
412,Prince Obeng Ampem,gh GHA,MF,Eyüpspor,26,1998,24.0,,,,,,,,,,,,0,,,,,,Matches
413,Enes Öğrüce,,FW,BB Bodrumspor,17,2007,0.8,,,,,,,,,,,,0,,,,,,Matches
414,David Okereke,ng NGA,"FW,MF",Gaziantep FK,26,1997,23.0,,,,,,,,,,,,3,,,,,,Matches
415,Jonathan Okita,cd COD,"MF,FW",BB Bodrumspor,28,1995,11.2,,,,,,,,,,,,0,,,,,,Matches
416,Jonathan Okoronkwo,ng NGA,FW,Hatayspor,20,2003,4.7,,,,,,,,,,,,1,,,,,,Matches
417,Alaaddin Okumuş,,DF,Sivasspor,28,1995,4.0,,,,,,,,,,,,0,,,,,,Matches
418,Ibrahim Olawoyin,ng NGA,MF,Rizespor,26,1997,30.1,,,,,,,,,,,,7,,,,,,Matches
419,Kenneth Omeruo,ng NGA,DF,Kasımpaşa,30,1993,1.8,,,,,,,,,,,,0,,,,,,Matches
420,Abdülkadir Ömür,tr TUR,MF,Rizespor,25,1999,2.6,,,,,,,,,,,,0,,,,,,Matches
421,Jean Onana,cm CMR,MF,Beşiktaş,24,2000,0.5,,,,,,,,,,,,0,,,,,,Matches
422,Jayden Oosterwolde,nl NED,DF,Fenerbahçe,23,2001,7.8,,,,,,,,,,,,0,,,,,,Matches
423,Christopher Operi,ci CIV,"DF,MF",Başakşehir,27,1997,10.1,,,,,,,,,,,,0,,,,,,Matches
424,Jerome Opoku,gh GHA,DF,Başakşehir,25,1998,29.0,,,,,,,,,,,,2,,,,,,Matches
425,Nicholas Opoku,gh GHA,DF,Kasımpaşa,26,1997,24.4,,,,,,,,,,,,0,,,,,,Matches
Rk,Player,Nation,Pos,Squad,Age,Born,90s,Cmp,Att,Cmp%,TotDist,PrgDist,Cmp,Att,Cmp,Att,Cmp,Att,Ast,A-xAG,KP,1/3,PPA,CrsPA,Matches
426,Mislav Oršić,hr CRO,MF,Trabzonspor,31,1992,2.2,,,,,,,,,,,,0,,,,,,Matches
427,Bright Osayi-Samuel,ng NGA,"DF,MF",Fenerbahçe,26,1997,15.2,,,,,,,,,,,,0,,,,,,Matches
428,Victor Osimhen,ng NGA,FW,Galatasaray,25,1998,26.4,,,,,,,,,,,,5,,,,,,Matches
429,Haqi Osman,gh GHA,FW,BB Bodrumspor,22,2002,1.0,,,,,,,,,,,,0,,,,,,Matches
430,Alex Oxlade-Chamberlain,eng ENG,MF,Beşiktaş,30,1993,11.0,,,,,,,,,,,,0,,,,,,Matches
431,Berkay Özcan,tr TUR,MF,Başakşehir,26,1998,6.4,,,,,,,,,,,,0,,,,,,Matches
432,Berkay Özcan,tr TUR,MF,Rizespor,26,1998,7.8,,,,,,,,,,,,1,,,,,,Matches
433,Yasin Özcan,tr TUR,DF,Kasımpaşa,18,2006,30.9,,,,,,,,,,,,1,,,,,,Matches
434,Ogün Özçiçek,,MF,Gaziantep FK,25,1999,12.2,,,,,,,,,,,,1,,,,,,Matches
435,Arda Özçimen,tr TUR,GK,Göztepe,22,2002,4.0,,,,,,,,,,,,0,,,,,,Matches
436,Süleyman Özdamar,tr TUR,DF,BB Bodrumspor,31,1993,0.5,,,,,,,,,,,,0,,,,,,Matches
437,Berat Özdemir,tr TUR,MF,Başakşehir,26,1998,23.1,,,,,,,,,,,,2,,,,,,Matches
438,Yusuf Özdemir,tr TUR,"MF,DF",Alanyaspor,23,2001,29.6,,,,,,,,,,,,2,,,,,,Matches
439,Berke Özer,tr TUR,GK,Eyüpspor,24,2000,33.5,,,,,,,,,,,,0,,,,,,Matches
440,Kenan Özer,tr TUR,"FW,MF",BB Bodrumspor,36,1987,1.1,,,,,,,,,,,,0,,,,,,Matches
441,Batuhan Özgan,,DF,Kayserispor,17,2007,0.2,,,,,,,,,,,,0,,,,,,Matches
442,Taha Özmert,,MF,Antalyaspor,18,2006,0.3,,,,,,,,,,,,0,,,,,,Matches
443,Bahadır Öztürk,tr TUR,DF,Antalyaspor,28,1995,7.2,,,,,,,,,,,,0,,,,,,Matches
444,Mithat Pala,tr TUR,"MF,DF",Rizespor,23,2000,20.2,,,,,,,,,,,,1,,,,,,Matches
445,Murat Paluli,tr TUR,DF,Sivasspor,29,1994,30.4,,,,,,,,,,,,4,,,,,,Matches
446,Giannis Papanikolaou,gr GRE,MF,Rizespor,25,1998,17.6,,,,,,,,,,,,0,,,,,,Matches
447,Abdülkadir Parmak,tr TUR,MF,Hatayspor,29,1994,19.6,,,,,,,,,,,,1,,,,,,Matches
448,Gabriel Paulista,br BRA,DF,Beşiktaş,33,1990,18.2,,,,,,,,,,,,1,,,,,,Matches
449,Pedrinho,br BRA,MF,Konyaspor,27,1996,27.5,,,,,,,,,,,,3,,,,,,Matches
450,Rui Pedro,pt POR,MF,Hatayspor,26,1998,13.2,,,,,,,,,,,,3,,,,,,Matches
Rk,Player,Nation,Pos,Squad,Age,Born,90s,Cmp,Att,Cmp%,TotDist,PrgDist,Cmp,Att,Cmp,Att,Cmp,Att,Ast,A-xAG,KP,1/3,PPA,CrsPA,Matches
451,Halil Pehlivan,tr TUR,DF,Rizespor,30,1993,3.8,,,,,,,,,,,,0,,,,,,Matches
452,Dimitris Pelkas,gr GRE,MF,Başakşehir,30,1993,3.2,,,,,,,,,,,,2,,,,,,Matches
453,Oleksandr Petrusenko,ua UKR,MF,Antalyaspor,26,1998,11.8,,,,,,,,,,,,0,,,,,,Matches
454,Krzysztof Piątek,pl POL,FW,Başakşehir,29,1995,29.0,,,,,,,,,,,,2,,,,,,Matches
455,Kamil Piątkowski,pl POL,DF,Kasımpaşa,24,2000,12.2,,,,,,,,,,,,1,,,,,,Matches
456,Onurcan Piri,tr TUR,GK,Kayserispor,29,1994,11.0,,,,,,,,,,,,0,,,,,,Matches
457,Kenan Pirić,ba BIH,GK,Antalyaspor,30,1994,30.0,,,,,,,,,,,,1,,,,,,Matches
458,Achilleas Poungouras,gr GRE,"MF,DF",Sivasspor,28,1995,9.9,,,,,,,,,,,,0,,,,,,Matches
459,Louka Prip,dk DEN,MF,Konyaspor,27,1997,8.3,,,,,,,,,,,,2,,,,,,Matches
460,Alex Pritchard,eng ENG,MF,Sivasspor,31,1993,11.8,,,,,,,,,,,,4,,,,,,Matches
461,George Pușcaș,ro ROU,FW,BB Bodrumspor,28,1996,20.8,,,,,,,,,,,,1,,,,,,Matches
462,Uroš Radaković,rs SRB,DF,Sivasspor,30,1994,27.2,,,,,,,,,,,,0,,,,,,Matches
463,Erdal Rakip,mk MKD,MF,Antalyaspor,28,1996,21.3,,,,,,,,,,,,1,,,,,,Matches
464,Milot Rashica,xk KVX,MF,Beşiktaş,28,1996,22.7,,,,,,,,,,,,5,,,,,,Matches
465,Richard,br BRA,MF,Alanyaspor,30,1994,29.4,,,,,,,,,,,,3,,,,,,Matches
466,Rigoberto Rivas,hn HON,"MF,DF",Hatayspor,26,1998,12.0,,,,,,,,,,,,2,,,,,,Matches
467,Garry Rodrigues,cv CPV,"MF,FW",Sivasspor,33,1990,19.9,,,,,,,,,,,,3,,,,,,Matches
468,Kévin Rodrigues,pt POR,"DF,MF",Kasımpaşa,30,1994,25.3,,,,,,,,,,,,1,,,,,,Matches
469,José Rodríguez,es ESP,"MF,DF",Adana Demirspor,29,1994,1.6,,,,,,,,,,,,0,,,,,,Matches
470,Rômulo,br BRA,FW,Göztepe,22,2002,27.7,,,,,,,,,,,,9,,,,,,Matches
471,Serdar Saatçı,tr TUR,DF,Trabzonspor,21,2003,6.4,,,,,,,,,,,,0,,,,,,Matches
472,Enric Saborit,es ESP,DF,Gaziantep FK,32,1992,8.8,,,,,,,,,,,,0,,,,,,Matches
473,Loret Sadiku,al ALB,MF,Kasımpaşa,33,1991,5.0,,,,,,,,,,,,0,,,,,,Matches
474,Ramzi Safouri,il ISR,MF,Antalyaspor,28,1995,17.4,,,,,,,,,,,,1,,,,,,Matches
475,Görkem Sağlam,de GER,MF,Hatayspor,26,1998,26.5,,,,,,,,,,,,9,,,,,,Matches
Rk,Player,Nation,Pos,Squad,Age,Born,90s,Cmp,Att,Cmp%,TotDist,PrgDist,Cmp,Att,Cmp,Att,Cmp,Att,Ast,A-xAG,KP,1/3,PPA,CrsPA,Matches
476,Allan Saint-Maximin,fr FRA,MF,Fenerbahçe,27,1997,13.3,,,,,,,,,,,,3,,,,,,Matches
477,Samuel Sáiz,es ESP,"MF,FW",Eyüpspor,33,1991,8.0,,,,,,,,,,,,1,,,,,,Matches
478,Roland Sallai,hu HUN,"MF,DF",Galatasaray,27,1997,19.2,,,,,,,,,,,,1,,,,,,Matches
479,Braian Samudio,py PAR,"FW,MF",Antalyaspor,28,1995,26.1,,,,,,,,,,,,1,,,,,,Matches
480,Davinson Sánchez,co COL,DF,Galatasaray,28,1996,30.0,,,,,,,,,,,,1,,,,,,Matches
481,Nazim Sangaré,tr TUR,"MF,DF",Göztepe,30,1994,8.5,,,,,,,,,,,,1,,,,,,Matches
482,Juan Santos,br BRA,FW,Göztepe,22,2002,18.3,,,,,,,,,,,,3,,,,,,Matches
483,Gabriel Sara,br BRA,MF,Galatasaray,25,1999,26.1,,,,,,,,,,,,8,,,,,,Matches
484,Veysel Sarı,tr TUR,DF,Antalyaspor,36,1988,31.6,,,,,,,,,,,,0,,,,,,Matches
485,Yusuf Sari,tr TUR,"MF,FW",Başakşehir,25,1998,12.0,,,,,,,,,,,,3,,,,,,Matches
486,Yusuf Sari,tr TUR,MF,Adana Demirspor,25,1998,10.4,,,,,,,,,,,,1,,,,,,Matches
487,Talha Sarıarslan,tr TUR,FW,Kayserispor,20,2004,3.0,,,,,,,,,,,,1,,,,,,Matches
488,Demir Sarıcalı,,GK,Hatayspor,19,2005,1.0,,,,,,,,,,,,0,,,,,,Matches
489,Baran Sarka,,MF,Hatayspor,23,2001,0.5,,,,,,,,,,,,0,,,,,,Matches
490,Ali Şaşal Vural,tr TUR,GK,Sivasspor,34,1990,25.5,,,,,,,,,,,,0,,,,,,Matches
491,Ľubomír Šatka,sk SVK,DF,Samsunspor,28,1995,30.5,,,,,,,,,,,,1,,,,,,Matches
492,Stefan Savić,me MNE,DF,Trabzonspor,33,1991,9.3,,,,,,,,,,,,0,,,,,,Matches
493,Gökhan Sazdağı,tr TUR,DF,Kayserispor,29,1994,29.1,,,,,,,,,,,,4,,,,,,Matches
494,Kingsley Schindler,gh GHA,MF,Samsunspor,31,1993,18.1,,,,,,,,,,,,1,,,,,,Matches
495,Taulant Seferi,al ALB,"MF,FW",BB Bodrumspor,27,1996,21.9,,,,,,,,,,,,1,,,,,,Matches
496,Mehmet Şeker,,MF,Sivasspor,18,2006,0.1,,,,,,,,,,,,0,,,,,,Matches
497,Cenk Şen,tr TUR,DF,BB Bodrumspor,23,2000,28.0,,,,,,,,,,,,0,,,,,,Matches
498,Muhammed Şengezer,tr TUR,GK,Başakşehir,27,1997,34.0,,,,,,,,,,,,0,,,,,,Matches
499,Cemalil Sertel,tr TUR,DF,Hatayspor,24,2000,26.5,,,,,,,,,,,,0,,,,,,Matches
500,Yusuf Sertkaya,tr TUR,MF,BB Bodrumspor,18,2005,0.0,,,,,,,,,,,,0,,,,,,Matches
Rk,Player,Nation,Pos,Squad,Age,Born,90s,Cmp,Att,Cmp%,TotDist,PrgDist,Cmp,Att,Cmp,Att,Cmp,Att,Ast,A-xAG,KP,1/3,PPA,CrsPA,Matches
501,Svit Sešlar,si SVN,MF,Eyüpspor,22,2002,0.2,,,,,,,,,,,,1,,,,,,Matches
502,Florent Shehu,ch SUI,FW,Adana Demirspor,22,2002,0.5,,,,,,,,,,,,0,,,,,,Matches
503,Jonjo Shelvey,eng ENG,MF,Eyüpspor,32,1992,2.3,,,,,,,,,,,,0,,,,,,Matches
504,Danylo Sikan,ua UKR,"MF,FW",Trabzonspor,23,2001,8.6,,,,,,,,,,,,1,,,,,,Matches
505,Rafa Silva,pt POR,"MF,FW",Beşiktaş,31,1993,34.2,,,,,,,,,,,,5,,,,,,Matches
506,Veljko Simić,rs SRB,"MF,FW",Sivasspor,29,1995,7.3,,,,,,,,,,,,0,,,,,,Matches
507,Guilherme Sityá,pt POR,DF,Konyaspor,34,1990,33.3,,,,,,,,,,,,8,,,,,,Matches
508,Milan Škriniar,sk SVK,DF,Fenerbahçe,29,1995,16.0,,,,,,,,,,,,0,,,,,,Matches
509,Isaac Solet,cf CTA,MF,Göztepe,23,2001,8.3,,,,,,,,,,,,1,,,,,,Matches
510,Noah Sonko Sundberg,gm GAM,DF,Sivasspor,28,1996,24.3,,,,,,,,,,,,1,,,,,,Matches
511,Deian Sorescu,ro ROU,"MF,DF",Gaziantep FK,26,1997,30.6,,,,,,,,,,,,6,,,,,,Matches
512,Ali Sowe,gm GAM,FW,Rizespor,30,1994,33.1,,,,,,,,,,,,2,,,,,,Matches
513,Furkan Soyalp,tr TUR,MF,Gaziantep FK,29,1995,6.2,,,,,,,,,,,,1,,,,,,Matches
514,Çağlar Söyüncü,tr TUR,DF,Fenerbahçe,28,1996,17.8,,,,,,,,,,,,1,,,,,,Matches
515,Andraž Šporar,si SVN,FW,Alanyaspor,30,1994,7.7,,,,,,,,,,,,0,,,,,,Matches
516,Taras Stepanenko,ua UKR,MF,Eyüpspor,34,1989,4.1,,,,,,,,,,,,0,,,,,,Matches
517,Carlos Strandberg,se SWE,"FW,MF",Hatayspor,28,1996,14.2,,,,,,,,,,,,0,,,,,,Matches
518,Sander van de Streek,nl NED,"MF,FW",Antalyaspor,31,1993,22.1,,,,,,,,,,,,1,,,,,,Matches
519,Jonas Svensson,no NOR,DF,Beşiktaş,31,1993,30.2,,,,,,,,,,,,2,,,,,,Matches
520,Sebastian Szymański,pl POL,MF,Fenerbahçe,25,1999,25.5,,,,,,,,,,,,5,,,,,,Matches
521,Patryk Szysz,pl POL,FW,Başakşehir,26,1998,0.8,,,,,,,,,,,,0,,,,,,Matches
522,Jakub Słowik,pl POL,GK,Konyaspor,32,1991,24.0,,,,,,,,,,,,0,,,,,,Matches
523,Dušan Tadić,rs SRB,MF,Fenerbahçe,35,1988,27.6,,,,,,,,,,,,13,,,,,,Matches
524,Muhammet Taha Şahin,,DF,Rizespor,23,2000,33.2,,,,,,,,,,,,8,,,,,,Matches
525,Muhammet Taha Tepe,tr TUR,GK,Trabzonspor,23,2001,4.0,,,,,,,,,,,,0,,,,,,Matches
Rk,Player,Nation,Pos,Squad,Age,Born,90s,Cmp,Att,Cmp%,TotDist,PrgDist,Cmp,Att,Cmp,Att,Cmp,Att,Ast,A-xAG,KP,1/3,PPA,CrsPA,Matches
526,Flavien Tait,fr FRA,MF,Samsunspor,31,1993,3.7,,,,,,,,,,,,1,,,,,,Matches
527,Tayyib Talha Sanuç,tr TUR,DF,Beşiktaş,24,1999,6.0,,,,,,,,,,,,0,,,,,,Matches
528,Talisca,br BRA,"FW,MF",Fenerbahçe,30,1994,11.4,,,,,,,,,,,,1,,,,,,Matches
529,Haluk Tan,tr TUR,DF,Samsunspor,19,2005,0.0,,,,,,,,,,,,0,,,,,,Matches
530,Ali Tarkan,,MF,Samsunspor,18,2006,0.0,,,,,,,,,,,,0,,,,,,Matches
531,Çağan Taş,,MF,Gaziantep FK,17,2006,0.0,,,,,,,,,,,,0,,,,,,Matches
532,Emre Taşdemir,tr TUR,"DF,MF",Gaziantep FK,28,1995,6.8,,,,,,,,,,,,1,,,,,,Matches
533,Ilter Tashkin,az AZE,MF,Eyüpspor,30,1994,3.3,,,,,,,,,,,,1,,,,,,Matches
534,Ertuğrul Taşkıran,tr TUR,GK,Alanyaspor,34,1989,34.0,,,,,,,,,,,,0,,,,,,Matches
535,Selimcan Temel,,"MF,DF",Hatayspor,24,2000,2.3,,,,,,,,,,,,0,,,,,,Matches
536,Serkan Terzi,tr TUR,DF,Beşiktaş,20,2004,2.4,,,,,,,,,,,,1,,,,,,Matches
537,David Tijanić,si SVN,MF,Göztepe,27,1997,20.6,,,,,,,,,,,,9,,,,,,Matches
538,Dorukhan Toköz,tr TUR,"DF,MF",Eyüpspor,28,1996,5.6,,,,,,,,,,,,0,,,,,,Matches
539,Emir Topçu,tr TUR,DF,Beşiktaş,23,2000,20.2,,,,,,,,,,,,0,,,,,,Matches
540,Berkay Topdemir,,FW,Antalyaspor,17,2007,0.4,,,,,,,,,,,,0,,,,,,Matches
541,Lucas Torreira,uy URU,MF,Galatasaray,28,1996,30.6,,,,,,,,,,,,5,,,,,,Matches
542,Cenk Tosun,tr TUR,"FW,MF",Fenerbahçe,33,1991,1.6,,,,,,,,,,,,0,,,,,,Matches
543,Andros Townsend,eng ENG,"MF,FW",Antalyaspor,33,1991,7.0,,,,,,,,,,,,0,,,,,,Matches
544,Umut Toy,,DF,Alanyaspor,20,2004,0.0,,,,,,,,,,,,0,,,,,,Matches
545,Trézéguet,eg EGY,MF,Trabzonspor,29,1994,1.0,,,,,,,,,,,,0,,,,,,Matches
546,Ozan Tufan,tr TUR,MF,Trabzonspor,29,1995,18.9,,,,,,,,,,,,2,,,,,,Matches
547,Muhammet Tunahan Taşçı,tr TUR,"MF,FW",Konyaspor,22,2002,5.9,,,,,,,,,,,,1,,,,,,Matches
548,Gökdeniz Tunç,,DF,Adana Demirspor,17,2006,0.7,,,,,,,,,,,,0,,,,,,Matches
549,Bekír Turaç Böke,,"MF,FW",Sivasspor,25,1999,10.9,,,,,,,,,,,,1,,,,,,Matches
550,Aziz Turgʻunboyev,uz UZB,"MF,DF",Sivasspor,29,1994,13.4,,,,,,,,,,,,3,,,,,,Matches
Rk,Player,Nation,Pos,Squad,Age,Born,90s,Cmp,Att,Cmp%,TotDist,PrgDist,Cmp,Att,Cmp,Att,Cmp,Att,Ast,A-xAG,KP,1/3,PPA,CrsPA,Matches
551,Hüseyin Türkmen,tr TUR,DF,Trabzonspor,26,1998,3.4,,,,,,,,,,,,0,,,,,,Matches
552,Deniz Turuc,tr TUR,"MF,FW",Başakşehir,31,1993,25.0,,,,,,,,,,,,7,,,,,,Matches
553,Salih Uçan,tr TUR,MF,Beşiktaş,30,1994,5.5,,,,,,,,,,,,0,,,,,,Matches
554,Hwang Ui-jo,kr KOR,"FW,MF",Alanyaspor,31,1992,16.3,,,,,,,,,,,,1,,,,,,Matches
555,Oğulcan Ülgün,tr TUR,"MF,DF",Konyaspor,26,1998,17.3,,,,,,,,,,,,3,,,,,,Matches
556,Cengiz Ünder,tr TUR,"FW,MF",Fenerbahçe,27,1997,0.4,,,,,,,,,,,,0,,,,,,Matches
557,Arda Ünyay,tr TUR,DF,Galatasaray,17,2007,0.0,,,,,,,,,,,,0,,,,,,Matches
558,Abdurrahman Üresin,,MF,Konyaspor,20,2004,1.0,,,,,,,,,,,,0,,,,,,Matches
559,Arda Usluoğlu,tr TUR,FW,Alanyaspor,17,2006,1.1,,,,,,,,,,,,0,,,,,,Matches
560,Necip Uysal,tr TUR,"DF,MF",Beşiktaş,33,1991,0.7,,,,,,,,,,,,0,,,,,,Matches
561,Anthony Uzodimma,ng NGA,DF,Kayserispor,25,1999,1.0,,,,,,,,,,,,0,,,,,,Matches
562,Emre Uzun,tr TUR,MF,Antalyaspor,19,2005,0.9,,,,,,,,,,,,0,,,,,,Matches
563,Emrecan Uzunhan,,DF,Antalyaspor,23,2001,3.1,,,,,,,,,,,,0,,,,,,Matches
564,Dal Varesanovic,ba BIH,MF,Rizespor,23,2001,22.3,,,,,,,,,,,,1,,,,,,Matches
565,Rúben Vezo,pt POR,DF,Eyüpspor,30,1994,18.9,,,,,,,,,,,,1,,,,,,Matches
566,Bruno Viana,br BRA,DF,Gaziantep FK,29,1995,26.2,,,,,,,,,,,,1,,,,,,Matches
567,Tonny Vilhena,nl NED,MF,Alanyaspor,29,1995,10.5,,,,,,,,,,,,1,,,,,,Matches
568,Edin Višća,ba BIH,MF,Trabzonspor,34,1990,23.8,,,,,,,,,,,,6,,,,,,Matches
569,Güray Vural,tr TUR,"DF,MF",Antalyaspor,36,1988,26.6,,,,,,,,,,,,1,,,,,,Matches
570,Cláudio Winck,br BRA,DF,Kasımpaşa,30,1994,25.9,,,,,,,,,,,,9,,,,,,Matches
571,Robin Yalçın,de GER,DF,Eyüpspor,30,1994,30.4,,,,,,,,,,,,1,,,,,,Matches
572,Samet Yalçın,,MF,BB Bodrumspor,30,1994,5.2,,,,,,,,,,,,0,,,,,,Matches
573,Mert Yandaş,tr TUR,MF,Fenerbahçe,29,1994,3.0,,,,,,,,,,,,2,,,,,,Matches
574,Karahan Yasir Subaşı,tr TUR,"MF,DF",Konyaspor,28,1996,2.9,,,,,,,,,,,,0,,,,,,Matches
575,Zeki Yavru,tr TUR,DF,Samsunspor,32,1991,32.0,,,,,,,,,,,,7,,,,,,Matches
Rk,Player,Nation,Pos,Squad,Age,Born,90s,Cmp,Att,Cmp%,TotDist,PrgDist,Cmp,Att,Cmp,Att,Cmp,Att,Ast,A-xAG,KP,1/3,PPA,CrsPA,Matches
576,Batuhan Yavuz,tr TUR,DF,Alanyaspor,19,2005,1.0,,,,,,,,,,,,0,,,,,,Matches
577,Demir Yavuz,,MF,Adana Demirspor,17,2006,0.3,,,,,,,,,,,,0,,,,,,Matches
578,Ali Yavuz Kol,tr TUR,MF,Adana Demirspor,23,2001,18.9,,,,,,,,,,,,5,,,,,,Matches
579,Uğurcan Yazgılı,tr TUR,DF,Konyaspor,25,1999,21.6,,,,,,,,,,,,1,,,,,,Matches
580,Erdoğan Yeşilyurt,,"DF,MF",Antalyaspor,30,1993,10.5,,,,,,,,,,,,4,,,,,,Matches
581,Abdullah Yiğiter,,GK,Antalyaspor,24,2000,6.0,,,,,,,,,,,,0,,,,,,Matches
582,Özkan Yiğiter,,DF,Sivasspor,24,2000,0.3,,,,,,,,,,,,0,,,,,,Matches
583,Engin Yıldırım,tr TUR,FW,Trabzonspor,19,2005,0.8,,,,,,,,,,,,0,,,,,,Matches
584,Ali Yıldız,,MF,Hatayspor,17,2007,0.1,,,,,,,,,,,,0,,,,,,Matches
585,Berk Yıldızlı,,FW,Kasımpaşa,19,2005,0.1,,,,,,,,,,,,0,,,,,,Matches
586,Ahmet Yilmaz,,MF,Adana Demirspor,18,2006,0.0,,,,,,,,,,,,0,,,,,,Matches
587,Ali Yılmaz,tr TUR,DF,Trabzonspor,20,2004,1.7,,,,,,,,,,,,0,,,,,,Matches
588,Kartal Yılmaz,tr TUR,MF,Kayserispor,23,2000,31.2,,,,,,,,,,,,6,,,,,,Matches
589,Mert Yilmaz,tr TUR,DF,Antalyaspor,25,1999,10.9,,,,,,,,,,,,2,,,,,,Matches
590,Recep Yılmaz,tr TUR,DF,Hatayspor,28,1995,18.9,,,,,,,,,,,,0,,,,,,Matches
591,Okay Yokuşlu,tr TUR,"MF,DF",Trabzonspor,30,1994,18.4,,,,,,,,,,,,1,,,,,,Matches
592,İsmail Yüksek,tr TUR,MF,Fenerbahçe,25,1999,11.1,,,,,,,,,,,,1,,,,,,Matches
593,Celil Yüksel,tr TUR,MF,Samsunspor,26,1998,11.2,,,,,,,,,,,,1,,,,,,Matches
594,Baktiyor Zainutdinov,kz KAZ,DF,Beşiktaş,26,1998,3.9,,,,,,,,,,,,0,,,,,,Matches
595,Altin Zeqiri,xk KVX,MF,Rizespor,24,2000,14.4,,,,,,,,,,,,3,,,,,,Matches
596,Hakim Ziyech,ma MAR,MF,Galatasaray,31,1993,1.7,,,,,,,,,,,,1,,,,,,Matches
597,İsmail Zobu,,MF,Hatayspor,17,2006,0.0,,,,,,,,,,,,0,,,,,,Matches
598,Oleksandr Zubkov,ua UKR,MF,Trabzonspor,27,1996,10.4,,,,,,,,,,,,3,,,,,,Matches
