rk,player,nation,pos,squad,age,born,90s,att,live,dead,fk,tb,sw,crs,ti,ck,in,out,str,cmp,off,blocks,matches
1,Suleiman Abdullahi,ng NGA,"FW,MF",Union Berlin,22,1996,1.7,42,42,0,0,0,0,8,0,0,0,0,0,19,0,3,Matches
2,David Abraham,ar ARG,DF,Eint Frankfurt,33,1986,18.8,911,857,52,22,0,12,9,30,0,0,0,0,738,2,5,Matches
3,Amir Abrashi,al ALB,MF,Freiburg,29,1990,7.4,330,317,13,9,0,0,7,1,0,0,0,0,280,0,9,Matches
4,Tyler Adams,us USA,"MF,DF",RB Leipzig,20,1999,10.6,703,626,77,21,0,5,10,56,0,0,0,0,584,0,14,Matches
5,Sargis Adamyan,am ARM,"FW,MF",Hoffenheim,26,1993,8.3,180,169,10,0,0,1,11,7,0,0,0,0,128,1,11,Matches
6,Manuel Akanji,ch SUI,DF,Dortmund,24,1995,25.7,1948,1871,74,43,2,20,2,31,0,0,0,0,1764,3,10,Matches
7,Kevin Akpoguma,ng NGA,DF,Hoffenheim,24,1995,12.7,757,727,30,14,0,3,3,16,0,0,0,0,664,0,6,Matches
8,David Alaba,at AUT,DF,Bayern Munich,27,1992,27.8,2516,2397,115,55,5,14,29,56,4,0,1,0,2263,4,19,Matches
9,Lucas Alario,ar ARG,FW,Leverkusen,26,1992,13.0,310,274,32,2,1,3,4,2,0,0,0,0,219,4,12,Matches
10,Paco Alcácer,es ESP,FW,Dortmund,25,1993,5.9,111,93,18,0,0,0,1,0,1,0,0,0,81,0,0,Matches
11,Thiago Alcántara,es ESP,MF,Bayern Munich,28,1991,19.7,1813,1748,60,52,4,31,7,4,4,3,0,0,1632,5,20,Matches
12,Nadiem Amiri,de GER,"MF,FW",Leverkusen,22,1996,20.6,1145,972,162,48,7,7,114,34,77,45,25,1,886,11,25,Matches
13,Ethan Ampadu,wls WAL,DF,RB Leipzig,18,2000,0.9,83,81,2,2,0,0,0,0,0,0,0,0,75,0,0,Matches
14,Opoku Ampomah,gh GHA,"FW,MF",Düsseldorf,23,1996,5.6,104,100,4,2,1,3,14,1,1,0,1,0,60,0,8,Matches
15,Sebastian Andersson,se SWE,FW,Union Berlin,28,1991,29.8,800,778,18,0,0,2,31,0,0,0,0,0,463,4,26,Matches
16,Robert Andrich,de GER,MF,Union Berlin,24,1994,28.6,1214,1174,35,20,5,10,39,2,7,2,2,0,857,5,24,Matches
17,Angeliño,es ESP,"DF,FW",RB Leipzig,22,1997,12.2,767,613,151,19,1,5,80,102,30,20,3,0,574,3,20,Matches
18,Christopher Antwi-Adjei,gh GHA,"MF,FW",Paderborn 07,25,1994,27.4,854,703,145,6,1,9,69,107,31,14,5,0,593,6,35,Matches
19,Charles Aránguiz,cl CHI,MF,Leverkusen,30,1989,23.5,1628,1577,42,37,2,8,13,1,4,1,3,0,1385,9,21,Matches
20,Maximilian Arnold,de GER,MF,Wolfsburg,25,1994,31.3,1550,1272,264,146,8,33,166,22,90,29,41,5,1160,14,22,Matches
21,Santiago Ascacíbar,ar ARG,MF,Hertha BSC,22,1997,7.0,311,295,16,15,0,3,2,1,0,0,0,0,261,0,11,Matches
22,Ludwig Augustinsson,se SWE,"DF,MF",Werder Bremen,25,1994,10.3,546,419,125,17,0,2,57,93,15,5,9,0,386,2,18,Matches
23,Taiwo Awoniyi,ng NGA,"FW,MF",Mainz 05,21,1997,5.4,109,105,4,0,1,0,9,1,0,0,0,0,73,0,6,Matches
24,Kaan Ayhan,tr TUR,DF,Düsseldorf,24,1994,30.3,1816,1670,140,55,4,67,23,85,0,0,0,0,1502,6,20,Matches
25,Matthias Bader,de GER,DF,Köln,22,1997,0.1,8,4,4,1,0,0,0,3,0,0,0,0,6,0,0,Matches
Rk,Player,Nation,Pos,Squad,Age,Born,90s,Att,Live,Dead,FK,TB,Sw,Crs,TI,CK,In,Out,Str,Cmp,Off,Blocks,Matches
26,Daniel Baier,de GER,MF,Augsburg,35,1984,21.6,897,859,32,27,1,6,5,5,0,0,0,0,667,6,19,Matches
27,Leon Bailey,jm JAM,"FW,MF",Leverkusen,21,1997,12.1,479,435,44,10,1,5,78,11,23,13,7,1,316,0,18,Matches
28,Lewis Baker,eng ENG,MF,Düsseldorf,24,1995,6.1,222,213,7,5,0,7,4,0,2,0,2,0,182,2,6,Matches
29,Ridle Baku,de GER,"DF,MF",Mainz 05,21,1998,26.1,1167,989,173,19,3,11,83,154,0,0,0,0,827,5,27,Matches
30,Leonardo Balerdi,ar ARG,"DF,MF",Dortmund,20,1999,1.5,132,130,2,2,0,4,0,0,0,0,0,0,115,0,4,Matches
31,Philipp Bargfrede,de GER,MF,Werder Bremen,30,1989,6.5,272,269,2,2,0,2,3,0,0,0,0,0,198,1,6,Matches
32,Aymen Barkok,ma MAR,"FW,MF",Düsseldorf,21,1998,0.9,29,29,0,0,0,2,0,0,0,0,0,0,17,0,0,Matches
33,Leandro Barreiro Martins,lu LUX,MF,Mainz 05,19,2000,10.4,364,348,15,10,0,4,5,1,4,1,2,0,276,1,8,Matches
34,Fin Bartels,de GER,"MF,FW",Werder Bremen,32,1987,3.8,153,147,6,0,0,0,10,5,1,1,0,0,110,0,9,Matches
35,Oliver Batista-Meier,de GER,MF,Bayern Munich,18,2001,0.1,4,4,0,0,0,0,0,0,0,0,0,0,3,0,0,Matches
36,Oliver Baumann,de GER,GK,Hoffenheim,29,1990,30.0,1285,917,364,102,0,2,0,0,0,0,0,0,1006,4,0,Matches
37,Julian Baumgartlinger,at AUT,MF,Leverkusen,31,1988,19.9,1124,1076,44,40,2,11,3,4,0,0,0,0,1013,4,10,Matches
38,Christoph Baumgartner,at AUT,"MF,FW",Hoffenheim,19,1999,16.6,496,457,34,2,0,2,17,6,8,4,4,0,344,5,24,Matches
39,Noah Joel Sarenren Bazee,ng NGA,FW,Augsburg,22,1996,4.2,73,73,0,0,0,0,10,0,0,0,0,0,36,0,15,Matches
40,Ihlas Bebou,tg TOG,"FW,MF",Hoffenheim,25,1994,23.4,640,607,26,1,4,0,37,14,0,0,0,0,429,7,26,Matches
41,Sheraldo Becker,sr SUR,"MF,FW",Union Berlin,24,1995,6.0,134,132,1,0,0,2,17,1,0,0,0,0,77,1,6,Matches
42,Timo Becker,de GER,"DF,MF",Schalke 04,22,1997,3.7,147,120,25,1,0,0,4,24,0,0,0,0,112,2,5,Matches
43,Maximilian Beier,de GER,FW,Hoffenheim,16,2002,1.2,19,16,3,0,0,0,3,0,0,0,0,0,12,0,1,Matches
44,Ishak Belfodil,dz ALG,"FW,MF",Hoffenheim,27,1992,3.0,58,56,2,0,2,0,0,0,0,0,0,0,45,0,2,Matches
45,Karim Bellarabi,de GER,"FW,DF",Leverkusen,29,1990,15.8,704,651,47,1,3,4,110,46,0,0,0,0,470,6,29,Matches
46,Lars Bender,de GER,"DF,MF",Leverkusen,30,1989,15.3,1077,913,162,15,0,8,20,147,0,0,0,0,907,2,22,Matches
47,Sven Bender,de GER,DF,Leverkusen,30,1989,30.3,2565,2505,51,50,1,7,1,1,0,0,0,0,2333,9,5,Matches
48,László Bénes,sk SVK,MF,Gladbach,21,1997,10.0,527,446,74,28,4,7,59,11,34,15,14,0,392,7,7,Matches
49,Keanan Bennetts,eng ENG,MF,Gladbach,20,1999,0.0,1,1,0,0,0,0,0,0,0,0,0,0,1,0,0,Matches
50,Ramy Bensebaini,dz ALG,DF,Gladbach,24,1995,16.1,953,772,179,28,2,2,28,151,0,0,0,0,732,2,19,Matches
Rk,Player,Nation,Pos,Squad,Age,Born,90s,Att,Live,Dead,FK,TB,Sw,Crs,TI,CK,In,Out,Str,Cmp,Off,Blocks,Matches
51,Valon Berisha,xk KVX,MF,Düsseldorf,26,1993,10.5,396,372,20,5,0,6,14,7,8,2,3,0,322,4,9,Matches
52,Jordan Beyer,de GER,DF,Gladbach,19,2000,1.2,44,38,6,0,0,0,1,6,0,0,0,0,32,0,1,Matches
53,Ermin Bičakčić,ba BIH,DF,Hoffenheim,29,1990,13.1,815,790,25,13,2,3,3,12,0,0,0,0,700,0,7,Matches
54,Leonardo Bittencourt,de GER,MF,Hoffenheim,25,1993,0.0,2,2,0,0,0,0,0,0,0,0,0,0,1,0,0,Matches
55,Leonardo Bittencourt,de GER,"FW,MF",Werder Bremen,25,1993,21.0,905,790,114,10,0,3,87,68,21,6,11,2,662,1,36,Matches
56,Jérôme Boateng,de GER,DF,Bayern Munich,30,1988,20.0,1718,1675,37,34,4,10,7,3,0,0,0,0,1530,6,3,Matches
57,Adam Bodzek,de GER,MF,Düsseldorf,33,1985,22.4,714,690,21,19,0,13,2,2,0,0,0,0,574,3,7,Matches
58,Jean-Paul Boëtius,sr SUR,MF,Mainz 05,25,1994,25.2,923,883,33,11,11,12,13,10,0,0,0,0,690,7,21,Matches
59,Melayro Bogarde,nl NED,DF,Hoffenheim,17,2002,0.6,36,35,1,0,0,0,1,1,0,0,0,0,29,0,0,Matches
60,Dennis Borkowski,de GER,FW,RB Leipzig,17,2002,0.1,4,4,0,0,0,0,0,0,0,0,0,0,2,0,1,Matches
61,Robin Bormuth,de GER,DF,Düsseldorf,23,1995,2.0,72,70,2,2,0,3,0,0,0,0,0,0,58,0,1,Matches
62,Sebastiaan Bornauw,be BEL,DF,Köln,20,1999,27.2,1248,1212,28,25,1,21,6,3,0,0,0,0,1008,8,11,Matches
63,Brandon Borrello,au AUS,"MF,FW",Freiburg,24,1995,3.3,68,68,0,0,1,0,4,0,0,0,0,0,50,0,0,Matches
64,Nassim Boujellab,ma MAR,"MF,FW",Schalke 04,20,1999,4.7,137,137,0,0,0,1,0,0,0,0,0,0,106,0,5,Matches
65,Dedryck Boyata,be BEL,DF,Hertha BSC,28,1990,27.1,1373,1350,21,20,0,13,0,1,0,0,0,0,1226,2,5,Matches
66,Can Bozdogan,de GER,MF,Schalke 04,18,2001,2.6,74,73,1,1,0,1,0,0,0,0,0,0,52,0,6,Matches
67,Julian Brandt,de GER,"MF,FW",Dortmund,23,1996,24.5,1670,1623,41,13,12,23,38,7,17,8,7,0,1370,6,34,Matches
68,Josip Brekalo,hr CRO,"MF,FW",Wolfsburg,21,1998,18.6,826,721,99,19,4,5,78,25,47,13,19,1,564,6,31,Matches
69,John Brooks,us USA,DF,Wolfsburg,26,1993,24.7,1235,1187,47,43,0,17,1,4,0,0,0,0,1008,1,5,Matches
70,Daniel Brosinski,de GER,DF,Mainz 05,31,1988,19.0,1073,708,356,57,0,5,173,218,81,30,45,1,662,9,20,Matches
71,Jeffrey Bruma,nl NED,DF,Wolfsburg,27,1991,9.0,324,306,17,17,0,1,0,0,0,0,0,0,269,1,4,Matches
72,Jeffrey Bruma,nl NED,DF,Mainz 05,27,1991,7.5,318,304,13,10,0,4,0,3,0,0,0,0,272,1,0,Matches
73,Jacob Bruun Larsen,dk DEN,"FW,MF",Hoffenheim,20,1998,4.3,135,130,5,0,0,0,7,3,2,1,1,0,104,0,9,Matches
74,Jacob Bruun Larsen,dk DEN,FW,Dortmund,20,1998,0.8,28,28,0,0,1,0,0,0,0,0,0,0,22,0,1,Matches
75,Marius Bülter,de GER,"MF,FW",Union Berlin,26,1993,25.8,639,606,30,1,2,3,73,27,0,0,0,0,379,3,29,Matches
Rk,Player,Nation,Pos,Squad,Age,Born,90s,Att,Live,Dead,FK,TB,Sw,Crs,TI,CK,In,Out,Str,Cmp,Off,Blocks,Matches
76,Guido Burgstaller,at AUT,FW,Schalke 04,30,1989,13.7,297,261,31,0,1,1,12,1,0,0,0,0,197,5,12,Matches
77,Jonathan Burkardt,de GER,"FW,MF",Mainz 05,19,2000,2.8,48,41,7,1,0,0,2,3,0,0,0,0,37,0,4,Matches
78,Roman Bürki,ch SUI,GK,Dortmund,28,1990,30.8,1050,800,248,47,0,2,0,0,0,0,0,0,834,2,0,Matches
79,Daniel Caligiuri,it ITA,"MF,FW",Schalke 04,31,1988,25.5,1001,832,160,64,3,4,123,30,66,3,50,1,626,9,53,Matches
80,Emre Can,de GER,"MF,DF",Dortmund,25,1994,10.6,730,709,18,14,0,6,6,4,0,0,0,0,636,3,9,Matches
81,Koen Casteels,be BEL,GK,Wolfsburg,27,1992,26.0,979,739,231,53,0,4,0,0,0,0,0,0,721,9,0,Matches
82,Timothy Chandler,us USA,"DF,MF",Eint Frankfurt,29,1990,13.6,468,400,67,5,0,6,64,62,0,0,0,0,281,1,14,Matches
83,Kwon Chang-hoon,kr KOR,"MF,FW",Freiburg,25,1994,7.5,272,267,2,0,2,2,18,2,0,0,0,0,192,3,7,Matches
84,Darko Churlinov,mk MKD,MF,Köln,19,2000,0.2,10,10,0,0,0,0,2,0,0,0,0,0,7,0,1,Matches
85,Per Ciljan Skjelbred,no NOR,MF,Hertha BSC,32,1987,18.1,731,704,24,17,0,3,5,6,0,0,0,0,600,3,9,Matches
86,Christian Clemens,de GER,FW,Köln,27,1991,0.2,4,3,1,0,0,0,1,0,1,0,1,0,2,0,1,Matches
87,Jamilu Collins,ng NGA,DF,Paderborn 07,24,1994,29.6,1770,1436,324,20,1,7,41,304,0,0,0,0,1307,10,68,Matches
88,Kingsley Coman,fr FRA,"FW,MF",Bayern Munich,23,1996,16.7,787,779,5,0,3,7,75,3,2,0,0,0,599,3,25,Matches
89,Jhon Córdoba,co COL,FW,Köln,26,1993,22.2,423,375,47,0,1,2,10,1,0,0,0,0,317,1,12,Matches
90,Sergio Córdova,ve VEN,FW,Augsburg,21,1997,4.1,78,71,6,0,0,1,2,0,0,0,0,0,51,1,2,Matches
91,Danny da Costa,de GER,"DF,FW",Eint Frankfurt,26,1993,15.4,636,522,109,1,1,2,83,108,0,0,0,0,417,5,30,Matches
92,Philippe Coutinho,br BRA,"MF,FW",Bayern Munich,27,1992,15.7,857,792,60,12,10,6,41,10,27,21,2,0,691,5,14,Matches
93,Mickaël Cuisance,fr FRA,"MF,FW",Bayern Munich,19,1999,3.4,193,173,20,4,0,1,15,2,13,5,5,0,155,0,5,Matches
94,Matheus Cunha,br BRA,"FW,MF",Hertha BSC,20,1999,8.3,170,158,10,5,1,8,5,1,1,0,0,0,108,2,2,Matches
95,Matheus Cunha,br BRA,"FW,MF",RB Leipzig,20,1999,3.1,97,96,1,0,0,1,1,1,0,0,0,0,75,0,1,Matches
96,Rafael Czichos,de GER,DF,Köln,29,1990,24.5,1231,1155,73,65,3,6,5,8,0,0,0,0,1002,3,8,Matches
97,Moanes Dabbur,il ISR,FW,Hoffenheim,27,1992,8.5,253,241,12,0,2,0,4,3,0,0,0,0,180,0,15,Matches
98,Mahmoud Dahoud,de GER,MF,Dortmund,23,1996,6.2,487,481,5,5,1,5,4,0,0,0,0,0,438,1,8,Matches
99,Leon Dajaku,de GER,"DF,MF",Bayern Munich,18,2001,0.1,6,5,1,0,0,0,0,1,0,0,0,0,5,0,0,Matches
100,Vladimír Darida,cz CZE,MF,Hertha BSC,28,1990,25.1,1162,1045,110,45,2,18,99,12,49,11,31,1,835,7,38,Matches
Rk,Player,Nation,Pos,Squad,Age,Born,90s,Att,Live,Dead,FK,TB,Sw,Crs,TI,CK,In,Out,Str,Cmp,Off,Blocks,Matches
101,Alphonso Davies,ca CAN,DF,Bayern Munich,18,2000,24.8,1818,1543,271,32,0,5,64,239,0,0,0,0,1556,4,30,Matches
102,Thomas Delaney,dk DEN,MF,Dortmund,27,1991,9.2,585,570,12,11,2,6,1,1,0,0,0,0,490,3,11,Matches
103,Kerem Demirbay,de GER,MF,Leverkusen,26,1993,17.5,1211,1050,154,50,3,15,122,9,95,62,27,0,939,7,21,Matches
104,Diego Demme,de GER,MF,RB Leipzig,27,1991,13.5,1104,1062,35,33,2,4,8,2,0,0,0,0,944,7,18,Matches
105,Moussa Diaby,fr FRA,"FW,MF",Leverkusen,20,1999,19.7,697,676,21,1,1,3,87,18,1,1,0,0,506,0,21,Matches
106,Javairô Dilrosun,nl NED,"MF,FW",Hertha BSC,21,1998,14.5,399,385,13,4,0,6,34,6,3,0,2,0,280,1,12,Matches
107,Ji Dong-won,kr KOR,"FW,MF",Mainz 05,28,1991,1.1,26,23,3,2,0,0,3,1,0,0,0,0,14,0,1,Matches
108,Bas Dost,nl NED,FW,Eint Frankfurt,30,1989,16.4,460,446,13,0,1,3,1,0,0,0,0,0,271,1,8,Matches
109,Mamadou Doucouré,fr FRA,MF,Gladbach,21,1998,0.0,9,9,0,0,0,0,0,0,0,0,0,0,9,0,0,Matches
110,Mohamed Dräger,tn TUN,DF,Paderborn 07,23,1996,16.2,821,646,172,11,1,8,42,161,0,0,0,0,621,3,28,Matches
111,Aleksandar Dragović,at AUT,DF,Leverkusen,28,1991,11.4,956,908,47,11,0,15,1,36,0,0,0,0,847,1,10,Matches
112,Dominick Drexler,de GER,"MF,FW",Köln,29,1990,17.6,667,618,47,13,3,1,48,30,4,1,3,0,483,2,18,Matches
113,Ondrej Duda,sk SVK,MF,Hertha BSC,24,1994,5.0,187,166,18,13,1,1,7,2,3,0,2,0,144,3,6,Matches
114,Erik Durm,de GER,"DF,FW",Eint Frankfurt,27,1992,5.7,238,193,44,0,0,1,19,43,1,0,1,0,145,1,12,Matches
115,Johannes Eggestein,de GER,"MF,FW",Werder Bremen,21,1998,5.7,202,193,7,2,0,0,13,3,2,0,2,0,144,2,9,Matches
116,Maximilian Eggestein,de GER,MF,Werder Bremen,22,1996,31.7,1459,1372,77,26,3,6,22,51,0,0,0,0,1125,10,54,Matches
117,Kingsley Ehizibue,nl NED,DF,Köln,24,1995,25.9,1128,898,228,13,0,3,72,215,0,0,0,0,829,2,34,Matches
118,Ilay Elmkies,il ISR,MF,Hoffenheim,19,2000,0.0,4,4,0,0,1,0,0,0,0,0,0,0,3,0,0,Matches
119,Nico Elvedi,ch SUI,DF,Gladbach,22,1996,29.1,1741,1680,58,57,0,5,1,1,0,0,0,0,1598,3,9,Matches
120,Breel Embolo,ch SUI,"FW,MF",Gladbach,22,1997,17.2,384,358,19,1,4,0,3,0,0,0,0,0,288,7,15,Matches
121,Alexander Esswein,de GER,"FW,MF",Hertha BSC,29,1990,2.4,85,79,6,1,0,1,6,5,0,0,0,0,53,0,5,Matches
122,Antony Evans,eng ENG,"MF,DF",Paderborn 07,20,1998,1.7,65,51,14,3,0,2,16,1,10,6,4,0,41,0,0,Matches
123,Simon Falette,gn GUI,DF,Eint Frankfurt,27,1992,1.0,63,60,3,3,0,3,0,0,0,0,0,0,49,0,1,Matches
124,Ohis Felix Uduokhai,de GER,DF,Augsburg,21,1997,21.8,921,890,30,30,0,9,0,0,0,0,0,0,743,1,10,Matches
125,Edimilson Fernandes,ch SUI,"MF,DF",Mainz 05,23,1996,16.5,700,689,11,10,3,9,15,1,0,0,0,0,599,0,8,Matches
Rk,Player,Nation,Pos,Squad,Age,Born,90s,Att,Live,Dead,FK,TB,Sw,Crs,TI,CK,In,Out,Str,Cmp,Off,Blocks,Matches
126,Gelson Fernandes,ch SUI,MF,Eint Frankfurt,32,1986,8.6,264,264,0,0,0,0,2,0,0,0,0,0,209,0,6,Matches
127,Oliver Fink,de GER,"MF,FW",Düsseldorf,37,1982,7.5,273,270,2,1,0,2,8,1,0,0,0,0,155,1,13,Matches
128,Alfreð Finnbogason,is ISL,FW,Augsburg,30,1989,10.7,241,219,19,0,0,5,1,6,0,0,0,0,148,3,8,Matches
129,Mark Flekken,nl NED,GK,Freiburg,26,1993,10.0,432,303,129,21,0,0,0,0,0,0,0,0,306,0,1,Matches
130,Emil Forsberg,se SWE,MF,RB Leipzig,27,1991,12.7,531,499,27,3,12,2,24,2,19,8,8,0,414,5,15,Matches
131,Raphael Framberger,de GER,DF,Augsburg,23,1995,13.1,514,361,150,5,0,1,22,145,0,0,0,0,327,3,23,Matches
132,Mike Frantz,de GER,MF,Freiburg,32,1986,3.9,123,112,11,4,0,0,7,5,0,0,0,0,88,0,2,Matches
133,Marco Friedl,at AUT,"DF,MF",Werder Bremen,21,1998,24.3,1326,1045,277,48,0,25,86,204,25,12,10,0,999,4,29,Matches
134,Marvin Friedrich,de GER,DF,Union Berlin,23,1995,31.0,1214,1168,41,39,0,7,6,2,0,0,0,0,920,5,16,Matches
135,Samúel Friðjónsson,is ISL,MF,Paderborn 07,23,1996,2.1,104,102,2,2,0,1,0,0,0,0,0,0,81,0,4,Matches
136,Niclas Füllkrug,de GER,FW,Werder Bremen,26,1993,4.5,122,110,11,0,1,1,2,1,0,0,0,0,79,1,4,Matches
137,Mijat Gaćinović,rs SRB,"MF,FW",Eint Frankfurt,24,1995,11.6,359,341,18,3,0,2,13,9,1,0,1,0,249,0,20,Matches
138,Theodor Gebre Selassie,cz CZE,"DF,MF",Werder Bremen,32,1986,27.0,1345,1113,232,20,0,3,37,212,0,0,0,0,1094,0,22,Matches
139,Dennis Geiger,de GER,MF,Hoffenheim,21,1998,12.6,610,523,83,23,2,2,55,8,46,21,18,1,509,4,9,Matches
140,Christian Gentner,de GER,MF,Union Berlin,33,1985,27.1,1054,985,61,20,2,2,29,4,0,0,0,0,743,8,33,Matches
141,Yannick Gerhardt,de GER,MF,Wolfsburg,25,1994,9.2,387,375,11,5,1,2,15,4,2,1,0,0,293,1,10,Matches
142,Niko Gießelmann,de GER,DF,Düsseldorf,27,1991,22.9,1170,904,266,53,1,14,81,193,20,3,17,0,871,0,16,Matches
143,Rafał Gikiewicz,pl POL,GK,Union Berlin,31,1987,33.0,1354,921,427,158,0,1,0,0,0,0,0,0,865,6,1,Matches
144,Daniel Ginczek,de GER,FW,Wolfsburg,28,1991,8.5,203,187,16,0,1,2,4,3,0,0,0,0,133,0,6,Matches
145,Matthias Ginter,de GER,DF,Gladbach,25,1994,30.9,2207,2125,71,64,3,24,5,7,0,0,0,0,1865,11,9,Matches
146,Klaus Gjasula,al ALB,MF,Paderborn 07,29,1989,25.3,1165,1144,18,17,2,20,5,1,0,0,0,0,891,3,29,Matches
147,Serge Gnabry,de GER,"FW,MF",Bayern Munich,24,1995,24.4,1134,1092,38,2,4,1,70,33,2,0,0,0,886,4,33,Matches
148,Akaki Gogia,de GER,"MF,FW",Union Berlin,27,1992,1.3,48,42,5,2,0,0,3,3,0,0,0,0,31,1,3,Matches
149,Benjamin Goller,de GER,"FW,MF",Werder Bremen,20,1999,3.2,99,88,9,1,0,0,4,3,0,0,0,0,63,2,5,Matches
150,Jérôme Gondorf,de GER,MF,Freiburg,31,1988,1.3,42,40,2,2,0,1,0,0,0,0,0,0,31,0,0,Matches
Rk,Player,Nation,Pos,Squad,Age,Born,90s,Att,Live,Dead,FK,TB,Sw,Crs,TI,CK,In,Out,Str,Cmp,Off,Blocks,Matches
151,Leon Goretzka,de GER,MF,Bayern Munich,24,1995,16.8,923,900,18,6,1,10,4,3,0,0,0,0,789,5,20,Matches
152,Mario Götze,de GER,FW,Dortmund,27,1992,5.8,284,265,19,0,2,1,8,5,0,0,0,0,237,0,3,Matches
153,Jeffrey Gouweleeuw,nl NED,DF,Augsburg,28,1991,18.3,762,708,45,44,1,14,2,1,0,0,0,0,574,9,9,Matches
154,Michael Gregoritsch,at AUT,"MF,FW",Augsburg,25,1994,3.4,98,96,1,1,0,0,1,0,0,0,0,0,65,1,1,Matches
155,Michael Gregoritsch,at AUT,FW,Schalke 04,25,1994,9.2,220,190,28,1,5,0,3,7,0,0,0,0,139,2,9,Matches
156,Vincenzo Grifo,it ITA,MF,Hoffenheim,26,1993,0.2,13,10,3,2,0,0,1,0,1,1,0,0,11,0,0,Matches
157,Vincenzo Grifo,it ITA,"MF,FW",Freiburg,26,1993,18.0,776,664,104,36,4,15,101,14,48,23,20,1,562,8,20,Matches
158,Florian Grillitsch,at AUT,"MF,DF",Hoffenheim,23,1995,26.8,1769,1679,85,74,6,10,12,11,0,0,0,0,1561,5,20,Matches
159,Christian Groß,de GER,"DF,MF",Werder Bremen,30,1989,9.7,483,466,13,10,0,1,3,3,0,0,0,0,413,4,3,Matches
160,Carlos Gruezo,ec ECU,MF,Augsburg,24,1995,9.8,313,304,8,7,0,9,1,1,0,0,0,0,257,1,8,Matches
161,Marko Grujić,rs SRB,MF,Hertha BSC,23,1996,26.8,1101,1076,22,18,1,16,5,2,0,0,0,0,863,3,24,Matches
162,Raphaël Guerreiro,pt POR,"DF,MF",Dortmund,25,1993,25.9,2129,1880,238,42,6,6,67,167,29,13,5,1,1859,11,26,Matches
163,Babacar Guèye,sn SEN,FW,Paderborn 07,24,1994,1.2,24,18,6,0,1,0,0,0,0,0,0,0,20,0,1,Matches
164,Josuha Guilavogui,fr FRA,"MF,DF",Wolfsburg,28,1990,22.9,1009,981,23,19,3,8,6,4,0,0,0,0,815,5,12,Matches
165,Péter Gulácsi,hu HUN,GK,RB Leipzig,29,1990,32.0,1265,963,296,69,0,5,0,0,0,0,0,0,1014,6,0,Matches
166,Manuel Gulde,de GER,DF,Freiburg,28,1991,15.2,815,775,40,33,0,8,11,7,0,0,0,0,698,0,11,Matches
167,Christian Günter,de GER,DF,Freiburg,26,1993,33.7,1655,1166,481,63,3,12,274,335,83,59,15,0,1144,8,54,Matches
168,Jonathan de Guzmán,nl NED,MF,Eint Frankfurt,31,1987,1.0,104,87,16,9,0,1,14,1,6,2,2,1,78,1,2,Matches
169,Erling Haaland,no NOR,FW,Dortmund,19,2000,11.8,242,213,26,0,2,0,6,3,0,0,0,0,166,3,10,Matches
170,Janik Haberer,de GER,"MF,FW",Freiburg,25,1994,19.1,906,872,32,16,1,15,12,9,1,0,0,0,739,2,20,Matches
171,Alexander Hack,de GER,DF,Mainz 05,25,1993,8.9,429,409,15,13,0,7,2,2,0,0,0,0,327,5,9,Matches
172,André Hahn,de GER,"FW,MF",Augsburg,28,1990,7.8,178,167,10,1,1,5,15,7,1,0,0,0,98,1,12,Matches
173,Amadou Haidara,ml MLI,MF,RB Leipzig,21,1998,8.4,560,553,6,1,3,5,6,5,0,0,0,0,474,1,11,Matches
174,Achraf Hakimi,ma MAR,"DF,MF",Dortmund,20,1998,30.2,2426,2146,279,13,3,17,95,259,7,1,3,0,2026,1,64,Matches
175,Marcel Halstenberg,de GER,DF,RB Leipzig,27,1991,28.0,1909,1669,229,52,2,12,56,150,27,10,13,0,1593,11,26,Matches
Rk,Player,Nation,Pos,Squad,Age,Born,90s,Att,Live,Dead,FK,TB,Sw,Crs,TI,CK,In,Out,Str,Cmp,Off,Blocks,Matches
176,Amine Harit,ma MAR,"MF,FW",Schalke 04,22,1997,23.4,913,863,46,22,8,6,22,15,9,2,5,0,754,4,19,Matches
177,Martin Harnik,at AUT,"MF,FW",Werder Bremen,32,1987,0.1,4,4,0,0,0,0,0,0,0,0,0,0,2,0,0,Matches
178,Makoto Hasebe,jp JPN,"DF,MF",Eint Frankfurt,35,1984,21.9,1408,1298,104,96,2,10,1,8,0,0,0,0,1224,6,10,Matches
179,Kai Havertz,de GER,"MF,FW",Leverkusen,20,1999,27.3,1403,1352,48,9,5,8,28,19,10,4,2,0,1182,3,36,Matches
180,Thorgan Hazard,be BEL,"FW,MF",Dortmund,26,1993,26.4,1228,1113,114,10,5,14,112,23,78,18,47,0,938,1,37,Matches
181,Jonas Hector,de GER,"MF,DF",Köln,29,1990,27.0,1289,1185,101,42,4,6,29,53,6,2,2,0,1014,3,23,Matches
182,Dominique Heintz,de GER,DF,Freiburg,25,1993,27.0,1352,1294,54,51,3,23,12,3,0,0,0,0,1112,4,22,Matches
183,Rouwen Hennings,de GER,FW,Düsseldorf,31,1987,27.3,642,559,80,0,3,5,30,4,0,0,0,0,434,3,26,Matches
184,Lucas Hernández,fr FRA,DF,Bayern Munich,23,1996,10.2,814,754,57,15,0,5,6,42,0,0,0,0,714,3,8,Matches
185,Patrick Herrmann,de GER,"FW,MF",Gladbach,28,1991,16.1,529,491,36,8,2,3,64,17,10,6,3,0,367,2,19,Matches
186,Martin Hinteregger,at AUT,DF,Eint Frankfurt,26,1992,30.2,1707,1501,199,58,1,20,19,141,0,0,0,0,1274,7,25,Matches
187,Marwin Hitz,ch SUI,GK,Dortmund,31,1987,3.2,100,73,27,2,0,0,0,0,0,0,0,0,84,0,0,Matches
188,André Hoffmann,de GER,DF,Düsseldorf,26,1993,27.0,1377,1316,60,52,0,11,2,8,0,0,0,0,1221,1,9,Matches
189,Nicolas Höfler,de GER,MF,Freiburg,29,1990,30.9,1516,1436,75,40,1,6,4,3,0,0,0,0,1277,5,26,Matches
190,Jonas Hofmann,de GER,"MF,FW",Gladbach,27,1992,18.1,877,757,115,49,4,15,74,11,55,28,14,0,686,5,19,Matches
191,Jonas Hofmann,de GER,MF,Schalke 04,22,1997,0.0,2,2,0,0,0,0,0,0,0,0,0,0,1,0,0,Matches
192,Marco Höger,de GER,MF,Köln,29,1989,7.5,423,408,14,11,0,2,5,3,0,0,0,0,343,1,7,Matches
193,Lucas Höler,de GER,"FW,MF",Freiburg,25,1994,27.6,645,624,17,3,2,1,19,4,1,0,0,0,422,4,35,Matches
194,Gerrit Holtmann,ph PHI,"MF,DF",Paderborn 07,24,1995,11.8,396,345,50,4,1,1,37,46,0,0,0,0,278,1,24,Matches
195,Luca Horn,de GER,DF,Wolfsburg,20,1998,0.1,9,6,3,0,0,0,0,3,0,0,0,0,9,0,0,Matches
196,Timo Horn,de GER,GK,Köln,26,1993,34.0,1207,814,384,87,0,2,0,0,0,0,0,0,888,9,1,Matches
197,Lukáš Hrádecký,fi FIN,GK,Leverkusen,29,1989,34.0,1602,1298,299,67,0,5,0,0,0,0,0,0,1232,5,0,Matches
198,Benjamin Hübner,de GER,DF,Hoffenheim,30,1989,23.0,1589,1526,59,49,4,15,6,9,0,0,0,0,1367,4,8,Matches
199,Florian Hübner,de GER,DF,Union Berlin,28,1991,9.4,288,273,13,13,1,0,1,0,0,0,0,0,228,2,4,Matches
200,Mats Hummels,de GER,DF,Dortmund,30,1988,28.7,2301,2220,71,67,6,26,7,4,0,0,0,0,2000,10,13,Matches
Rk,Player,Nation,Pos,Squad,Age,Born,90s,Att,Live,Dead,FK,TB,Sw,Crs,TI,CK,In,Out,Str,Cmp,Off,Blocks,Matches
201,Uwe Hünemeier,de GER,DF,Paderborn 07,33,1986,13.4,818,789,26,25,0,14,1,1,0,0,0,0,704,3,4,Matches
202,Jannik Huth,de GER,GK,Paderborn 07,25,1994,6.0,251,186,65,17,0,2,0,0,0,0,0,0,200,0,0,Matches
203,Iago,br BRA,"DF,MF",Augsburg,22,1997,7.5,298,222,71,4,0,0,17,67,0,0,0,0,183,5,14,Matches
204,Vedad Ibišević,ba BIH,FW,Hertha BSC,34,1984,14.0,236,205,29,0,2,2,1,0,0,0,0,0,165,2,6,Matches
205,Luc Ihorst,de GER,FW,Werder Bremen,19,2000,0.1,4,4,0,0,1,0,0,0,0,0,0,0,1,0,1,Matches
206,Stefan Ilsanker,at AUT,DF,RB Leipzig,30,1989,4.6,373,365,8,7,0,3,1,1,0,0,0,0,332,0,2,Matches
207,Stefan Ilsanker,at AUT,"DF,MF",Eint Frankfurt,30,1989,9.3,548,524,23,14,1,4,5,9,0,0,0,0,436,1,6,Matches
208,Marcus Ingvartsen,dk DEN,"MF,FW",Union Berlin,23,1996,19.1,501,485,11,2,1,0,19,1,2,0,2,0,326,5,14,Matches
209,Gian-Luca Itter,de GER,"DF,MF",Freiburg,20,1999,0.4,26,20,6,1,0,0,2,5,0,0,0,0,24,0,1,Matches
210,Ismail Jakobs,sn SEN,"FW,DF",Köln,19,1999,18.6,596,540,54,5,1,1,73,49,0,0,0,0,373,2,30,Matches
211,Laurent Jans,lu LUX,DF,Paderborn 07,26,1992,17.5,861,678,180,5,0,12,39,175,0,0,0,0,627,3,22,Matches
212,Tony Jantschke,de GER,DF,Gladbach,29,1990,11.2,665,626,39,15,1,1,6,24,0,0,0,0,535,0,11,Matches
213,Rune Jarstein,no NOR,GK,Hertha BSC,34,1984,28.3,1015,698,312,88,0,3,0,0,0,0,0,0,674,5,0,Matches
214,Dennis Jastrzembski,pl POL,"MF,FW",Paderborn 07,19,2000,2.0,56,46,7,1,0,0,9,3,3,1,2,0,35,3,2,Matches
215,Tin Jedvaj,hr CRO,DF,Augsburg,23,1995,29.3,1154,997,154,79,0,13,16,75,0,0,0,0,842,3,28,Matches
216,Fredrik Jensen,fi FIN,"MF,FW",Augsburg,21,1997,5.1,89,87,1,0,0,0,5,0,0,0,0,0,56,1,7,Matches
217,Fabian Johnson,us USA,"MF,DF",Gladbach,31,1987,3.0,113,98,14,0,0,0,2,14,0,0,0,0,84,1,4,Matches
218,Dejan Joveljić,rs SRB,FW,Eint Frankfurt,19,1999,1.7,28,25,3,0,0,0,1,0,0,0,0,0,22,0,0,Matches
219,Mathias Jørgensen,dk DEN,DF,Düsseldorf,29,1990,5.5,220,209,10,9,0,2,0,1,0,0,0,0,183,1,1,Matches
220,Ozan Kabak,tr TUR,DF,Schalke 04,19,2000,19.7,1040,1022,17,15,0,10,1,2,0,0,0,0,846,1,6,Matches
221,Pavel Kadeřábek,cz CZE,"DF,FW",Hoffenheim,27,1992,27.5,1372,1172,197,7,0,4,113,190,0,0,0,0,957,3,53,Matches
222,Florian Kainz,at AUT,"FW,MF",Köln,26,1992,17.3,748,616,120,20,1,12,170,34,66,28,34,1,444,12,25,Matches
223,Salomon Kalou,ci CIV,"FW,MF",Hertha BSC,33,1985,1.6,42,41,1,0,1,0,1,1,0,0,0,0,27,0,0,Matches
224,Daichi Kamada,jp JPN,"MF,FW",Eint Frankfurt,22,1996,21.9,772,673,96,19,4,3,89,6,59,25,27,0,568,3,17,Matches
225,Kevin Kampl,si SVN,MF,RB Leipzig,28,1990,7.5,524,501,21,17,4,1,7,4,0,0,0,0,458,2,13,Matches
Rk,Player,Nation,Pos,Squad,Age,Born,90s,Att,Live,Dead,FK,TB,Sw,Crs,TI,CK,In,Out,Str,Cmp,Off,Blocks,Matches
226,Stefanos Kapino,gr GRE,GK,Werder Bremen,25,1994,1.0,35,22,13,4,0,0,0,0,0,0,0,0,25,0,0,Matches
227,Kenan Karaman,tr TUR,"FW,MF",Düsseldorf,25,1994,15.0,339,324,15,0,0,1,18,1,0,0,0,0,215,0,9,Matches
228,Mamoudou Karamoko,fr FRA,MF,Wolfsburg,19,1999,0.1,7,7,0,0,0,0,0,0,0,0,0,0,4,0,1,Matches
229,Florian Kastenmeier,de GER,GK,Düsseldorf,22,1997,17.0,626,457,164,52,0,1,0,0,0,0,0,0,436,5,0,Matches
230,Noah Katterbach,de GER,DF,Köln,18,2001,14.6,749,592,154,16,3,5,22,137,1,0,0,0,517,3,16,Matches
231,Yannik Keitel,de GER,MF,Freiburg,19,2000,1.9,58,56,2,1,0,3,0,0,0,0,0,0,47,0,2,Matches
232,Jonjoe Kenny,eng ENG,DF,Schalke 04,22,1997,30.2,1580,1209,359,17,0,13,59,342,0,0,0,0,1168,12,38,Matches
233,Rani Khedira,de GER,MF,Augsburg,25,1994,29.4,891,873,13,10,1,4,9,2,1,0,0,0,616,5,23,Matches
234,Luca Kilian,de GER,DF,Paderborn 07,19,1999,14.0,718,690,27,24,1,3,1,3,0,0,0,0,641,1,4,Matches
235,Joshua Kimmich,de GER,"MF,DF",Bayern Munich,24,1995,31.3,2870,2510,352,97,11,25,230,84,170,62,87,0,2435,8,31,Matches
236,Davy Klaassen,nl NED,MF,Werder Bremen,26,1993,32.6,1282,1231,47,19,3,11,18,25,1,0,1,0,973,4,33,Matches
237,Felix Klaus,de GER,"MF,FW",Wolfsburg,26,1992,7.4,220,209,10,1,2,0,20,9,0,0,0,0,142,1,13,Matches
238,Lukas Klostermann,de GER,DF,RB Leipzig,23,1996,29.4,1814,1698,113,27,0,3,25,86,0,0,0,0,1536,3,17,Matches
239,Lukas Klünter,de GER,DF,Hertha BSC,23,1996,20.9,818,623,189,22,0,5,32,167,0,0,0,0,557,6,23,Matches
240,Robin Knoche,de GER,DF,Wolfsburg,27,1992,17.7,979,941,38,32,0,12,4,6,0,0,0,0,807,0,10,Matches
241,Robin Koch,de GER,"DF,MF",Freiburg,23,1996,30.1,1517,1479,35,33,4,19,4,2,0,0,0,0,1266,3,18,Matches
242,Dominik Kohr,de GER,MF,Eint Frankfurt,25,1994,16.1,797,775,20,13,0,6,13,2,4,1,2,0,636,2,17,Matches
243,Ibrahima Konaté,fr FRA,DF,RB Leipzig,20,1999,6.3,345,339,6,6,0,1,3,0,0,0,0,0,305,0,0,Matches
244,Pascal Köpke,de GER,FW,Hertha BSC,23,1995,1.3,34,33,1,1,0,0,1,0,0,0,0,0,23,0,1,Matches
245,Filip Kostić,rs SRB,"DF,FW",Eint Frankfurt,26,1992,32.9,1609,1281,319,54,2,15,385,155,110,31,68,0,942,9,75,Matches
246,Tomáš Koubek,cz CZE,GK,Augsburg,26,1992,24.0,841,560,275,62,0,3,0,1,0,0,0,0,503,6,0,Matches
247,Dawid Kownacki,pl POL,"FW,MF",Düsseldorf,22,1997,12.1,317,296,20,1,0,5,16,12,0,0,0,0,206,1,16,Matches
248,Thomas Kraft,de GER,GK,Hertha BSC,31,1988,4.0,129,87,41,8,0,0,0,0,0,0,0,0,78,1,0,Matches
249,Andrej Kramarić,hr CRO,"FW,MF",Hoffenheim,28,1991,15.8,549,510,36,3,1,2,27,7,2,1,1,0,440,3,10,Matches
250,Christoph Kramer,de GER,MF,Gladbach,28,1991,16.3,932,892,36,33,1,3,7,2,1,1,0,0,788,4,8,Matches
Rk,Player,Nation,Pos,Squad,Age,Born,90s,Att,Live,Dead,FK,TB,Sw,Crs,TI,CK,In,Out,Str,Cmp,Off,Blocks,Matches
251,Tom Krauß,de GER,MF,RB Leipzig,18,2001,0.0,5,5,0,0,0,0,0,0,0,0,0,0,5,0,0,Matches
252,Felix Kroos,de GER,"MF,DF",Union Berlin,28,1991,4.2,165,154,11,7,1,1,4,0,3,2,0,0,129,0,2,Matches
253,Lukas Kübler,de GER,DF,Freiburg,26,1992,2.3,99,89,9,3,0,2,3,6,0,0,0,0,76,1,0,Matches
254,Pierre Kunde,cm CMR,MF,Mainz 05,24,1995,20.7,1019,939,77,57,2,16,29,11,9,3,6,0,790,3,11,Matches
255,Ahmed Kutucu,tr TUR,"FW,MF",Schalke 04,19,2000,7.5,172,161,9,0,1,1,7,1,0,0,0,0,118,2,8,Matches
256,Konrad Laimer,at AUT,MF,RB Leipzig,22,1997,23.5,1296,1257,35,23,6,10,8,12,0,0,0,0,1045,4,27,Matches
257,Stefan Lainer,at AUT,DF,Gladbach,26,1992,30.1,1561,1243,309,35,0,10,103,273,1,0,0,1,1086,9,52,Matches
258,Michael Lang,ch SUI,"DF,FW",Werder Bremen,28,1991,6.0,326,267,58,3,0,1,18,55,0,0,0,0,262,1,5,Matches
259,Sebastian Langkamp,de GER,DF,Werder Bremen,31,1988,3.5,198,189,9,9,0,0,0,0,0,0,0,0,169,0,4,Matches
260,Danny Latza,de GER,MF,Mainz 05,29,1989,15.3,626,598,28,18,1,7,10,5,4,2,2,0,495,0,10,Matches
261,Mathew Leckie,au AUS,"DF,FW",Hertha BSC,28,1991,2.2,87,78,9,0,0,0,3,9,0,0,0,0,59,0,6,Matches
262,Toni Leistner,de GER,DF,Köln,28,1990,11.2,646,623,20,18,0,5,2,2,0,0,0,0,522,3,4,Matches
263,Tim Lemperle,de GER,MF,Köln,17,2002,0.2,2,2,0,0,0,0,0,0,0,0,0,0,2,0,0,Matches
264,Christopher Lenz,de GER,"DF,MF",Union Berlin,24,1994,25.2,1177,855,318,9,0,4,64,309,0,0,0,0,836,4,35,Matches
265,Robert Lewandowski,pl POL,FW,Bayern Munich,30,1988,30.7,796,766,23,5,8,8,23,0,0,0,0,0,571,7,32,Matches
266,Stephan Lichtsteiner,ch SUI,DF,Augsburg,35,1984,14.9,600,421,174,9,0,0,30,165,0,0,0,0,394,5,28,Matches
267,Philipp Lienhart,at AUT,DF,Freiburg,23,1996,20.2,1045,1003,39,32,0,15,5,7,0,0,0,0,892,3,9,Matches
268,Jürgen Locadia,cw CUW,FW,Hoffenheim,25,1993,5.9,136,124,10,1,1,0,4,1,0,0,0,0,96,2,7,Matches
269,Ademola Lookman,ng NGA,"FW,MF",RB Leipzig,21,1997,3.4,149,137,12,1,0,1,14,7,3,1,1,1,110,0,6,Matches
270,Eduard Löwen,de GER,MF,Augsburg,22,1997,7.5,239,201,33,16,0,1,22,0,16,11,4,0,143,5,6,Matches
271,Eduard Löwen,de GER,MF,Hertha BSC,22,1997,3.5,148,143,5,4,1,2,2,0,1,0,1,0,117,0,2,Matches
272,Jan Luca Rumpf,de GER,DF,Paderborn 07,20,1999,1.0,53,43,10,4,0,0,0,6,0,0,0,0,41,0,0,Matches
273,Dodi Lukebakio,be BEL,"FW,MF",Hertha BSC,21,1997,22.6,620,566,53,9,1,6,56,10,21,11,8,1,463,1,17,Matches
274,Andreas Luthe,de GER,GK,Augsburg,32,1987,10.0,416,298,117,26,0,0,0,0,0,0,0,0,294,1,1,Matches
275,Arne Maier,de GER,MF,Hertha BSC,20,1999,5.9,328,315,13,4,0,1,15,1,8,3,5,0,267,0,5,Matches
Rk,Player,Nation,Pos,Squad,Age,Born,90s,Att,Live,Dead,FK,TB,Sw,Crs,TI,CK,In,Out,Str,Cmp,Off,Blocks,Matches
276,Yunus Mallı,tr TUR,"MF,FW",Union Berlin,27,1992,7.5,205,196,8,0,0,0,10,1,3,3,0,0,144,1,8,Matches
277,Streli Mamba,de GER,FW,Paderborn 07,25,1994,16.9,274,240,33,0,3,1,6,4,0,0,0,0,203,1,11,Matches
278,Omar Marmoush,eg EGY,"MF,FW",Wolfsburg,20,1999,0.9,17,17,0,0,0,0,1,0,0,0,0,0,10,0,1,Matches
279,Aarón Martín,es ESP,DF,Mainz 05,22,1997,19.9,907,633,270,44,1,1,136,167,58,30,28,0,649,4,14,Matches
280,Javi Martínez,es ESP,"DF,MF",Bayern Munich,30,1988,7.5,599,590,8,8,0,7,0,0,0,0,0,0,544,1,1,Matches
281,Omar Mascarell,gq EQG,MF,Schalke 04,26,1993,22.5,1326,1268,53,50,3,15,4,1,2,0,1,0,1119,5,19,Matches
282,Jean-Philippe Mateta,fr FRA,FW,Mainz 05,22,1997,11.7,206,176,29,1,1,1,6,0,0,0,0,0,129,1,6,Matches
283,Rabbi Matondo,wls WAL,"FW,MF",Schalke 04,18,2000,12.9,236,227,9,0,0,1,9,2,0,0,0,0,155,0,15,Matches
284,Philipp Max,de GER,DF,Augsburg,25,1993,30.1,1430,986,438,96,1,18,218,240,102,45,49,0,934,6,39,Matches
285,Alexandru Maxim,ro ROU,"MF,DF",Mainz 05,29,1990,1.3,78,62,16,3,0,2,13,2,11,6,3,0,60,0,2,Matches
286,Kevin Mbabu,ch SUI,DF,Wolfsburg,24,1995,18.8,925,692,229,3,1,2,84,226,0,0,0,0,622,4,36,Matches
287,Weston McKennie,us USA,"MF,DF",Schalke 04,20,1998,23.0,1067,1021,41,16,3,9,9,25,0,0,0,0,844,5,15,Matches
288,Joshua Mees,de GER,"MF,FW",Union Berlin,23,1996,3.6,85,83,2,0,0,1,5,2,0,0,0,0,59,0,5,Matches
289,Admir Mehmedi,ch SUI,"MF,FW",Wolfsburg,28,1991,13.3,570,512,57,16,4,7,41,11,20,5,11,0,410,1,16,Matches
290,Levent Mercan,de GER,"MF,FW",Schalke 04,18,2000,0.8,31,29,2,1,0,0,1,1,0,0,0,0,23,0,2,Matches
291,Jorge Meré,es ESP,DF,Köln,22,1997,6.9,384,368,15,12,0,6,0,3,0,0,0,0,338,1,0,Matches
292,Sven Michel,de GER,FW,Paderborn 07,29,1990,15.3,372,330,41,0,1,3,20,3,0,0,0,0,231,1,27,Matches
293,Juan Miranda,es ESP,DF,Schalke 04,19,2000,8.7,396,303,93,18,0,2,29,75,0,0,0,0,295,0,4,Matches
294,Maximilian Mittelstädt,de GER,"DF,FW",Hertha BSC,22,1997,21.0,1157,931,223,29,0,33,105,176,18,7,9,0,813,3,31,Matches
295,Anthony Modeste,fr FRA,FW,Köln,31,1988,12.6,232,195,35,1,2,1,6,0,0,0,0,0,126,2,7,Matches
296,Kevin Möhwald,de GER,MF,Werder Bremen,26,1993,0.8,40,39,1,1,0,0,2,0,0,0,0,0,34,0,0,Matches
297,Niklas Moisander,fi FIN,DF,Werder Bremen,33,1985,22.0,1568,1500,65,65,0,8,3,0,0,0,0,0,1355,3,11,Matches
298,Alfredo Morales,us USA,MF,Düsseldorf,29,1990,19.2,594,586,5,3,2,6,12,2,0,0,0,0,411,3,13,Matches
299,Jan Morávek,cz CZE,MF,Augsburg,29,1989,5.3,185,177,5,2,3,3,0,2,1,0,0,0,138,3,3,Matches
300,Mateu Morey,es ESP,"DF,MF",Dortmund,19,2000,2.2,163,152,11,2,0,1,10,9,0,0,0,0,134,0,3,Matches
Rk,Player,Nation,Pos,Squad,Age,Born,90s,Att,Live,Dead,FK,TB,Sw,Crs,TI,CK,In,Out,Str,Cmp,Off,Blocks,Matches
301,Nordi Mukiele,fr FRA,"DF,FW",RB Leipzig,21,1997,19.8,1288,1113,174,29,0,3,32,145,0,0,0,0,989,1,49,Matches
302,Florian Müller,de GER,GK,Mainz 05,21,1997,12.5,479,336,142,24,0,0,0,0,0,0,0,0,346,1,0,Matches
303,Thomas Müller,de GER,"MF,FW",Bayern Munich,29,1989,25.1,1365,1276,76,7,10,13,108,37,9,0,1,0,1012,13,39,Matches
304,Torben Müsel,de GER,FW,Gladbach,20,1999,0.0,0,0,0,0,0,0,0,0,0,0,0,0,0,0,0,Matches
305,Jamal Musiala,de GER,MF,Bayern Munich,16,2003,0.0,6,6,0,0,0,0,0,0,0,0,0,0,5,0,0,Matches
306,Yvon Mvogo,ch SUI,GK,RB Leipzig,25,1994,2.0,81,64,16,6,0,0,0,0,0,0,0,0,70,1,0,Matches
307,Phillipp Mwene,at AUT,DF,Mainz 05,25,1994,3.5,150,95,55,7,0,1,10,45,3,1,2,0,92,0,8,Matches
308,Obite N'Dicka,ci CIV,DF,Eint Frankfurt,19,1999,19.1,1069,927,140,17,0,4,10,123,0,0,0,0,866,2,23,Matches
309,Matija Nastasić,rs SRB,DF,Schalke 04,26,1993,15.2,925,904,21,21,2,6,0,0,0,0,0,0,793,0,2,Matches
310,Manuel Neuer,de GER,GK,Bayern Munich,33,1986,33.0,1449,1205,242,62,0,7,0,0,0,0,0,0,1275,2,0,Matches
311,Florian Neuhaus,de GER,MF,Gladbach,22,1997,26.2,1267,1205,52,33,9,15,31,1,18,7,5,1,1032,10,13,Matches
312,Jessic Ngankam,de GER,"FW,MF",Hertha BSC,19,2000,0.9,13,11,2,0,0,0,1,2,0,0,0,0,10,0,0,Matches
313,Moussa Niakhate,sn SEN,DF,Mainz 05,23,1996,33.0,1518,1435,79,49,1,11,8,30,0,0,0,0,1201,4,19,Matches
314,Moritz Nicolas,de GER,GK,Union Berlin,21,1997,1.0,35,25,10,3,0,0,0,0,0,0,0,0,25,0,0,Matches
315,Florian Niederlechner,de GER,"FW,MF",Augsburg,28,1990,30.2,498,420,74,1,3,5,18,2,0,0,0,0,351,4,21,Matches
316,Christopher Nkunku,fr FRA,"MF,FW",RB Leipzig,21,1997,21.4,841,700,138,33,5,3,121,22,80,44,32,0,661,3,17,Matches
317,Lukas Nmecha,de GER,"MF,FW",Wolfsburg,20,1998,1.5,34,32,2,0,0,0,1,0,0,0,0,0,23,0,1,Matches
318,Håvard Nordtveit,no NOR,DF,Hoffenheim,29,1990,7.8,490,469,21,20,0,7,1,1,0,0,0,0,426,0,2,Matches
319,Alexander Nübel,de GER,GK,Schalke 04,22,1996,25.7,1002,727,271,64,0,7,0,0,0,0,0,0,717,4,0,Matches
320,Kasim Nuhu,gh GHA,DF,Düsseldorf,24,1995,11.1,519,503,15,15,0,11,0,0,0,0,0,0,417,1,3,Matches
321,Bastian Oczipka,de GER,DF,Schalke 04,30,1989,33.5,1790,1377,403,72,0,4,147,258,73,11,53,1,1355,10,43,Matches
322,Álvaro Odriozola,es ESP,DF,Bayern Munich,23,1995,1.7,108,95,13,0,0,0,13,13,0,0,0,0,90,0,4,Matches
323,Kelvin Ofori,gh GHA,MF,Düsseldorf,18,2001,0.4,21,21,0,0,0,0,0,0,0,0,0,0,19,0,0,Matches
324,Kwasi Okyere Wriedt,gh GHA,FW,Bayern Munich,25,1994,0.2,3,3,0,0,0,0,0,0,0,0,0,0,2,0,0,Matches
325,Cauly Oliveira Souza,br BRA,"MF,FW",Paderborn 07,23,1995,8.0,249,189,59,15,0,2,39,8,36,19,10,1,169,1,6,Matches
Rk,Player,Nation,Pos,Squad,Age,Born,90s,Att,Live,Dead,FK,TB,Sw,Crs,TI,CK,In,Out,Str,Cmp,Off,Blocks,Matches
326,Dani Olmo,es ESP,"MF,FW",RB Leipzig,21,1998,8.3,361,340,17,4,4,2,17,2,10,8,1,0,262,4,17,Matches
327,Karim Onisiwo,at AUT,FW,Mainz 05,27,1992,19.2,343,322,19,1,1,0,24,2,0,0,0,0,208,2,11,Matches
328,Willi Orban,hu HUN,DF,RB Leipzig,26,1992,9.5,586,556,30,30,0,3,0,0,0,0,0,0,513,0,6,Matches
329,Yuya Osako,jp JPN,"FW,MF",Werder Bremen,29,1990,20.5,643,612,29,3,4,2,16,1,0,0,0,0,474,2,25,Matches
330,Paulo Otávio,br BRA,DF,Wolfsburg,24,1994,4.2,185,140,45,0,0,0,14,45,0,0,0,0,130,0,9,Matches
331,Reece Oxford,eng ENG,MF,Augsburg,20,1998,4.2,97,94,2,2,1,1,0,0,0,0,0,0,63,1,2,Matches
332,Levin Öztunalı,de GER,"MF,FW",Mainz 05,23,1996,19.8,549,518,26,1,5,5,42,23,2,0,1,0,345,5,23,Matches
333,Gonçalo Paciência,pt POR,FW,Eint Frankfurt,24,1994,14.3,304,278,25,0,1,2,20,8,0,0,0,0,195,1,19,Matches
334,Exequiel Palacios,ar ARG,MF,Leverkusen,20,1998,2.0,149,144,3,2,1,0,0,1,0,0,0,0,128,2,0,Matches
335,Michael Parensen,de GER,DF,Union Berlin,33,1986,7.0,314,300,12,10,0,1,3,2,0,0,0,0,247,2,3,Matches
336,Paulinho,br BRA,"MF,FW",Leverkusen,19,2000,3.4,144,141,3,0,1,1,8,1,2,1,1,0,115,0,1,Matches
337,Benjamin Pavard,fr FRA,DF,Bayern Munich,23,1996,31.0,2512,2267,242,34,0,9,73,208,0,0,0,0,2187,3,25,Matches
338,Jiří Pavlenka,cz CZE,GK,Werder Bremen,27,1992,33.0,1196,797,395,97,0,3,0,0,0,0,0,0,857,4,2,Matches
339,Mads Pedersen,dk DEN,DF,Augsburg,22,1996,1.1,34,20,14,2,0,0,4,11,1,0,0,0,26,0,0,Matches
340,Peter Pekarík,sk SVK,"DF,FW",Hertha BSC,32,1986,8.5,421,341,79,6,0,5,24,73,0,0,0,0,327,1,10,Matches
341,Philipp Pentke,de GER,GK,Hoffenheim,34,1985,4.0,163,119,44,14,0,0,0,0,0,0,0,0,126,0,0,Matches
342,Ivan Perišić,hr CRO,"FW,MF",Bayern Munich,30,1989,13.4,638,597,39,5,4,4,76,25,9,0,4,0,448,2,24,Matches
343,Pavao Pervan,at AUT,GK,Wolfsburg,31,1987,8.0,265,189,75,13,0,0,0,0,0,0,0,0,181,1,1,Matches
344,Nils Petersen,de GER,"FW,MF",Freiburg,30,1988,27.1,536,521,11,0,2,5,12,0,0,0,0,0,327,4,20,Matches
345,Krzysztof Piątek,pl POL,FW,Hertha BSC,24,1995,10.1,221,195,26,1,0,3,4,2,0,0,0,0,159,0,7,Matches
346,Ronaël Pierre-Gabriel,fr FRA,DF,Mainz 05,21,1998,6.4,276,214,62,5,0,1,8,57,0,0,0,0,200,0,5,Matches
347,Łukasz Piszczek,pl POL,DF,Dortmund,34,1985,23.4,1985,1868,114,23,2,13,28,91,0,0,0,0,1729,3,19,Matches
348,Claudio Pizarro,pe PER,"FW,MF",Werder Bremen,40,1978,2.6,87,84,3,0,1,0,2,1,0,0,0,0,58,0,5,Matches
349,Marvin Plattenhardt,de GER,DF,Hertha BSC,27,1992,15.5,748,526,216,36,0,9,70,160,20,5,14,0,545,6,19,Matches
350,Alassane Pléa,fr FRA,FW,Gladbach,26,1993,23.8,730,682,43,1,10,1,49,3,7,3,3,0,519,5,40,Matches
Rk,Player,Nation,Pos,Squad,Age,Born,90s,Att,Live,Dead,FK,TB,Sw,Crs,TI,CK,In,Out,Str,Cmp,Off,Blocks,Matches
351,Thomas Pledl,de GER,"MF,FW",Düsseldorf,25,1994,1.0,38,37,1,0,0,0,7,1,0,0,0,0,17,0,5,Matches
352,Joel Pohjanpalo,fi FIN,MF,Leverkusen,24,1994,0.0,0,0,0,0,0,0,0,0,0,0,0,0,0,0,0,Matches
353,Sebastian Polter,de GER,FW,Union Berlin,28,1991,3.7,84,81,3,0,0,0,1,1,0,0,0,0,50,0,0,Matches
354,Marin Pongračić,hr CRO,DF,Wolfsburg,21,1997,10.3,595,570,25,24,1,7,0,1,0,0,0,0,497,0,3,Matches
355,Stefan Posch,at AUT,DF,Hoffenheim,22,1997,25.6,1510,1359,149,40,2,9,9,109,0,0,0,0,1200,2,32,Matches
356,Yussuf Poulsen,dk DEN,FW,RB Leipzig,25,1994,13.6,336,310,22,2,2,0,9,2,0,0,0,0,223,4,19,Matches
357,Kai Pröger,de GER,"MF,FW",Paderborn 07,27,1992,23.1,619,467,147,40,2,1,188,29,78,35,39,0,311,5,47,Matches
358,Grischa Prömel,de GER,MF,Union Berlin,24,1995,10.3,337,326,10,3,0,1,2,0,0,0,0,0,260,1,8,Matches
359,Robin Quaison,se SWE,"FW,MF",Mainz 05,25,1993,28.9,575,530,32,2,7,2,11,9,2,1,0,0,394,13,19,Matches
360,Raffael,br BRA,"MF,FW",Gladbach,34,1985,0.7,45,40,5,1,0,0,3,0,3,2,1,0,36,0,1,Matches
361,Benito Raman,be BEL,FW,Schalke 04,24,1994,17.8,346,309,34,1,0,7,19,11,1,1,0,0,220,3,18,Matches
362,Tobias Raschl,de GER,MF,Dortmund,19,2000,0.3,16,16,0,0,0,0,0,0,0,0,0,0,14,0,0,Matches
363,Milot Rashica,xk KVX,FW,Werder Bremen,23,1996,25.2,698,597,100,23,2,8,131,9,45,21,23,0,461,1,24,Matches
364,Ante Rebić,hr CRO,"FW,MF",Eint Frankfurt,25,1993,1.0,17,16,1,0,0,0,0,0,0,0,0,0,8,0,1,Matches
365,Daishawn Redan,nl NED,MF,Hertha BSC,18,2001,0.2,7,7,0,0,0,0,0,0,0,0,0,0,7,0,0,Matches
366,Fabian Reese,de GER,FW,Schalke 04,21,1997,1.0,18,17,1,0,0,0,1,1,0,0,0,0,9,0,0,Matches
367,Ken Reichel,de GER,DF,Union Berlin,32,1986,5.9,258,195,63,1,0,1,17,62,0,0,0,0,180,0,8,Matches
368,Karim Rekik,nl NED,DF,Hertha BSC,24,1994,14.0,715,685,28,25,0,14,2,3,0,0,0,0,626,2,4,Matches
369,Panagiotis Retsos,gr GRE,DF,Leverkusen,20,1998,1.3,96,89,7,1,0,0,0,6,0,0,0,0,83,0,1,Matches
370,Marco Reus,de GER,"MF,FW",Dortmund,30,1989,16.6,660,621,37,22,4,5,16,1,0,0,0,0,533,2,22,Matches
371,Elvis Rexhbeçaj,xk KVX,MF,Köln,21,1997,6.9,235,225,10,3,2,5,13,4,3,3,0,0,162,0,12,Matches
372,Gio Reyna,us USA,"MF,FW",Dortmund,16,2002,3.9,220,217,3,1,0,2,6,2,0,0,0,0,185,0,4,Matches
373,Lucas Ribeiro,br BRA,MF,Hoffenheim,20,1999,0.7,17,14,3,3,1,0,0,0,0,0,0,0,15,0,0,Matches
374,Chris Richards,us USA,DF,Bayern Munich,19,2000,0.1,4,4,0,0,0,0,0,0,0,0,0,0,4,0,0,Matches
375,Marco Richter,de GER,"MF,FW",Augsburg,21,1997,25.3,562,530,27,8,3,16,56,11,7,1,5,0,332,5,27,Matches
Rk,Player,Nation,Pos,Squad,Age,Born,90s,Att,Live,Dead,FK,TB,Sw,Crs,TI,CK,In,Out,Str,Cmp,Off,Blocks,Matches
376,Marcel Risse,de GER,"MF,FW",Köln,29,1989,1.5,73,59,14,2,2,1,16,6,6,2,4,0,31,0,9,Matches
377,Marlon Ritter,de GER,MF,Paderborn 07,24,1994,4.8,210,173,37,16,0,2,27,5,16,5,8,1,138,0,7,Matches
378,Sebastian Rode,de GER,MF,Eint Frankfurt,28,1990,21.5,1194,1140,49,22,0,10,20,7,16,0,11,0,1006,5,27,Matches
379,Jérôme Roussillon,fr FRA,DF,Wolfsburg,26,1993,26.3,1081,834,246,6,0,4,71,240,0,0,0,0,774,1,31,Matches
380,Sebastian Rudy,de GER,"MF,DF",Hoffenheim,29,1990,30.4,1532,1381,141,35,6,5,86,56,50,12,35,1,1202,10,35,Matches
381,Lukas Rupp,de GER,MF,Hoffenheim,28,1991,3.8,155,151,3,0,0,2,0,2,0,0,0,0,128,1,5,Matches
382,Julian Ryerson,no NOR,"DF,MF",Union Berlin,21,1997,4.1,173,128,43,0,0,0,13,43,0,0,0,0,116,2,12,Matches
383,Frederik Rønnow,dk DEN,GK,Eint Frankfurt,26,1992,9.0,342,262,80,18,0,0,0,0,0,0,0,0,241,0,0,Matches
384,Victor Sá,br BRA,"MF,FW",Wolfsburg,25,1994,18.1,438,423,10,1,0,1,25,4,2,1,0,0,317,5,14,Matches
385,Abdelhamid Sabiri,ma MAR,MF,Paderborn 07,22,1996,11.6,438,416,21,18,0,11,3,3,0,0,0,0,346,1,13,Matches
386,Marcel Sabitzer,at AUT,"MF,FW",RB Leipzig,25,1994,27.8,1549,1404,132,31,2,15,107,85,16,1,9,0,1150,13,37,Matches
387,Nuri Şahin,tr TUR,MF,Werder Bremen,30,1988,13.9,789,674,112,61,1,2,73,1,50,23,22,0,588,3,12,Matches
388,Roland Sallai,hu HUN,"MF,FW",Freiburg,22,1997,12.9,343,336,6,3,2,1,42,3,0,0,0,0,228,1,23,Matches
389,Lazar Samardzic,rs SRB,"MF,FW",Hertha BSC,17,2002,0.4,7,7,0,0,0,1,1,0,0,0,0,0,6,0,0,Matches
390,Diadie Samassékou,ml MLI,MF,Hoffenheim,23,1996,14.6,587,578,6,4,2,5,2,2,0,0,0,0,476,3,11,Matches
391,Renato Sanches,pt POR,MF,Bayern Munich,21,1997,0.1,9,8,1,1,0,0,0,0,0,0,0,0,8,0,0,Matches
392,Jadon Sancho,eng ENG,"FW,MF",Dortmund,19,2000,25.4,1613,1511,97,15,12,4,78,24,58,24,15,1,1324,5,34,Matches
393,Salif Sané,sn SEN,DF,Schalke 04,28,1990,12.5,689,648,39,38,0,3,0,1,0,0,0,0,584,2,4,Matches
394,Marcelo Saracchi,uy URU,DF,RB Leipzig,21,1998,2.0,128,107,20,2,0,0,7,18,0,0,0,0,90,1,2,Matches
395,Josh Sargent,us USA,FW,Werder Bremen,19,2000,15.7,346,331,15,0,0,0,7,3,0,0,0,0,242,0,13,Matches
396,Louis Schaub,at AUT,MF,Köln,24,1994,6.9,274,242,32,5,1,1,19,10,17,8,0,1,209,0,11,Matches
397,Patrik Schick,cz CZE,FW,RB Leipzig,23,1996,14.4,312,278,30,0,3,0,7,5,0,0,0,0,218,4,6,Matches
398,Julian Schieber,de GER,FW,Augsburg,30,1989,0.5,14,12,2,0,0,0,0,0,0,0,0,0,11,0,0,Matches
399,Kingsley Schindler,gh GHA,"FW,MF",Köln,26,1993,9.4,252,239,12,2,2,0,34,10,0,0,0,0,151,1,13,Matches
400,Xaver Schlager,at AUT,MF,Wolfsburg,21,1997,19.1,671,651,14,4,4,5,11,4,0,0,0,0,504,6,29,Matches
Rk,Player,Nation,Pos,Squad,Age,Born,90s,Att,Live,Dead,FK,TB,Sw,Crs,TI,CK,In,Out,Str,Cmp,Off,Blocks,Matches
401,Keven Schlotterbeck,de GER,DF,Union Berlin,22,1997,21.5,843,809,32,31,0,1,1,1,0,0,0,0,665,2,8,Matches
402,Nico Schlotterbeck,de GER,DF,Freiburg,19,1999,4.1,210,196,14,11,0,5,5,3,0,0,0,0,158,0,6,Matches
403,Marcel Schmelzer,de GER,DF,Dortmund,31,1988,0.7,50,44,6,0,0,0,2,6,0,0,0,0,40,0,1,Matches
404,Jonathan Schmid,fr FRA,DF,Freiburg,29,1990,31.5,1583,1166,410,34,1,18,100,357,18,14,0,0,1168,7,41,Matches
405,Manuel Schmiedebach,de GER,MF,Union Berlin,30,1988,2.0,48,48,0,0,0,0,0,0,0,0,0,0,36,0,0,Matches
406,Benno Schmitz,de GER,DF,Köln,24,1994,12.9,760,600,155,10,1,4,33,145,0,0,0,0,530,5,15,Matches
407,Sebastian Schonlau,de GER,DF,Paderborn 07,24,1994,23.0,1470,1408,59,57,1,13,2,1,0,0,0,0,1288,3,8,Matches
408,Alessandro Schöpf,at AUT,MF,Schalke 04,25,1994,15.9,674,653,16,7,0,2,16,8,1,0,1,0,542,5,19,Matches
409,Markus Schubert,de GER,GK,Schalke 04,21,1998,8.2,313,235,77,17,0,1,0,0,0,0,0,0,193,1,0,Matches
410,Nico Schulz,de GER,"DF,MF",Dortmund,26,1993,6.6,450,399,51,7,0,1,14,44,0,0,0,0,382,0,7,Matches
411,Alexander Schwolow,de GER,GK,Freiburg,27,1992,23.2,977,671,304,55,0,0,0,0,0,0,0,0,674,2,0,Matches
412,Davie Selke,de GER,FW,Hertha BSC,24,1995,10.7,235,217,18,0,0,0,4,1,0,0,0,0,138,0,8,Matches
413,Davie Selke,de GER,FW,Werder Bremen,24,1995,5.1,141,132,9,0,0,0,3,0,0,0,0,0,88,0,4,Matches
414,Suat Serdar,de GER,MF,Schalke 04,22,1997,17.8,479,475,2,2,6,3,1,0,0,0,0,0,359,2,20,Matches
415,Khiry Shelton,us USA,FW,Paderborn 07,26,1993,0.4,4,4,0,0,0,0,0,0,0,0,0,0,3,0,0,Matches
416,André Silva,pt POR,FW,Eint Frankfurt,23,1995,17.5,485,442,43,0,3,2,10,6,0,0,0,0,329,0,18,Matches
417,Sarpreet Singh,nz NZL,"FW,MF",Bayern Munich,20,1999,0.8,29,29,0,0,1,0,1,0,0,0,0,0,22,0,2,Matches
418,Daley Sinkgraven,nl NED,"DF,MF",Leverkusen,24,1995,10.1,741,654,83,8,3,3,19,73,2,0,2,0,621,4,8,Matches
419,Ellyes Skhiri,tn TUN,MF,Köln,24,1995,29.7,1392,1331,55,49,2,10,6,6,0,0,0,0,1184,6,18,Matches
420,Robert Skov,dk DEN,"DF,FW",Hoffenheim,23,1996,29.0,1301,1050,247,32,2,9,150,149,65,18,39,1,962,4,26,Matches
421,Steven Skrzybski,de GER,"FW,MF",Düsseldorf,26,1992,5.9,126,121,5,0,0,0,9,5,0,0,0,0,83,0,7,Matches
422,Dennis Smarsch,de GER,GK,Hertha BSC,20,1999,1.7,70,50,19,3,0,0,0,0,0,0,0,0,49,1,0,Matches
423,Lasse Sobiech,de GER,DF,Köln,28,1991,1.0,41,38,3,3,0,0,0,0,0,0,0,0,22,0,0,Matches
424,Marcel Sobottka,de GER,MF,Düsseldorf,25,1994,7.8,214,208,4,3,0,3,0,1,0,0,0,0,175,2,2,Matches
425,Yann Sommer,ch SUI,GK,Gladbach,30,1988,34.0,1548,1196,349,67,0,6,0,0,0,0,0,0,1278,3,2,Matches
Rk,Player,Nation,Pos,Squad,Age,Born,90s,Att,Live,Dead,FK,TB,Sw,Crs,TI,CK,In,Out,Str,Cmp,Off,Blocks,Matches
426,Djibril Sow,ch SUI,MF,Eint Frankfurt,22,1997,19.4,883,838,42,20,0,8,39,5,16,5,8,0,713,3,17,Matches
427,Dennis Srbeny,de GER,"FW,MF",Paderborn 07,25,1994,12.4,248,221,27,3,1,2,6,2,0,0,0,0,153,0,13,Matches
428,Jerry St. Juste,nl NED,DF,Mainz 05,22,1996,23.5,1017,960,52,46,0,8,6,6,0,0,0,0,869,5,11,Matches
429,Kostas Stafylidis,gr GRE,DF,Hoffenheim,25,1993,4.4,192,148,44,4,0,1,11,40,0,0,0,0,149,0,2,Matches
430,Benjamin Stambouli,fr FRA,DF,Schalke 04,28,1990,9.0,459,445,11,11,1,2,2,0,0,0,0,0,352,3,4,Matches
431,Niklas Stark,de GER,DF,Hertha BSC,24,1995,19.2,886,857,28,27,1,12,2,1,0,0,0,0,728,1,12,Matches
432,Renato Steffen,ch SUI,"MF,FW",Wolfsburg,27,1991,17.6,703,644,58,8,2,3,37,48,1,1,0,0,517,1,18,Matches
433,Zack Steffen,us USA,GK,Düsseldorf,24,1995,17.0,617,406,210,66,0,5,0,0,0,0,0,0,433,1,0,Matches
434,Lars Stindl,de GER,"MF,FW",Gladbach,30,1988,15.9,754,715,33,8,4,5,17,4,9,5,2,0,607,6,16,Matches
435,Kevin Stöger,at AUT,MF,Düsseldorf,25,1993,14.1,971,845,124,77,2,18,57,10,35,10,14,0,777,2,11,Matches
436,Tobias Strobl,de GER,"MF,DF",Gladbach,29,1990,6.8,387,377,10,9,1,3,0,1,0,0,0,0,337,0,5,Matches
437,Christian Strohdiek,de GER,DF,Paderborn 07,31,1988,15.1,678,626,47,39,2,26,5,8,0,0,0,0,495,5,12,Matches
438,Neven Subotić,rs SRB,DF,Union Berlin,30,1988,21.8,786,761,23,23,0,3,8,0,0,0,0,0,557,2,13,Matches
439,Marek Suchý,cz CZE,DF,Augsburg,31,1988,4.4,197,193,4,4,0,2,0,0,0,0,0,0,166,0,2,Matches
440,Niklas Süle,de GER,DF,Bayern Munich,23,1995,7.1,619,612,6,4,1,6,1,2,0,0,0,0,566,1,2,Matches
441,Markus Suttner,at AUT,DF,Düsseldorf,32,1987,14.9,858,721,131,18,0,12,88,97,16,1,15,0,601,6,19,Matches
442,Ádám Szalai,hu HUN,FW,Mainz 05,31,1987,12.7,303,286,16,0,1,0,7,0,0,0,0,0,181,1,5,Matches
443,Jonathan Tah,de GER,DF,Leverkusen,23,1996,23.2,2071,2020,47,45,1,6,4,2,0,0,0,0,1857,4,11,Matches
444,Edmond Tapsoba,bf BFA,DF,Leverkusen,20,1999,11.8,1116,1082,32,29,0,4,0,3,0,0,0,0,1017,2,6,Matches
445,Georg Teigl,at AUT,"DF,MF",Augsburg,28,1991,1.2,27,22,5,1,0,0,0,4,0,0,0,0,22,0,2,Matches
446,Bernard Tekpetey,gh GHA,"FW,MF",Düsseldorf,21,1997,5.0,103,97,6,0,0,0,14,5,0,0,0,0,61,0,7,Matches
447,Lino Tempelmann,de GER,MF,Freiburg,20,1999,0.4,10,10,0,0,0,0,0,0,0,0,0,0,6,0,1,Matches
448,Simon Terodde,de GER,FW,Köln,31,1988,9.0,178,149,26,1,0,0,2,4,0,0,0,0,100,3,8,Matches
449,Malick Thiaw,de GER,DF,Schalke 04,17,2001,0.8,36,36,0,0,0,1,0,0,0,0,0,0,27,0,0,Matches
450,Niclas Thiede,de GER,GK,Freiburg,20,1999,0.8,41,32,9,2,0,0,0,0,0,0,0,0,32,0,0,Matches
Rk,Player,Nation,Pos,Squad,Age,Born,90s,Att,Live,Dead,FK,TB,Sw,Crs,TI,CK,In,Out,Str,Cmp,Off,Blocks,Matches
451,Jan Thielmann,de GER,"FW,MF",Köln,17,2002,6.2,165,152,8,1,0,1,17,7,0,0,0,0,96,5,11,Matches
452,Erik Thommy,de GER,"MF,FW",Düsseldorf,24,1994,25.1,888,779,105,32,2,11,144,23,50,10,31,0,618,4,44,Matches
453,Marcus Thuram,fr FRA,FW,Gladbach,21,1997,24.5,675,654,13,0,1,2,34,6,0,0,0,0,441,8,29,Matches
454,Marcel Tisserand,cd COD,DF,Wolfsburg,26,1993,13.4,756,719,33,29,2,11,7,4,0,0,0,0,570,4,6,Matches
455,Jean-Clair Todibo,fr FRA,DF,Schalke 04,19,1999,4.1,266,259,7,5,0,3,0,2,0,0,0,0,226,0,3,Matches
456,Corentin Tolisso,fr FRA,MF,Bayern Munich,24,1994,7.1,555,542,12,9,2,11,7,2,0,0,0,0,493,1,8,Matches
457,Ömer Toprak,tr TUR,DF,Werder Bremen,30,1989,7.9,474,448,26,23,0,3,2,3,0,0,0,0,423,0,4,Matches
458,Lucas Torró,es ESP,MF,Eint Frankfurt,25,1994,3.7,169,164,4,4,0,1,0,0,0,0,0,0,141,1,1,Matches
459,Jordan Torunarigha,de GER,DF,Hertha BSC,21,1997,16.2,818,783,32,14,1,11,2,18,0,0,0,0,694,3,6,Matches
460,Almamy Touré,ml MLI,DF,Eint Frankfurt,23,1996,16.6,726,629,94,4,0,8,75,90,0,0,0,0,489,3,21,Matches
461,Ibrahima Traoré,gn GUI,"FW,MF",Gladbach,31,1988,1.7,59,56,2,1,1,1,3,0,1,0,1,0,44,1,0,Matches
462,Kevin Trapp,de GER,GK,Eint Frankfurt,29,1990,22.0,939,724,213,68,0,3,0,0,0,0,0,0,703,2,0,Matches
463,Christopher Trimmel,at AUT,"DF,MF",Union Berlin,32,1987,31.8,1593,1032,553,97,1,7,267,334,122,58,57,2,1085,8,45,Matches
464,Anthony Ujah,ng NGA,"FW,MF",Union Berlin,28,1990,10.5,273,262,9,0,0,0,7,1,0,0,0,0,154,2,11,Matches
465,Sven Ulreich,de GER,GK,Bayern Munich,30,1988,1.0,52,42,10,0,0,0,0,0,0,0,0,0,44,0,1,Matches
466,Dayot Upamecano,fr FRA,DF,RB Leipzig,20,1998,26.2,1968,1918,48,46,0,23,1,2,0,0,0,0,1751,2,9,Matches
467,Mark Uth,de GER,"MF,FW",Köln,27,1991,12.9,491,395,95,42,4,9,85,2,49,25,23,0,308,1,17,Matches
468,Mark Uth,de GER,"FW,MF",Schalke 04,27,1991,3.9,116,106,6,1,0,2,3,0,0,0,0,0,82,4,3,Matches
469,Ruben Vargas,ch SUI,"FW,MF",Augsburg,20,1998,28.1,640,600,35,4,3,2,25,27,4,2,2,0,399,5,29,Matches
470,Sebastian Vasiliadis,gr GRE,MF,Paderborn 07,21,1997,31.2,1070,1027,40,29,1,22,12,9,2,0,1,0,806,3,36,Matches
471,Miloš Veljković,rs SRB,DF,Werder Bremen,23,1995,22.8,1178,1114,58,53,1,13,1,2,0,0,0,0,917,6,10,Matches
472,Birger Verstraete,be BEL,MF,Köln,25,1994,7.4,252,200,50,28,0,2,32,0,22,8,12,0,181,2,3,Matches
473,Kevin Vogt,de GER,DF,Hoffenheim,27,1991,10.7,849,826,22,21,1,3,1,1,0,0,0,0,783,1,2,Matches
474,Kevin Vogt,de GER,"DF,MF",Werder Bremen,27,1991,12.3,787,753,33,31,0,7,1,2,0,0,0,0,675,1,2,Matches
475,Kevin Volland,de GER,FW,Leverkusen,27,1992,22.7,591,547,42,0,6,1,39,5,1,0,1,0,398,2,31,Matches
Rk,Player,Nation,Pos,Squad,Age,Born,90s,Att,Live,Dead,FK,TB,Sw,Crs,TI,CK,In,Out,Str,Cmp,Off,Blocks,Matches
476,Luca Waldschmidt,de GER,"FW,MF",Freiburg,23,1996,14.1,385,373,11,1,5,1,7,0,0,0,0,0,286,1,21,Matches
477,Wout Weghorst,nl NED,FW,Wolfsburg,26,1992,30.4,806,763,39,0,4,1,8,9,0,0,0,0,502,4,32,Matches
478,Julian Weigl,de GER,"MF,DF",Dortmund,23,1995,11.3,827,813,14,13,0,8,1,1,0,0,0,0,751,0,12,Matches
479,Mitchell Weiser,de GER,"DF,MF",Leverkusen,25,1994,13.0,1040,872,163,12,0,0,27,151,0,0,0,0,817,5,43,Matches
480,Wendell,br BRA,"DF,MF",Leverkusen,26,1993,21.1,1913,1653,249,37,1,9,31,212,0,0,0,0,1618,11,33,Matches
481,Oscar Wendt,se SWE,DF,Gladbach,33,1985,18.7,1074,802,268,29,0,1,77,206,33,23,5,0,795,4,16,Matches
482,Timo Werner,de GER,FW,RB Leipzig,23,1996,31.1,1056,1001,53,2,2,10,84,29,3,0,0,0,756,2,29,Matches
483,Felix Wiedwald,de GER,GK,Eint Frankfurt,29,1990,3.0,102,70,31,7,0,0,0,0,0,0,0,0,72,1,0,Matches
484,William,br BRA,DF,Wolfsburg,24,1995,15.2,903,682,214,5,0,13,57,204,5,1,2,0,628,7,33,Matches
485,Florian Wirtz,de GER,FW,Leverkusen,16,2003,4.1,192,191,0,0,1,1,4,0,0,0,0,0,153,1,4,Matches
486,Axel Witsel,be BEL,MF,Dortmund,30,1989,24.9,1802,1746,55,46,3,13,7,9,0,0,0,0,1690,1,16,Matches
487,Hannes Wolf,at AUT,"FW,MF",RB Leipzig,20,1999,0.6,28,26,1,0,0,0,0,0,0,0,0,0,18,1,1,Matches
488,Marius Wolf,de GER,"FW,MF",Hertha BSC,24,1995,15.7,687,592,91,8,1,8,38,82,1,0,0,0,459,4,33,Matches
489,Nick Woltemade,de GER,"FW,MF",Werder Bremen,17,2002,1.0,21,20,0,0,0,0,0,0,0,0,0,0,16,1,0,Matches
490,Dan-Axel Zagadou,fr FRA,DF,Dortmund,20,1999,10.9,834,818,15,12,0,11,1,3,0,0,0,0,759,1,5,Matches
491,Denis Zakaria,ch SUI,"MF,DF",Gladbach,22,1996,21.6,892,864,25,21,5,3,3,4,0,0,0,0,769,3,10,Matches
492,Robin Zentner,de GER,GK,Mainz 05,24,1994,21.5,794,550,241,44,0,1,0,0,0,0,0,0,509,3,1,Matches
493,Jean Zimmer,de GER,"DF,FW",Düsseldorf,25,1993,8.0,260,200,59,10,2,3,37,33,16,1,15,0,165,1,6,Matches
494,Matthias Zimmermann,de GER,"DF,MF",Düsseldorf,27,1992,32.5,1638,1378,251,13,2,14,125,238,0,0,0,0,1154,9,38,Matches
495,Leopold Zingerle,de GER,GK,Paderborn 07,25,1994,28.0,1217,912,299,66,0,5,0,0,0,0,0,0,1010,6,0,Matches
496,Joshua Zirkzee,nl NED,FW,Bayern Munich,18,2001,3.3,76,74,1,0,1,0,0,0,0,0,0,0,58,1,1,Matches
497,Ben Zolinski,de GER,"FW,MF",Paderborn 07,27,1992,13.4,367,347,17,0,2,5,4,5,0,0,0,0,269,3,14,Matches
498,Steven Zuber,ch SUI,"DF,FW",Hoffenheim,27,1991,8.3,418,356,60,8,1,4,15,52,0,0,0,0,339,2,16,Matches
