rk,player,nation,pos,squad,age,born,90s,tkl,tklw,def_3rd,mid_3rd,att_3rd,tkl_challe,att,lost,blocks,sh,pass,int,tkl_int,clr,err,matches
1,Suleiman Abdullahi,ng NGA,"FW,MF",Union Berlin,22,1996,1.7,0,0,0,0,0,0,3,3,2,1,1,1,1,1,0,Matches
2,David Abraham,ar ARG,DF,Eint Frankfurt,33,1986,18.8,21,14,16,4,1,15,32,17,27,11,16,25,46,61,1,Matches
3,Amir Abrashi,al ALB,MF,Freiburg,29,1990,7.4,16,8,7,8,1,10,19,9,18,3,15,7,23,16,2,Matches
4,Tyler Adams,us USA,"MF,DF",RB Leipzig,20,1999,10.6,22,15,13,8,1,12,25,13,16,1,15,14,36,14,0,Matches
5,Sargis Adamyan,am ARM,"FW,MF",Hoffenheim,26,1993,8.3,11,7,3,6,2,3,21,18,8,1,7,2,13,4,0,Matches
6,Manuel Akanji,ch SUI,DF,Dortmund,24,1995,25.7,38,21,23,14,1,12,20,8,20,11,9,30,68,61,2,Matches
7,Kevin Akpoguma,ng NGA,DF,Hoffenheim,24,1995,12.7,24,16,20,4,0,13,24,11,21,11,10,13,37,48,0,Matches
8,David Alaba,at AUT,DF,Bayern Munich,27,1992,27.8,30,17,14,15,1,16,25,9,19,10,9,29,59,40,0,Matches
9,Lucas Alario,ar ARG,FW,Leverkusen,26,1992,13.0,6,3,0,4,2,1,8,7,12,2,10,1,7,9,0,Matches
10,Paco Alcácer,es ESP,FW,Dortmund,25,1993,5.9,2,2,0,2,0,1,5,4,4,1,3,2,4,3,0,Matches
11,Thiago Alcántara,es ESP,MF,Bayern Munich,28,1991,19.7,45,26,17,23,5,12,33,21,12,3,9,45,90,13,1,Matches
12,Nadiem Amiri,de GER,"MF,FW",Leverkusen,22,1996,20.6,26,16,7,15,4,16,34,18,12,2,10,14,40,8,1,Matches
13,Ethan Ampadu,wls WAL,DF,RB Leipzig,18,2000,0.9,5,4,3,2,0,1,1,0,3,1,2,1,6,3,0,Matches
14,Opoku Ampomah,gh GHA,"FW,MF",Düsseldorf,23,1996,5.6,9,4,3,4,2,3,12,9,3,0,3,4,13,5,0,Matches
15,Sebastian Andersson,se SWE,FW,Union Berlin,28,1991,29.8,20,10,0,12,8,4,19,15,19,3,16,5,25,36,0,Matches
16,Robert Andrich,de GER,MF,Union Berlin,24,1994,28.6,52,27,28,18,6,19,60,41,27,7,20,47,99,36,0,Matches
17,Angeliño,es ESP,"DF,FW",RB Leipzig,22,1997,12.2,15,9,7,5,3,5,15,10,14,1,13,19,34,24,0,Matches
18,Christopher Antwi-Adjei,gh GHA,"MF,FW",Paderborn 07,25,1994,27.4,25,16,13,9,3,9,33,24,29,2,27,15,40,14,0,Matches
19,Charles Aránguiz,cl CHI,MF,Leverkusen,30,1989,23.5,56,37,19,29,8,27,74,47,27,6,21,22,78,21,1,Matches
20,Maximilian Arnold,de GER,MF,Wolfsburg,25,1994,31.3,42,24,15,23,4,16,62,46,25,6,19,25,67,35,0,Matches
21,Santiago Ascacíbar,ar ARG,MF,Hertha BSC,22,1997,7.0,26,13,15,11,0,11,28,17,13,2,11,16,42,13,0,Matches
22,Ludwig Augustinsson,se SWE,"DF,MF",Werder Bremen,25,1994,10.3,29,12,15,9,5,12,23,11,19,5,14,10,39,29,0,Matches
23,Taiwo Awoniyi,ng NGA,"FW,MF",Mainz 05,21,1997,5.4,2,0,0,2,0,0,4,4,4,2,2,2,4,3,0,Matches
24,Kaan Ayhan,tr TUR,DF,Düsseldorf,24,1994,30.3,38,25,26,11,1,20,37,17,28,15,13,45,83,72,1,Matches
25,Matthias Bader,de GER,DF,Köln,22,1997,0.1,1,1,1,0,0,1,2,1,0,0,0,0,1,1,0,Matches
Rk,Player,Nation,Pos,Squad,Age,Born,90s,Tkl,TklW,Def 3rd,Mid 3rd,Att 3rd,Tkl,Att,Lost,Blocks,Sh,Pass,Int,Tkl+Int,Clr,Err,Matches
26,Daniel Baier,de GER,MF,Augsburg,35,1984,21.6,33,17,14,14,5,15,43,28,19,7,12,58,91,27,0,Matches
27,Leon Bailey,jm JAM,"FW,MF",Leverkusen,21,1997,12.1,6,3,1,5,0,6,16,10,9,0,9,8,14,3,0,Matches
28,Lewis Baker,eng ENG,MF,Düsseldorf,24,1995,6.1,8,5,6,2,0,2,10,8,5,2,3,2,10,5,0,Matches
29,Ridle Baku,de GER,"DF,MF",Mainz 05,21,1998,26.1,54,31,25,22,7,26,53,27,45,7,38,42,96,57,0,Matches
30,Leonardo Balerdi,ar ARG,"DF,MF",Dortmund,20,1999,1.5,2,1,1,1,0,2,2,0,0,0,0,4,6,3,0,Matches
31,Philipp Bargfrede,de GER,MF,Werder Bremen,30,1989,6.5,15,12,8,5,2,6,23,17,8,2,6,16,31,15,0,Matches
32,Aymen Barkok,ma MAR,"FW,MF",Düsseldorf,21,1998,0.9,1,1,0,0,1,0,2,2,2,0,2,3,4,1,0,Matches
33,Leandro Barreiro Martins,lu LUX,MF,Mainz 05,19,2000,10.4,38,21,16,19,3,14,29,15,18,3,15,9,47,18,1,Matches
34,Fin Bartels,de GER,"MF,FW",Werder Bremen,32,1987,3.8,9,5,4,4,1,3,12,9,3,1,2,1,10,1,0,Matches
35,Oliver Batista-Meier,de GER,MF,Bayern Munich,18,2001,0.1,0,0,0,0,0,0,2,2,0,0,0,0,0,0,0,Matches
36,Oliver Baumann,de GER,GK,Hoffenheim,29,1990,30.0,0,0,0,0,0,0,0,0,1,0,1,3,3,15,0,Matches
37,Julian Baumgartlinger,at AUT,MF,Leverkusen,31,1988,19.9,42,21,15,21,6,18,42,24,37,4,33,20,62,16,1,Matches
38,Christoph Baumgartner,at AUT,"MF,FW",Hoffenheim,19,1999,16.6,32,17,15,16,1,10,37,27,25,1,24,8,40,13,0,Matches
39,Noah Joel Sarenren Bazee,ng NGA,FW,Augsburg,22,1996,4.2,4,3,0,4,0,1,4,3,2,1,1,5,9,4,0,Matches
40,Ihlas Bebou,tg TOG,"FW,MF",Hoffenheim,25,1994,23.4,27,15,9,13,5,8,23,15,25,4,21,11,38,25,0,Matches
41,Sheraldo Becker,sr SUR,"MF,FW",Union Berlin,24,1995,6.0,2,1,2,0,0,1,3,2,1,0,1,0,2,1,0,Matches
42,Timo Becker,de GER,"DF,MF",Schalke 04,22,1997,3.7,10,9,3,6,1,5,9,4,6,1,5,3,13,8,0,Matches
43,Maximilian Beier,de GER,FW,Hoffenheim,16,2002,1.2,5,2,0,1,4,1,2,1,2,0,2,0,5,0,0,Matches
44,Ishak Belfodil,dz ALG,"FW,MF",Hoffenheim,27,1992,3.0,0,0,0,0,0,0,1,1,0,0,0,0,0,2,0,Matches
45,Karim Bellarabi,de GER,"FW,DF",Leverkusen,29,1990,15.8,19,11,9,7,3,9,28,19,16,0,16,10,29,4,0,Matches
46,Lars Bender,de GER,"DF,MF",Leverkusen,30,1989,15.3,42,26,17,20,5,19,38,19,32,6,26,24,66,30,0,Matches
47,Sven Bender,de GER,DF,Leverkusen,30,1989,30.3,53,34,29,17,7,23,48,25,42,13,29,67,120,88,2,Matches
48,László Bénes,sk SVK,MF,Gladbach,21,1997,10.0,15,8,3,5,7,6,19,13,6,2,4,8,23,3,1,Matches
49,Keanan Bennetts,eng ENG,MF,Gladbach,20,1999,0.0,0,0,0,0,0,0,1,1,0,0,0,0,0,0,0,Matches
50,Ramy Bensebaini,dz ALG,DF,Gladbach,24,1995,16.1,33,17,17,12,4,18,31,13,24,4,20,38,71,49,0,Matches
Rk,Player,Nation,Pos,Squad,Age,Born,90s,Tkl,TklW,Def 3rd,Mid 3rd,Att 3rd,Tkl,Att,Lost,Blocks,Sh,Pass,Int,Tkl+Int,Clr,Err,Matches
51,Valon Berisha,xk KVX,MF,Düsseldorf,26,1993,10.5,14,9,3,8,3,6,21,15,4,1,3,9,23,8,0,Matches
52,Jordan Beyer,de GER,DF,Gladbach,19,2000,1.2,3,1,3,0,0,0,1,1,4,2,2,1,4,4,0,Matches
53,Ermin Bičakčić,ba BIH,DF,Hoffenheim,29,1990,13.1,7,3,5,2,0,4,11,7,14,8,6,25,32,64,2,Matches
54,Leonardo Bittencourt,de GER,MF,Hoffenheim,25,1993,0.0,1,1,0,0,1,0,0,0,0,0,0,0,1,0,0,Matches
55,Leonardo Bittencourt,de GER,"FW,MF",Werder Bremen,25,1993,21.0,52,28,23,18,11,9,51,42,20,3,17,12,64,14,0,Matches
56,Jérôme Boateng,de GER,DF,Bayern Munich,30,1988,20.0,21,14,9,12,0,11,22,11,15,11,4,33,54,58,1,Matches
57,Adam Bodzek,de GER,MF,Düsseldorf,33,1985,22.4,42,26,21,20,1,14,46,32,34,11,23,25,67,39,0,Matches
58,Jean-Paul Boëtius,sr SUR,MF,Mainz 05,25,1994,25.2,63,33,21,31,11,20,57,37,38,1,37,26,89,6,0,Matches
59,Melayro Bogarde,nl NED,DF,Hoffenheim,17,2002,0.6,2,1,2,0,0,2,2,0,0,0,0,0,2,3,0,Matches
60,Dennis Borkowski,de GER,FW,RB Leipzig,17,2002,0.1,0,0,0,0,0,0,0,0,0,0,0,0,0,0,0,Matches
61,Robin Bormuth,de GER,DF,Düsseldorf,23,1995,2.0,2,1,2,0,0,2,3,1,6,5,1,0,2,12,0,Matches
62,Sebastiaan Bornauw,be BEL,DF,Köln,20,1999,27.2,37,24,24,12,1,20,39,19,32,12,20,42,79,99,0,Matches
63,Brandon Borrello,au AUS,"MF,FW",Freiburg,24,1995,3.3,10,4,6,4,0,4,10,6,7,1,6,1,11,1,0,Matches
64,Nassim Boujellab,ma MAR,"MF,FW",Schalke 04,20,1999,4.7,12,10,5,4,3,5,14,9,8,1,7,7,19,5,0,Matches
65,Dedryck Boyata,be BEL,DF,Hertha BSC,28,1990,27.1,24,18,17,5,2,4,12,8,39,32,7,62,86,158,1,Matches
66,Can Bozdogan,de GER,MF,Schalke 04,18,2001,2.6,8,6,5,3,0,3,12,9,2,0,2,2,10,2,0,Matches
67,Julian Brandt,de GER,"MF,FW",Dortmund,23,1996,24.5,48,33,15,21,12,25,55,30,35,2,33,16,64,10,1,Matches
68,Josip Brekalo,hr CRO,"MF,FW",Wolfsburg,21,1998,18.6,18,8,5,6,7,5,23,18,26,0,26,16,34,4,0,Matches
69,John Brooks,us USA,DF,Wolfsburg,26,1993,24.7,38,27,27,9,2,24,49,25,31,12,19,41,79,93,0,Matches
70,Daniel Brosinski,de GER,DF,Mainz 05,31,1988,19.0,40,27,13,23,4,15,34,19,16,2,14,14,54,58,0,Matches
71,Jeffrey Bruma,nl NED,DF,Wolfsburg,27,1991,9.0,9,5,4,5,0,7,13,6,6,3,3,13,22,51,1,Matches
72,Jeffrey Bruma,nl NED,DF,Mainz 05,27,1991,7.5,12,8,8,4,0,4,6,2,11,5,6,6,18,34,1,Matches
73,Jacob Bruun Larsen,dk DEN,"FW,MF",Hoffenheim,20,1998,4.3,3,2,3,0,0,3,8,5,3,0,3,3,6,1,0,Matches
74,Jacob Bruun Larsen,dk DEN,FW,Dortmund,20,1998,0.8,0,0,0,0,0,0,0,0,0,0,0,0,0,0,0,Matches
75,Marius Bülter,de GER,"MF,FW",Union Berlin,26,1993,25.8,38,22,19,13,6,17,54,37,37,3,34,11,49,20,1,Matches
Rk,Player,Nation,Pos,Squad,Age,Born,90s,Tkl,TklW,Def 3rd,Mid 3rd,Att 3rd,Tkl,Att,Lost,Blocks,Sh,Pass,Int,Tkl+Int,Clr,Err,Matches
76,Guido Burgstaller,at AUT,FW,Schalke 04,30,1989,13.7,7,3,0,5,2,4,15,11,12,3,9,4,11,10,0,Matches
77,Jonathan Burkardt,de GER,"FW,MF",Mainz 05,19,2000,2.8,9,4,2,5,2,3,8,5,6,1,5,0,9,1,0,Matches
78,Roman Bürki,ch SUI,GK,Dortmund,28,1990,30.8,2,2,2,0,0,2,3,1,1,0,1,2,4,13,1,Matches
79,Daniel Caligiuri,it ITA,"MF,FW",Schalke 04,31,1988,25.5,58,37,18,25,15,27,74,47,67,6,61,25,83,39,0,Matches
80,Emre Can,de GER,"MF,DF",Dortmund,25,1994,10.6,19,12,11,7,1,5,12,7,14,6,8,19,38,15,0,Matches
81,Koen Casteels,be BEL,GK,Wolfsburg,27,1992,26.0,0,0,0,0,0,0,0,0,0,0,0,0,0,9,1,Matches
82,Timothy Chandler,us USA,"DF,MF",Eint Frankfurt,29,1990,13.6,22,10,9,8,5,9,16,7,9,4,5,13,35,21,0,Matches
83,Kwon Chang-hoon,kr KOR,"MF,FW",Freiburg,25,1994,7.5,7,4,2,3,2,1,10,9,5,1,4,7,14,14,0,Matches
84,Darko Churlinov,mk MKD,MF,Köln,19,2000,0.2,1,1,1,0,0,1,2,1,0,0,0,1,2,0,0,Matches
85,Per Ciljan Skjelbred,no NOR,MF,Hertha BSC,32,1987,18.1,50,30,18,29,3,17,41,24,14,3,11,23,73,17,0,Matches
86,Christian Clemens,de GER,FW,Köln,27,1991,0.2,0,0,0,0,0,0,0,0,1,1,0,0,0,0,0,Matches
87,Jamilu Collins,ng NGA,DF,Paderborn 07,24,1994,29.6,69,43,44,21,4,37,62,25,53,19,34,70,139,91,1,Matches
88,Kingsley Coman,fr FRA,"FW,MF",Bayern Munich,23,1996,16.7,19,11,6,7,6,12,27,15,9,0,9,4,23,3,0,Matches
89,Jhon Córdoba,co COL,FW,Köln,26,1993,22.2,10,7,2,5,3,3,13,10,19,1,18,5,15,17,0,Matches
90,Sergio Córdova,ve VEN,FW,Augsburg,21,1997,4.1,3,0,0,2,1,1,10,9,0,0,0,0,3,3,0,Matches
91,Danny da Costa,de GER,"DF,FW",Eint Frankfurt,26,1993,15.4,26,17,14,8,4,6,16,10,16,1,15,15,41,26,0,Matches
92,Philippe Coutinho,br BRA,"MF,FW",Bayern Munich,27,1992,15.7,21,15,1,13,7,2,13,11,9,2,7,6,27,0,0,Matches
93,Mickaël Cuisance,fr FRA,"MF,FW",Bayern Munich,19,1999,3.4,2,1,0,2,0,1,9,8,1,1,0,3,5,0,0,Matches
94,Matheus Cunha,br BRA,"FW,MF",Hertha BSC,20,1999,8.3,10,5,6,4,0,4,11,7,11,1,10,10,20,1,0,Matches
95,Matheus Cunha,br BRA,"FW,MF",RB Leipzig,20,1999,3.1,6,2,0,1,5,0,2,2,5,1,4,1,7,0,0,Matches
96,Rafael Czichos,de GER,DF,Köln,29,1990,24.5,43,34,26,16,1,22,45,23,24,13,11,35,78,110,1,Matches
97,Moanes Dabbur,il ISR,FW,Hoffenheim,27,1992,8.5,8,5,1,3,4,3,10,7,6,2,4,4,12,1,0,Matches
98,Mahmoud Dahoud,de GER,MF,Dortmund,23,1996,6.2,10,6,4,4,2,6,18,12,8,2,6,8,18,4,0,Matches
99,Leon Dajaku,de GER,"DF,MF",Bayern Munich,18,2001,0.1,0,0,0,0,0,0,1,1,0,0,0,0,0,0,0,Matches
100,Vladimír Darida,cz CZE,MF,Hertha BSC,28,1990,25.1,51,28,14,31,6,11,48,37,44,7,37,27,78,19,2,Matches
Rk,Player,Nation,Pos,Squad,Age,Born,90s,Tkl,TklW,Def 3rd,Mid 3rd,Att 3rd,Tkl,Att,Lost,Blocks,Sh,Pass,Int,Tkl+Int,Clr,Err,Matches
101,Alphonso Davies,ca CAN,DF,Bayern Munich,18,2000,24.8,70,43,35,24,11,38,58,20,35,6,29,31,101,51,0,Matches
102,Thomas Delaney,dk DEN,MF,Dortmund,27,1991,9.2,22,10,10,11,1,9,15,6,16,7,9,26,48,26,0,Matches
103,Kerem Demirbay,de GER,MF,Leverkusen,26,1993,17.5,35,19,10,21,4,12,31,19,19,5,14,22,57,7,1,Matches
104,Diego Demme,de GER,MF,RB Leipzig,27,1991,13.5,41,18,17,19,5,17,42,25,14,2,12,15,56,14,0,Matches
105,Moussa Diaby,fr FRA,"FW,MF",Leverkusen,20,1999,19.7,10,8,3,7,0,5,15,10,6,0,6,9,19,4,0,Matches
106,Javairô Dilrosun,nl NED,"MF,FW",Hertha BSC,21,1998,14.5,15,8,11,1,3,5,13,8,20,0,20,18,33,10,0,Matches
107,Ji Dong-won,kr KOR,"FW,MF",Mainz 05,28,1991,1.1,0,0,0,0,0,0,1,1,1,0,1,0,0,0,0,Matches
108,Bas Dost,nl NED,FW,Eint Frankfurt,30,1989,16.4,11,7,1,7,3,3,7,4,6,2,4,5,16,22,0,Matches
109,Mamadou Doucouré,fr FRA,MF,Gladbach,21,1998,0.0,0,0,0,0,0,0,0,0,0,0,0,0,0,0,0,Matches
110,Mohamed Dräger,tn TUN,DF,Paderborn 07,23,1996,16.2,32,21,22,8,2,14,33,19,17,5,12,18,50,39,0,Matches
111,Aleksandar Dragović,at AUT,DF,Leverkusen,28,1991,11.4,18,11,11,6,1,10,21,11,9,3,6,15,33,39,0,Matches
112,Dominick Drexler,de GER,"MF,FW",Köln,29,1990,17.6,34,25,12,19,3,8,32,24,11,5,6,26,60,11,0,Matches
113,Ondrej Duda,sk SVK,MF,Hertha BSC,24,1994,5.0,6,4,1,2,3,1,10,9,3,1,2,5,11,5,0,Matches
114,Erik Durm,de GER,"DF,FW",Eint Frankfurt,27,1992,5.7,13,6,9,2,2,9,17,8,11,2,9,3,16,11,0,Matches
115,Johannes Eggestein,de GER,"MF,FW",Werder Bremen,21,1998,5.7,8,6,2,2,4,3,12,9,6,0,6,2,10,4,0,Matches
116,Maximilian Eggestein,de GER,MF,Werder Bremen,22,1996,31.7,40,28,20,18,2,15,43,28,37,8,29,36,76,57,0,Matches
117,Kingsley Ehizibue,nl NED,DF,Köln,24,1995,25.9,78,53,43,30,5,33,53,20,28,8,20,39,117,79,1,Matches
118,Ilay Elmkies,il ISR,MF,Hoffenheim,19,2000,0.0,1,1,1,0,0,0,0,0,0,0,0,0,1,0,0,Matches
119,Nico Elvedi,ch SUI,DF,Gladbach,22,1996,29.1,45,27,37,8,0,19,38,19,32,15,17,62,107,112,0,Matches
120,Breel Embolo,ch SUI,"FW,MF",Gladbach,22,1997,17.2,22,11,2,15,5,4,15,11,12,1,11,8,30,5,0,Matches
121,Alexander Esswein,de GER,"FW,MF",Hertha BSC,29,1990,2.4,6,4,4,2,0,3,8,5,8,1,7,7,13,7,1,Matches
122,Antony Evans,eng ENG,"MF,DF",Paderborn 07,20,1998,1.7,5,4,1,3,1,1,5,4,1,1,0,2,7,4,0,Matches
123,Simon Falette,gn GUI,DF,Eint Frankfurt,27,1992,1.0,0,0,0,0,0,0,1,1,3,3,0,3,3,5,0,Matches
124,Ohis Felix Uduokhai,de GER,DF,Augsburg,21,1997,21.8,43,26,30,12,1,19,29,10,40,30,10,36,79,125,2,Matches
125,Edimilson Fernandes,ch SUI,"MF,DF",Mainz 05,23,1996,16.5,33,20,12,15,6,15,33,18,17,9,8,32,65,47,1,Matches
Rk,Player,Nation,Pos,Squad,Age,Born,90s,Tkl,TklW,Def 3rd,Mid 3rd,Att 3rd,Tkl,Att,Lost,Blocks,Sh,Pass,Int,Tkl+Int,Clr,Err,Matches
126,Gelson Fernandes,ch SUI,MF,Eint Frankfurt,32,1986,8.6,30,18,13,17,0,7,21,14,11,3,8,16,46,9,2,Matches
127,Oliver Fink,de GER,"MF,FW",Düsseldorf,37,1982,7.5,21,12,7,11,3,5,16,11,12,1,11,15,36,7,0,Matches
128,Alfreð Finnbogason,is ISL,FW,Augsburg,30,1989,10.7,11,6,1,9,1,2,7,5,8,2,6,3,14,8,0,Matches
129,Mark Flekken,nl NED,GK,Freiburg,26,1993,10.0,0,0,0,0,0,0,1,1,0,0,0,0,0,2,2,Matches
130,Emil Forsberg,se SWE,MF,RB Leipzig,27,1991,12.7,16,10,5,8,3,6,26,20,15,0,15,5,21,3,0,Matches
131,Raphael Framberger,de GER,DF,Augsburg,23,1995,13.1,43,25,23,16,4,21,29,8,23,9,14,20,63,26,0,Matches
132,Mike Frantz,de GER,MF,Freiburg,32,1986,3.9,4,2,1,3,0,2,9,7,5,3,2,1,5,4,0,Matches
133,Marco Friedl,at AUT,"DF,MF",Werder Bremen,21,1998,24.3,61,39,42,15,4,29,54,25,29,9,20,34,95,78,0,Matches
134,Marvin Friedrich,de GER,DF,Union Berlin,23,1995,31.0,45,31,30,14,1,12,37,25,46,24,22,42,87,110,0,Matches
135,Samúel Friðjónsson,is ISL,MF,Paderborn 07,23,1996,2.1,4,1,3,1,0,1,3,2,4,1,3,4,8,4,0,Matches
136,Niclas Füllkrug,de GER,FW,Werder Bremen,26,1993,4.5,2,2,1,1,0,1,3,2,3,0,3,3,5,6,0,Matches
137,Mijat Gaćinović,rs SRB,"MF,FW",Eint Frankfurt,24,1995,11.6,19,11,7,8,4,6,25,19,26,2,24,15,34,6,0,Matches
138,Theodor Gebre Selassie,cz CZE,"DF,MF",Werder Bremen,32,1986,27.0,36,27,23,10,3,17,35,18,26,9,17,63,99,81,0,Matches
139,Dennis Geiger,de GER,MF,Hoffenheim,21,1998,12.6,12,5,4,6,2,2,16,14,9,2,7,6,18,4,0,Matches
140,Christian Gentner,de GER,MF,Union Berlin,33,1985,27.1,53,28,16,32,5,22,73,51,46,8,38,54,107,50,0,Matches
141,Yannick Gerhardt,de GER,MF,Wolfsburg,25,1994,9.2,28,18,7,15,6,8,21,13,11,3,8,12,40,9,0,Matches
142,Niko Gießelmann,de GER,DF,Düsseldorf,27,1991,22.9,46,31,31,11,4,22,45,23,23,6,17,27,73,55,1,Matches
143,Rafał Gikiewicz,pl POL,GK,Union Berlin,31,1987,33.0,1,0,1,0,0,1,4,3,0,0,0,2,3,26,4,Matches
144,Daniel Ginczek,de GER,FW,Wolfsburg,28,1991,8.5,4,3,3,1,0,1,11,10,3,1,2,1,5,3,0,Matches
145,Matthias Ginter,de GER,DF,Gladbach,25,1994,30.9,34,20,19,14,1,17,31,14,27,22,5,34,68,125,3,Matches
146,Klaus Gjasula,al ALB,MF,Paderborn 07,29,1989,25.3,69,39,30,35,4,30,61,31,33,6,27,32,101,50,2,Matches
147,Serge Gnabry,de GER,"FW,MF",Bayern Munich,24,1995,24.4,36,16,4,19,13,9,29,20,17,0,17,16,52,2,1,Matches
148,Akaki Gogia,de GER,"MF,FW",Union Berlin,27,1992,1.3,2,1,0,0,2,0,2,2,2,2,0,0,2,0,0,Matches
149,Benjamin Goller,de GER,"FW,MF",Werder Bremen,20,1999,3.2,8,3,3,4,1,3,10,7,3,0,3,1,9,1,0,Matches
150,Jérôme Gondorf,de GER,MF,Freiburg,31,1988,1.3,9,6,7,1,1,3,6,3,3,2,1,0,9,2,0,Matches
Rk,Player,Nation,Pos,Squad,Age,Born,90s,Tkl,TklW,Def 3rd,Mid 3rd,Att 3rd,Tkl,Att,Lost,Blocks,Sh,Pass,Int,Tkl+Int,Clr,Err,Matches
151,Leon Goretzka,de GER,MF,Bayern Munich,24,1995,16.8,28,15,7,18,3,10,32,22,18,2,16,24,52,8,0,Matches
152,Mario Götze,de GER,FW,Dortmund,27,1992,5.8,10,7,0,6,4,3,12,9,3,0,3,2,12,1,0,Matches
153,Jeffrey Gouweleeuw,nl NED,DF,Augsburg,28,1991,18.3,28,16,22,5,1,12,21,9,15,8,7,37,65,97,0,Matches
154,Michael Gregoritsch,at AUT,"MF,FW",Augsburg,25,1994,3.4,2,2,0,2,0,0,4,4,4,1,3,3,5,7,0,Matches
155,Michael Gregoritsch,at AUT,FW,Schalke 04,25,1994,9.2,8,5,0,6,2,0,9,9,9,1,8,2,10,10,0,Matches
156,Vincenzo Grifo,it ITA,MF,Hoffenheim,26,1993,0.2,0,0,0,0,0,0,0,0,0,0,0,0,0,0,0,Matches
157,Vincenzo Grifo,it ITA,"MF,FW",Freiburg,26,1993,18.0,15,10,9,3,3,6,25,19,13,1,12,14,29,18,1,Matches
158,Florian Grillitsch,at AUT,"MF,DF",Hoffenheim,23,1995,26.8,59,29,34,24,1,29,61,32,33,6,27,49,108,41,1,Matches
159,Christian Groß,de GER,"DF,MF",Werder Bremen,30,1989,9.7,23,17,16,5,2,9,16,7,13,7,6,14,37,50,1,Matches
160,Carlos Gruezo,ec ECU,MF,Augsburg,24,1995,9.8,28,12,12,15,1,5,24,19,5,0,5,6,34,5,0,Matches
161,Marko Grujić,rs SRB,MF,Hertha BSC,23,1996,26.8,56,34,21,30,5,19,63,44,43,9,34,22,78,69,0,Matches
162,Raphaël Guerreiro,pt POR,"DF,MF",Dortmund,25,1993,25.9,44,24,18,21,5,20,32,12,27,3,24,42,86,26,0,Matches
163,Babacar Guèye,sn SEN,FW,Paderborn 07,24,1994,1.2,2,0,0,0,2,0,1,1,1,1,0,0,2,3,0,Matches
164,Josuha Guilavogui,fr FRA,"MF,DF",Wolfsburg,28,1990,22.9,41,26,17,23,1,10,30,20,35,9,26,45,86,64,2,Matches
165,Péter Gulácsi,hu HUN,GK,RB Leipzig,29,1990,32.0,0,0,0,0,0,0,0,0,0,0,0,1,1,18,6,Matches
166,Manuel Gulde,de GER,DF,Freiburg,28,1991,15.2,28,16,17,9,2,15,24,9,23,13,10,22,50,80,1,Matches
167,Christian Günter,de GER,DF,Freiburg,26,1993,33.7,25,11,17,7,1,12,35,23,29,13,16,14,39,40,0,Matches
168,Jonathan de Guzmán,nl NED,MF,Eint Frankfurt,31,1987,1.0,1,1,0,1,0,1,7,6,2,0,2,1,2,0,0,Matches
169,Erling Haaland,no NOR,FW,Dortmund,19,2000,11.8,4,2,1,0,3,0,4,4,7,4,3,4,8,4,0,Matches
170,Janik Haberer,de GER,"MF,FW",Freiburg,25,1994,19.1,26,18,8,14,4,12,45,33,25,4,21,25,51,23,0,Matches
171,Alexander Hack,de GER,DF,Mainz 05,25,1993,8.9,26,10,19,6,1,16,27,11,20,9,11,23,49,60,1,Matches
172,André Hahn,de GER,"FW,MF",Augsburg,28,1990,7.8,15,9,7,5,3,5,21,16,23,5,18,13,28,14,0,Matches
173,Amadou Haidara,ml MLI,MF,RB Leipzig,21,1998,8.4,26,16,7,17,2,10,24,14,14,2,12,8,34,10,1,Matches
174,Achraf Hakimi,ma MAR,"DF,MF",Dortmund,20,1998,30.2,60,41,38,14,8,27,64,37,26,2,24,30,90,27,2,Matches
175,Marcel Halstenberg,de GER,DF,RB Leipzig,27,1991,28.0,46,31,27,17,2,28,58,30,37,11,26,46,92,72,2,Matches
Rk,Player,Nation,Pos,Squad,Age,Born,90s,Tkl,TklW,Def 3rd,Mid 3rd,Att 3rd,Tkl,Att,Lost,Blocks,Sh,Pass,Int,Tkl+Int,Clr,Err,Matches
176,Amine Harit,ma MAR,"MF,FW",Schalke 04,22,1997,23.4,16,7,8,5,3,6,25,19,13,0,13,7,23,2,1,Matches
177,Martin Harnik,at AUT,"MF,FW",Werder Bremen,32,1987,0.1,0,0,0,0,0,0,0,0,0,0,0,0,0,0,0,Matches
178,Makoto Hasebe,jp JPN,"DF,MF",Eint Frankfurt,35,1984,21.9,28,20,16,9,3,18,39,21,38,10,28,26,54,38,0,Matches
179,Kai Havertz,de GER,"MF,FW",Leverkusen,20,1999,27.3,21,15,5,10,6,6,39,33,22,0,22,2,23,22,0,Matches
180,Thorgan Hazard,be BEL,"FW,MF",Dortmund,26,1993,26.4,40,27,17,14,9,12,50,38,29,0,29,13,53,2,1,Matches
181,Jonas Hector,de GER,"MF,DF",Köln,29,1990,27.0,76,49,37,34,5,24,75,51,44,10,34,46,122,38,1,Matches
182,Dominique Heintz,de GER,DF,Freiburg,25,1993,27.0,47,30,40,6,1,17,43,26,38,25,13,41,88,131,1,Matches
183,Rouwen Hennings,de GER,FW,Düsseldorf,31,1987,27.3,11,5,2,7,2,3,18,15,12,0,12,2,13,33,0,Matches
184,Lucas Hernández,fr FRA,DF,Bayern Munich,23,1996,10.2,18,9,13,3,2,9,15,6,6,1,5,15,33,17,0,Matches
185,Patrick Herrmann,de GER,"FW,MF",Gladbach,28,1991,16.1,24,11,8,10,6,5,16,11,21,4,17,11,35,8,0,Matches
186,Martin Hinteregger,at AUT,DF,Eint Frankfurt,26,1992,30.2,66,51,33,30,3,28,57,29,41,21,20,36,102,96,0,Matches
187,Marwin Hitz,ch SUI,GK,Dortmund,31,1987,3.2,0,0,0,0,0,0,0,0,0,0,0,0,0,0,0,Matches
188,André Hoffmann,de GER,DF,Düsseldorf,26,1993,27.0,48,22,30,18,0,16,50,34,22,9,13,56,104,90,0,Matches
189,Nicolas Höfler,de GER,MF,Freiburg,29,1990,30.9,65,40,31,28,6,22,64,42,58,18,40,71,136,59,3,Matches
190,Jonas Hofmann,de GER,"MF,FW",Gladbach,27,1992,18.1,43,27,22,12,9,22,76,54,28,3,25,18,61,14,0,Matches
191,Jonas Hofmann,de GER,MF,Schalke 04,22,1997,0.0,0,0,0,0,0,0,0,0,0,0,0,0,0,2,0,Matches
192,Marco Höger,de GER,MF,Köln,29,1989,7.5,10,5,4,5,1,6,16,10,14,4,10,6,16,15,0,Matches
193,Lucas Höler,de GER,"FW,MF",Freiburg,25,1994,27.6,35,15,11,16,8,11,46,35,30,9,21,12,47,38,0,Matches
194,Gerrit Holtmann,ph PHI,"MF,DF",Paderborn 07,24,1995,11.8,24,14,14,6,4,15,37,22,21,1,20,6,30,8,0,Matches
195,Luca Horn,de GER,DF,Wolfsburg,20,1998,0.1,0,0,0,0,0,0,0,0,0,0,0,0,0,0,0,Matches
196,Timo Horn,de GER,GK,Köln,26,1993,34.0,0,0,0,0,0,0,5,5,0,0,0,2,2,15,1,Matches
197,Lukáš Hrádecký,fi FIN,GK,Leverkusen,29,1989,34.0,0,0,0,0,0,0,1,1,0,0,0,2,2,19,2,Matches
198,Benjamin Hübner,de GER,DF,Hoffenheim,30,1989,23.0,42,26,33,9,0,23,45,22,18,13,5,30,72,98,2,Matches
199,Florian Hübner,de GER,DF,Union Berlin,28,1991,9.4,16,14,12,4,0,7,17,10,11,7,4,16,32,39,0,Matches
200,Mats Hummels,de GER,DF,Dortmund,30,1988,28.7,57,30,30,26,1,20,38,18,41,18,23,59,116,110,1,Matches
Rk,Player,Nation,Pos,Squad,Age,Born,90s,Tkl,TklW,Def 3rd,Mid 3rd,Att 3rd,Tkl,Att,Lost,Blocks,Sh,Pass,Int,Tkl+Int,Clr,Err,Matches
201,Uwe Hünemeier,de GER,DF,Paderborn 07,33,1986,13.4,20,15,9,11,0,10,20,10,22,12,10,24,44,63,0,Matches
202,Jannik Huth,de GER,GK,Paderborn 07,25,1994,6.0,0,0,0,0,0,0,1,1,0,0,0,0,0,2,0,Matches
203,Iago,br BRA,"DF,MF",Augsburg,22,1997,7.5,19,12,12,7,0,9,18,9,6,2,4,14,33,27,0,Matches
204,Vedad Ibišević,ba BIH,FW,Hertha BSC,34,1984,14.0,4,3,0,1,3,0,3,3,4,0,4,1,5,15,0,Matches
205,Luc Ihorst,de GER,FW,Werder Bremen,19,2000,0.1,1,1,0,0,1,0,0,0,1,0,1,0,1,0,0,Matches
206,Stefan Ilsanker,at AUT,DF,RB Leipzig,30,1989,4.6,3,1,3,0,0,3,6,3,6,3,3,7,10,21,0,Matches
207,Stefan Ilsanker,at AUT,"DF,MF",Eint Frankfurt,30,1989,9.3,23,15,16,7,0,10,23,13,8,1,7,19,42,26,0,Matches
208,Marcus Ingvartsen,dk DEN,"MF,FW",Union Berlin,23,1996,19.1,20,14,5,7,8,9,28,19,16,1,15,16,36,16,0,Matches
209,Gian-Luca Itter,de GER,"DF,MF",Freiburg,20,1999,0.4,1,1,1,0,0,1,1,0,0,0,0,1,2,4,0,Matches
210,Ismail Jakobs,sn SEN,"FW,DF",Köln,19,1999,18.6,34,23,18,9,7,10,23,13,25,3,22,24,58,30,0,Matches
211,Laurent Jans,lu LUX,DF,Paderborn 07,26,1992,17.5,42,25,30,8,4,22,48,26,25,10,15,19,61,49,1,Matches
212,Tony Jantschke,de GER,DF,Gladbach,29,1990,11.2,33,21,23,10,0,15,24,9,20,11,9,27,60,48,0,Matches
213,Rune Jarstein,no NOR,GK,Hertha BSC,34,1984,28.3,4,1,4,0,0,2,3,1,0,0,0,1,5,11,3,Matches
214,Dennis Jastrzembski,pl POL,"MF,FW",Paderborn 07,19,2000,2.0,2,0,1,1,0,0,1,1,3,0,3,3,5,0,0,Matches
215,Tin Jedvaj,hr CRO,DF,Augsburg,23,1995,29.3,44,26,25,19,0,23,47,24,36,18,18,60,104,123,1,Matches
216,Fredrik Jensen,fi FIN,"MF,FW",Augsburg,21,1997,5.1,3,1,2,1,0,2,7,5,7,1,6,1,4,3,0,Matches
217,Fabian Johnson,us USA,"MF,DF",Gladbach,31,1987,3.0,5,3,2,2,1,2,4,2,4,1,3,2,7,3,0,Matches
218,Dejan Joveljić,rs SRB,FW,Eint Frankfurt,19,1999,1.7,2,2,1,1,0,0,1,1,0,0,0,0,2,1,0,Matches
219,Mathias Jørgensen,dk DEN,DF,Düsseldorf,29,1990,5.5,4,3,3,1,0,2,4,2,7,3,4,13,17,33,0,Matches
220,Ozan Kabak,tr TUR,DF,Schalke 04,19,2000,19.7,37,23,28,9,0,14,21,7,33,19,14,37,74,97,0,Matches
221,Pavel Kadeřábek,cz CZE,"DF,FW",Hoffenheim,27,1992,27.5,32,22,17,13,2,13,30,17,29,7,22,27,59,55,1,Matches
222,Florian Kainz,at AUT,"FW,MF",Köln,26,1992,17.3,21,13,12,6,3,15,33,18,26,2,24,13,34,11,0,Matches
223,Salomon Kalou,ci CIV,"FW,MF",Hertha BSC,33,1985,1.6,1,0,1,0,0,0,2,2,2,0,2,0,1,1,0,Matches
224,Daichi Kamada,jp JPN,"MF,FW",Eint Frankfurt,22,1996,21.9,29,20,7,17,5,8,42,34,16,1,15,10,39,6,0,Matches
225,Kevin Kampl,si SVN,MF,RB Leipzig,28,1990,7.5,17,11,7,10,0,7,23,16,7,2,5,16,33,6,0,Matches
Rk,Player,Nation,Pos,Squad,Age,Born,90s,Tkl,TklW,Def 3rd,Mid 3rd,Att 3rd,Tkl,Att,Lost,Blocks,Sh,Pass,Int,Tkl+Int,Clr,Err,Matches
226,Stefanos Kapino,gr GRE,GK,Werder Bremen,25,1994,1.0,0,0,0,0,0,0,0,0,0,0,0,1,1,0,0,Matches
227,Kenan Karaman,tr TUR,"FW,MF",Düsseldorf,25,1994,15.0,11,5,2,5,4,4,9,5,9,4,5,2,13,7,0,Matches
228,Mamoudou Karamoko,fr FRA,MF,Wolfsburg,19,1999,0.1,0,0,0,0,0,0,0,0,0,0,0,0,0,0,0,Matches
229,Florian Kastenmeier,de GER,GK,Düsseldorf,22,1997,17.0,1,1,1,0,0,0,0,0,0,0,0,2,3,3,1,Matches
230,Noah Katterbach,de GER,DF,Köln,18,2001,14.6,29,23,21,8,0,11,28,17,12,1,11,29,58,26,0,Matches
231,Yannik Keitel,de GER,MF,Freiburg,19,2000,1.9,2,1,1,1,0,0,6,6,3,1,2,4,6,4,0,Matches
232,Jonjoe Kenny,eng ENG,DF,Schalke 04,22,1997,30.2,49,29,24,19,6,26,51,25,45,10,35,26,75,79,0,Matches
233,Rani Khedira,de GER,MF,Augsburg,25,1994,29.4,60,36,21,35,4,18,45,27,47,12,35,48,108,62,0,Matches
234,Luca Kilian,de GER,DF,Paderborn 07,19,1999,14.0,33,24,27,6,0,22,41,19,20,9,11,12,45,67,0,Matches
235,Joshua Kimmich,de GER,"MF,DF",Bayern Munich,24,1995,31.3,52,29,21,20,11,22,55,33,38,9,29,29,81,29,0,Matches
236,Davy Klaassen,nl NED,MF,Werder Bremen,26,1993,32.6,55,43,19,23,13,19,57,38,46,18,28,38,93,45,2,Matches
237,Felix Klaus,de GER,"MF,FW",Wolfsburg,26,1992,7.4,24,16,4,13,7,7,19,12,10,2,8,3,27,5,0,Matches
238,Lukas Klostermann,de GER,DF,RB Leipzig,23,1996,29.4,45,26,24,16,5,18,31,13,34,16,18,26,71,101,2,Matches
239,Lukas Klünter,de GER,DF,Hertha BSC,23,1996,20.9,44,31,26,16,2,20,30,10,16,4,12,27,71,61,1,Matches
240,Robin Knoche,de GER,DF,Wolfsburg,27,1992,17.7,29,14,24,5,0,17,30,13,19,11,8,27,56,77,1,Matches
241,Robin Koch,de GER,"DF,MF",Freiburg,23,1996,30.1,34,20,20,13,1,11,26,15,30,22,8,45,79,94,4,Matches
242,Dominik Kohr,de GER,MF,Eint Frankfurt,25,1994,16.1,44,35,15,25,4,18,53,35,31,11,20,30,74,16,0,Matches
243,Ibrahima Konaté,fr FRA,DF,RB Leipzig,20,1999,6.3,11,6,10,1,0,2,7,5,9,4,5,5,16,35,1,Matches
244,Pascal Köpke,de GER,FW,Hertha BSC,23,1995,1.3,0,0,0,0,0,0,0,0,0,0,0,0,0,0,0,Matches
245,Filip Kostić,rs SRB,"DF,FW",Eint Frankfurt,26,1992,32.9,59,38,30,20,9,22,59,37,45,2,43,23,82,16,0,Matches
246,Tomáš Koubek,cz CZE,GK,Augsburg,26,1992,24.0,3,2,3,0,0,3,11,8,1,0,1,1,4,23,3,Matches
247,Dawid Kownacki,pl POL,"FW,MF",Düsseldorf,22,1997,12.1,13,8,5,7,1,9,20,11,13,2,11,6,19,8,0,Matches
248,Thomas Kraft,de GER,GK,Hertha BSC,31,1988,4.0,0,0,0,0,0,0,0,0,0,0,0,1,1,0,0,Matches
249,Andrej Kramarić,hr CRO,"FW,MF",Hoffenheim,28,1991,15.8,2,1,1,0,1,1,7,6,6,0,6,3,5,4,0,Matches
250,Christoph Kramer,de GER,MF,Gladbach,28,1991,16.3,45,29,19,21,5,19,49,30,22,3,19,14,59,19,0,Matches
Rk,Player,Nation,Pos,Squad,Age,Born,90s,Tkl,TklW,Def 3rd,Mid 3rd,Att 3rd,Tkl,Att,Lost,Blocks,Sh,Pass,Int,Tkl+Int,Clr,Err,Matches
251,Tom Krauß,de GER,MF,RB Leipzig,18,2001,0.0,1,1,0,1,0,1,2,1,0,0,0,0,1,0,0,Matches
252,Felix Kroos,de GER,"MF,DF",Union Berlin,28,1991,4.2,17,9,9,6,2,8,15,7,6,3,3,3,20,13,1,Matches
253,Lukas Kübler,de GER,DF,Freiburg,26,1992,2.3,1,1,0,1,0,1,5,4,2,0,2,1,2,6,0,Matches
254,Pierre Kunde,cm CMR,MF,Mainz 05,24,1995,20.7,34,17,15,18,1,12,30,18,16,4,12,26,60,55,0,Matches
255,Ahmed Kutucu,tr TUR,"FW,MF",Schalke 04,19,2000,7.5,11,7,3,6,2,4,15,11,5,0,5,2,13,5,0,Matches
256,Konrad Laimer,at AUT,MF,RB Leipzig,22,1997,23.5,91,45,30,46,15,43,102,59,51,8,43,34,125,14,0,Matches
257,Stefan Lainer,at AUT,DF,Gladbach,26,1992,30.1,51,30,25,19,7,24,54,30,38,7,31,29,80,71,0,Matches
258,Michael Lang,ch SUI,"DF,FW",Werder Bremen,28,1991,6.0,8,5,3,5,0,6,12,6,5,1,4,7,15,22,0,Matches
259,Sebastian Langkamp,de GER,DF,Werder Bremen,31,1988,3.5,3,2,3,0,0,2,4,2,5,3,2,3,6,11,1,Matches
260,Danny Latza,de GER,MF,Mainz 05,29,1989,15.3,33,19,15,17,1,16,49,33,22,5,17,17,50,24,0,Matches
261,Mathew Leckie,au AUS,"DF,FW",Hertha BSC,28,1991,2.2,3,1,1,2,0,2,3,1,6,0,6,2,5,2,1,Matches
262,Toni Leistner,de GER,DF,Köln,28,1990,11.2,19,12,10,9,0,5,13,8,16,7,9,32,51,57,0,Matches
263,Tim Lemperle,de GER,MF,Köln,17,2002,0.2,0,0,0,0,0,0,0,0,0,0,0,0,0,0,0,Matches
264,Christopher Lenz,de GER,"DF,MF",Union Berlin,24,1994,25.2,63,37,37,20,6,26,49,23,46,11,35,43,106,65,0,Matches
265,Robert Lewandowski,pl POL,FW,Bayern Munich,30,1988,30.7,18,9,3,9,6,3,15,12,13,1,12,7,25,13,0,Matches
266,Stephan Lichtsteiner,ch SUI,DF,Augsburg,35,1984,14.9,23,14,16,5,2,10,22,12,15,7,8,16,39,35,0,Matches
267,Philipp Lienhart,at AUT,DF,Freiburg,23,1996,20.2,11,4,10,1,0,6,13,7,24,17,7,28,39,86,0,Matches
268,Jürgen Locadia,cw CUW,FW,Hoffenheim,25,1993,5.9,5,4,0,4,1,1,4,3,1,0,1,0,5,3,0,Matches
269,Ademola Lookman,ng NGA,"FW,MF",RB Leipzig,21,1997,3.4,6,4,3,1,2,1,1,0,3,0,3,1,7,0,1,Matches
270,Eduard Löwen,de GER,MF,Augsburg,22,1997,7.5,10,8,6,2,2,6,18,12,11,2,9,5,15,7,0,Matches
271,Eduard Löwen,de GER,MF,Hertha BSC,22,1997,3.5,9,6,3,6,0,5,11,6,2,1,1,7,16,2,0,Matches
272,Jan Luca Rumpf,de GER,DF,Paderborn 07,20,1999,1.0,0,0,0,0,0,0,0,0,0,0,0,0,0,2,0,Matches
273,Dodi Lukebakio,be BEL,"FW,MF",Hertha BSC,21,1997,22.6,25,18,13,8,4,10,28,18,22,4,18,10,35,14,0,Matches
274,Andreas Luthe,de GER,GK,Augsburg,32,1987,10.0,1,0,1,0,0,1,2,1,0,0,0,0,1,5,1,Matches
275,Arne Maier,de GER,MF,Hertha BSC,20,1999,5.9,9,7,6,1,2,1,10,9,5,0,5,7,16,2,1,Matches
Rk,Player,Nation,Pos,Squad,Age,Born,90s,Tkl,TklW,Def 3rd,Mid 3rd,Att 3rd,Tkl,Att,Lost,Blocks,Sh,Pass,Int,Tkl+Int,Clr,Err,Matches
276,Yunus Mallı,tr TUR,"MF,FW",Union Berlin,27,1992,7.5,8,3,1,5,2,5,10,5,2,0,2,7,15,7,0,Matches
277,Streli Mamba,de GER,FW,Paderborn 07,25,1994,16.9,15,9,0,9,6,1,13,12,12,2,10,6,21,2,0,Matches
278,Omar Marmoush,eg EGY,"MF,FW",Wolfsburg,20,1999,0.9,1,1,1,0,0,0,0,0,1,0,1,1,2,0,0,Matches
279,Aarón Martín,es ESP,DF,Mainz 05,22,1997,19.9,29,15,17,8,4,9,22,13,11,5,6,30,59,36,0,Matches
280,Javi Martínez,es ESP,"DF,MF",Bayern Munich,30,1988,7.5,16,12,9,7,0,9,11,2,9,8,1,18,34,30,0,Matches
281,Omar Mascarell,gq EQG,MF,Schalke 04,26,1993,22.5,42,23,17,22,3,21,57,36,46,14,32,62,104,40,0,Matches
282,Jean-Philippe Mateta,fr FRA,FW,Mainz 05,22,1997,11.7,2,2,0,2,0,0,6,6,3,2,1,1,3,11,0,Matches
283,Rabbi Matondo,wls WAL,"FW,MF",Schalke 04,18,2000,12.9,10,3,3,2,5,3,13,10,4,0,4,5,15,1,0,Matches
284,Philipp Max,de GER,DF,Augsburg,25,1993,30.1,42,29,22,16,4,20,45,25,19,4,15,26,68,50,0,Matches
285,Alexandru Maxim,ro ROU,"MF,DF",Mainz 05,29,1990,1.3,4,2,1,2,1,1,3,2,0,0,0,1,5,1,0,Matches
286,Kevin Mbabu,ch SUI,DF,Wolfsburg,24,1995,18.8,69,48,39,24,6,35,54,19,33,10,23,23,92,53,0,Matches
287,Weston McKennie,us USA,"MF,DF",Schalke 04,20,1998,23.0,38,20,17,16,5,13,40,27,38,12,26,46,84,39,0,Matches
288,Joshua Mees,de GER,"MF,FW",Union Berlin,23,1996,3.6,8,5,3,4,1,4,12,8,3,0,3,2,10,4,0,Matches
289,Admir Mehmedi,ch SUI,"MF,FW",Wolfsburg,28,1991,13.3,14,6,2,9,3,4,15,11,10,0,10,5,19,4,0,Matches
290,Levent Mercan,de GER,"MF,FW",Schalke 04,18,2000,0.8,0,0,0,0,0,0,0,0,0,0,0,0,0,2,1,Matches
291,Jorge Meré,es ESP,DF,Köln,22,1997,6.9,6,5,2,4,0,1,2,1,13,11,2,14,20,30,0,Matches
292,Sven Michel,de GER,FW,Paderborn 07,29,1990,15.3,14,12,3,5,6,3,20,17,13,2,11,7,21,7,0,Matches
293,Juan Miranda,es ESP,DF,Schalke 04,19,2000,8.7,14,10,8,6,0,6,18,12,12,4,8,10,24,27,1,Matches
294,Maximilian Mittelstädt,de GER,"DF,FW",Hertha BSC,22,1997,21.0,61,38,31,25,5,26,54,28,38,6,32,53,114,64,0,Matches
295,Anthony Modeste,fr FRA,FW,Köln,31,1988,12.6,10,5,1,5,4,1,10,9,5,3,2,0,10,19,0,Matches
296,Kevin Möhwald,de GER,MF,Werder Bremen,26,1993,0.8,2,1,1,1,0,1,2,1,0,0,0,0,2,1,0,Matches
297,Niklas Moisander,fi FIN,DF,Werder Bremen,33,1985,22.0,27,15,19,6,2,11,26,15,37,19,18,49,76,85,0,Matches
298,Alfredo Morales,us USA,MF,Düsseldorf,29,1990,19.2,31,15,11,16,4,11,35,24,17,6,11,18,49,37,0,Matches
299,Jan Morávek,cz CZE,MF,Augsburg,29,1989,5.3,23,12,9,14,0,11,24,13,4,1,3,8,31,11,0,Matches
300,Mateu Morey,es ESP,"DF,MF",Dortmund,19,2000,2.2,7,3,2,4,1,4,10,6,4,0,4,5,12,3,0,Matches
Rk,Player,Nation,Pos,Squad,Age,Born,90s,Tkl,TklW,Def 3rd,Mid 3rd,Att 3rd,Tkl,Att,Lost,Blocks,Sh,Pass,Int,Tkl+Int,Clr,Err,Matches
301,Nordi Mukiele,fr FRA,"DF,FW",RB Leipzig,21,1997,19.8,61,39,39,12,10,25,38,13,26,4,22,47,108,57,0,Matches
302,Florian Müller,de GER,GK,Mainz 05,21,1997,12.5,0,0,0,0,0,0,0,0,0,0,0,2,2,3,1,Matches
303,Thomas Müller,de GER,"MF,FW",Bayern Munich,29,1989,25.1,45,27,7,26,12,22,69,47,27,3,24,12,57,8,0,Matches
304,Torben Müsel,de GER,FW,Gladbach,20,1999,0.0,0,0,0,0,0,0,0,0,0,0,0,1,1,0,0,Matches
305,Jamal Musiala,de GER,MF,Bayern Munich,16,2003,0.0,0,0,0,0,0,0,0,0,0,0,0,0,0,0,0,Matches
306,Yvon Mvogo,ch SUI,GK,RB Leipzig,25,1994,2.0,0,0,0,0,0,0,0,0,0,0,0,0,0,0,1,Matches
307,Phillipp Mwene,at AUT,DF,Mainz 05,25,1994,3.5,11,5,9,2,0,7,12,5,10,1,9,3,14,11,0,Matches
308,Obite N'Dicka,ci CIV,DF,Eint Frankfurt,19,1999,19.1,27,13,13,11,3,15,28,13,28,6,22,29,56,57,0,Matches
309,Matija Nastasić,rs SRB,DF,Schalke 04,26,1993,15.2,26,16,17,9,0,14,17,3,28,16,12,22,48,79,0,Matches
310,Manuel Neuer,de GER,GK,Bayern Munich,33,1986,33.0,2,1,1,0,1,2,4,2,0,0,0,0,2,15,4,Matches
311,Florian Neuhaus,de GER,MF,Gladbach,22,1997,26.2,42,23,13,22,7,12,54,42,24,4,20,27,69,8,0,Matches
312,Jessic Ngankam,de GER,"FW,MF",Hertha BSC,19,2000,0.9,2,2,1,1,0,2,2,0,2,0,2,0,2,1,0,Matches
313,Moussa Niakhate,sn SEN,DF,Mainz 05,23,1996,33.0,35,22,29,6,0,16,29,13,40,26,14,40,75,124,4,Matches
314,Moritz Nicolas,de GER,GK,Union Berlin,21,1997,1.0,0,0,0,0,0,0,0,0,0,0,0,0,0,0,0,Matches
315,Florian Niederlechner,de GER,"FW,MF",Augsburg,28,1990,30.2,21,13,7,9,5,4,21,17,21,5,16,8,29,38,0,Matches
316,Christopher Nkunku,fr FRA,"MF,FW",RB Leipzig,21,1997,21.4,21,13,4,11,6,9,33,24,25,2,23,20,41,8,0,Matches
317,Lukas Nmecha,de GER,"MF,FW",Wolfsburg,20,1998,1.5,0,0,0,0,0,0,0,0,0,0,0,0,0,0,0,Matches
318,Håvard Nordtveit,no NOR,DF,Hoffenheim,29,1990,7.8,4,1,3,1,0,3,7,4,17,12,5,13,17,45,0,Matches
319,Alexander Nübel,de GER,GK,Schalke 04,22,1996,25.7,0,0,0,0,0,0,0,0,0,0,0,2,2,9,6,Matches
320,Kasim Nuhu,gh GHA,DF,Düsseldorf,24,1995,11.1,14,7,12,1,1,9,19,10,16,12,4,25,39,54,0,Matches
321,Bastian Oczipka,de GER,DF,Schalke 04,30,1989,33.5,72,50,42,21,9,36,62,26,35,6,29,37,109,68,0,Matches
322,Álvaro Odriozola,es ESP,DF,Bayern Munich,23,1995,1.7,2,2,1,0,1,2,3,1,1,0,1,1,3,2,0,Matches
323,Kelvin Ofori,gh GHA,MF,Düsseldorf,18,2001,0.4,0,0,0,0,0,0,0,0,0,0,0,0,0,0,0,Matches
324,Kwasi Okyere Wriedt,gh GHA,FW,Bayern Munich,25,1994,0.2,0,0,0,0,0,0,0,0,0,0,0,0,0,0,0,Matches
325,Cauly Oliveira Souza,br BRA,"MF,FW",Paderborn 07,23,1995,8.0,11,7,5,5,1,3,11,8,9,0,9,6,17,1,0,Matches
Rk,Player,Nation,Pos,Squad,Age,Born,90s,Tkl,TklW,Def 3rd,Mid 3rd,Att 3rd,Tkl,Att,Lost,Blocks,Sh,Pass,Int,Tkl+Int,Clr,Err,Matches
326,Dani Olmo,es ESP,"MF,FW",RB Leipzig,21,1998,8.3,20,14,5,10,5,1,13,12,7,1,6,4,24,6,0,Matches
327,Karim Onisiwo,at AUT,FW,Mainz 05,27,1992,19.2,27,19,6,10,11,5,13,8,20,3,17,7,34,11,0,Matches
328,Willi Orban,hu HUN,DF,RB Leipzig,26,1992,9.5,20,12,13,7,0,12,20,8,14,3,11,16,36,52,1,Matches
329,Yuya Osako,jp JPN,"FW,MF",Werder Bremen,29,1990,20.5,29,16,5,19,5,3,29,26,10,1,9,6,35,13,1,Matches
330,Paulo Otávio,br BRA,DF,Wolfsburg,24,1994,4.2,21,16,11,9,1,10,13,3,12,2,10,9,30,11,0,Matches
331,Reece Oxford,eng ENG,MF,Augsburg,20,1998,4.2,7,4,2,4,1,2,8,6,8,5,3,5,12,10,1,Matches
332,Levin Öztunalı,de GER,"MF,FW",Mainz 05,23,1996,19.8,28,19,13,12,3,12,35,23,27,1,26,9,37,14,2,Matches
333,Gonçalo Paciência,pt POR,FW,Eint Frankfurt,24,1994,14.3,9,5,1,4,4,3,13,10,9,1,8,1,10,11,0,Matches
334,Exequiel Palacios,ar ARG,MF,Leverkusen,20,1998,2.0,8,7,4,4,0,2,5,3,2,0,2,1,9,0,0,Matches
335,Michael Parensen,de GER,DF,Union Berlin,33,1986,7.0,11,6,5,6,0,5,10,5,14,8,6,12,23,17,0,Matches
336,Paulinho,br BRA,"MF,FW",Leverkusen,19,2000,3.4,4,3,3,1,0,1,2,1,5,1,4,1,5,0,0,Matches
337,Benjamin Pavard,fr FRA,DF,Bayern Munich,23,1996,31.0,34,22,15,10,9,16,28,12,28,10,18,52,86,60,0,Matches
338,Jiří Pavlenka,cz CZE,GK,Werder Bremen,27,1992,33.0,1,0,1,0,0,1,2,1,1,0,1,5,6,11,3,Matches
339,Mads Pedersen,dk DEN,DF,Augsburg,22,1996,1.1,4,2,3,0,1,2,6,4,3,1,2,2,6,0,0,Matches
340,Peter Pekarík,sk SVK,"DF,FW",Hertha BSC,32,1986,8.5,14,7,7,3,4,8,20,12,11,4,7,7,21,31,0,Matches
341,Philipp Pentke,de GER,GK,Hoffenheim,34,1985,4.0,0,0,0,0,0,0,0,0,0,0,0,0,0,2,0,Matches
342,Ivan Perišić,hr CRO,"FW,MF",Bayern Munich,30,1989,13.4,16,12,5,6,5,8,33,25,14,3,11,4,20,8,0,Matches
343,Pavao Pervan,at AUT,GK,Wolfsburg,31,1987,8.0,0,0,0,0,0,0,1,1,0,0,0,0,0,4,0,Matches
344,Nils Petersen,de GER,"FW,MF",Freiburg,30,1988,27.1,19,14,7,9,3,10,28,18,32,6,26,10,29,67,0,Matches
345,Krzysztof Piątek,pl POL,FW,Hertha BSC,24,1995,10.1,5,4,1,1,3,0,11,11,7,0,7,5,10,3,0,Matches
346,Ronaël Pierre-Gabriel,fr FRA,DF,Mainz 05,21,1998,6.4,16,10,9,6,1,7,13,6,7,0,7,8,24,31,1,Matches
347,Łukasz Piszczek,pl POL,DF,Dortmund,34,1985,23.4,45,32,27,16,2,28,50,22,27,11,16,26,71,47,1,Matches
348,Claudio Pizarro,pe PER,"FW,MF",Werder Bremen,40,1978,2.6,2,1,0,1,1,0,1,1,2,0,2,2,4,2,0,Matches
349,Marvin Plattenhardt,de GER,DF,Hertha BSC,27,1992,15.5,18,12,13,4,1,12,17,5,18,7,11,11,29,47,0,Matches
350,Alassane Pléa,fr FRA,FW,Gladbach,26,1993,23.8,16,7,5,6,5,8,28,20,21,2,19,9,25,7,0,Matches
Rk,Player,Nation,Pos,Squad,Age,Born,90s,Tkl,TklW,Def 3rd,Mid 3rd,Att 3rd,Tkl,Att,Lost,Blocks,Sh,Pass,Int,Tkl+Int,Clr,Err,Matches
351,Thomas Pledl,de GER,"MF,FW",Düsseldorf,25,1994,1.0,4,2,2,2,0,0,1,1,0,0,0,0,4,1,0,Matches
352,Joel Pohjanpalo,fi FIN,MF,Leverkusen,24,1994,0.0,0,0,0,0,0,0,0,0,0,0,0,0,0,0,0,Matches
353,Sebastian Polter,de GER,FW,Union Berlin,28,1991,3.7,2,2,0,1,1,1,3,2,2,0,2,1,3,1,0,Matches
354,Marin Pongračić,hr CRO,DF,Wolfsburg,21,1997,10.3,14,9,11,2,1,9,10,1,11,7,4,19,33,21,1,Matches
355,Stefan Posch,at AUT,DF,Hoffenheim,22,1997,25.6,63,34,35,27,1,35,63,28,57,25,32,40,103,101,1,Matches
356,Yussuf Poulsen,dk DEN,FW,RB Leipzig,25,1994,13.6,14,10,2,10,2,4,21,17,12,0,12,4,18,15,0,Matches
357,Kai Pröger,de GER,"MF,FW",Paderborn 07,27,1992,23.1,43,22,21,17,5,17,58,41,34,6,28,14,57,20,1,Matches
358,Grischa Prömel,de GER,MF,Union Berlin,24,1995,10.3,14,11,6,6,2,7,19,12,10,2,8,14,28,9,0,Matches
359,Robin Quaison,se SWE,"FW,MF",Mainz 05,25,1993,28.9,25,17,15,7,3,11,32,21,27,5,22,11,36,8,0,Matches
360,Raffael,br BRA,"MF,FW",Gladbach,34,1985,0.7,0,0,0,0,0,0,2,2,2,0,2,0,0,0,0,Matches
361,Benito Raman,be BEL,FW,Schalke 04,24,1994,17.8,18,9,4,9,5,7,24,17,11,1,10,7,25,1,0,Matches
362,Tobias Raschl,de GER,MF,Dortmund,19,2000,0.3,0,0,0,0,0,0,1,1,1,0,1,0,0,0,0,Matches
363,Milot Rashica,xk KVX,FW,Werder Bremen,23,1996,25.2,21,14,13,6,2,9,33,24,15,2,13,6,27,16,1,Matches
364,Ante Rebić,hr CRO,"FW,MF",Eint Frankfurt,25,1993,1.0,1,0,0,1,0,0,0,0,0,0,0,0,1,1,0,Matches
365,Daishawn Redan,nl NED,MF,Hertha BSC,18,2001,0.2,0,0,0,0,0,0,1,1,0,0,0,0,0,0,0,Matches
366,Fabian Reese,de GER,FW,Schalke 04,21,1997,1.0,1,1,1,0,0,0,0,0,1,1,0,0,1,1,0,Matches
367,Ken Reichel,de GER,DF,Union Berlin,32,1986,5.9,6,3,2,3,1,3,13,10,8,1,7,9,15,12,0,Matches
368,Karim Rekik,nl NED,DF,Hertha BSC,24,1994,14.0,16,10,10,6,0,3,6,3,23,15,8,18,34,44,0,Matches
369,Panagiotis Retsos,gr GRE,DF,Leverkusen,20,1998,1.3,6,3,4,2,0,1,4,3,2,0,2,2,8,2,0,Matches
370,Marco Reus,de GER,"MF,FW",Dortmund,30,1989,16.6,26,16,5,11,10,3,19,16,17,2,15,9,35,11,0,Matches
371,Elvis Rexhbeçaj,xk KVX,MF,Köln,21,1997,6.9,14,11,8,5,1,5,13,8,7,0,7,3,17,4,0,Matches
372,Gio Reyna,us USA,"MF,FW",Dortmund,16,2002,3.9,6,2,1,5,0,1,4,3,3,0,3,0,6,2,0,Matches
373,Lucas Ribeiro,br BRA,MF,Hoffenheim,20,1999,0.7,1,0,1,0,0,0,3,3,1,0,1,1,2,1,0,Matches
374,Chris Richards,us USA,DF,Bayern Munich,19,2000,0.1,0,0,0,0,0,0,0,0,0,0,0,0,0,1,0,Matches
375,Marco Richter,de GER,"MF,FW",Augsburg,21,1997,25.3,21,16,7,9,5,14,51,37,15,0,15,24,45,17,0,Matches
Rk,Player,Nation,Pos,Squad,Age,Born,90s,Tkl,TklW,Def 3rd,Mid 3rd,Att 3rd,Tkl,Att,Lost,Blocks,Sh,Pass,Int,Tkl+Int,Clr,Err,Matches
376,Marcel Risse,de GER,"MF,FW",Köln,29,1989,1.5,3,2,3,0,0,1,1,0,1,0,1,1,4,1,0,Matches
377,Marlon Ritter,de GER,MF,Paderborn 07,24,1994,4.8,7,5,5,2,0,4,9,5,7,0,7,8,15,3,0,Matches
378,Sebastian Rode,de GER,MF,Eint Frankfurt,28,1990,21.5,58,33,27,27,4,17,59,42,32,5,27,34,92,13,0,Matches
379,Jérôme Roussillon,fr FRA,DF,Wolfsburg,26,1993,26.3,48,29,26,18,4,15,29,14,33,5,28,30,78,58,0,Matches
380,Sebastian Rudy,de GER,"MF,DF",Hoffenheim,29,1990,30.4,73,49,31,29,13,28,75,47,26,5,21,27,100,38,0,Matches
381,Lukas Rupp,de GER,MF,Hoffenheim,28,1991,3.8,9,4,3,5,1,3,6,3,5,0,5,5,14,3,0,Matches
382,Julian Ryerson,no NOR,"DF,MF",Union Berlin,21,1997,4.1,7,5,2,1,4,3,6,3,5,3,2,5,12,9,0,Matches
383,Frederik Rønnow,dk DEN,GK,Eint Frankfurt,26,1992,9.0,0,0,0,0,0,0,1,1,0,0,0,0,0,1,0,Matches
384,Victor Sá,br BRA,"MF,FW",Wolfsburg,25,1994,18.1,35,22,12,17,6,10,38,28,31,1,30,9,44,9,0,Matches
385,Abdelhamid Sabiri,ma MAR,MF,Paderborn 07,22,1996,11.6,20,16,6,11,3,9,27,18,9,2,7,8,28,18,1,Matches
386,Marcel Sabitzer,at AUT,"MF,FW",RB Leipzig,25,1994,27.8,39,25,15,18,6,19,56,37,27,4,23,23,62,25,0,Matches
387,Nuri Şahin,tr TUR,MF,Werder Bremen,30,1988,13.9,27,16,10,14,3,11,35,24,15,7,8,37,64,38,0,Matches
388,Roland Sallai,hu HUN,"MF,FW",Freiburg,22,1997,12.9,17,10,4,9,4,7,20,13,12,2,10,7,24,4,0,Matches
389,Lazar Samardzic,rs SRB,"MF,FW",Hertha BSC,17,2002,0.4,4,4,2,2,0,1,4,3,2,1,1,0,4,0,0,Matches
390,Diadie Samassékou,ml MLI,MF,Hoffenheim,23,1996,14.6,37,18,14,17,6,12,34,22,25,8,17,40,77,27,1,Matches
391,Renato Sanches,pt POR,MF,Bayern Munich,21,1997,0.1,0,0,0,0,0,0,0,0,0,0,0,0,0,0,0,Matches
392,Jadon Sancho,eng ENG,"FW,MF",Dortmund,19,2000,25.4,14,11,6,6,2,8,24,16,8,0,8,14,28,6,0,Matches
393,Salif Sané,sn SEN,DF,Schalke 04,28,1990,12.5,16,9,12,4,0,11,19,8,19,7,12,21,37,50,0,Matches
394,Marcelo Saracchi,uy URU,DF,RB Leipzig,21,1998,2.0,8,6,2,5,1,5,6,1,3,1,2,1,9,5,0,Matches
395,Josh Sargent,us USA,FW,Werder Bremen,19,2000,15.7,11,6,5,4,2,2,12,10,17,1,16,14,25,21,0,Matches
396,Louis Schaub,at AUT,MF,Köln,24,1994,6.9,15,12,2,9,4,5,14,9,10,1,9,3,18,2,0,Matches
397,Patrik Schick,cz CZE,FW,RB Leipzig,23,1996,14.4,7,3,1,3,3,2,9,7,8,2,6,2,9,17,0,Matches
398,Julian Schieber,de GER,FW,Augsburg,30,1989,0.5,1,1,0,1,0,0,0,0,0,0,0,0,1,0,0,Matches
399,Kingsley Schindler,gh GHA,"FW,MF",Köln,26,1993,9.4,8,5,3,5,0,4,12,8,6,1,5,6,14,17,0,Matches
400,Xaver Schlager,at AUT,MF,Wolfsburg,21,1997,19.1,47,29,13,30,4,14,44,30,16,2,14,17,64,12,0,Matches
Rk,Player,Nation,Pos,Squad,Age,Born,90s,Tkl,TklW,Def 3rd,Mid 3rd,Att 3rd,Tkl,Att,Lost,Blocks,Sh,Pass,Int,Tkl+Int,Clr,Err,Matches
401,Keven Schlotterbeck,de GER,DF,Union Berlin,22,1997,21.5,52,27,36,15,1,17,29,12,40,21,19,40,92,113,1,Matches
402,Nico Schlotterbeck,de GER,DF,Freiburg,19,1999,4.1,6,3,4,2,0,2,5,3,7,5,2,3,9,20,1,Matches
403,Marcel Schmelzer,de GER,DF,Dortmund,31,1988,0.7,2,1,1,1,0,1,1,0,0,0,0,1,3,2,0,Matches
404,Jonathan Schmid,fr FRA,DF,Freiburg,29,1990,31.5,42,27,19,19,4,19,37,18,23,8,15,35,77,84,0,Matches
405,Manuel Schmiedebach,de GER,MF,Union Berlin,30,1988,2.0,4,1,0,3,1,1,7,6,1,1,0,3,7,3,0,Matches
406,Benno Schmitz,de GER,DF,Köln,24,1994,12.9,28,17,13,11,4,16,36,20,11,1,10,16,44,27,0,Matches
407,Sebastian Schonlau,de GER,DF,Paderborn 07,24,1994,23.0,64,43,50,14,0,41,66,25,36,15,21,40,104,138,1,Matches
408,Alessandro Schöpf,at AUT,MF,Schalke 04,25,1994,15.9,29,16,11,10,8,12,33,21,17,1,16,26,55,8,0,Matches
409,Markus Schubert,de GER,GK,Schalke 04,21,1998,8.2,0,0,0,0,0,0,1,1,0,0,0,0,0,9,4,Matches
410,Nico Schulz,de GER,"DF,MF",Dortmund,26,1993,6.6,11,7,3,6,2,8,13,5,14,4,10,9,20,9,0,Matches
411,Alexander Schwolow,de GER,GK,Freiburg,27,1992,23.2,0,0,0,0,0,0,0,0,2,0,2,1,1,8,3,Matches
412,Davie Selke,de GER,FW,Hertha BSC,24,1995,10.7,6,3,2,2,2,4,7,3,7,1,6,1,7,11,0,Matches
413,Davie Selke,de GER,FW,Werder Bremen,24,1995,5.1,2,0,1,1,0,0,2,2,1,0,1,0,2,2,0,Matches
414,Suat Serdar,de GER,MF,Schalke 04,22,1997,17.8,56,37,16,33,7,18,61,43,39,7,32,24,80,7,0,Matches
415,Khiry Shelton,us USA,FW,Paderborn 07,26,1993,0.4,1,1,1,0,0,0,0,0,0,0,0,0,1,0,0,Matches
416,André Silva,pt POR,FW,Eint Frankfurt,23,1995,17.5,7,2,0,5,2,2,14,12,9,0,9,8,15,4,0,Matches
417,Sarpreet Singh,nz NZL,"FW,MF",Bayern Munich,20,1999,0.8,1,0,0,1,0,0,1,1,0,0,0,0,1,0,0,Matches
418,Daley Sinkgraven,nl NED,"DF,MF",Leverkusen,24,1995,10.1,20,16,11,6,3,8,24,16,12,3,9,10,30,16,0,Matches
419,Ellyes Skhiri,tn TUN,MF,Köln,24,1995,29.7,73,52,30,36,7,29,77,48,47,9,38,67,140,33,0,Matches
420,Robert Skov,dk DEN,"DF,FW",Hoffenheim,23,1996,29.0,41,28,30,9,2,26,50,24,26,6,20,20,61,40,0,Matches
421,Steven Skrzybski,de GER,"FW,MF",Düsseldorf,26,1992,5.9,4,4,2,1,1,0,16,16,10,0,10,10,14,4,0,Matches
422,Dennis Smarsch,de GER,GK,Hertha BSC,20,1999,1.7,0,0,0,0,0,0,0,0,0,0,0,0,0,1,0,Matches
423,Lasse Sobiech,de GER,DF,Köln,28,1991,1.0,1,0,0,0,1,0,0,0,0,0,0,4,5,6,0,Matches
424,Marcel Sobottka,de GER,MF,Düsseldorf,25,1994,7.8,15,10,6,8,1,4,13,9,9,1,8,9,24,12,0,Matches
425,Yann Sommer,ch SUI,GK,Gladbach,30,1988,34.0,0,0,0,0,0,0,1,1,0,0,0,1,1,11,6,Matches
Rk,Player,Nation,Pos,Squad,Age,Born,90s,Tkl,TklW,Def 3rd,Mid 3rd,Att 3rd,Tkl,Att,Lost,Blocks,Sh,Pass,Int,Tkl+Int,Clr,Err,Matches
426,Djibril Sow,ch SUI,MF,Eint Frankfurt,22,1997,19.4,56,33,26,17,13,16,47,31,15,3,12,30,86,9,0,Matches
427,Dennis Srbeny,de GER,"FW,MF",Paderborn 07,25,1994,12.4,11,6,4,4,3,5,18,13,11,1,10,3,14,9,0,Matches
428,Jerry St. Juste,nl NED,DF,Mainz 05,22,1996,23.5,46,25,34,10,2,14,34,20,35,19,16,52,98,86,1,Matches
429,Kostas Stafylidis,gr GRE,DF,Hoffenheim,25,1993,4.4,10,3,7,2,1,4,10,6,10,3,7,2,12,17,0,Matches
430,Benjamin Stambouli,fr FRA,DF,Schalke 04,28,1990,9.0,31,19,14,15,2,11,21,10,16,6,10,12,43,28,1,Matches
431,Niklas Stark,de GER,DF,Hertha BSC,24,1995,19.2,36,20,24,10,2,9,21,12,27,12,15,21,57,97,2,Matches
432,Renato Steffen,ch SUI,"MF,FW",Wolfsburg,27,1991,17.6,25,18,4,14,7,14,39,25,25,2,23,23,48,10,0,Matches
433,Zack Steffen,us USA,GK,Düsseldorf,24,1995,17.0,0,0,0,0,0,0,0,0,0,0,0,0,0,5,4,Matches
434,Lars Stindl,de GER,"MF,FW",Gladbach,30,1988,15.9,27,16,4,15,8,10,28,18,18,2,16,10,37,7,0,Matches
435,Kevin Stöger,at AUT,MF,Düsseldorf,25,1993,14.1,21,15,10,7,4,6,24,18,24,2,22,26,47,7,1,Matches
436,Tobias Strobl,de GER,"MF,DF",Gladbach,29,1990,6.8,9,6,5,4,0,3,8,5,8,4,4,11,20,5,0,Matches
437,Christian Strohdiek,de GER,DF,Paderborn 07,31,1988,15.1,26,22,21,5,0,20,42,22,16,10,6,25,51,92,0,Matches
438,Neven Subotić,rs SRB,DF,Union Berlin,30,1988,21.8,30,18,12,16,2,8,32,24,21,8,13,34,64,89,0,Matches
439,Marek Suchý,cz CZE,DF,Augsburg,31,1988,4.4,7,5,7,0,0,4,6,2,4,1,3,6,13,15,0,Matches
440,Niklas Süle,de GER,DF,Bayern Munich,23,1995,7.1,10,6,8,2,0,4,5,1,8,6,2,8,18,22,1,Matches
441,Markus Suttner,at AUT,DF,Düsseldorf,32,1987,14.9,21,16,11,9,1,11,24,13,22,7,15,13,34,33,0,Matches
442,Ádám Szalai,hu HUN,FW,Mainz 05,31,1987,12.7,8,4,0,6,2,1,11,10,9,0,9,2,10,14,0,Matches
443,Jonathan Tah,de GER,DF,Leverkusen,23,1996,23.2,36,26,23,11,2,18,29,11,25,13,12,27,63,98,2,Matches
444,Edmond Tapsoba,bf BFA,DF,Leverkusen,20,1999,11.8,24,15,17,5,2,15,25,10,9,5,4,9,33,44,0,Matches
445,Georg Teigl,at AUT,"DF,MF",Augsburg,28,1991,1.2,3,1,1,2,0,2,4,2,0,0,0,3,6,1,0,Matches
446,Bernard Tekpetey,gh GHA,"FW,MF",Düsseldorf,21,1997,5.0,4,4,1,2,1,0,2,2,5,0,5,2,6,0,0,Matches
447,Lino Tempelmann,de GER,MF,Freiburg,20,1999,0.4,1,0,1,0,0,1,1,0,1,1,0,0,1,0,0,Matches
448,Simon Terodde,de GER,FW,Köln,31,1988,9.0,8,5,4,3,1,3,13,10,14,3,11,2,10,14,0,Matches
449,Malick Thiaw,de GER,DF,Schalke 04,17,2001,0.8,2,0,1,1,0,1,2,1,2,2,0,2,4,4,1,Matches
450,Niclas Thiede,de GER,GK,Freiburg,20,1999,0.8,0,0,0,0,0,0,0,0,0,0,0,0,0,1,0,Matches
Rk,Player,Nation,Pos,Squad,Age,Born,90s,Tkl,TklW,Def 3rd,Mid 3rd,Att 3rd,Tkl,Att,Lost,Blocks,Sh,Pass,Int,Tkl+Int,Clr,Err,Matches
451,Jan Thielmann,de GER,"FW,MF",Köln,17,2002,6.2,9,6,2,6,1,5,12,7,8,0,8,8,17,6,0,Matches
452,Erik Thommy,de GER,"MF,FW",Düsseldorf,24,1994,25.1,40,23,16,16,8,15,39,24,23,2,21,16,56,20,1,Matches
453,Marcus Thuram,fr FRA,FW,Gladbach,21,1997,24.5,26,18,7,8,11,11,29,18,20,1,19,12,38,18,0,Matches
454,Marcel Tisserand,cd COD,DF,Wolfsburg,26,1993,13.4,21,10,14,5,2,7,12,5,13,4,9,32,53,49,2,Matches
455,Jean-Clair Todibo,fr FRA,DF,Schalke 04,19,1999,4.1,15,10,10,5,0,8,9,1,2,0,2,15,30,24,0,Matches
456,Corentin Tolisso,fr FRA,MF,Bayern Munich,24,1994,7.1,9,4,4,3,2,1,9,8,9,3,6,4,13,2,1,Matches
457,Ömer Toprak,tr TUR,DF,Werder Bremen,30,1989,7.9,7,2,4,2,1,3,6,3,6,4,2,12,19,41,0,Matches
458,Lucas Torró,es ESP,MF,Eint Frankfurt,25,1994,3.7,12,7,6,6,0,8,16,8,2,1,1,8,20,3,0,Matches
459,Jordan Torunarigha,de GER,DF,Hertha BSC,21,1997,16.2,32,19,21,11,0,18,27,9,33,18,15,31,63,75,0,Matches
460,Almamy Touré,ml MLI,DF,Eint Frankfurt,23,1996,16.6,32,19,18,11,3,11,22,11,18,7,11,23,55,54,1,Matches
461,Ibrahima Traoré,gn GUI,"FW,MF",Gladbach,31,1988,1.7,4,3,1,1,2,1,7,6,1,0,1,1,5,3,0,Matches
462,Kevin Trapp,de GER,GK,Eint Frankfurt,29,1990,22.0,0,0,0,0,0,0,1,1,0,0,0,3,3,5,0,Matches
463,Christopher Trimmel,at AUT,"DF,MF",Union Berlin,32,1987,31.8,71,41,35,32,4,32,54,22,31,10,21,51,122,88,1,Matches
464,Anthony Ujah,ng NGA,"FW,MF",Union Berlin,28,1990,10.5,8,6,4,2,2,1,6,5,0,0,0,3,11,10,0,Matches
465,Sven Ulreich,de GER,GK,Bayern Munich,30,1988,1.0,0,0,0,0,0,0,0,0,0,0,0,0,0,0,0,Matches
466,Dayot Upamecano,fr FRA,DF,RB Leipzig,20,1998,26.2,52,31,37,15,0,23,43,20,31,17,14,43,95,88,1,Matches
467,Mark Uth,de GER,"MF,FW",Köln,27,1991,12.9,19,12,4,10,5,9,32,23,15,0,15,7,26,3,0,Matches
468,Mark Uth,de GER,"FW,MF",Schalke 04,27,1991,3.9,3,2,1,1,1,0,3,3,4,0,4,1,4,0,0,Matches
469,Ruben Vargas,ch SUI,"FW,MF",Augsburg,20,1998,28.1,32,16,18,7,7,8,36,28,26,1,25,26,58,35,0,Matches
470,Sebastian Vasiliadis,gr GRE,MF,Paderborn 07,21,1997,31.2,73,45,34,31,8,28,81,53,47,6,41,34,107,50,0,Matches
471,Miloš Veljković,rs SRB,DF,Werder Bremen,23,1995,22.8,55,33,36,18,1,33,53,20,25,11,14,26,81,92,1,Matches
472,Birger Verstraete,be BEL,MF,Köln,25,1994,7.4,20,11,9,10,1,11,21,10,8,1,7,4,24,10,1,Matches
473,Kevin Vogt,de GER,DF,Hoffenheim,27,1991,10.7,7,5,4,3,0,3,9,6,12,6,6,8,15,52,1,Matches
474,Kevin Vogt,de GER,"DF,MF",Werder Bremen,27,1991,12.3,14,10,8,6,0,8,16,8,15,12,3,25,39,37,1,Matches
475,Kevin Volland,de GER,FW,Leverkusen,27,1992,22.7,16,6,5,6,5,5,16,11,14,2,12,5,21,7,0,Matches
Rk,Player,Nation,Pos,Squad,Age,Born,90s,Tkl,TklW,Def 3rd,Mid 3rd,Att 3rd,Tkl,Att,Lost,Blocks,Sh,Pass,Int,Tkl+Int,Clr,Err,Matches
476,Luca Waldschmidt,de GER,"FW,MF",Freiburg,23,1996,14.1,10,7,3,5,2,2,18,16,11,2,9,4,14,4,0,Matches
477,Wout Weghorst,nl NED,FW,Wolfsburg,26,1992,30.4,15,8,4,5,6,1,17,16,17,4,13,2,17,30,0,Matches
478,Julian Weigl,de GER,"MF,DF",Dortmund,23,1995,11.3,16,9,12,3,1,9,16,7,10,0,10,8,24,21,0,Matches
479,Mitchell Weiser,de GER,"DF,MF",Leverkusen,25,1994,13.0,41,29,20,17,4,18,30,12,19,2,17,24,65,22,1,Matches
480,Wendell,br BRA,"DF,MF",Leverkusen,26,1993,21.1,64,42,26,26,12,41,66,25,30,4,26,36,100,36,0,Matches
481,Oscar Wendt,se SWE,DF,Gladbach,33,1985,18.7,26,14,16,8,2,12,31,19,27,6,21,20,46,45,0,Matches
482,Timo Werner,de GER,FW,RB Leipzig,23,1996,31.1,20,9,6,7,7,3,16,13,16,0,16,5,25,2,0,Matches
483,Felix Wiedwald,de GER,GK,Eint Frankfurt,29,1990,3.0,0,0,0,0,0,0,0,0,0,0,0,0,0,2,1,Matches
484,William,br BRA,DF,Wolfsburg,24,1995,15.2,55,26,34,14,7,27,59,32,10,3,7,24,79,38,1,Matches
485,Florian Wirtz,de GER,FW,Leverkusen,16,2003,4.1,4,2,0,4,0,2,4,2,4,0,4,2,6,1,0,Matches
486,Axel Witsel,be BEL,MF,Dortmund,30,1989,24.9,28,20,10,17,1,14,33,19,26,7,19,31,59,19,1,Matches
487,Hannes Wolf,at AUT,"FW,MF",RB Leipzig,20,1999,0.6,3,0,0,1,2,1,4,3,0,0,0,0,3,0,0,Matches
488,Marius Wolf,de GER,"FW,MF",Hertha BSC,24,1995,15.7,19,11,9,7,3,10,27,17,15,1,14,16,35,13,0,Matches
489,Nick Woltemade,de GER,"FW,MF",Werder Bremen,17,2002,1.0,2,1,0,2,0,0,1,1,1,0,1,0,2,2,0,Matches
490,Dan-Axel Zagadou,fr FRA,DF,Dortmund,20,1999,10.9,16,10,12,4,0,6,8,2,12,8,4,15,31,38,0,Matches
491,Denis Zakaria,ch SUI,"MF,DF",Gladbach,22,1996,21.6,49,30,23,23,3,20,39,19,39,12,27,37,86,31,1,Matches
492,Robin Zentner,de GER,GK,Mainz 05,24,1994,21.5,1,1,1,0,0,1,1,0,0,0,0,0,1,11,0,Matches
493,Jean Zimmer,de GER,"DF,FW",Düsseldorf,25,1993,8.0,11,6,5,5,1,5,10,5,3,1,2,3,14,0,0,Matches
494,Matthias Zimmermann,de GER,"DF,MF",Düsseldorf,27,1992,32.5,62,47,26,27,9,31,64,33,41,15,26,43,105,59,0,Matches
495,Leopold Zingerle,de GER,GK,Paderborn 07,25,1994,28.0,3,1,3,0,0,2,4,2,0,0,0,0,3,7,2,Matches
496,Joshua Zirkzee,nl NED,FW,Bayern Munich,18,2001,3.3,5,2,0,2,3,2,4,2,2,0,2,1,6,0,0,Matches
497,Ben Zolinski,de GER,"FW,MF",Paderborn 07,27,1992,13.4,17,9,7,9,1,7,27,20,12,0,12,8,25,4,0,Matches
498,Steven Zuber,ch SUI,"DF,FW",Hoffenheim,27,1991,8.3,11,10,7,2,2,9,19,10,4,1,3,9,20,12,0,Matches
