rk,player,nation,pos,squad,age,born,90s,crdy,crdr,2crdy,fls,fld,off,crs,int,tklw,pkwon,pkcon,og,recov,won,lost,won_aerial,matches
1,Suleiman Abdullahi,ng NGA,"FW,MF",Union Berlin,22,1996,1.7,1,0,0,0,0,3,8,1,0,0,0,0,7,6,11,35.3,Matches
2,David Abraham,ar ARG,DF,Eint Frankfurt,33,1986,18.8,2,1,0,14,12,0,9,25,14,0,0,0,125,48,30,61.5,Matches
3,Amir Abrashi,al ALB,MF,Freiburg,29,1990,7.4,3,0,0,17,12,0,7,7,8,0,0,0,51,9,9,50.0,Matches
4,Tyler Adams,us USA,"MF,DF",RB Leipzig,20,1999,10.6,0,0,0,9,16,0,10,14,15,0,0,0,58,14,14,50.0,Matches
5,Sargis Adamyan,am ARM,"FW,MF",Hoffenheim,26,1993,8.3,1,0,0,12,7,7,11,2,7,1,0,0,32,12,34,26.1,Matches
6,Manuel Akanji,ch SUI,DF,Dortmund,24,1995,25.7,2,0,0,11,23,0,2,30,21,0,0,1,119,31,33,48.4,Matches
7,Kevin Akpoguma,ng NGA,DF,Hoffenheim,24,1995,12.7,2,0,0,8,13,1,3,13,16,0,1,1,72,21,27,43.8,Matches
8,David Alaba,at AUT,DF,Bayern Munich,27,1992,27.8,0,0,0,10,7,1,29,29,17,0,0,0,213,21,29,42.0,Matches
9,Lucas Alario,ar ARG,FW,Leverkusen,26,1992,13.0,6,0,0,23,13,19,4,1,3,0,0,0,24,42,53,44.2,Matches
10,Paco Alcácer,es ESP,FW,Dortmund,25,1993,5.9,0,0,0,2,3,7,1,2,2,0,0,0,4,3,15,16.7,Matches
11,Thiago Alcántara,es ESP,MF,Bayern Munich,28,1991,19.7,7,0,0,24,13,0,7,45,26,0,0,0,195,35,37,48.6,Matches
12,Nadiem Amiri,de GER,"MF,FW",Leverkusen,22,1996,20.6,3,0,0,27,39,3,114,14,16,1,0,0,140,9,17,34.6,Matches
13,Ethan Ampadu,wls WAL,DF,RB Leipzig,18,2000,0.9,0,0,0,0,0,0,0,1,4,0,0,0,3,1,0,100.0,Matches
14,Opoku Ampomah,gh GHA,"FW,MF",Düsseldorf,23,1996,5.6,1,0,0,16,5,8,14,4,4,0,0,0,27,3,9,25.0,Matches
15,Sebastian Andersson,se SWE,FW,Union Berlin,28,1991,29.8,5,0,0,62,40,21,31,5,10,0,0,0,89,243,207,54.0,Matches
16,Robert Andrich,de GER,MF,Union Berlin,24,1994,28.6,13,1,1,65,37,0,39,47,27,1,0,0,189,46,33,58.2,Matches
17,Angeliño,es ESP,"DF,FW",RB Leipzig,22,1997,12.2,2,0,0,12,16,3,80,19,9,0,0,0,73,7,21,25.0,Matches
18,Christopher Antwi-Adjei,gh GHA,"MF,FW",Paderborn 07,25,1994,27.4,2,0,0,17,39,4,69,15,16,0,0,0,132,22,39,36.1,Matches
19,Charles Aránguiz,cl CHI,MF,Leverkusen,30,1989,23.5,2,0,0,15,44,0,13,22,37,0,0,0,204,14,22,38.9,Matches
20,Maximilian Arnold,de GER,MF,Wolfsburg,25,1994,31.3,8,0,0,52,69,0,166,25,24,0,0,0,213,25,24,51.0,Matches
21,Santiago Ascacíbar,ar ARG,MF,Hertha BSC,22,1997,7.0,2,0,0,11,5,0,2,16,13,0,0,0,46,7,11,38.9,Matches
22,Ludwig Augustinsson,se SWE,"DF,MF",Werder Bremen,25,1994,10.3,2,0,0,18,12,1,57,10,12,0,0,0,41,16,15,51.6,Matches
23,Taiwo Awoniyi,ng NGA,"FW,MF",Mainz 05,21,1997,5.4,1,0,0,5,3,3,9,2,0,0,1,0,21,15,22,40.5,Matches
24,Kaan Ayhan,tr TUR,DF,Düsseldorf,24,1994,30.3,10,0,0,36,20,3,23,45,25,0,1,0,165,43,57,43.0,Matches
25,Matthias Bader,de GER,DF,Köln,22,1997,0.1,0,0,0,0,2,0,0,0,1,0,0,0,1,0,0,,Matches
Rk,Player,Nation,Pos,Squad,Age,Born,90s,CrdY,CrdR,2CrdY,Fls,Fld,Off,Crs,Int,TklW,PKwon,PKcon,OG,Recov,Won,Lost,Won%,Matches
26,Daniel Baier,de GER,MF,Augsburg,35,1984,21.6,6,0,0,31,38,0,5,58,17,0,0,0,180,31,26,54.4,Matches
27,Leon Bailey,jm JAM,"FW,MF",Leverkusen,21,1997,12.1,0,2,0,17,17,6,78,8,3,0,0,0,68,10,15,40.0,Matches
28,Lewis Baker,eng ENG,MF,Düsseldorf,24,1995,6.1,1,0,0,8,7,0,4,2,5,0,0,1,31,3,0,100.0,Matches
29,Ridle Baku,de GER,"DF,MF",Mainz 05,21,1998,26.1,5,1,0,33,41,2,83,42,31,0,0,0,180,30,35,46.2,Matches
30,Leonardo Balerdi,ar ARG,"DF,MF",Dortmund,20,1999,1.5,1,0,0,1,0,0,0,4,1,0,0,0,12,0,2,0.0,Matches
31,Philipp Bargfrede,de GER,MF,Werder Bremen,30,1989,6.5,3,1,1,15,10,0,3,16,12,0,0,0,44,14,6,70.0,Matches
32,Aymen Barkok,ma MAR,"FW,MF",Düsseldorf,21,1998,0.9,0,0,0,0,0,0,0,3,1,0,0,0,4,1,1,50.0,Matches
33,Leandro Barreiro Martins,lu LUX,MF,Mainz 05,19,2000,10.4,4,0,0,26,23,0,5,9,21,0,0,0,64,19,19,50.0,Matches
34,Fin Bartels,de GER,"MF,FW",Werder Bremen,32,1987,3.8,2,0,0,8,0,1,10,1,5,0,0,0,16,4,10,28.6,Matches
35,Oliver Batista-Meier,de GER,MF,Bayern Munich,18,2001,0.1,0,0,0,0,1,0,0,0,0,0,0,0,1,0,0,,Matches
36,Oliver Baumann,de GER,GK,Hoffenheim,29,1990,30.0,1,0,0,0,8,0,0,3,0,0,0,0,42,8,2,80.0,Matches
37,Julian Baumgartlinger,at AUT,MF,Leverkusen,31,1988,19.9,4,0,0,29,32,1,3,20,21,0,0,0,123,20,14,58.8,Matches
38,Christoph Baumgartner,at AUT,"MF,FW",Hoffenheim,19,1999,16.6,3,0,0,37,29,6,17,8,17,1,0,0,70,43,46,48.3,Matches
39,Noah Joel Sarenren Bazee,ng NGA,FW,Augsburg,22,1996,4.2,1,0,0,2,12,0,10,5,3,1,0,0,17,12,21,36.4,Matches
40,Ihlas Bebou,tg TOG,"FW,MF",Hoffenheim,25,1994,23.4,1,0,0,25,29,6,37,11,15,0,0,0,99,58,61,48.7,Matches
41,Sheraldo Becker,sr SUR,"MF,FW",Union Berlin,24,1995,6.0,1,0,0,9,5,3,17,0,1,0,0,0,27,2,11,15.4,Matches
42,Timo Becker,de GER,"DF,MF",Schalke 04,22,1997,3.7,0,0,0,2,2,0,4,3,9,0,0,0,15,6,7,46.2,Matches
43,Maximilian Beier,de GER,FW,Hoffenheim,16,2002,1.2,1,0,0,3,1,2,3,0,2,0,0,0,4,2,5,28.6,Matches
44,Ishak Belfodil,dz ALG,"FW,MF",Hoffenheim,27,1992,3.0,0,0,0,4,1,5,0,0,0,0,0,0,2,5,9,35.7,Matches
45,Karim Bellarabi,de GER,"FW,DF",Leverkusen,29,1990,15.8,2,0,0,22,14,6,110,10,11,1,0,0,67,2,4,33.3,Matches
46,Lars Bender,de GER,"DF,MF",Leverkusen,30,1989,15.3,3,0,0,18,11,1,20,24,26,0,0,0,98,24,28,46.2,Matches
47,Sven Bender,de GER,DF,Leverkusen,30,1989,30.3,3,0,0,25,21,0,1,67,34,0,0,0,175,109,69,61.2,Matches
48,László Bénes,sk SVK,MF,Gladbach,21,1997,10.0,3,0,0,14,24,1,59,8,8,0,0,0,56,14,7,66.7,Matches
49,Keanan Bennetts,eng ENG,MF,Gladbach,20,1999,0.0,0,0,0,0,0,0,0,0,0,0,0,0,0,0,1,0.0,Matches
50,Ramy Bensebaini,dz ALG,DF,Gladbach,24,1995,16.1,8,1,1,27,24,2,28,38,17,0,1,0,109,43,20,68.3,Matches
Rk,Player,Nation,Pos,Squad,Age,Born,90s,CrdY,CrdR,2CrdY,Fls,Fld,Off,Crs,Int,TklW,PKwon,PKcon,OG,Recov,Won,Lost,Won%,Matches
51,Valon Berisha,xk KVX,MF,Düsseldorf,26,1993,10.5,1,0,0,12,7,1,14,9,9,0,0,0,49,6,11,35.3,Matches
52,Jordan Beyer,de GER,DF,Gladbach,19,2000,1.2,1,0,0,2,2,0,1,1,1,0,0,0,2,1,4,20.0,Matches
53,Ermin Bičakčić,ba BIH,DF,Hoffenheim,29,1990,13.1,0,0,0,7,14,3,3,25,3,0,0,0,55,54,19,74.0,Matches
54,Leonardo Bittencourt,de GER,MF,Hoffenheim,25,1993,0.0,1,0,0,1,2,1,0,0,1,0,0,0,2,0,0,,Matches
55,Leonardo Bittencourt,de GER,"FW,MF",Werder Bremen,25,1993,21.0,6,0,0,52,50,11,87,12,28,0,0,0,99,17,46,27.0,Matches
56,Jérôme Boateng,de GER,DF,Bayern Munich,30,1988,20.0,5,1,0,18,6,0,7,33,14,0,0,0,134,38,18,67.9,Matches
57,Adam Bodzek,de GER,MF,Düsseldorf,33,1985,22.4,10,0,0,32,33,0,2,25,26,0,1,0,118,33,24,57.9,Matches
58,Jean-Paul Boëtius,sr SUR,MF,Mainz 05,25,1994,25.2,5,0,0,48,59,0,13,26,33,0,0,0,139,18,40,31.0,Matches
59,Melayro Bogarde,nl NED,DF,Hoffenheim,17,2002,0.6,1,0,0,2,1,0,1,0,1,0,0,0,2,2,0,100.0,Matches
60,Dennis Borkowski,de GER,FW,RB Leipzig,17,2002,0.1,0,0,0,0,0,0,0,0,0,0,0,0,0,0,0,,Matches
61,Robin Bormuth,de GER,DF,Düsseldorf,23,1995,2.0,0,0,0,0,2,0,0,0,1,0,0,0,9,5,5,50.0,Matches
62,Sebastiaan Bornauw,be BEL,DF,Köln,20,1999,27.2,5,1,0,41,9,2,6,42,24,0,0,0,148,71,47,60.2,Matches
63,Brandon Borrello,au AUS,"MF,FW",Freiburg,24,1995,3.3,0,0,0,3,9,1,4,1,4,0,0,0,19,4,10,28.6,Matches
64,Nassim Boujellab,ma MAR,"MF,FW",Schalke 04,20,1999,4.7,2,0,0,11,4,1,0,7,10,0,0,0,20,11,11,50.0,Matches
65,Dedryck Boyata,be BEL,DF,Hertha BSC,28,1990,27.1,8,1,0,23,7,2,0,62,18,0,3,0,141,76,31,71.0,Matches
66,Can Bozdogan,de GER,MF,Schalke 04,18,2001,2.6,2,1,1,4,3,1,0,2,6,0,0,0,21,2,2,50.0,Matches
67,Julian Brandt,de GER,"MF,FW",Dortmund,23,1996,24.5,0,0,0,12,20,2,38,16,33,0,0,0,132,21,27,43.8,Matches
68,Josip Brekalo,hr CRO,"MF,FW",Wolfsburg,21,1998,18.6,0,0,0,17,17,4,78,16,8,0,0,0,91,11,23,32.4,Matches
69,John Brooks,us USA,DF,Wolfsburg,26,1993,24.7,4,0,0,25,10,2,1,41,27,0,0,0,157,74,35,67.9,Matches
70,Daniel Brosinski,de GER,DF,Mainz 05,31,1988,19.0,3,0,0,13,9,0,173,14,27,0,1,1,99,23,21,52.3,Matches
71,Jeffrey Bruma,nl NED,DF,Wolfsburg,27,1991,9.0,1,0,0,15,4,1,0,13,5,0,1,0,39,32,14,69.6,Matches
72,Jeffrey Bruma,nl NED,DF,Mainz 05,27,1991,7.5,3,0,0,10,3,1,0,6,8,0,0,0,38,29,13,69.0,Matches
73,Jacob Bruun Larsen,dk DEN,"FW,MF",Hoffenheim,20,1998,4.3,0,0,0,2,1,0,7,3,2,0,0,0,22,2,2,50.0,Matches
74,Jacob Bruun Larsen,dk DEN,FW,Dortmund,20,1998,0.8,0,0,0,1,2,0,0,0,0,0,0,0,4,0,5,0.0,Matches
75,Marius Bülter,de GER,"MF,FW",Union Berlin,26,1993,25.8,1,0,0,33,26,9,73,11,22,0,0,0,134,28,58,32.6,Matches
Rk,Player,Nation,Pos,Squad,Age,Born,90s,CrdY,CrdR,2CrdY,Fls,Fld,Off,Crs,Int,TklW,PKwon,PKcon,OG,Recov,Won,Lost,Won%,Matches
76,Guido Burgstaller,at AUT,FW,Schalke 04,30,1989,13.7,3,0,0,21,18,17,12,4,3,0,0,0,40,28,69,28.9,Matches
77,Jonathan Burkardt,de GER,"FW,MF",Mainz 05,19,2000,2.8,0,0,0,2,5,0,2,0,4,0,0,0,15,1,8,11.1,Matches
78,Roman Bürki,ch SUI,GK,Dortmund,28,1990,30.8,0,0,0,0,2,0,0,2,2,0,0,0,55,2,0,100.0,Matches
79,Daniel Caligiuri,it ITA,"MF,FW",Schalke 04,31,1988,25.5,5,0,0,25,41,1,123,25,37,0,0,0,171,58,45,56.3,Matches
80,Emre Can,de GER,"MF,DF",Dortmund,25,1994,10.6,5,0,0,14,16,0,6,19,12,0,1,0,60,14,5,73.7,Matches
81,Koen Casteels,be BEL,GK,Wolfsburg,27,1992,26.0,1,0,0,0,3,0,0,0,0,0,0,0,48,5,1,83.3,Matches
82,Timothy Chandler,us USA,"DF,MF",Eint Frankfurt,29,1990,13.6,4,0,0,16,11,4,64,13,10,0,0,0,57,38,31,55.1,Matches
83,Kwon Chang-hoon,kr KOR,"MF,FW",Freiburg,25,1994,7.5,0,0,0,4,21,3,18,7,4,1,0,0,40,18,23,43.9,Matches
84,Darko Churlinov,mk MKD,MF,Köln,19,2000,0.2,0,0,0,1,0,1,2,1,1,0,0,0,2,0,0,,Matches
85,Per Ciljan Skjelbred,no NOR,MF,Hertha BSC,32,1987,18.1,4,0,0,22,9,0,5,23,30,0,0,0,106,14,17,45.2,Matches
86,Christian Clemens,de GER,FW,Köln,27,1991,0.2,0,0,0,0,0,0,1,0,0,0,0,0,1,0,0,,Matches
87,Jamilu Collins,ng NGA,DF,Paderborn 07,24,1994,29.6,9,1,1,45,28,0,41,70,43,0,2,1,214,31,29,51.7,Matches
88,Kingsley Coman,fr FRA,"FW,MF",Bayern Munich,23,1996,16.7,2,0,0,11,34,4,75,4,11,1,0,0,87,18,17,51.4,Matches
89,Jhon Córdoba,co COL,FW,Köln,26,1993,22.2,5,0,0,57,65,26,10,5,7,0,0,0,58,89,80,52.7,Matches
90,Sergio Córdova,ve VEN,FW,Augsburg,21,1997,4.1,0,0,0,6,12,1,2,0,0,0,0,0,11,14,32,30.4,Matches
91,Danny da Costa,de GER,"DF,FW",Eint Frankfurt,26,1993,15.4,0,0,0,7,5,4,83,15,17,0,0,0,80,25,31,44.6,Matches
92,Philippe Coutinho,br BRA,"MF,FW",Bayern Munich,27,1992,15.7,0,0,0,5,23,3,41,6,15,1,0,0,64,4,11,26.7,Matches
93,Mickaël Cuisance,fr FRA,"MF,FW",Bayern Munich,19,1999,3.4,1,0,0,11,3,0,15,3,1,1,0,0,17,1,2,33.3,Matches
94,Matheus Cunha,br BRA,"FW,MF",Hertha BSC,20,1999,8.3,3,0,0,25,29,2,5,10,5,1,0,0,35,6,16,27.3,Matches
95,Matheus Cunha,br BRA,"FW,MF",RB Leipzig,20,1999,3.1,0,0,0,9,6,3,1,1,2,0,0,0,11,4,8,33.3,Matches
96,Rafael Czichos,de GER,DF,Köln,29,1990,24.5,4,1,1,25,23,1,5,35,34,0,2,1,156,70,51,57.9,Matches
97,Moanes Dabbur,il ISR,FW,Hoffenheim,27,1992,8.5,4,0,0,23,22,4,4,4,5,1,0,0,39,11,22,33.3,Matches
98,Mahmoud Dahoud,de GER,MF,Dortmund,23,1996,6.2,1,0,0,12,6,0,4,8,6,0,0,0,45,3,5,37.5,Matches
99,Leon Dajaku,de GER,"DF,MF",Bayern Munich,18,2001,0.1,0,0,0,0,0,0,0,0,0,0,0,0,3,0,0,,Matches
100,Vladimír Darida,cz CZE,MF,Hertha BSC,28,1990,25.1,8,1,1,38,24,2,99,27,28,0,0,0,146,17,43,28.3,Matches
Rk,Player,Nation,Pos,Squad,Age,Born,90s,CrdY,CrdR,2CrdY,Fls,Fld,Off,Crs,Int,TklW,PKwon,PKcon,OG,Recov,Won,Lost,Won%,Matches
101,Alphonso Davies,ca CAN,DF,Bayern Munich,18,2000,24.8,4,1,1,25,34,7,64,31,43,0,0,0,212,30,26,53.6,Matches
102,Thomas Delaney,dk DEN,MF,Dortmund,27,1991,9.2,4,0,0,20,12,1,1,26,10,0,0,1,44,22,14,61.1,Matches
103,Kerem Demirbay,de GER,MF,Leverkusen,26,1993,17.5,4,1,1,24,18,1,122,22,19,0,0,0,131,19,14,57.6,Matches
104,Diego Demme,de GER,MF,RB Leipzig,27,1991,13.5,3,0,0,19,13,0,8,15,18,0,0,0,110,7,17,29.2,Matches
105,Moussa Diaby,fr FRA,"FW,MF",Leverkusen,20,1999,19.7,3,0,0,13,20,9,87,9,8,0,0,0,89,3,15,16.7,Matches
106,Javairô Dilrosun,nl NED,"MF,FW",Hertha BSC,21,1998,14.5,2,0,0,6,19,3,34,18,8,0,0,0,80,4,13,23.5,Matches
107,Ji Dong-won,kr KOR,"FW,MF",Mainz 05,28,1991,1.1,1,0,0,3,2,1,3,0,0,0,0,0,1,2,4,33.3,Matches
108,Bas Dost,nl NED,FW,Eint Frankfurt,30,1989,16.4,2,0,0,16,13,9,1,5,7,0,0,0,36,129,67,65.8,Matches
109,Mamadou Doucouré,fr FRA,MF,Gladbach,21,1998,0.0,0,0,0,0,1,0,0,0,0,0,0,0,1,0,0,,Matches
110,Mohamed Dräger,tn TUN,DF,Paderborn 07,23,1996,16.2,2,0,0,16,22,0,42,18,21,0,0,0,91,8,13,38.1,Matches
111,Aleksandar Dragović,at AUT,DF,Leverkusen,28,1991,11.4,7,1,1,17,5,0,1,15,11,0,1,0,60,21,11,65.6,Matches
112,Dominick Drexler,de GER,"MF,FW",Köln,29,1990,17.6,5,0,0,26,39,8,48,26,25,0,1,0,123,17,31,35.4,Matches
113,Ondrej Duda,sk SVK,MF,Hertha BSC,24,1994,5.0,2,0,0,12,11,0,7,5,4,0,0,0,28,5,10,33.3,Matches
114,Erik Durm,de GER,"DF,FW",Eint Frankfurt,27,1992,5.7,0,0,0,4,4,0,19,3,6,0,0,0,28,7,9,43.8,Matches
115,Johannes Eggestein,de GER,"MF,FW",Werder Bremen,21,1998,5.7,3,1,1,8,6,1,13,2,6,0,0,0,27,2,16,11.1,Matches
116,Maximilian Eggestein,de GER,MF,Werder Bremen,22,1996,31.7,6,0,0,34,39,0,22,36,28,0,0,0,187,36,55,39.6,Matches
117,Kingsley Ehizibue,nl NED,DF,Köln,24,1995,25.9,6,1,0,55,35,3,72,39,53,0,2,0,106,33,25,56.9,Matches
118,Ilay Elmkies,il ISR,MF,Hoffenheim,19,2000,0.0,0,0,0,0,0,0,0,0,1,0,0,0,0,0,0,,Matches
119,Nico Elvedi,ch SUI,DF,Gladbach,22,1996,29.1,5,0,0,22,20,1,1,62,27,0,1,0,169,81,56,59.1,Matches
120,Breel Embolo,ch SUI,"FW,MF",Gladbach,22,1997,17.2,4,0,0,42,47,13,3,8,11,2,0,0,57,21,41,33.9,Matches
121,Alexander Esswein,de GER,"FW,MF",Hertha BSC,29,1990,2.4,1,0,0,5,6,0,6,7,4,0,0,0,6,5,1,83.3,Matches
122,Antony Evans,eng ENG,"MF,DF",Paderborn 07,20,1998,1.7,0,0,0,5,1,0,16,2,4,0,0,0,8,2,2,50.0,Matches
123,Simon Falette,gn GUI,DF,Eint Frankfurt,27,1992,1.0,0,0,0,0,1,0,0,3,0,0,0,0,11,4,1,80.0,Matches
124,Ohis Felix Uduokhai,de GER,DF,Augsburg,21,1997,21.8,3,0,0,14,15,1,0,36,26,0,0,0,123,79,46,63.2,Matches
125,Edimilson Fernandes,ch SUI,"MF,DF",Mainz 05,23,1996,16.5,7,1,1,19,5,0,15,32,20,0,0,0,113,15,14,51.7,Matches
Rk,Player,Nation,Pos,Squad,Age,Born,90s,CrdY,CrdR,2CrdY,Fls,Fld,Off,Crs,Int,TklW,PKwon,PKcon,OG,Recov,Won,Lost,Won%,Matches
126,Gelson Fernandes,ch SUI,MF,Eint Frankfurt,32,1986,8.6,5,1,1,25,2,0,2,16,18,0,0,0,56,14,22,38.9,Matches
127,Oliver Fink,de GER,"MF,FW",Düsseldorf,37,1982,7.5,2,0,0,13,16,0,8,15,12,1,0,0,55,44,39,53.0,Matches
128,Alfreð Finnbogason,is ISL,FW,Augsburg,30,1989,10.7,1,0,0,14,10,6,1,3,6,0,0,0,31,17,37,31.5,Matches
129,Mark Flekken,nl NED,GK,Freiburg,26,1993,10.0,0,0,0,1,0,0,0,0,0,0,0,0,21,1,0,100.0,Matches
130,Emil Forsberg,se SWE,MF,RB Leipzig,27,1991,12.7,1,0,0,12,19,2,24,5,10,0,0,0,63,9,16,36.0,Matches
131,Raphael Framberger,de GER,DF,Augsburg,23,1995,13.1,3,0,0,17,9,1,22,20,25,0,1,0,65,18,21,46.2,Matches
132,Mike Frantz,de GER,MF,Freiburg,32,1986,3.9,2,0,0,7,6,0,7,1,2,0,0,0,13,7,8,46.7,Matches
133,Marco Friedl,at AUT,"DF,MF",Werder Bremen,21,1998,24.3,9,0,0,32,44,0,86,34,39,0,0,0,134,22,22,50.0,Matches
134,Marvin Friedrich,de GER,DF,Union Berlin,23,1995,31.0,11,1,1,38,16,0,6,42,31,0,0,0,189,94,74,56.0,Matches
135,Samúel Friðjónsson,is ISL,MF,Paderborn 07,23,1996,2.1,1,0,0,2,1,0,0,4,1,0,0,0,15,1,3,25.0,Matches
136,Niclas Füllkrug,de GER,FW,Werder Bremen,26,1993,4.5,2,0,0,10,10,3,2,3,2,0,0,0,9,30,28,51.7,Matches
137,Mijat Gaćinović,rs SRB,"MF,FW",Eint Frankfurt,24,1995,11.6,2,0,0,19,24,0,13,15,11,0,0,0,71,6,12,33.3,Matches
138,Theodor Gebre Selassie,cz CZE,"DF,MF",Werder Bremen,32,1986,27.0,2,0,0,25,21,2,37,63,27,1,0,0,94,59,46,56.2,Matches
139,Dennis Geiger,de GER,MF,Hoffenheim,21,1998,12.6,3,0,0,26,15,1,55,6,5,0,0,0,68,8,14,36.4,Matches
140,Christian Gentner,de GER,MF,Union Berlin,33,1985,27.1,4,0,0,31,40,4,29,54,28,1,0,0,166,33,30,52.4,Matches
141,Yannick Gerhardt,de GER,MF,Wolfsburg,25,1994,9.2,1,0,0,10,18,1,15,12,18,0,0,0,57,11,9,55.0,Matches
142,Niko Gießelmann,de GER,DF,Düsseldorf,27,1991,22.9,6,0,0,26,41,1,81,27,31,0,0,0,96,34,27,55.7,Matches
143,Rafał Gikiewicz,pl POL,GK,Union Berlin,31,1987,33.0,0,0,0,2,6,0,0,2,0,0,2,0,38,10,0,100.0,Matches
144,Daniel Ginczek,de GER,FW,Wolfsburg,28,1991,8.5,2,0,0,9,9,5,4,1,3,0,0,0,14,20,25,44.4,Matches
145,Matthias Ginter,de GER,DF,Gladbach,25,1994,30.9,2,0,0,12,20,2,5,34,20,0,0,0,151,95,53,64.2,Matches
146,Klaus Gjasula,al ALB,MF,Paderborn 07,29,1989,25.3,17,0,0,50,17,0,5,32,39,0,0,0,179,49,47,51.0,Matches
147,Serge Gnabry,de GER,"FW,MF",Bayern Munich,24,1995,24.4,0,0,0,15,24,16,70,16,16,0,0,0,89,7,18,28.0,Matches
148,Akaki Gogia,de GER,"MF,FW",Union Berlin,27,1992,1.3,0,0,0,2,3,0,3,0,1,0,0,0,6,3,1,75.0,Matches
149,Benjamin Goller,de GER,"FW,MF",Werder Bremen,20,1999,3.2,0,0,0,4,5,0,4,1,3,0,0,0,20,5,7,41.7,Matches
150,Jérôme Gondorf,de GER,MF,Freiburg,31,1988,1.3,1,0,0,4,2,0,0,0,6,0,0,0,4,2,2,50.0,Matches
Rk,Player,Nation,Pos,Squad,Age,Born,90s,CrdY,CrdR,2CrdY,Fls,Fld,Off,Crs,Int,TklW,PKwon,PKcon,OG,Recov,Won,Lost,Won%,Matches
151,Leon Goretzka,de GER,MF,Bayern Munich,24,1995,16.8,2,0,0,25,24,0,4,24,15,2,0,0,119,30,29,50.8,Matches
152,Mario Götze,de GER,FW,Dortmund,27,1992,5.8,0,0,0,5,10,5,8,2,7,0,0,0,18,1,7,12.5,Matches
153,Jeffrey Gouweleeuw,nl NED,DF,Augsburg,28,1991,18.3,5,0,0,12,3,1,2,37,16,0,0,0,118,30,25,54.5,Matches
154,Michael Gregoritsch,at AUT,"MF,FW",Augsburg,25,1994,3.4,0,0,0,3,3,1,1,3,2,0,0,0,6,9,9,50.0,Matches
155,Michael Gregoritsch,at AUT,FW,Schalke 04,25,1994,9.2,2,0,0,10,6,2,3,2,5,0,0,0,16,47,44,51.6,Matches
156,Vincenzo Grifo,it ITA,MF,Hoffenheim,26,1993,0.2,0,0,0,0,0,0,1,0,0,0,0,0,0,0,0,,Matches
157,Vincenzo Grifo,it ITA,"MF,FW",Freiburg,26,1993,18.0,1,1,0,10,15,6,101,14,10,0,0,0,93,11,18,37.9,Matches
158,Florian Grillitsch,at AUT,"MF,DF",Hoffenheim,23,1995,26.8,3,0,0,25,49,0,12,49,29,0,0,0,186,33,28,54.1,Matches
159,Christian Groß,de GER,"DF,MF",Werder Bremen,30,1989,9.7,2,0,0,15,8,0,3,14,17,0,1,0,51,7,13,35.0,Matches
160,Carlos Gruezo,ec ECU,MF,Augsburg,24,1995,9.8,3,0,0,14,7,0,1,6,12,0,0,0,58,7,7,50.0,Matches
161,Marko Grujić,rs SRB,MF,Hertha BSC,23,1996,26.8,9,0,0,63,28,0,5,22,34,0,1,0,157,98,45,68.5,Matches
162,Raphaël Guerreiro,pt POR,"DF,MF",Dortmund,25,1993,25.9,3,0,0,11,17,0,67,42,24,0,0,0,170,9,20,31.0,Matches
163,Babacar Guèye,sn SEN,FW,Paderborn 07,24,1994,1.2,0,0,0,4,1,1,0,0,0,0,0,0,1,1,5,16.7,Matches
164,Josuha Guilavogui,fr FRA,"MF,DF",Wolfsburg,28,1990,22.9,7,1,1,44,14,5,6,45,26,0,2,0,181,63,43,59.4,Matches
165,Péter Gulácsi,hu HUN,GK,RB Leipzig,29,1990,32.0,0,0,0,1,1,0,0,1,0,0,0,0,57,6,2,75.0,Matches
166,Manuel Gulde,de GER,DF,Freiburg,28,1991,15.2,0,0,0,7,12,2,11,22,16,0,0,0,63,42,37,53.2,Matches
167,Christian Günter,de GER,DF,Freiburg,26,1993,33.7,2,0,0,20,23,3,274,14,11,1,0,0,141,10,32,23.8,Matches
168,Jonathan de Guzmán,nl NED,MF,Eint Frankfurt,31,1987,1.0,1,0,0,3,1,0,14,1,1,0,0,0,10,3,2,60.0,Matches
169,Erling Haaland,no NOR,FW,Dortmund,19,2000,11.8,0,0,0,10,7,3,6,4,2,1,0,0,29,18,21,46.2,Matches
170,Janik Haberer,de GER,"MF,FW",Freiburg,25,1994,19.1,5,1,1,34,38,0,12,25,18,0,0,0,129,35,54,39.3,Matches
171,Alexander Hack,de GER,DF,Mainz 05,25,1993,8.9,2,0,0,12,12,0,2,23,10,0,1,0,46,37,28,56.9,Matches
172,André Hahn,de GER,"FW,MF",Augsburg,28,1990,7.8,6,1,1,24,9,7,15,13,9,0,0,0,26,27,25,51.9,Matches
173,Amadou Haidara,ml MLI,MF,RB Leipzig,21,1998,8.4,1,0,0,18,4,1,6,8,16,0,1,0,66,15,15,50.0,Matches
174,Achraf Hakimi,ma MAR,"DF,MF",Dortmund,20,1998,30.2,5,0,0,24,50,2,95,30,41,0,0,0,200,15,22,40.5,Matches
175,Marcel Halstenberg,de GER,DF,RB Leipzig,27,1991,28.0,6,1,1,24,16,1,56,46,31,0,0,0,187,52,36,59.1,Matches
Rk,Player,Nation,Pos,Squad,Age,Born,90s,CrdY,CrdR,2CrdY,Fls,Fld,Off,Crs,Int,TklW,PKwon,PKcon,OG,Recov,Won,Lost,Won%,Matches
176,Amine Harit,ma MAR,"MF,FW",Schalke 04,22,1997,23.4,3,0,0,19,70,8,22,7,7,1,0,0,118,8,28,22.2,Matches
177,Martin Harnik,at AUT,"MF,FW",Werder Bremen,32,1987,0.1,1,0,0,2,0,1,0,0,0,0,0,0,0,0,2,0.0,Matches
178,Makoto Hasebe,jp JPN,"DF,MF",Eint Frankfurt,35,1984,21.9,3,0,0,6,28,0,1,26,20,0,1,0,174,27,32,45.8,Matches
179,Kai Havertz,de GER,"MF,FW",Leverkusen,20,1999,27.3,3,0,0,26,33,12,28,2,15,0,0,0,100,43,59,42.2,Matches
180,Thorgan Hazard,be BEL,"FW,MF",Dortmund,26,1993,26.4,3,0,0,37,40,12,112,13,27,0,0,0,100,14,33,29.8,Matches
181,Jonas Hector,de GER,"MF,DF",Köln,29,1990,27.0,9,0,0,22,38,2,29,46,49,0,0,0,181,68,62,52.3,Matches
182,Dominique Heintz,de GER,DF,Freiburg,25,1993,27.0,2,0,0,15,15,0,12,41,30,0,1,0,132,35,31,53.0,Matches
183,Rouwen Hennings,de GER,FW,Düsseldorf,31,1987,27.3,4,0,0,24,32,11,30,2,5,0,1,0,67,48,84,36.4,Matches
184,Lucas Hernández,fr FRA,DF,Bayern Munich,23,1996,10.2,3,0,0,14,22,0,6,15,9,0,1,0,44,16,8,66.7,Matches
185,Patrick Herrmann,de GER,"FW,MF",Gladbach,28,1991,16.1,4,0,0,33,22,14,64,11,11,1,0,0,74,10,23,30.3,Matches
186,Martin Hinteregger,at AUT,DF,Eint Frankfurt,26,1992,30.2,8,0,0,32,31,2,19,36,51,0,0,1,229,82,60,57.7,Matches
187,Marwin Hitz,ch SUI,GK,Dortmund,31,1987,3.2,0,0,0,0,1,0,0,0,0,0,0,0,12,0,0,,Matches
188,André Hoffmann,de GER,DF,Düsseldorf,26,1993,27.0,7,0,0,19,13,0,2,56,22,0,0,0,132,66,51,56.4,Matches
189,Nicolas Höfler,de GER,MF,Freiburg,29,1990,30.9,9,0,0,52,33,0,4,71,40,1,1,0,203,56,40,58.3,Matches
190,Jonas Hofmann,de GER,"MF,FW",Gladbach,27,1992,18.1,3,0,0,12,21,13,74,18,27,0,0,0,125,3,17,15.0,Matches
191,Jonas Hofmann,de GER,MF,Schalke 04,22,1997,0.0,0,0,0,0,0,0,0,0,0,0,0,0,2,0,0,,Matches
192,Marco Höger,de GER,MF,Köln,29,1989,7.5,2,0,0,11,5,0,5,6,5,0,0,0,68,13,14,48.1,Matches
193,Lucas Höler,de GER,"FW,MF",Freiburg,25,1994,27.6,4,0,0,37,79,10,19,12,15,1,1,0,111,67,87,43.5,Matches
194,Gerrit Holtmann,ph PHI,"MF,DF",Paderborn 07,24,1995,11.8,1,1,0,14,5,0,37,6,14,0,0,0,69,2,7,22.2,Matches
195,Luca Horn,de GER,DF,Wolfsburg,20,1998,0.1,0,0,0,0,0,0,0,0,0,0,0,0,0,0,0,,Matches
196,Timo Horn,de GER,GK,Köln,26,1993,34.0,0,0,0,1,3,0,0,2,0,0,1,0,42,8,0,100.0,Matches
197,Lukáš Hrádecký,fi FIN,GK,Leverkusen,29,1989,34.0,1,0,0,0,2,0,0,2,0,0,0,0,65,8,1,88.9,Matches
198,Benjamin Hübner,de GER,DF,Hoffenheim,30,1989,23.0,6,2,1,24,27,1,6,30,26,0,2,0,99,61,33,64.9,Matches
199,Florian Hübner,de GER,DF,Union Berlin,28,1991,9.4,2,0,0,14,13,1,1,16,14,0,0,1,34,37,34,52.1,Matches
200,Mats Hummels,de GER,DF,Dortmund,30,1988,28.7,8,1,1,28,8,2,7,59,30,0,1,1,231,90,45,66.7,Matches
Rk,Player,Nation,Pos,Squad,Age,Born,90s,CrdY,CrdR,2CrdY,Fls,Fld,Off,Crs,Int,TklW,PKwon,PKcon,OG,Recov,Won,Lost,Won%,Matches
201,Uwe Hünemeier,de GER,DF,Paderborn 07,33,1986,13.4,7,1,1,17,5,1,1,24,15,0,1,0,67,38,29,56.7,Matches
202,Jannik Huth,de GER,GK,Paderborn 07,25,1994,6.0,0,0,0,0,0,0,0,0,0,0,0,0,4,1,0,100.0,Matches
203,Iago,br BRA,"DF,MF",Augsburg,22,1997,7.5,0,0,0,4,5,0,17,14,12,0,0,0,42,8,17,32.0,Matches
204,Vedad Ibišević,ba BIH,FW,Hertha BSC,34,1984,14.0,4,0,0,19,13,13,1,1,3,0,0,0,28,27,40,40.3,Matches
205,Luc Ihorst,de GER,FW,Werder Bremen,19,2000,0.1,0,0,0,0,0,0,0,0,1,0,0,0,1,0,0,,Matches
206,Stefan Ilsanker,at AUT,DF,RB Leipzig,30,1989,4.6,2,0,0,4,2,0,1,7,1,0,0,0,29,13,6,68.4,Matches
207,Stefan Ilsanker,at AUT,"DF,MF",Eint Frankfurt,30,1989,9.3,4,0,0,16,9,0,5,19,15,0,0,0,59,25,14,64.1,Matches
208,Marcus Ingvartsen,dk DEN,"MF,FW",Union Berlin,23,1996,19.1,4,0,0,48,20,2,19,16,14,0,0,0,104,50,56,47.2,Matches
209,Gian-Luca Itter,de GER,"DF,MF",Freiburg,20,1999,0.4,0,0,0,0,1,0,2,1,1,0,0,0,3,0,1,0.0,Matches
210,Ismail Jakobs,sn SEN,"FW,DF",Köln,19,1999,18.6,4,0,0,18,6,9,73,24,23,0,0,0,82,24,27,47.1,Matches
211,Laurent Jans,lu LUX,DF,Paderborn 07,26,1992,17.5,2,0,0,8,9,0,39,19,25,0,0,0,101,21,19,52.5,Matches
212,Tony Jantschke,de GER,DF,Gladbach,29,1990,11.2,6,0,0,17,3,0,6,27,21,0,0,0,44,26,31,45.6,Matches
213,Rune Jarstein,no NOR,GK,Hertha BSC,34,1984,28.3,1,1,0,0,7,0,0,1,1,0,0,0,36,10,0,100.0,Matches
214,Dennis Jastrzembski,pl POL,"MF,FW",Paderborn 07,19,2000,2.0,0,0,0,1,2,0,9,3,0,0,0,0,10,0,2,0.0,Matches
215,Tin Jedvaj,hr CRO,DF,Augsburg,23,1995,29.3,6,0,0,19,16,1,16,60,26,0,0,1,138,74,53,58.3,Matches
216,Fredrik Jensen,fi FIN,"MF,FW",Augsburg,21,1997,5.1,0,0,0,3,3,6,5,1,1,0,0,0,14,7,13,35.0,Matches
217,Fabian Johnson,us USA,"MF,DF",Gladbach,31,1987,3.0,0,0,0,1,3,2,2,2,3,0,0,0,15,1,1,50.0,Matches
218,Dejan Joveljić,rs SRB,FW,Eint Frankfurt,19,1999,1.7,1,0,0,4,1,2,1,0,2,0,0,0,3,2,8,20.0,Matches
219,Mathias Jørgensen,dk DEN,DF,Düsseldorf,29,1990,5.5,1,0,0,7,0,0,0,13,3,0,0,1,30,14,16,46.7,Matches
220,Ozan Kabak,tr TUR,DF,Schalke 04,19,2000,19.7,4,0,0,22,13,0,1,37,23,0,1,0,118,75,34,68.8,Matches
221,Pavel Kadeřábek,cz CZE,"DF,FW",Hoffenheim,27,1992,27.5,2,0,0,30,35,7,113,27,22,0,0,1,78,76,60,55.9,Matches
222,Florian Kainz,at AUT,"FW,MF",Köln,26,1992,17.3,5,0,0,16,36,1,170,13,13,0,0,0,90,7,18,28.0,Matches
223,Salomon Kalou,ci CIV,"FW,MF",Hertha BSC,33,1985,1.6,0,0,0,4,0,2,1,0,0,0,0,0,9,2,3,40.0,Matches
224,Daichi Kamada,jp JPN,"MF,FW",Eint Frankfurt,22,1996,21.9,5,0,0,28,38,7,89,10,20,0,0,0,99,10,36,21.7,Matches
225,Kevin Kampl,si SVN,MF,RB Leipzig,28,1990,7.5,1,0,0,11,2,1,7,16,11,0,0,0,58,2,6,25.0,Matches
Rk,Player,Nation,Pos,Squad,Age,Born,90s,CrdY,CrdR,2CrdY,Fls,Fld,Off,Crs,Int,TklW,PKwon,PKcon,OG,Recov,Won,Lost,Won%,Matches
226,Stefanos Kapino,gr GRE,GK,Werder Bremen,25,1994,1.0,0,0,0,0,1,0,0,1,0,0,0,0,2,0,0,,Matches
227,Kenan Karaman,tr TUR,"FW,MF",Düsseldorf,25,1994,15.0,4,0,0,12,24,8,18,2,5,0,0,0,32,46,37,55.4,Matches
228,Mamoudou Karamoko,fr FRA,MF,Wolfsburg,19,1999,0.1,0,0,0,0,0,0,0,0,0,0,0,0,1,0,2,0.0,Matches
229,Florian Kastenmeier,de GER,GK,Düsseldorf,22,1997,17.0,0,0,0,1,1,0,0,2,1,0,1,1,44,4,0,100.0,Matches
230,Noah Katterbach,de GER,DF,Köln,18,2001,14.6,2,0,0,10,23,0,22,29,23,0,0,0,117,22,34,39.3,Matches
231,Yannik Keitel,de GER,MF,Freiburg,19,2000,1.9,0,0,0,5,1,0,0,4,1,0,0,0,10,3,4,42.9,Matches
232,Jonjoe Kenny,eng ENG,DF,Schalke 04,22,1997,30.2,5,0,0,28,9,4,59,26,29,0,1,0,176,30,31,49.2,Matches
233,Rani Khedira,de GER,MF,Augsburg,25,1994,29.4,8,0,0,36,34,0,9,48,36,0,0,0,155,49,42,53.8,Matches
234,Luca Kilian,de GER,DF,Paderborn 07,19,1999,14.0,1,0,0,6,5,1,1,12,24,0,0,0,61,29,32,47.5,Matches
235,Joshua Kimmich,de GER,"MF,DF",Bayern Munich,24,1995,31.3,7,0,0,27,45,4,230,29,29,0,0,0,220,26,29,47.3,Matches
236,Davy Klaassen,nl NED,MF,Werder Bremen,26,1993,32.6,7,0,0,28,35,2,18,38,43,2,0,1,188,30,32,48.4,Matches
237,Felix Klaus,de GER,"MF,FW",Wolfsburg,26,1992,7.4,0,1,0,12,24,3,20,3,16,1,0,0,32,5,27,15.6,Matches
238,Lukas Klostermann,de GER,DF,RB Leipzig,23,1996,29.4,1,0,0,12,14,0,25,26,26,0,0,0,172,40,43,48.2,Matches
239,Lukas Klünter,de GER,DF,Hertha BSC,23,1996,20.9,5,0,0,34,27,3,32,27,31,0,1,0,100,25,28,47.2,Matches
240,Robin Knoche,de GER,DF,Wolfsburg,27,1992,17.7,2,0,0,8,5,3,4,27,14,0,0,0,108,43,44,49.4,Matches
241,Robin Koch,de GER,"DF,MF",Freiburg,23,1996,30.1,3,0,0,27,20,0,4,45,20,0,1,0,139,114,62,64.8,Matches
242,Dominik Kohr,de GER,MF,Eint Frankfurt,25,1994,16.1,5,1,0,34,19,1,13,30,35,0,0,0,92,19,35,35.2,Matches
243,Ibrahima Konaté,fr FRA,DF,RB Leipzig,20,1999,6.3,2,0,0,4,6,0,3,5,6,0,0,0,34,18,4,81.8,Matches
244,Pascal Köpke,de GER,FW,Hertha BSC,23,1995,1.3,0,0,0,3,3,2,1,0,0,0,0,0,4,1,10,9.1,Matches
245,Filip Kostić,rs SRB,"DF,FW",Eint Frankfurt,26,1992,32.9,4,0,0,36,36,4,385,23,38,0,0,0,225,20,15,57.1,Matches
246,Tomáš Koubek,cz CZE,GK,Augsburg,26,1992,24.0,2,0,0,0,2,0,0,1,2,0,0,0,29,2,1,66.7,Matches
247,Dawid Kownacki,pl POL,"FW,MF",Düsseldorf,22,1997,12.1,4,0,0,21,26,2,16,6,8,0,0,0,62,38,50,43.2,Matches
248,Thomas Kraft,de GER,GK,Hertha BSC,31,1988,4.0,1,0,0,0,1,0,0,1,0,0,0,0,5,0,1,0.0,Matches
249,Andrej Kramarić,hr CRO,"FW,MF",Hoffenheim,28,1991,15.8,3,0,0,6,19,8,27,3,1,0,0,0,58,9,19,32.1,Matches
250,Christoph Kramer,de GER,MF,Gladbach,28,1991,16.3,4,0,0,31,22,1,7,14,29,0,0,0,96,25,12,67.6,Matches
Rk,Player,Nation,Pos,Squad,Age,Born,90s,CrdY,CrdR,2CrdY,Fls,Fld,Off,Crs,Int,TklW,PKwon,PKcon,OG,Recov,Won,Lost,Won%,Matches
251,Tom Krauß,de GER,MF,RB Leipzig,18,2001,0.0,0,0,0,0,0,0,0,0,1,0,0,0,0,0,0,,Matches
252,Felix Kroos,de GER,"MF,DF",Union Berlin,28,1991,4.2,1,0,0,12,2,0,4,3,9,0,0,0,21,4,4,50.0,Matches
253,Lukas Kübler,de GER,DF,Freiburg,26,1992,2.3,1,0,0,2,2,0,3,1,1,0,0,0,13,3,4,42.9,Matches
254,Pierre Kunde,cm CMR,MF,Mainz 05,24,1995,20.7,6,0,0,26,11,0,29,26,17,0,1,0,148,18,25,41.9,Matches
255,Ahmed Kutucu,tr TUR,"FW,MF",Schalke 04,19,2000,7.5,2,0,0,11,5,4,7,2,7,0,0,0,21,11,26,29.7,Matches
256,Konrad Laimer,at AUT,MF,RB Leipzig,22,1997,23.5,8,1,1,62,19,0,8,34,45,0,0,0,190,22,26,45.8,Matches
257,Stefan Lainer,at AUT,DF,Gladbach,26,1992,30.1,9,0,0,40,27,0,103,29,30,0,0,0,142,35,37,48.6,Matches
258,Michael Lang,ch SUI,"DF,FW",Werder Bremen,28,1991,6.0,0,0,0,5,3,1,18,7,5,0,0,0,25,10,8,55.6,Matches
259,Sebastian Langkamp,de GER,DF,Werder Bremen,31,1988,3.5,3,0,0,5,6,0,0,3,2,0,0,0,17,8,7,53.3,Matches
260,Danny Latza,de GER,MF,Mainz 05,29,1989,15.3,7,0,0,41,22,0,10,17,19,1,0,0,87,24,25,49.0,Matches
261,Mathew Leckie,au AUS,"DF,FW",Hertha BSC,28,1991,2.2,0,0,0,4,2,0,3,2,1,0,0,0,14,7,1,87.5,Matches
262,Toni Leistner,de GER,DF,Köln,28,1990,11.2,3,0,0,16,6,0,2,32,12,0,0,0,78,55,13,80.9,Matches
263,Tim Lemperle,de GER,MF,Köln,17,2002,0.2,0,0,0,0,0,0,0,0,0,0,0,0,1,0,0,,Matches
264,Christopher Lenz,de GER,"DF,MF",Union Berlin,24,1994,25.2,2,0,0,34,21,1,64,43,37,0,0,0,156,46,42,52.3,Matches
265,Robert Lewandowski,pl POL,FW,Bayern Munich,30,1988,30.7,5,0,0,32,43,17,23,7,9,1,0,0,61,59,52,53.2,Matches
266,Stephan Lichtsteiner,ch SUI,DF,Augsburg,35,1984,14.9,5,1,1,14,23,1,30,16,14,0,0,1,68,14,15,48.3,Matches
267,Philipp Lienhart,at AUT,DF,Freiburg,23,1996,20.2,3,0,0,8,28,0,5,28,4,0,0,0,88,34,25,57.6,Matches
268,Jürgen Locadia,cw CUW,FW,Hoffenheim,25,1993,5.9,1,0,0,7,8,5,4,0,4,0,0,0,11,7,9,43.8,Matches
269,Ademola Lookman,ng NGA,"FW,MF",RB Leipzig,21,1997,3.4,0,0,0,8,4,0,14,1,4,0,1,0,18,0,3,0.0,Matches
270,Eduard Löwen,de GER,MF,Augsburg,22,1997,7.5,0,0,0,11,13,2,22,5,8,0,0,0,41,15,23,39.5,Matches
271,Eduard Löwen,de GER,MF,Hertha BSC,22,1997,3.5,0,0,0,4,2,0,2,7,6,0,0,0,22,5,5,50.0,Matches
272,Jan Luca Rumpf,de GER,DF,Paderborn 07,20,1999,1.0,0,0,0,1,1,0,0,0,0,0,0,0,6,2,4,33.3,Matches
273,Dodi Lukebakio,be BEL,"FW,MF",Hertha BSC,21,1997,22.6,2,0,0,26,27,10,56,10,18,0,0,0,88,20,28,41.7,Matches
274,Andreas Luthe,de GER,GK,Augsburg,32,1987,10.0,0,0,0,0,2,0,0,0,0,0,0,0,16,4,0,100.0,Matches
275,Arne Maier,de GER,MF,Hertha BSC,20,1999,5.9,0,0,0,4,4,0,15,7,7,0,0,0,38,2,6,25.0,Matches
Rk,Player,Nation,Pos,Squad,Age,Born,90s,CrdY,CrdR,2CrdY,Fls,Fld,Off,Crs,Int,TklW,PKwon,PKcon,OG,Recov,Won,Lost,Won%,Matches
276,Yunus Mallı,tr TUR,"MF,FW",Union Berlin,27,1992,7.5,1,0,0,6,17,0,10,7,3,0,0,0,25,1,9,10.0,Matches
277,Streli Mamba,de GER,FW,Paderborn 07,25,1994,16.9,5,0,0,36,28,11,6,6,9,1,0,0,36,18,26,40.9,Matches
278,Omar Marmoush,eg EGY,"MF,FW",Wolfsburg,20,1999,0.9,0,0,0,2,0,0,1,1,1,0,0,0,9,0,1,0.0,Matches
279,Aarón Martín,es ESP,DF,Mainz 05,22,1997,19.9,2,0,0,18,12,2,136,30,15,0,0,0,86,14,21,40.0,Matches
280,Javi Martínez,es ESP,"DF,MF",Bayern Munich,30,1988,7.5,5,1,1,12,4,1,0,18,12,0,1,0,53,32,10,76.2,Matches
281,Omar Mascarell,gq EQG,MF,Schalke 04,26,1993,22.5,4,0,0,26,18,0,4,62,23,0,0,0,166,58,51,53.2,Matches
282,Jean-Philippe Mateta,fr FRA,FW,Mainz 05,22,1997,11.7,2,1,1,9,7,12,6,1,2,0,0,0,28,39,33,54.2,Matches
283,Rabbi Matondo,wls WAL,"FW,MF",Schalke 04,18,2000,12.9,1,0,0,22,17,15,9,5,3,0,0,0,42,7,40,14.9,Matches
284,Philipp Max,de GER,DF,Augsburg,25,1993,30.1,5,0,0,13,17,4,218,26,29,0,0,0,180,20,30,40.0,Matches
285,Alexandru Maxim,ro ROU,"MF,DF",Mainz 05,29,1990,1.3,1,0,0,3,0,0,13,1,2,0,0,0,8,0,3,0.0,Matches
286,Kevin Mbabu,ch SUI,DF,Wolfsburg,24,1995,18.8,4,0,0,31,17,0,84,23,48,1,0,0,95,33,26,55.9,Matches
287,Weston McKennie,us USA,"MF,DF",Schalke 04,20,1998,23.0,8,0,0,37,15,0,9,46,20,0,1,0,175,63,43,59.4,Matches
288,Joshua Mees,de GER,"MF,FW",Union Berlin,23,1996,3.6,1,0,0,5,1,0,5,2,5,0,0,0,24,7,13,35.0,Matches
289,Admir Mehmedi,ch SUI,"MF,FW",Wolfsburg,28,1991,13.3,0,0,0,25,25,9,41,5,6,0,0,0,67,22,26,45.8,Matches
290,Levent Mercan,de GER,"MF,FW",Schalke 04,18,2000,0.8,0,0,0,2,3,0,1,0,0,0,0,0,5,0,1,0.0,Matches
291,Jorge Meré,es ESP,DF,Köln,22,1997,6.9,4,1,0,7,10,0,0,14,5,0,0,1,39,10,18,35.7,Matches
292,Sven Michel,de GER,FW,Paderborn 07,29,1990,15.3,7,0,0,30,15,14,20,7,12,0,0,0,35,31,52,37.3,Matches
293,Juan Miranda,es ESP,DF,Schalke 04,19,2000,8.7,2,0,0,11,17,1,29,10,10,0,1,1,29,9,17,34.6,Matches
294,Maximilian Mittelstädt,de GER,"DF,FW",Hertha BSC,22,1997,21.0,4,0,0,24,22,0,105,53,38,0,0,0,153,42,19,68.9,Matches
295,Anthony Modeste,fr FRA,FW,Köln,31,1988,12.6,1,0,0,25,17,8,6,0,5,0,0,0,24,68,51,57.1,Matches
296,Kevin Möhwald,de GER,MF,Werder Bremen,26,1993,0.8,0,0,0,2,1,0,2,0,1,0,0,0,1,2,0,100.0,Matches
297,Niklas Moisander,fi FIN,DF,Werder Bremen,33,1985,22.0,5,1,1,31,14,0,3,49,15,0,0,0,164,31,25,55.4,Matches
298,Alfredo Morales,us USA,MF,Düsseldorf,29,1990,19.2,6,0,0,28,29,2,12,18,15,1,0,0,122,90,70,56.3,Matches
299,Jan Morávek,cz CZE,MF,Augsburg,29,1989,5.3,1,0,0,13,3,0,0,8,12,0,0,0,42,2,3,40.0,Matches
300,Mateu Morey,es ESP,"DF,MF",Dortmund,19,2000,2.2,0,0,0,3,4,0,10,5,3,0,0,0,11,1,4,20.0,Matches
Rk,Player,Nation,Pos,Squad,Age,Born,90s,CrdY,CrdR,2CrdY,Fls,Fld,Off,Crs,Int,TklW,PKwon,PKcon,OG,Recov,Won,Lost,Won%,Matches
301,Nordi Mukiele,fr FRA,"DF,FW",RB Leipzig,21,1997,19.8,1,0,0,15,27,2,32,47,39,0,0,0,127,50,14,78.1,Matches
302,Florian Müller,de GER,GK,Mainz 05,21,1997,12.5,0,0,0,0,0,0,0,2,0,0,0,0,27,4,2,66.7,Matches
303,Thomas Müller,de GER,"MF,FW",Bayern Munich,29,1989,25.1,5,0,0,17,25,11,108,12,27,0,0,0,110,33,51,39.3,Matches
304,Torben Müsel,de GER,FW,Gladbach,20,1999,0.0,0,0,0,0,0,0,0,1,0,0,0,0,0,0,0,,Matches
305,Jamal Musiala,de GER,MF,Bayern Munich,16,2003,0.0,0,0,0,0,1,0,0,0,0,0,0,0,0,0,0,,Matches
306,Yvon Mvogo,ch SUI,GK,RB Leipzig,25,1994,2.0,0,0,0,0,0,0,0,0,0,0,0,0,5,0,0,,Matches
307,Phillipp Mwene,at AUT,DF,Mainz 05,25,1994,3.5,1,0,0,3,3,1,10,3,5,0,0,0,19,2,10,16.7,Matches
308,Obite N'Dicka,ci CIV,DF,Eint Frankfurt,19,1999,19.1,3,0,0,17,8,0,10,29,13,0,1,1,145,39,28,58.2,Matches
309,Matija Nastasić,rs SRB,DF,Schalke 04,26,1993,15.2,2,0,0,19,3,0,0,22,16,0,1,0,63,39,28,58.2,Matches
310,Manuel Neuer,de GER,GK,Bayern Munich,33,1986,33.0,0,0,0,0,2,0,0,0,1,0,0,0,107,8,0,100.0,Matches
311,Florian Neuhaus,de GER,MF,Gladbach,22,1997,26.2,6,0,0,21,50,2,31,27,23,0,0,0,188,14,29,32.6,Matches
312,Jessic Ngankam,de GER,"FW,MF",Hertha BSC,19,2000,0.9,0,0,0,4,1,0,1,0,2,0,0,0,2,1,0,100.0,Matches
313,Moussa Niakhate,sn SEN,DF,Mainz 05,23,1996,33.0,7,0,0,57,27,1,8,40,22,0,1,0,181,86,49,63.7,Matches
314,Moritz Nicolas,de GER,GK,Union Berlin,21,1997,1.0,0,0,0,0,0,0,0,0,0,0,0,0,4,0,0,,Matches
315,Florian Niederlechner,de GER,"FW,MF",Augsburg,28,1990,30.2,1,0,0,46,63,39,18,8,13,2,0,1,89,46,67,40.7,Matches
316,Christopher Nkunku,fr FRA,"MF,FW",RB Leipzig,21,1997,21.4,2,0,0,24,40,6,121,20,13,1,0,0,80,25,41,37.9,Matches
317,Lukas Nmecha,de GER,"MF,FW",Wolfsburg,20,1998,1.5,1,0,0,3,5,1,1,0,0,0,0,0,7,3,4,42.9,Matches
318,Håvard Nordtveit,no NOR,DF,Hoffenheim,29,1990,7.8,2,0,0,3,6,0,1,13,1,0,2,0,39,16,12,57.1,Matches
319,Alexander Nübel,de GER,GK,Schalke 04,22,1996,25.7,1,1,0,1,5,0,0,2,0,0,0,1,29,13,0,100.0,Matches
320,Kasim Nuhu,gh GHA,DF,Düsseldorf,24,1995,11.1,0,0,0,9,9,0,0,25,7,0,0,0,61,16,16,50.0,Matches
321,Bastian Oczipka,de GER,DF,Schalke 04,30,1989,33.5,4,0,0,26,35,4,147,37,50,0,1,0,184,27,38,41.5,Matches
322,Álvaro Odriozola,es ESP,DF,Bayern Munich,23,1995,1.7,0,0,0,1,1,0,13,1,2,0,0,0,5,1,4,20.0,Matches
323,Kelvin Ofori,gh GHA,MF,Düsseldorf,18,2001,0.4,0,0,0,0,0,0,0,0,0,0,0,0,2,1,2,33.3,Matches
324,Kwasi Okyere Wriedt,gh GHA,FW,Bayern Munich,25,1994,0.2,0,0,0,0,0,1,0,0,0,0,0,0,0,0,1,0.0,Matches
325,Cauly Oliveira Souza,br BRA,"MF,FW",Paderborn 07,23,1995,8.0,0,0,0,9,14,1,39,6,7,0,0,0,39,5,11,31.3,Matches
Rk,Player,Nation,Pos,Squad,Age,Born,90s,CrdY,CrdR,2CrdY,Fls,Fld,Off,Crs,Int,TklW,PKwon,PKcon,OG,Recov,Won,Lost,Won%,Matches
326,Dani Olmo,es ESP,"MF,FW",RB Leipzig,21,1998,8.3,1,0,0,10,20,0,17,4,14,0,0,0,26,14,14,50.0,Matches
327,Karim Onisiwo,at AUT,FW,Mainz 05,27,1992,19.2,3,0,0,34,53,11,24,7,19,1,0,0,66,53,81,39.6,Matches
328,Willi Orban,hu HUN,DF,RB Leipzig,26,1992,9.5,0,0,0,6,11,2,0,16,12,0,0,0,50,36,19,65.5,Matches
329,Yuya Osako,jp JPN,"FW,MF",Werder Bremen,29,1990,20.5,2,0,0,31,40,6,16,6,16,1,0,0,64,64,88,42.1,Matches
330,Paulo Otávio,br BRA,DF,Wolfsburg,24,1994,4.2,3,0,0,8,4,0,14,9,16,0,0,0,22,4,5,44.4,Matches
331,Reece Oxford,eng ENG,MF,Augsburg,20,1998,4.2,0,0,0,1,6,0,0,5,4,0,0,0,9,5,3,62.5,Matches
332,Levin Öztunalı,de GER,"MF,FW",Mainz 05,23,1996,19.8,1,0,0,25,15,11,42,9,19,1,0,0,107,21,21,50.0,Matches
333,Gonçalo Paciência,pt POR,FW,Eint Frankfurt,24,1994,14.3,4,0,0,28,24,10,20,1,5,0,0,0,36,49,61,44.5,Matches
334,Exequiel Palacios,ar ARG,MF,Leverkusen,20,1998,2.0,0,0,0,1,5,0,0,1,7,0,0,0,11,0,0,,Matches
335,Michael Parensen,de GER,DF,Union Berlin,33,1986,7.0,4,0,0,16,11,0,3,12,6,0,0,0,37,23,17,57.5,Matches
336,Paulinho,br BRA,"MF,FW",Leverkusen,19,2000,3.4,1,0,0,5,6,1,8,1,3,0,0,0,28,2,7,22.2,Matches
337,Benjamin Pavard,fr FRA,DF,Bayern Munich,23,1996,31.0,5,0,0,40,23,2,73,52,22,0,1,1,150,72,36,66.7,Matches
338,Jiří Pavlenka,cz CZE,GK,Werder Bremen,27,1992,33.0,1,0,0,0,6,0,0,5,0,0,0,1,49,12,1,92.3,Matches
339,Mads Pedersen,dk DEN,DF,Augsburg,22,1996,1.1,0,0,0,0,0,0,4,2,2,0,0,0,5,0,1,0.0,Matches
340,Peter Pekarík,sk SVK,"DF,FW",Hertha BSC,32,1986,8.5,2,0,0,7,6,0,24,7,7,1,0,0,33,12,8,60.0,Matches
341,Philipp Pentke,de GER,GK,Hoffenheim,34,1985,4.0,1,0,0,0,1,0,0,0,0,0,0,0,14,3,0,100.0,Matches
342,Ivan Perišić,hr CRO,"FW,MF",Bayern Munich,30,1989,13.4,1,0,0,18,6,8,76,4,12,0,1,0,51,20,8,71.4,Matches
343,Pavao Pervan,at AUT,GK,Wolfsburg,31,1987,8.0,0,0,0,0,1,1,0,0,0,0,0,0,13,1,0,100.0,Matches
344,Nils Petersen,de GER,"FW,MF",Freiburg,30,1988,27.1,1,0,0,10,17,12,12,10,14,0,0,0,76,86,143,37.6,Matches
345,Krzysztof Piątek,pl POL,FW,Hertha BSC,24,1995,10.1,2,0,0,23,18,10,4,5,4,1,0,0,27,20,33,37.7,Matches
346,Ronaël Pierre-Gabriel,fr FRA,DF,Mainz 05,21,1998,6.4,3,0,0,5,7,0,8,8,10,0,0,0,29,9,5,64.3,Matches
347,Łukasz Piszczek,pl POL,DF,Dortmund,34,1985,23.4,3,0,0,18,5,0,28,26,32,0,1,0,149,30,24,55.6,Matches
348,Claudio Pizarro,pe PER,"FW,MF",Werder Bremen,40,1978,2.6,0,0,0,2,7,1,2,2,1,0,0,0,14,13,15,46.4,Matches
349,Marvin Plattenhardt,de GER,DF,Hertha BSC,27,1992,15.5,1,0,0,11,16,1,70,11,12,0,0,0,87,17,15,53.1,Matches
350,Alassane Pléa,fr FRA,FW,Gladbach,26,1993,23.8,4,2,2,24,35,16,49,9,7,0,0,0,73,28,59,32.2,Matches
Rk,Player,Nation,Pos,Squad,Age,Born,90s,CrdY,CrdR,2CrdY,Fls,Fld,Off,Crs,Int,TklW,PKwon,PKcon,OG,Recov,Won,Lost,Won%,Matches
351,Thomas Pledl,de GER,"MF,FW",Düsseldorf,25,1994,1.0,0,0,0,1,0,1,7,0,2,0,0,0,7,1,1,50.0,Matches
352,Joel Pohjanpalo,fi FIN,MF,Leverkusen,24,1994,0.0,0,0,0,0,0,0,0,0,0,0,0,0,0,0,2,0.0,Matches
353,Sebastian Polter,de GER,FW,Union Berlin,28,1991,3.7,1,1,0,10,8,7,1,1,2,1,0,0,6,17,25,40.5,Matches
354,Marin Pongračić,hr CRO,DF,Wolfsburg,21,1997,10.3,4,1,0,17,5,0,0,19,9,0,1,0,78,27,13,67.5,Matches
355,Stefan Posch,at AUT,DF,Hoffenheim,22,1997,25.6,9,0,0,38,21,0,9,40,34,0,2,0,125,59,49,54.6,Matches
356,Yussuf Poulsen,dk DEN,FW,RB Leipzig,25,1994,13.6,2,0,0,29,28,1,9,4,10,1,0,0,38,35,53,39.8,Matches
357,Kai Pröger,de GER,"MF,FW",Paderborn 07,27,1992,23.1,0,0,0,12,25,10,188,14,22,1,0,0,124,10,21,32.3,Matches
358,Grischa Prömel,de GER,MF,Union Berlin,24,1995,10.3,2,0,0,21,29,1,2,14,11,0,0,0,61,11,11,50.0,Matches
359,Robin Quaison,se SWE,"FW,MF",Mainz 05,25,1993,28.9,2,0,0,25,34,17,11,11,17,0,0,0,95,27,66,29.0,Matches
360,Raffael,br BRA,"MF,FW",Gladbach,34,1985,0.7,0,0,0,1,3,0,3,0,0,0,0,0,4,0,2,0.0,Matches
361,Benito Raman,be BEL,FW,Schalke 04,24,1994,17.8,2,0,0,19,9,17,19,7,9,0,0,0,60,6,30,16.7,Matches
362,Tobias Raschl,de GER,MF,Dortmund,19,2000,0.3,0,0,0,1,0,0,0,0,0,0,0,0,1,0,0,,Matches
363,Milot Rashica,xk KVX,FW,Werder Bremen,23,1996,25.2,2,0,0,28,48,8,131,6,14,0,0,0,111,13,28,31.7,Matches
364,Ante Rebić,hr CRO,"FW,MF",Eint Frankfurt,25,1993,1.0,1,0,0,5,1,1,0,0,0,0,0,0,1,1,5,16.7,Matches
365,Daishawn Redan,nl NED,MF,Hertha BSC,18,2001,0.2,0,0,0,0,0,0,0,0,0,0,0,0,1,0,0,,Matches
366,Fabian Reese,de GER,FW,Schalke 04,21,1997,1.0,0,0,0,0,1,1,1,0,1,0,0,0,2,3,5,37.5,Matches
367,Ken Reichel,de GER,DF,Union Berlin,32,1986,5.9,0,0,0,9,9,0,17,9,3,0,0,0,28,8,12,40.0,Matches
368,Karim Rekik,nl NED,DF,Hertha BSC,24,1994,14.0,0,0,0,9,11,0,2,18,10,0,2,1,75,23,16,59.0,Matches
369,Panagiotis Retsos,gr GRE,DF,Leverkusen,20,1998,1.3,0,0,0,1,0,0,0,2,3,0,0,0,7,3,0,100.0,Matches
370,Marco Reus,de GER,"MF,FW",Dortmund,30,1989,16.6,1,0,0,17,17,7,16,9,16,0,0,0,52,8,26,23.5,Matches
371,Elvis Rexhbeçaj,xk KVX,MF,Köln,21,1997,6.9,3,0,0,8,13,0,13,3,11,0,0,0,38,10,16,38.5,Matches
372,Gio Reyna,us USA,"MF,FW",Dortmund,16,2002,3.9,2,0,0,4,13,0,6,0,2,0,0,0,18,2,8,20.0,Matches
373,Lucas Ribeiro,br BRA,MF,Hoffenheim,20,1999,0.7,1,0,0,1,2,0,0,1,0,0,0,0,3,1,0,100.0,Matches
374,Chris Richards,us USA,DF,Bayern Munich,19,2000,0.1,0,0,0,0,0,0,0,0,0,0,0,0,0,0,1,0.0,Matches
375,Marco Richter,de GER,"MF,FW",Augsburg,21,1997,25.3,2,0,0,32,40,3,56,24,16,0,0,0,133,23,43,34.8,Matches
Rk,Player,Nation,Pos,Squad,Age,Born,90s,CrdY,CrdR,2CrdY,Fls,Fld,Off,Crs,Int,TklW,PKwon,PKcon,OG,Recov,Won,Lost,Won%,Matches
376,Marcel Risse,de GER,"MF,FW",Köln,29,1989,1.5,1,0,0,3,0,0,16,1,2,0,0,0,12,0,0,,Matches
377,Marlon Ritter,de GER,MF,Paderborn 07,24,1994,4.8,3,0,0,4,10,0,27,8,5,0,0,0,23,0,3,0.0,Matches
378,Sebastian Rode,de GER,MF,Eint Frankfurt,28,1990,21.5,6,0,0,40,24,1,20,34,33,0,1,0,150,22,33,40.0,Matches
379,Jérôme Roussillon,fr FRA,DF,Wolfsburg,26,1993,26.3,4,0,0,18,27,4,71,30,29,0,0,0,147,18,25,41.9,Matches
380,Sebastian Rudy,de GER,"MF,DF",Hoffenheim,29,1990,30.4,9,0,0,27,34,1,86,27,49,0,1,0,179,18,20,47.4,Matches
381,Lukas Rupp,de GER,MF,Hoffenheim,28,1991,3.8,0,0,0,10,6,1,0,5,4,0,0,0,18,2,4,33.3,Matches
382,Julian Ryerson,no NOR,"DF,MF",Union Berlin,21,1997,4.1,2,0,0,8,6,0,13,5,5,0,0,0,30,7,8,46.7,Matches
383,Frederik Rønnow,dk DEN,GK,Eint Frankfurt,26,1992,9.0,0,0,0,0,1,0,0,0,0,0,0,0,17,1,0,100.0,Matches
384,Victor Sá,br BRA,"MF,FW",Wolfsburg,25,1994,18.1,4,0,0,26,27,8,25,9,22,0,0,0,81,18,54,25.0,Matches
385,Abdelhamid Sabiri,ma MAR,MF,Paderborn 07,22,1996,11.6,6,0,0,27,26,0,3,8,16,0,0,0,63,26,22,54.2,Matches
386,Marcel Sabitzer,at AUT,"MF,FW",RB Leipzig,25,1994,27.8,4,0,0,20,41,3,107,23,25,0,0,0,217,23,20,53.5,Matches
387,Nuri Şahin,tr TUR,MF,Werder Bremen,30,1988,13.9,5,1,1,22,15,0,73,37,16,0,0,0,67,18,24,42.9,Matches
388,Roland Sallai,hu HUN,"MF,FW",Freiburg,22,1997,12.9,2,0,0,30,42,9,42,7,10,0,0,0,49,25,33,43.1,Matches
389,Lazar Samardzic,rs SRB,"MF,FW",Hertha BSC,17,2002,0.4,0,0,0,0,0,0,1,0,4,0,0,0,2,1,2,33.3,Matches
390,Diadie Samassékou,ml MLI,MF,Hoffenheim,23,1996,14.6,4,0,0,18,12,0,2,40,18,0,0,0,88,18,26,40.9,Matches
391,Renato Sanches,pt POR,MF,Bayern Munich,21,1997,0.1,0,0,0,0,1,0,0,0,0,0,0,0,1,0,0,,Matches
392,Jadon Sancho,eng ENG,"FW,MF",Dortmund,19,2000,25.4,2,0,0,9,17,9,78,14,11,0,0,0,98,1,12,7.7,Matches
393,Salif Sané,sn SEN,DF,Schalke 04,28,1990,12.5,3,0,0,11,21,0,0,21,9,0,0,0,66,63,17,78.8,Matches
394,Marcelo Saracchi,uy URU,DF,RB Leipzig,21,1998,2.0,1,0,0,1,1,0,7,1,6,0,0,0,9,4,2,66.7,Matches
395,Josh Sargent,us USA,FW,Werder Bremen,19,2000,15.7,2,0,0,22,37,6,7,14,6,0,0,0,45,45,62,42.1,Matches
396,Louis Schaub,at AUT,MF,Köln,24,1994,6.9,0,0,0,7,11,1,19,3,12,0,0,0,41,9,7,56.3,Matches
397,Patrik Schick,cz CZE,FW,RB Leipzig,23,1996,14.4,3,0,0,16,21,9,7,2,3,0,0,0,18,58,47,55.2,Matches
398,Julian Schieber,de GER,FW,Augsburg,30,1989,0.5,1,0,0,2,0,0,0,0,1,0,0,0,2,0,3,0.0,Matches
399,Kingsley Schindler,gh GHA,"FW,MF",Köln,26,1993,9.4,0,0,0,12,10,3,34,6,5,0,0,0,41,11,18,37.9,Matches
400,Xaver Schlager,at AUT,MF,Wolfsburg,21,1997,19.1,4,0,0,33,24,0,11,17,29,0,0,0,157,25,19,56.8,Matches
Rk,Player,Nation,Pos,Squad,Age,Born,90s,CrdY,CrdR,2CrdY,Fls,Fld,Off,Crs,Int,TklW,PKwon,PKcon,OG,Recov,Won,Lost,Won%,Matches
401,Keven Schlotterbeck,de GER,DF,Union Berlin,22,1997,21.5,6,1,0,21,32,1,1,40,27,0,0,0,141,60,53,53.1,Matches
402,Nico Schlotterbeck,de GER,DF,Freiburg,19,1999,4.1,0,0,0,6,10,0,5,3,3,0,0,0,28,24,4,85.7,Matches
403,Marcel Schmelzer,de GER,DF,Dortmund,31,1988,0.7,0,0,0,1,0,0,2,1,1,0,0,0,3,5,0,100.0,Matches
404,Jonathan Schmid,fr FRA,DF,Freiburg,29,1990,31.5,1,0,0,13,36,4,100,35,27,0,0,0,144,34,23,59.6,Matches
405,Manuel Schmiedebach,de GER,MF,Union Berlin,30,1988,2.0,0,0,0,5,2,0,0,3,1,0,0,0,11,0,1,0.0,Matches
406,Benno Schmitz,de GER,DF,Köln,24,1994,12.9,1,0,0,23,4,0,33,16,17,0,0,0,76,19,30,38.8,Matches
407,Sebastian Schonlau,de GER,DF,Paderborn 07,24,1994,23.0,2,0,0,20,21,1,2,40,43,0,1,0,147,53,46,53.5,Matches
408,Alessandro Schöpf,at AUT,MF,Schalke 04,25,1994,15.9,3,0,0,20,18,1,16,26,16,0,0,0,109,8,27,22.9,Matches
409,Markus Schubert,de GER,GK,Schalke 04,21,1998,8.2,0,0,0,0,2,0,0,0,0,0,0,0,9,5,0,100.0,Matches
410,Nico Schulz,de GER,"DF,MF",Dortmund,26,1993,6.6,0,0,0,12,3,4,14,9,7,0,0,0,34,2,2,50.0,Matches
411,Alexander Schwolow,de GER,GK,Freiburg,27,1992,23.2,0,0,0,0,3,0,0,1,0,0,0,0,22,4,1,80.0,Matches
412,Davie Selke,de GER,FW,Hertha BSC,24,1995,10.7,3,0,0,26,20,6,4,1,3,0,0,0,19,73,65,52.9,Matches
413,Davie Selke,de GER,FW,Werder Bremen,24,1995,5.1,3,0,0,13,6,5,3,0,0,0,0,0,13,38,32,54.3,Matches
414,Suat Serdar,de GER,MF,Schalke 04,22,1997,17.8,2,0,0,29,34,1,1,24,37,0,0,0,163,20,6,76.9,Matches
415,Khiry Shelton,us USA,FW,Paderborn 07,26,1993,0.4,0,0,0,0,1,0,0,0,1,0,0,0,0,0,0,,Matches
416,André Silva,pt POR,FW,Eint Frankfurt,23,1995,17.5,1,0,0,14,21,12,10,8,2,1,0,0,53,38,61,38.4,Matches
417,Sarpreet Singh,nz NZL,"FW,MF",Bayern Munich,20,1999,0.8,0,0,0,3,0,1,1,0,0,0,0,0,3,1,1,50.0,Matches
418,Daley Sinkgraven,nl NED,"DF,MF",Leverkusen,24,1995,10.1,1,0,0,12,5,0,19,10,16,0,0,0,60,10,9,52.6,Matches
419,Ellyes Skhiri,tn TUN,MF,Köln,24,1995,29.7,4,0,0,35,18,3,6,67,52,0,0,0,230,47,36,56.6,Matches
420,Robert Skov,dk DEN,"DF,FW",Hoffenheim,23,1996,29.0,4,0,0,21,36,2,150,20,28,0,0,0,128,19,23,45.2,Matches
421,Steven Skrzybski,de GER,"FW,MF",Düsseldorf,26,1992,5.9,0,0,0,3,15,1,9,10,4,0,0,0,26,2,10,16.7,Matches
422,Dennis Smarsch,de GER,GK,Hertha BSC,20,1999,1.7,0,0,0,0,0,0,0,0,0,0,0,0,2,0,0,,Matches
423,Lasse Sobiech,de GER,DF,Köln,28,1991,1.0,1,0,0,2,0,0,0,4,0,0,0,0,4,9,5,64.3,Matches
424,Marcel Sobottka,de GER,MF,Düsseldorf,25,1994,7.8,2,0,0,17,11,0,0,9,10,0,0,0,31,5,16,23.8,Matches
425,Yann Sommer,ch SUI,GK,Gladbach,30,1988,34.0,0,0,0,0,2,0,0,1,0,0,0,0,83,7,0,100.0,Matches
Rk,Player,Nation,Pos,Squad,Age,Born,90s,CrdY,CrdR,2CrdY,Fls,Fld,Off,Crs,Int,TklW,PKwon,PKcon,OG,Recov,Won,Lost,Won%,Matches
426,Djibril Sow,ch SUI,MF,Eint Frankfurt,22,1997,19.4,2,0,0,37,40,0,39,30,33,0,0,0,106,21,34,38.2,Matches
427,Dennis Srbeny,de GER,"FW,MF",Paderborn 07,25,1994,12.4,2,0,0,18,23,5,6,3,6,0,0,0,24,26,44,37.1,Matches
428,Jerry St. Juste,nl NED,DF,Mainz 05,22,1996,23.5,7,0,0,22,23,1,6,52,25,0,0,0,126,51,63,44.7,Matches
429,Kostas Stafylidis,gr GRE,DF,Hoffenheim,25,1993,4.4,0,0,0,6,4,0,11,2,3,0,0,0,19,5,7,41.7,Matches
430,Benjamin Stambouli,fr FRA,DF,Schalke 04,28,1990,9.0,2,0,0,9,4,0,2,12,19,0,0,0,66,10,9,52.6,Matches
431,Niklas Stark,de GER,DF,Hertha BSC,24,1995,19.2,8,0,0,26,8,0,2,21,20,0,0,1,73,31,25,55.4,Matches
432,Renato Steffen,ch SUI,"MF,FW",Wolfsburg,27,1991,17.6,6,0,0,33,29,4,37,23,18,0,0,0,113,18,31,36.7,Matches
433,Zack Steffen,us USA,GK,Düsseldorf,24,1995,17.0,0,0,0,0,2,0,0,0,0,0,0,0,26,7,1,87.5,Matches
434,Lars Stindl,de GER,"MF,FW",Gladbach,30,1988,15.9,4,0,0,21,23,3,17,10,16,1,0,0,79,20,39,33.9,Matches
435,Kevin Stöger,at AUT,MF,Düsseldorf,25,1993,14.1,3,0,0,29,24,0,57,26,15,0,0,0,110,4,11,26.7,Matches
436,Tobias Strobl,de GER,"MF,DF",Gladbach,29,1990,6.8,1,0,0,12,10,0,0,11,6,0,0,0,47,11,9,55.0,Matches
437,Christian Strohdiek,de GER,DF,Paderborn 07,31,1988,15.1,3,0,0,10,15,0,5,25,22,0,1,0,57,40,41,49.4,Matches
438,Neven Subotić,rs SRB,DF,Union Berlin,30,1988,21.8,3,1,1,17,4,0,8,34,18,0,1,0,107,68,21,76.4,Matches
439,Marek Suchý,cz CZE,DF,Augsburg,31,1988,4.4,1,0,0,4,0,0,0,6,5,0,0,0,17,13,5,72.2,Matches
440,Niklas Süle,de GER,DF,Bayern Munich,23,1995,7.1,1,0,0,6,4,0,1,8,6,0,0,0,39,15,3,83.3,Matches
441,Markus Suttner,at AUT,DF,Düsseldorf,32,1987,14.9,3,0,0,14,7,0,88,13,16,0,0,0,91,19,25,43.2,Matches
442,Ádám Szalai,hu HUN,FW,Mainz 05,31,1987,12.7,1,0,0,23,23,7,7,2,4,0,0,0,35,59,59,50.0,Matches
443,Jonathan Tah,de GER,DF,Leverkusen,23,1996,23.2,4,1,0,29,10,0,4,27,26,0,0,0,152,72,26,73.5,Matches
444,Edmond Tapsoba,bf BFA,DF,Leverkusen,20,1999,11.8,2,0,0,13,3,0,0,9,15,0,1,0,96,21,26,44.7,Matches
445,Georg Teigl,at AUT,"DF,MF",Augsburg,28,1991,1.2,0,0,0,2,1,1,0,3,1,0,0,0,3,0,0,,Matches
446,Bernard Tekpetey,gh GHA,"FW,MF",Düsseldorf,21,1997,5.0,4,0,0,14,13,3,14,2,4,0,0,0,17,5,7,41.7,Matches
447,Lino Tempelmann,de GER,MF,Freiburg,20,1999,0.4,0,0,0,1,0,0,0,0,0,0,0,0,1,0,2,0.0,Matches
448,Simon Terodde,de GER,FW,Köln,31,1988,9.0,4,0,0,25,11,2,2,2,5,0,0,0,26,36,40,47.4,Matches
449,Malick Thiaw,de GER,DF,Schalke 04,17,2001,0.8,0,0,0,1,0,0,0,2,0,0,0,0,1,1,5,16.7,Matches
450,Niclas Thiede,de GER,GK,Freiburg,20,1999,0.8,0,0,0,0,1,0,0,0,0,0,0,0,1,0,0,,Matches
Rk,Player,Nation,Pos,Squad,Age,Born,90s,CrdY,CrdR,2CrdY,Fls,Fld,Off,Crs,Int,TklW,PKwon,PKcon,OG,Recov,Won,Lost,Won%,Matches
451,Jan Thielmann,de GER,"FW,MF",Köln,17,2002,6.2,2,0,0,7,6,2,17,8,6,0,0,0,43,5,8,38.5,Matches
452,Erik Thommy,de GER,"MF,FW",Düsseldorf,24,1994,25.1,3,0,0,17,59,7,144,16,23,1,0,1,139,14,34,29.2,Matches
453,Marcus Thuram,fr FRA,FW,Gladbach,21,1997,24.5,3,0,0,52,61,20,34,12,18,1,0,0,98,75,59,56.0,Matches
454,Marcel Tisserand,cd COD,DF,Wolfsburg,26,1993,13.4,8,1,1,26,5,1,7,32,10,0,0,0,89,40,31,56.3,Matches
455,Jean-Clair Todibo,fr FRA,DF,Schalke 04,19,1999,4.1,2,0,0,6,5,1,0,15,10,0,0,0,31,12,5,70.6,Matches
456,Corentin Tolisso,fr FRA,MF,Bayern Munich,24,1994,7.1,0,0,0,6,7,0,7,4,4,0,0,0,57,8,5,61.5,Matches
457,Ömer Toprak,tr TUR,DF,Werder Bremen,30,1989,7.9,2,0,0,6,5,2,2,12,2,0,0,1,47,22,15,59.5,Matches
458,Lucas Torró,es ESP,MF,Eint Frankfurt,25,1994,3.7,5,1,1,6,7,0,0,8,7,0,0,0,28,22,9,71.0,Matches
459,Jordan Torunarigha,de GER,DF,Hertha BSC,21,1997,16.2,3,0,0,17,5,0,2,31,19,0,0,0,75,39,13,75.0,Matches
460,Almamy Touré,ml MLI,DF,Eint Frankfurt,23,1996,16.6,2,0,0,18,6,0,75,23,19,0,0,0,100,42,29,59.2,Matches
461,Ibrahima Traoré,gn GUI,"FW,MF",Gladbach,31,1988,1.7,0,0,0,2,3,1,3,1,3,0,0,0,5,0,0,,Matches
462,Kevin Trapp,de GER,GK,Eint Frankfurt,29,1990,22.0,1,0,0,0,1,0,0,3,0,0,0,0,50,4,0,100.0,Matches
463,Christopher Trimmel,at AUT,"DF,MF",Union Berlin,32,1987,31.8,6,0,0,35,22,1,267,51,41,0,1,0,174,43,31,58.1,Matches
464,Anthony Ujah,ng NGA,"FW,MF",Union Berlin,28,1990,10.5,0,0,0,20,4,10,7,3,6,0,0,0,40,61,73,45.5,Matches
465,Sven Ulreich,de GER,GK,Bayern Munich,30,1988,1.0,1,0,0,0,0,0,0,0,0,0,0,0,2,0,0,,Matches
466,Dayot Upamecano,fr FRA,DF,RB Leipzig,20,1998,26.2,8,1,1,27,13,1,1,43,31,0,0,0,245,54,31,63.5,Matches
467,Mark Uth,de GER,"MF,FW",Köln,27,1991,12.9,5,0,0,21,30,3,85,7,12,3,0,0,77,8,21,27.6,Matches
468,Mark Uth,de GER,"FW,MF",Schalke 04,27,1991,3.9,0,0,0,8,2,2,3,1,2,0,0,0,9,7,13,35.0,Matches
469,Ruben Vargas,ch SUI,"FW,MF",Augsburg,20,1998,28.1,8,0,0,41,38,6,25,26,16,1,0,0,147,19,44,30.2,Matches
470,Sebastian Vasiliadis,gr GRE,MF,Paderborn 07,21,1997,31.2,10,0,0,49,24,0,12,34,45,0,0,0,211,20,28,41.7,Matches
471,Miloš Veljković,rs SRB,DF,Werder Bremen,23,1995,22.8,7,0,0,21,9,1,1,26,33,0,0,0,96,29,47,38.2,Matches
472,Birger Verstraete,be BEL,MF,Köln,25,1994,7.4,3,0,0,13,16,0,32,4,11,0,0,0,43,6,16,27.3,Matches
473,Kevin Vogt,de GER,DF,Hoffenheim,27,1991,10.7,2,0,0,9,8,0,1,8,5,0,0,0,71,8,6,57.1,Matches
474,Kevin Vogt,de GER,"DF,MF",Werder Bremen,27,1991,12.3,3,0,0,20,10,1,1,25,10,0,0,0,90,20,12,62.5,Matches
475,Kevin Volland,de GER,FW,Leverkusen,27,1992,22.7,3,0,0,21,19,31,39,5,6,0,0,0,74,38,47,44.7,Matches
Rk,Player,Nation,Pos,Squad,Age,Born,90s,CrdY,CrdR,2CrdY,Fls,Fld,Off,Crs,Int,TklW,PKwon,PKcon,OG,Recov,Won,Lost,Won%,Matches
476,Luca Waldschmidt,de GER,"FW,MF",Freiburg,23,1996,14.1,3,0,0,16,11,6,7,4,7,1,0,0,35,12,20,37.5,Matches
477,Wout Weghorst,nl NED,FW,Wolfsburg,26,1992,30.4,7,0,0,46,42,19,8,2,8,1,1,0,72,128,94,57.7,Matches
478,Julian Weigl,de GER,"MF,DF",Dortmund,23,1995,11.3,4,0,0,8,10,0,1,8,9,0,0,0,68,13,6,68.4,Matches
479,Mitchell Weiser,de GER,"DF,MF",Leverkusen,25,1994,13.0,3,0,0,18,26,0,27,24,29,0,0,0,79,18,17,51.4,Matches
480,Wendell,br BRA,"DF,MF",Leverkusen,26,1993,21.1,6,1,1,31,24,1,31,36,42,0,0,0,158,30,30,50.0,Matches
481,Oscar Wendt,se SWE,DF,Gladbach,33,1985,18.7,3,0,0,14,7,0,77,20,14,0,0,0,89,15,31,32.6,Matches
482,Timo Werner,de GER,FW,RB Leipzig,23,1996,31.1,4,0,0,18,29,43,84,5,9,1,0,0,84,8,24,25.0,Matches
483,Felix Wiedwald,de GER,GK,Eint Frankfurt,29,1990,3.0,0,0,0,0,0,0,0,0,0,0,0,0,6,1,0,100.0,Matches
484,William,br BRA,DF,Wolfsburg,24,1995,15.2,0,0,0,30,15,1,57,24,26,0,0,0,108,18,23,43.9,Matches
485,Florian Wirtz,de GER,FW,Leverkusen,16,2003,4.1,0,0,0,7,2,1,4,2,2,0,0,0,26,0,4,0.0,Matches
486,Axel Witsel,be BEL,MF,Dortmund,30,1989,24.9,4,0,0,38,40,2,7,31,20,0,0,0,170,21,11,65.6,Matches
487,Hannes Wolf,at AUT,"FW,MF",RB Leipzig,20,1999,0.6,0,0,0,2,1,0,0,0,0,0,0,0,3,1,2,33.3,Matches
488,Marius Wolf,de GER,"FW,MF",Hertha BSC,24,1995,15.7,2,1,1,15,19,1,38,16,11,0,0,0,87,21,25,45.7,Matches
489,Nick Woltemade,de GER,"FW,MF",Werder Bremen,17,2002,1.0,0,0,0,2,2,0,0,0,1,0,0,0,7,1,4,20.0,Matches
490,Dan-Axel Zagadou,fr FRA,DF,Dortmund,20,1999,10.9,1,0,0,6,1,0,1,15,10,0,0,0,75,35,11,76.1,Matches
491,Denis Zakaria,ch SUI,"MF,DF",Gladbach,22,1996,21.6,7,0,0,24,16,0,3,37,30,0,0,0,173,21,23,47.7,Matches
492,Robin Zentner,de GER,GK,Mainz 05,24,1994,21.5,1,0,0,0,2,0,0,0,1,0,0,0,27,13,2,86.7,Matches
493,Jean Zimmer,de GER,"DF,FW",Düsseldorf,25,1993,8.0,2,0,0,11,11,1,37,3,6,0,0,0,35,0,7,0.0,Matches
494,Matthias Zimmermann,de GER,"DF,MF",Düsseldorf,27,1992,32.5,4,0,0,37,23,7,125,43,47,0,1,0,149,31,38,44.9,Matches
495,Leopold Zingerle,de GER,GK,Paderborn 07,25,1994,28.0,1,0,0,0,2,0,0,0,1,0,0,0,30,8,1,88.9,Matches
496,Joshua Zirkzee,nl NED,FW,Bayern Munich,18,2001,3.3,0,0,0,2,2,2,0,1,2,0,0,0,11,3,7,30.0,Matches
497,Ben Zolinski,de GER,"FW,MF",Paderborn 07,27,1992,13.4,3,0,0,25,18,13,4,8,9,0,0,1,50,18,38,32.1,Matches
498,Steven Zuber,ch SUI,"DF,FW",Hoffenheim,27,1991,8.3,1,0,0,8,5,0,15,9,10,0,0,0,41,3,4,42.9,Matches
