rk,player,nation,pos,squad,age,born,90s,tkl,tklw,def_3rd,mid_3rd,att_3rd,tkl_challe,att,lost,blocks,sh,pass,int,tkl_int,clr,err,matches
1,Ismael Aaneba,fr FRA,DF,Strasbourg,21,1999,0.1,0,0,0,0,0,0,0,0,0,0,0,1,1,1,0,Matches
2,Yunis Abdelhamid,ma MAR,DF,Reims,32,1987,32.1,59,37,36,23,0,26,42,16,34,15,19,61,120,132,0,Matches
3,Mehdi Abeid,dz ALG,MF,Nantes,27,1992,14.7,34,19,16,14,4,15,30,15,9,2,7,20,54,10,0,Matches
4,Laurent Abergel,fr FRA,MF,Lorient,27,1993,32.9,145,84,64,69,12,54,162,108,64,6,58,46,191,12,0,Matches
5,Charles Abi,fr FRA,"FW,MF",Saint-Étienne,20,2000,10.1,8,2,5,0,3,3,12,9,6,2,4,4,12,5,0,Matches
6,Matthis Abline,fr FRA,FW,Rennes,17,2003,0.0,0,0,0,0,0,0,0,0,0,0,0,0,0,0,0,Matches
7,Pape Abou Cissé,sn SEN,DF,Saint-Étienne,24,1995,14.0,15,13,10,5,0,6,10,4,7,4,3,27,42,87,0,Matches
8,Yacine Adli,fr FRA,MF,Bordeaux,20,2000,26.9,74,37,30,33,11,35,92,57,27,2,25,39,113,17,2,Matches
9,Nayef Aguerd,ma MAR,DF,Rennes,24,1996,35.0,37,30,28,9,0,21,33,12,34,22,12,47,84,102,0,Matches
10,Ruben Aguilar,fr FRA,"DF,MF",Monaco,27,1993,24.7,63,37,32,21,10,32,52,20,30,3,27,47,110,43,1,Matches
11,Matteo Ahlinvi,bj BEN,MF,Nîmes,21,1999,10.0,26,20,10,14,2,11,39,28,6,0,6,2,28,8,0,Matches
12,Jean-Eudes Aholou,ci CIV,MF,Strasbourg,26,1994,23.8,46,25,18,25,3,19,48,29,17,5,12,53,99,32,0,Matches
13,Jean-Eudes Aholou,ci CIV,MF,Monaco,26,1994,0.4,1,0,0,1,0,1,3,2,0,0,0,1,2,1,0,Matches
14,Rayan Aït-Nouri,dz ALG,DF,Angers,19,2001,2.1,3,2,1,2,0,3,5,2,2,1,1,4,7,1,0,Matches
15,Ludovic Ajorque,fr FRA,FW,Strasbourg,26,1994,33.0,30,18,6,18,6,7,31,24,14,5,9,11,41,54,0,Matches
16,Marley Aké,fr FRA,FW,Marseille,19,2001,1.6,3,3,1,0,2,0,1,1,2,0,2,0,3,1,0,Matches
17,Sofiane Alakouch,ma MAR,DF,Nîmes,22,1998,16.7,53,33,30,16,7,29,45,16,17,2,15,21,74,38,0,Matches
18,Mohamed Ali Cho,fr FRA,"FW,MF",Angers,16,2004,3.9,9,7,2,6,1,4,9,5,4,0,4,3,12,0,0,Matches
19,Rachid Alioui,ma MAR,FW,Angers,28,1992,0.2,0,0,0,0,0,0,1,1,0,0,0,0,0,0,0,Matches
20,Saturnin Allagbé,bj BEN,GK,Dijon,26,1993,12.0,0,0,0,0,0,0,1,1,0,0,0,0,0,9,3,Matches
21,Ibrahim Amadou,fr FRA,MF,Angers,27,1993,16.7,39,26,18,19,2,15,38,23,14,4,10,23,62,25,0,Matches
22,Romain Amalfitano,fr FRA,"FW,DF",Dijon,30,1989,1.3,4,2,3,1,0,1,3,2,2,1,1,1,5,1,0,Matches
23,Jordan Amavi,fr FRA,DF,Marseille,26,1994,9.0,11,9,9,1,1,9,12,3,12,2,10,27,38,33,1,Matches
24,Thierry Ambrose,gp GLP,FW,Metz,23,1997,8.4,7,4,1,1,5,2,12,10,2,0,2,2,9,4,0,Matches
25,Joachim Andersen,dk DEN,DF,Lyon,24,1996,2.1,2,1,1,1,0,2,2,0,1,1,0,2,4,6,0,Matches
Rk,Player,Nation,Pos,Squad,Age,Born,90s,Tkl,TklW,Def 3rd,Mid 3rd,Att 3rd,Tkl,Att,Lost,Blocks,Sh,Pass,Int,Tkl+Int,Clr,Err,Matches
26,Benjamin André,fr FRA,MF,Lille,29,1990,32.1,114,68,47,61,6,53,122,69,39,10,29,76,190,49,0,Matches
27,Victorien Angban,ci CIV,MF,Metz,23,1996,18.6,36,24,17,15,4,17,42,25,17,4,13,19,55,9,1,Matches
28,Houssem Aouar,dz ALG,"MF,FW",Lyon,22,1998,19.8,17,12,0,13,4,8,25,17,17,1,16,17,34,4,0,Matches
29,Adil Aouchiche,fr FRA,"MF,FW",Saint-Étienne,18,2002,19.2,38,20,12,17,9,13,49,36,15,1,14,10,48,6,0,Matches
30,Dennis Appiah,fr FRA,DF,Nantes,28,1992,17.3,55,34,33,15,7,32,59,27,23,6,17,25,80,44,0,Matches
31,Luiz Araújo,br BRA,MF,Lille,24,1996,16.6,38,25,12,18,8,8,28,20,23,1,22,11,49,3,0,Matches
32,Karim Aribi,dz ALG,FW,Nîmes,26,1994,3.3,2,2,0,1,1,0,5,5,1,0,1,0,2,3,0,Matches
33,Roger Assalé,ci CIV,"FW,MF",Dijon,26,1993,9.2,10,8,3,5,2,4,12,8,7,3,4,2,12,2,0,Matches
34,Youcef Atal,dz ALG,"DF,FW",Nice,24,1996,10.6,25,12,11,14,0,13,26,13,10,2,8,26,51,12,0,Matches
35,Jean-Kévin Augustin,fr FRA,FW,Nantes,23,1997,0.4,2,0,0,2,0,2,2,0,0,0,0,0,2,0,0,Matches
36,Ludovic Baal,gf GUF,"DF,MF",Brest,34,1986,3.3,6,5,4,1,1,2,5,3,4,1,3,5,11,5,0,Matches
37,Loïc Bade,fr FRA,DF,Lens,20,2000,29.0,57,34,47,10,0,30,55,25,43,17,26,74,131,135,2,Matches
38,Benoît Badiashile,fr FRA,DF,Monaco,19,2001,31.9,24,17,15,9,0,13,28,15,21,12,9,58,82,102,4,Matches
39,Stéphane Bahoken,cm CMR,FW,Angers,28,1992,18.0,9,6,1,7,1,4,12,8,9,0,9,9,18,9,0,Matches
40,Stefan Bajic,fr FRA,GK,Saint-Étienne,18,2001,1.0,0,0,0,0,0,0,0,0,0,0,0,0,0,1,0,Matches
41,Mitchel Bakker,nl NED,DF,Paris S-G,20,2000,18.8,38,30,15,14,9,17,26,9,22,2,20,22,60,20,0,Matches
42,Dilane Bakwa,fr FRA,"FW,MF",Bordeaux,17,2002,0.6,2,2,1,1,0,0,1,1,2,0,2,1,3,0,0,Matches
43,Leonardo Balerdi,ar ARG,DF,Marseille,21,1999,18.2,29,18,19,7,3,14,31,17,17,9,8,28,57,65,3,Matches
44,Fodé Ballo-Touré,sn SEN,DF,Monaco,23,1997,7.4,21,17,9,11,1,6,13,7,7,0,7,6,27,11,1,Matches
45,Abdoulaye Bamba,ci CIV,DF,Angers,30,1990,15.0,27,17,19,7,1,19,28,9,7,1,6,19,46,34,0,Matches
46,Jonathan Bamba,ci CIV,MF,Lille,24,1996,33.2,45,23,15,19,11,24,84,60,24,2,22,24,69,15,0,Matches
47,Robson Bambu,br BRA,DF,Nice,22,1997,11.6,16,11,14,2,0,11,14,3,8,7,1,10,26,57,0,Matches
48,Simon Banza,cd COD,FW,Lens,23,1996,15.2,13,6,0,4,9,1,14,13,16,1,15,7,20,15,0,Matches
49,Danilo Barbosa,br BRA,DF,Nice,24,1996,2.8,6,3,5,1,0,4,6,2,2,1,1,2,8,11,2,Matches
50,Melvin Bard,fr FRA,DF,Lyon,19,2000,4.8,12,8,7,4,1,6,11,5,10,2,8,6,18,14,0,Matches
Rk,Player,Nation,Pos,Squad,Age,Born,90s,Tkl,TklW,Def 3rd,Mid 3rd,Att 3rd,Tkl,Att,Lost,Blocks,Sh,Pass,Int,Tkl+Int,Clr,Err,Matches
51,Toma Bašić,hr CRO,MF,Bordeaux,23,1996,28.9,33,22,15,16,2,16,58,42,21,5,16,32,65,42,1,Matches
52,Cristian Battocchio,it ITA,MF,Brest,28,1992,3.9,5,2,1,4,0,2,9,7,0,0,0,4,9,5,0,Matches
53,Paul Baysse,fr FRA,DF,Bordeaux,32,1988,29.0,35,18,21,13,1,16,21,5,33,24,9,52,87,123,1,Matches
54,Erwan Belhadji,fr FRA,MF,Dijon,19,2001,0.3,3,0,3,0,0,3,5,2,1,0,1,0,3,0,0,Matches
55,Haris Belkebla,dz ALG,MF,Brest,26,1994,30.3,69,39,32,28,9,31,66,35,26,5,21,57,126,34,0,Matches
56,Jean-Ricner Bellegarde,ht HAI,"MF,FW",Strasbourg,22,1998,23.2,56,39,22,25,9,14,23,9,20,2,18,19,75,16,0,Matches
57,Sami Ben Amar,ma MAR,MF,Nîmes,22,1998,0.1,0,0,0,0,0,0,0,0,1,0,1,0,0,0,0,Matches
58,Hatem Ben Arfa,fr FRA,"MF,FW",Bordeaux,33,1987,18.9,11,7,1,7,3,2,9,7,3,0,3,2,13,0,0,Matches
59,Salim Ben Seghir,fr FRA,DF,Nice,17,2003,0.1,0,0,0,0,0,0,0,0,0,0,0,0,0,0,0,Matches
60,Wissam Ben Yedder,fr FRA,FW,Monaco,29,1990,29.0,18,9,2,10,6,3,13,10,16,0,16,13,31,3,0,Matches
61,Samy Benchamma,fr FRA,"DF,MF",Montpellier,20,2000,0.5,1,1,1,0,0,0,0,0,0,0,0,0,1,2,0,Matches
62,Darío Benedetto,ar ARG,FW,Marseille,30,1990,17.5,6,4,1,4,1,5,13,8,9,2,7,3,9,17,0,Matches
63,Walter Benítez,ar ARG,GK,Nice,27,1993,38.0,1,1,1,0,0,1,3,2,1,0,1,1,2,7,2,Matches
64,Loris Benito,ch SUI,DF,Bordeaux,28,1992,29.5,42,26,27,12,3,22,48,26,33,10,23,42,84,70,0,Matches
65,Bilal Benkhedim,fr FRA,FW,Saint-Étienne,19,2001,0.8,0,0,0,0,0,0,1,1,1,0,1,0,0,0,0,Matches
66,Djamel Benlamri,dz ALG,DF,Lyon,30,1989,1.7,5,3,5,0,0,3,6,3,3,2,1,6,11,11,0,Matches
67,Yassine Benrahou,fr FRA,MF,Nîmes,21,1999,13.8,16,9,8,6,2,7,25,18,9,0,9,4,20,5,1,Matches
68,Yassine Benzia,dz ALG,"MF,FW",Dijon,25,1994,4.5,10,5,5,3,2,2,10,8,3,0,3,6,16,2,0,Matches
69,Valon Berisha,xk KVX,MF,Reims,27,1993,18.3,40,23,19,17,4,11,47,36,14,2,12,25,65,21,1,Matches
70,Paul Bernardoni,fr FRA,GK,Angers,23,1997,38.0,1,1,1,0,0,1,2,1,0,0,0,2,3,23,1,Matches
71,Juan Bernat,es ESP,DF,Paris S-G,27,1993,2.2,5,3,0,4,1,3,5,2,4,0,4,1,6,6,0,Matches
72,Dimitry Bertaud,cd COD,GK,Montpellier,22,1998,8.3,0,0,0,0,0,0,0,0,0,0,0,1,1,2,0,Matches
73,Loïc Bessile,tg TOG,DF,Bordeaux,21,1999,1.0,0,0,0,0,0,0,0,0,2,1,1,1,1,3,0,Matches
74,Giulian Biancone,fr FRA,"DF,MF",Monaco,20,2000,1.0,3,3,1,1,1,2,3,1,1,0,1,1,4,4,0,Matches
75,El Bilal Touré,ml MLI,FW,Reims,18,2001,13.8,22,12,3,16,3,8,18,10,8,3,5,6,28,10,1,Matches
Rk,Player,Nation,Pos,Squad,Age,Born,90s,Tkl,TklW,Def 3rd,Mid 3rd,Att 3rd,Tkl,Att,Lost,Blocks,Sh,Pass,Int,Tkl+Int,Clr,Err,Matches
76,Ludovic Blas,fr FRA,"MF,FW",Nantes,22,1997,31.0,58,30,19,36,3,23,54,31,33,4,29,21,79,19,0,Matches
77,Antonin Bobichon,fr FRA,"MF,FW",Angers,24,1995,10.1,23,14,10,8,5,9,15,6,4,1,3,2,25,1,0,Matches
78,Sacha Boey,fr FRA,DF,Dijon,19,2000,20.7,54,40,30,23,1,27,55,28,25,5,20,41,95,62,0,Matches
79,Sacha Boey,fr FRA,DF,Rennes,19,2000,1.4,3,3,2,1,0,3,4,1,0,0,0,2,5,2,0,Matches
80,Quentin Boisgard,fr FRA,"MF,FW",Lorient,23,1997,14.6,24,17,3,15,6,11,24,13,17,2,15,15,39,1,0,Matches
81,Sven Botman,nl NED,DF,Lille,20,2000,36.8,31,21,18,12,1,14,26,12,31,21,10,57,88,126,2,Matches
82,Denis Bouanga,ga GAB,"MF,FW",Saint-Étienne,25,1994,30.2,52,28,22,24,6,16,58,42,32,3,29,20,72,36,0,Matches
83,Hicham Boudaoui,dz ALG,MF,Nice,20,1999,19.3,52,35,20,24,8,26,68,42,14,4,10,23,75,26,1,Matches
84,Ryad Boudebouz,dz ALG,"MF,FW",Saint-Étienne,30,1990,7.2,9,4,1,7,1,4,8,4,3,0,3,5,14,5,0,Matches
85,Sofiane Boufal,ma MAR,"FW,MF",Angers,26,1993,8.1,17,11,8,6,3,8,28,20,8,0,8,3,20,1,0,Matches
86,Farid Boulaya,dz ALG,"MF,FW",Metz,27,1993,31.3,24,16,4,17,3,13,51,38,19,3,16,12,36,7,0,Matches
87,Ismaël Boura,km COM,DF,Lens,19,2000,9.2,11,7,8,2,1,3,9,6,7,2,5,21,32,12,0,Matches
88,Benjamin Bourigeaud,fr FRA,"MF,FW",Rennes,26,1994,28.4,40,23,17,16,7,21,71,50,37,1,36,19,59,25,0,Matches
89,John Boye,gh GHA,DF,Metz,33,1987,33.8,58,34,43,13,2,31,54,23,36,20,16,80,138,146,1,Matches
90,Umut Bozok,tr TUR,"MF,FW",Lorient,23,1996,0.7,0,0,0,0,0,0,2,2,0,0,0,0,0,0,0,Matches
91,Domagoj Bradarić,hr CRO,DF,Lille,20,1999,14.0,28,18,11,13,4,12,27,15,14,4,10,26,54,21,0,Matches
92,Lilian Brassier,fr FRA,DF,Brest,20,1999,10.7,19,10,12,4,3,7,11,4,13,6,7,23,42,38,1,Matches
93,Anthony Briançon,fr FRA,DF,Nîmes,25,1994,13.6,12,7,9,3,0,9,19,10,19,12,7,33,45,57,2,Matches
94,Jimmy Briand,fr FRA,FW,Bordeaux,34,1985,6.3,7,3,3,2,2,1,1,0,2,0,2,1,8,3,0,Matches
95,Dylan Bronn,tn TUN,DF,Metz,25,1995,37.9,57,37,38,19,0,24,44,20,31,14,17,44,101,112,0,Matches
96,Lucas Buadés,fr FRA,MF,Nîmes,22,1997,0.2,1,0,0,1,0,0,0,0,0,0,0,0,1,0,0,Matches
97,Patrick Burner,mq MTQ,DF,Nice,24,1996,0.0,0,0,0,0,0,0,0,0,0,0,0,0,0,0,0,Matches
98,Patrick Burner,mq MTQ,DF,Nîmes,24,1996,14.6,25,11,14,10,1,13,26,13,10,3,7,24,49,41,1,Matches
99,Marcin Bułka,pl POL,GK,Paris S-G,20,1999,1.0,0,0,0,0,0,0,0,0,0,0,0,0,0,0,1,Matches
100,Jimmy Cabot,fr FRA,"FW,MF",Angers,26,1994,10.5,26,13,8,14,4,11,36,25,8,0,8,12,38,6,0,Matches
Rk,Player,Nation,Pos,Squad,Age,Born,90s,Tkl,TklW,Def 3rd,Mid 3rd,Att 3rd,Tkl,Att,Lost,Blocks,Sh,Pass,Int,Tkl+Int,Clr,Err,Matches
101,Anthony Caci,fr FRA,DF,Strasbourg,23,1997,31.1,80,46,47,27,6,35,69,34,30,4,26,55,135,65,1,Matches
102,Mathieu Cafaro,fr FRA,"MF,FW",Reims,23,1997,23.0,40,17,15,19,6,13,43,30,11,0,11,17,57,12,0,Matches
103,Yannick Cahuzac,fr FRA,MF,Lens,35,1985,25.0,26,12,12,10,4,9,27,18,18,5,13,33,59,72,0,Matches
104,Marc-Aurèle Caillard,fr FRA,GK,Metz,26,1994,4.0,0,0,0,0,0,0,0,0,0,0,0,0,0,2,0,Matches
105,Duje Ćaleta-Car,hr CRO,DF,Marseille,23,1996,31.3,29,17,19,9,1,17,30,13,29,22,7,44,73,130,0,Matches
106,Mahdi Camara,fr FRA,"MF,DF",Saint-Étienne,22,1998,36.6,99,67,43,46,10,33,60,27,50,12,38,78,177,51,0,Matches
107,Eduardo Camavinga,fr FRA,MF,Rennes,17,2002,26.7,98,58,39,48,11,38,77,39,36,2,34,23,121,15,1,Matches
108,Pierrick Capelle,fr FRA,"MF,DF",Angers,33,1987,22.8,53,28,24,17,12,31,79,48,25,1,24,47,100,32,0,Matches
109,Maxence Caqueret,fr FRA,MF,Lyon,20,2000,19.6,72,44,17,39,16,35,106,71,35,3,32,23,95,5,2,Matches
110,Irvin Cardona,mt MLT,FW,Brest,22,1997,22.5,10,5,3,6,1,4,22,18,17,3,14,9,19,23,2,Matches
111,Lionel Carole,fr FRA,DF,Strasbourg,29,1991,14.9,37,25,18,14,5,16,29,13,3,1,2,38,75,28,0,Matches
112,Moreto Cassamã,gw GNB,MF,Reims,22,1998,22.6,49,36,24,23,2,27,49,22,19,6,13,36,85,33,4,Matches
113,Jean-Charles Castelletto,cm CMR,DF,Nantes,25,1995,21.6,31,18,19,11,1,18,31,13,26,19,7,42,73,79,0,Matches
114,Zeki Çelik,tr TUR,DF,Lille,23,1997,26.5,72,33,30,30,12,44,81,37,32,6,26,38,110,52,0,Matches
115,Bersant Celina,xk KVX,"MF,FW",Dijon,23,1996,25.5,20,12,8,8,4,7,38,31,20,2,18,8,28,10,0,Matches
116,Fabien Centonze,fr FRA,DF,Metz,24,1996,35.8,104,68,64,30,10,43,73,30,62,17,45,112,216,119,1,Matches
117,Nassim Chadli,fr FRA,"FW,MF",Nîmes,19,2001,0.3,2,1,2,0,0,0,1,1,1,0,1,0,2,0,0,Matches
118,Fouad Chafik,ma MAR,DF,Dijon,33,1986,18.0,39,24,29,8,2,16,35,19,19,10,9,21,60,41,0,Matches
119,Mehdi Chahiri,ma MAR,"FW,MF",Strasbourg,24,1996,8.9,18,8,7,5,6,8,20,12,9,0,9,6,24,5,0,Matches
120,Aníbal Chalá,ec ECU,DF,Dijon,24,1996,8.3,10,7,6,3,1,6,12,6,5,3,2,14,24,15,1,Matches
121,Trevoh Chalobah,eng ENG,"DF,MF",Lorient,21,1999,24.9,45,26,32,13,0,24,50,26,20,7,13,69,114,56,0,Matches
122,Gaëtan Charbonnier,fr FRA,"MF,FW",Brest,31,1988,17.4,24,15,6,11,7,12,32,20,15,1,14,9,33,19,0,Matches
123,Brendan Chardonnet,fr FRA,DF,Brest,25,1994,30.2,51,29,31,19,1,27,41,14,54,41,13,64,115,151,0,Matches
124,Xavier Chavalerin,fr FRA,MF,Reims,29,1991,28.3,92,50,47,38,7,26,74,48,43,9,34,43,135,29,1,Matches
125,Pape Cheikh Diop,sn SEN,MF,Dijon,22,1997,12.1,24,14,15,6,3,13,33,20,14,2,12,6,30,6,0,Matches
Rk,Player,Nation,Pos,Squad,Age,Born,90s,Tkl,TklW,Def 3rd,Mid 3rd,Att 3rd,Tkl,Att,Lost,Blocks,Sh,Pass,Int,Tkl+Int,Clr,Err,Matches
126,Rayan Cherki,fr FRA,"FW,MF",Lyon,16,2003,7.8,5,3,0,3,2,1,11,10,3,0,3,4,9,0,0,Matches
127,Pedro Chirivella,es ESP,MF,Nantes,23,1997,25.3,26,8,7,13,6,14,49,35,23,4,19,41,67,19,0,Matches
128,Joris Chotard,fr FRA,MF,Montpellier,18,2001,12.9,12,8,5,6,1,6,31,25,12,3,9,11,23,15,0,Matches
129,Mounir Chouiar,fr FRA,"FW,MF",Dijon,21,1999,14.3,22,12,10,9,3,6,18,12,10,0,10,11,33,8,0,Matches
130,Sébastien Cibois,fr FRA,GK,Brest,22,1998,3.0,0,0,0,0,0,0,0,0,0,0,0,0,0,0,1,Matches
131,Alexis Claude-Maurice,fr FRA,"MF,FW",Nice,22,1998,21.2,40,19,17,14,9,14,48,34,16,2,14,14,54,3,0,Matches
132,Jonathan Clauss,fr FRA,DF,Lens,27,1992,28.0,43,20,12,20,11,17,38,21,24,1,23,45,88,46,0,Matches
133,Marcus Coco,fr FRA,"MF,FW",Nantes,24,1996,16.4,36,21,17,15,4,16,36,20,16,3,13,20,56,17,0,Matches
134,Racine Coly,sn SEN,MF,Nice,24,1995,0.2,0,0,0,0,0,0,0,0,0,0,0,0,0,0,0,Matches
135,Daniel Congré,fr FRA,DF,Montpellier,35,1985,36.6,59,35,45,12,2,36,70,34,50,33,17,69,128,144,3,Matches
136,Sébastien Corchia,fr FRA,DF,Nantes,29,1990,23.0,55,30,29,19,7,33,60,27,28,10,18,38,93,40,1,Matches
137,Maxwel Cornet,ci CIV,"DF,FW",Lyon,23,1996,27.2,70,41,39,24,7,33,58,25,23,5,18,43,113,47,1,Matches
138,David Costa,pt POR,"MF,FW",Lens,19,2001,1.7,4,4,1,2,1,2,3,1,2,0,2,0,4,4,0,Matches
139,Charles Costes,fr FRA,MF,Dijon,17,2002,0.0,0,0,0,0,0,0,0,0,0,0,0,0,0,0,0,Matches
140,Benoît Costil,fr FRA,GK,Bordeaux,33,1987,38.0,1,1,1,0,0,1,3,2,1,0,1,1,2,17,0,Matches
141,Kalifa Coulibaly,ml MLI,FW,Nantes,28,1991,10.9,3,1,0,1,2,2,8,6,3,1,2,2,5,12,0,Matches
142,Lassana Coulibaly,ml MLI,MF,Angers,24,1996,18.7,78,41,33,34,11,39,75,36,29,4,25,33,111,17,0,Matches
143,Senou Coulibaly,ml MLI,DF,Dijon,25,1994,21.5,33,21,23,10,0,12,24,12,18,12,6,30,63,89,0,Matches
144,Nicolas Cozza,fr FRA,DF,Montpellier,21,1999,15.2,39,30,27,11,1,20,40,20,20,11,9,26,65,62,0,Matches
145,Andrés Cubas,py PAR,MF,Nîmes,24,1996,24.9,80,47,30,44,6,33,74,41,37,10,27,50,130,29,3,Matches
146,Mickaël Cuisance,fr FRA,MF,Marseille,20,1999,11.4,24,11,2,15,7,10,33,23,13,1,12,3,27,4,0,Matches
147,Damien Da Silva,fr FRA,DF,Rennes,32,1988,29.6,22,13,13,8,1,12,18,6,17,13,4,44,66,99,1,Matches
148,Colin Dagba,fr FRA,DF,Paris S-G,21,1998,15.1,23,11,4,17,2,14,19,5,18,5,13,16,39,18,1,Matches
149,Flavius Daniliuc,at AUT,DF,Nice,19,2001,16.4,23,15,15,5,3,10,21,11,17,6,11,14,37,32,0,Matches
150,Dante,br BRA,DF,Nice,36,1983,8.6,10,5,6,4,0,3,7,4,6,4,2,10,20,20,0,Matches
Rk,Player,Nation,Pos,Squad,Age,Born,90s,Tkl,TklW,Def 3rd,Mid 3rd,Att 3rd,Tkl,Att,Lost,Blocks,Sh,Pass,Int,Tkl+Int,Clr,Err,Matches
151,Jonathan David,ca CAN,FW,Lille,20,2000,26.2,17,10,5,5,7,9,24,15,19,1,18,3,20,9,0,Matches
152,Mattia De Sciglio,it ITA,DF,Lyon,27,1992,16.3,29,17,15,11,3,18,27,9,13,4,9,27,56,45,0,Matches
153,Thibault De Smet,be BEL,DF,Reims,22,1998,5.5,11,6,8,3,0,6,15,9,8,1,7,6,17,16,0,Matches
154,Lucas Deaux,fr FRA,"MF,DF",Nîmes,31,1988,19.5,47,32,20,22,5,16,49,33,20,3,17,20,67,30,4,Matches
155,Mathieu Debuchy,fr FRA,DF,Saint-Étienne,35,1985,23.4,58,33,37,17,4,40,62,22,27,9,18,45,103,61,0,Matches
156,Romain Del Castillo,fr FRA,"MF,FW",Rennes,24,1996,7.2,30,11,5,14,11,5,25,20,6,0,6,3,33,4,1,Matches
157,Thomas Delaine,fr FRA,"DF,FW",Metz,28,1992,19.8,32,18,19,11,2,20,35,15,22,5,17,24,56,30,1,Matches
158,Jonathan Delaplace,fr FRA,DF,Lorient,34,1986,10.1,8,5,5,1,2,7,13,6,12,5,7,17,25,19,1,Matches
159,Sacha Delaye,fr FRA,MF,Montpellier,18,2002,0.1,0,0,0,0,0,0,1,1,0,0,0,1,1,1,0,Matches
160,Andy Delort,dz ALG,FW,Montpellier,28,1991,27.6,12,7,1,9,2,8,18,10,11,1,10,4,16,34,0,Matches
161,Moussa Dembélé,fr FRA,FW,Lyon,24,1996,7.5,2,2,0,1,1,0,4,4,4,2,2,5,7,9,0,Matches
162,Jason Denayer,be BEL,DF,Lyon,25,1995,29.0,25,16,16,9,0,6,13,7,36,25,11,27,52,91,1,Matches
163,Kévin Denkey,tg TOG,FW,Nîmes,19,2000,5.8,4,2,0,3,1,0,3,3,2,0,2,1,5,2,0,Matches
164,Clément Depres,fr FRA,FW,Nîmes,25,1994,0.2,0,0,0,0,0,0,0,0,0,0,0,0,0,0,0,Matches
165,Ángel Di María,ar ARG,"FW,MF",Paris S-G,32,1988,20.6,26,17,6,8,12,11,45,34,14,1,13,6,32,7,0,Matches
166,Boulaye Dia,sn SEN,"FW,MF",Reims,23,1996,32.6,23,12,3,11,9,4,22,18,19,5,14,12,35,37,1,Matches
167,Abdou Diallo,sn SEN,DF,Paris S-G,24,1996,16.6,16,11,9,5,2,8,13,5,15,8,7,25,41,36,0,Matches
168,Habib Diallo,sn SEN,FW,Strasbourg,25,1995,25.8,11,6,3,6,2,7,18,11,12,2,10,13,24,12,0,Matches
169,Habib Diallo,sn SEN,"FW,MF",Metz,25,1995,1.6,1,1,0,1,0,1,1,0,0,0,0,0,1,5,0,Matches
170,Ibrahima Diallo,fr FRA,MF,Brest,21,1999,4.9,14,9,2,9,3,4,8,4,4,0,4,3,17,3,0,Matches
171,Stéphane Diarra,fr FRA,"MF,FW",Lorient,21,1998,2.2,0,0,0,0,0,0,7,7,6,1,5,4,4,1,0,Matches
172,Krépin Diatta,sn SEN,"MF,DF",Monaco,21,1999,4.3,4,3,1,1,2,1,3,2,5,1,4,4,8,1,0,Matches
173,Bamba Dieng,sn SEN,"FW,DF",Marseille,20,2000,1.4,5,3,3,2,0,2,4,2,2,0,2,0,5,0,0,Matches
174,Junior Dina Ebimbe,fr FRA,"FW,MF",Dijon,19,2000,23.8,38,25,14,19,5,15,45,30,17,1,16,14,52,9,0,Matches
175,Tristan Dingomé,cm CMR,MF,Reims,29,1991,0.2,0,0,0,0,0,0,1,1,0,0,0,0,0,0,0,Matches
Rk,Player,Nation,Pos,Squad,Age,Born,90s,Tkl,TklW,Def 3rd,Mid 3rd,Att 3rd,Tkl,Att,Lost,Blocks,Sh,Pass,Int,Tkl+Int,Clr,Err,Matches
176,Sinaly Diomande,ci CIV,DF,Lyon,19,2001,12.6,10,7,8,1,1,5,14,9,19,15,4,33,43,53,1,Matches
177,Lois Diony,fr FRA,FW,Angers,27,1992,19.4,15,10,3,9,3,4,18,14,6,3,3,5,20,16,0,Matches
178,Sofiane Diop,fr FRA,"MF,FW",Monaco,20,2000,22.5,49,34,17,25,7,18,53,35,25,1,24,31,80,15,0,Matches
179,Andy Diouf,fr FRA,FW,Rennes,17,2003,0.1,0,0,0,0,0,0,0,0,0,0,0,0,0,0,0,Matches
180,Yehvann Diouf,sn SEN,GK,Reims,20,1999,1.5,0,0,0,0,0,0,0,0,0,0,0,0,0,0,0,Matches
181,Assane Dioussé,sn SEN,DF,Saint-Étienne,22,1997,0.0,0,0,0,0,0,0,0,0,0,0,0,0,0,0,0,Matches
182,Axel Disasi,fr FRA,DF,Monaco,22,1998,22.3,29,20,17,12,0,20,35,15,18,11,7,26,55,66,1,Matches
183,Tiago Djaló,pt POR,DF,Lille,20,2000,9.7,22,13,14,5,3,15,23,8,10,4,6,9,31,23,0,Matches
184,Alexander Djiku,gh GHA,"DF,MF",Strasbourg,25,1994,28.4,60,41,45,13,2,32,52,20,28,10,18,91,151,104,0,Matches
185,Mihai Dobre,ro ROU,FW,Dijon,21,1998,5.9,12,5,6,2,4,7,14,7,5,0,5,10,22,3,0,Matches
186,Jeremy Doku,be BEL,"MF,FW",Rennes,18,2002,25.7,44,25,9,24,11,11,26,15,18,1,17,11,55,1,0,Matches
187,Kasper Dolberg,dk DEN,FW,Nice,22,1997,21.4,6,2,1,3,2,2,11,9,11,2,9,6,12,19,1,Matches
188,Keagan Dolly,za RSA,MF,Montpellier,27,1993,5.0,7,2,6,0,1,4,8,4,3,0,3,5,12,2,0,Matches
189,Anastasios Donis,gr GRE,MF,Reims,23,1996,1.1,4,1,2,0,2,1,1,0,0,0,0,0,4,0,0,Matches
190,Cheick Doucouré,ml MLI,MF,Lens,20,2000,29.2,87,47,40,42,5,32,65,33,20,4,16,52,139,26,1,Matches
191,Fodé Doucouré,ml MLI,DF,Reims,19,2001,3.7,11,8,7,4,0,4,9,5,2,0,2,4,15,11,0,Matches
192,Mahamadou Doucouré,ml MLI,"FW,MF",Nîmes,20,2000,0.5,1,1,1,0,0,1,1,0,0,0,0,0,1,0,0,Matches
193,Moussa Doumbia,ml MLI,"MF,FW",Reims,25,1994,10.0,10,6,4,4,2,4,22,18,5,1,4,10,20,4,0,Matches
194,Souleyman Doumbia,ci CIV,DF,Angers,23,1996,24.7,48,33,25,19,4,22,36,14,18,4,14,42,90,50,0,Matches
195,Mouhamadou Drammeh,gm GAM,MF,Reims,21,1999,1.9,0,0,0,0,0,0,2,2,0,0,0,2,2,7,0,Matches
196,Julian Draxler,de GER,"MF,FW",Paris S-G,26,1993,11.8,13,6,5,6,2,5,20,15,4,0,4,14,27,0,0,Matches
197,Matthieu Dreyer,fr FRA,GK,Lorient,31,1989,15.0,0,0,0,0,0,0,0,0,0,0,0,0,0,4,2,Matches
198,Leo Dubois,fr FRA,DF,Lyon,25,1994,32.3,38,26,19,16,3,19,37,18,27,9,18,31,69,69,2,Matches
199,Haris Duljević,ba BIH,"MF,FW",Nîmes,26,1993,8.6,15,9,4,7,4,6,22,16,3,0,3,8,23,1,0,Matches
200,Jean-Kevin Duverne,ht HAI,DF,Brest,23,1997,22.5,38,21,24,14,0,15,32,17,24,16,8,30,68,70,0,Matches
Rk,Player,Nation,Pos,Squad,Age,Born,90s,Tkl,TklW,Def 3rd,Mid 3rd,Att 3rd,Tkl,Att,Lost,Blocks,Sh,Pass,Int,Tkl+Int,Clr,Err,Matches
201,Enzo Ebosse,cm CMR,DF,Angers,21,1999,2.9,5,3,5,0,0,3,4,1,1,1,0,2,7,13,0,Matches
202,Bruno Ecuele Manga,ga GAB,DF,Dijon,32,1988,38.0,52,38,46,6,0,29,40,11,50,33,17,57,109,165,3,Matches
203,Hugo Ekitike,fr FRA,"FW,MF",Reims,18,2002,1.0,1,1,0,0,1,0,1,1,0,0,0,0,1,0,0,Matches
204,Niclas Eliasson,se SWE,"MF,FW",Nîmes,24,1995,20.0,28,14,9,12,7,11,24,13,20,1,19,23,51,16,0,Matches
205,Renaud Emond,be BEL,"FW,MF",Nantes,28,1991,3.9,0,0,0,0,0,0,1,1,2,0,2,0,0,1,0,Matches
206,Yoann Etienne,fr FRA,DF,Lorient,23,1997,1.0,2,0,1,1,0,1,1,0,1,0,1,1,3,2,0,Matches
207,Fábio,br BRA,DF,Nantes,30,1990,16.7,62,37,37,23,2,35,61,26,29,8,21,37,99,49,0,Matches
208,Cesc Fàbregas,es ESP,"MF,FW",Monaco,33,1987,9.7,20,12,6,9,5,9,22,13,11,1,10,13,33,3,0,Matches
209,Bandiougou Fadiga,fr FRA,"FW,MF",Paris S-G,19,2001,0.7,1,0,1,0,0,0,0,0,0,0,0,0,1,0,0,Matches
210,Bandiougou Fadiga,fr FRA,"MF,FW",Brest,19,2001,0.5,0,0,0,0,0,0,2,2,0,0,0,0,0,0,0,Matches
211,Wout Faes,be BEL,DF,Reims,22,1998,32.2,35,22,26,9,0,20,39,19,40,31,9,68,103,144,1,Matches
212,Romain Faivre,fr FRA,"MF,FW",Brest,22,1998,32.1,54,27,26,23,5,21,54,33,30,0,30,30,84,18,0,Matches
213,Wuilker Faríñez,ve VEN,GK,Lens,22,1998,1.2,0,0,0,0,0,0,0,0,0,0,0,0,0,1,0,Matches
214,Noah Fatar,fr FRA,"FW,MF",Angers,18,2002,0.2,1,0,0,0,1,0,0,0,0,0,0,0,1,0,0,Matches
215,Julien Faussurier,fr FRA,DF,Brest,33,1987,10.6,16,11,6,8,2,11,25,14,12,4,8,9,25,10,0,Matches
216,Zinedine Ferhat,dz ALG,"FW,MF",Nîmes,27,1993,32.9,36,21,18,9,9,18,39,21,22,0,22,32,68,38,0,Matches
217,Jordan Ferri,fr FRA,MF,Montpellier,28,1992,28.6,58,40,34,22,2,31,103,72,30,5,25,8,66,18,1,Matches
218,Alexis Flips,fr FRA,"MF,FW",Reims,20,2000,0.5,0,0,0,0,0,0,2,2,0,0,0,0,0,1,0,Matches
219,Alessandro Florenzi,it ITA,DF,Paris S-G,29,1991,17.1,24,16,9,9,6,12,29,17,7,1,6,17,41,25,0,Matches
220,Mamadou Fofana,ml MLI,"MF,DF",Metz,22,1998,11.9,25,11,17,8,0,7,31,24,14,2,12,18,43,36,0,Matches
221,Seko Fofana,ci CIV,MF,Lens,25,1995,25.7,16,8,3,10,3,4,26,22,16,5,11,34,50,23,1,Matches
222,Wesley Fofana,fr FRA,DF,Saint-Étienne,19,2000,3.5,6,4,6,0,0,3,4,1,3,3,0,8,14,14,1,Matches
223,Youssouf Fofana,fr FRA,MF,Monaco,21,1999,31.9,90,51,31,51,8,42,82,40,43,7,36,34,124,14,2,Matches
224,Thomas Foket,be BEL,DF,Reims,25,1994,36.9,77,43,50,20,7,40,69,29,28,7,21,69,146,92,2,Matches
225,Lamine Fomba,fr FRA,MF,Nîmes,22,1998,24.2,66,36,30,25,11,30,65,35,48,19,29,59,125,39,2,Matches
Rk,Player,Nation,Pos,Squad,Age,Born,90s,Tkl,TklW,Def 3rd,Mid 3rd,Att 3rd,Tkl,Att,Lost,Blocks,Sh,Pass,Int,Tkl+Int,Clr,Err,Matches
226,Thomas Fontaine,mg MAD,DF,Lorient,29,1991,3.6,5,2,5,0,0,2,2,0,3,2,1,5,10,14,0,Matches
227,José Fonte,pt POR,DF,Lille,36,1983,35.4,40,29,28,10,2,27,33,6,36,23,13,36,76,137,1,Matches
228,Steven Fortes,cv CPV,DF,Lens,28,1992,15.9,33,20,20,10,3,16,22,6,25,10,15,27,60,52,0,Matches
229,Yassin Fortune,ht HAI,FW,Angers,21,1999,0.2,0,0,0,0,0,0,0,0,0,0,0,0,0,0,0,Matches
230,Angelo Fulgini,fr FRA,MF,Angers,23,1996,30.3,22,13,4,12,6,12,34,22,17,0,17,15,37,9,0,Matches
231,Baptiste Gabard,fr FRA,MF,Saint-Étienne,20,2000,1.5,4,3,1,3,0,1,5,4,4,0,4,1,5,0,0,Matches
232,Idrissa Gana Gueye,sn SEN,MF,Paris S-G,30,1989,17.6,63,35,20,34,9,26,50,24,26,7,19,20,83,9,3,Matches
233,Ignatius Ganago,cm CMR,FW,Lens,21,1999,14.5,4,3,0,2,2,3,12,9,7,1,6,6,10,3,0,Matches
234,Yann Gboho,fr FRA,"MF,FW",Rennes,19,2001,3.4,6,3,3,1,2,3,8,5,1,0,1,1,7,3,1,Matches
235,Valère Germain,fr FRA,"FW,MF",Marseille,30,1990,9.5,8,6,2,4,2,3,11,8,7,2,5,11,19,22,0,Matches
236,Willem Geubbels,fr FRA,"MF,FW",Monaco,18,2001,3.3,12,8,5,7,0,5,13,8,9,0,9,3,15,5,0,Matches
237,Andrei Girotto,br BRA,"DF,MF",Nantes,28,1992,29.6,65,41,50,15,0,39,70,31,34,15,19,59,124,103,0,Matches
238,Aleksandr Golovin,ru RUS,"MF,FW",Monaco,24,1996,11.9,28,16,6,18,4,8,39,31,21,0,21,11,39,3,0,Matches
239,Alfred Gomis,sn SEN,GK,Dijon,26,1993,5.0,1,0,1,0,0,1,2,1,0,0,0,1,2,7,0,Matches
240,Alfred Gomis,sn SEN,GK,Rennes,26,1993,22.0,1,1,1,0,0,1,1,0,0,0,0,3,4,10,1,Matches
241,Vagner Gonçalves,cv CPV,"FW,MF",Metz,24,1996,10.7,16,9,5,5,6,2,15,13,6,0,6,4,20,1,1,Matches
242,Álvaro González,es ESP,DF,Marseille,30,1990,31.5,26,17,20,6,0,19,31,12,30,18,12,33,59,119,1,Matches
243,Amine Gouiri,dz ALG,"FW,MF",Nice,20,2000,30.5,31,18,7,16,8,10,41,31,22,6,16,17,48,23,0,Matches
244,Lucas Gourna-Douath,fr FRA,MF,Saint-Étienne,16,2003,14.7,32,22,18,11,3,15,28,13,10,0,10,24,56,18,0,Matches
245,Jonathan Gradit,fr FRA,DF,Lens,27,1992,31.4,60,39,26,28,6,22,38,16,37,19,18,56,116,81,1,Matches
246,Andrew Gravillon,gp GLP,DF,Lorient,22,1998,25.2,26,17,17,9,0,13,28,15,44,31,13,59,85,118,4,Matches
247,Adrian Grbić,at AUT,FW,Lorient,23,1996,10.7,6,4,2,2,2,1,7,6,6,0,6,5,11,7,0,Matches
248,Etienne Green,eng ENG,GK,Saint-Étienne,20,2000,8.0,0,0,0,0,0,0,0,0,0,0,0,0,0,3,0,Matches
249,Clément Grenier,fr FRA,"MF,FW",Rennes,29,1991,12.0,20,8,9,8,3,7,31,24,7,0,7,5,25,3,0,Matches
250,Evann Guessand,ci CIV,FW,Nice,19,2001,0.3,0,0,0,0,0,0,1,1,1,1,0,1,1,1,0,Matches
Rk,Player,Nation,Pos,Squad,Age,Born,90s,Tkl,TklW,Def 3rd,Mid 3rd,Att 3rd,Tkl,Att,Lost,Blocks,Sh,Pass,Int,Tkl+Int,Clr,Err,Matches
251,Kelyan Guessoum,dz ALG,DF,Nîmes,21,1999,12.5,13,7,11,1,1,11,16,5,8,6,2,24,37,51,0,Matches
252,Lamine Gueye,sn SEN,"FW,MF",Metz,22,1998,16.2,18,9,4,11,3,7,24,17,7,2,5,21,39,5,0,Matches
253,Pape Gueye,sn SEN,MF,Marseille,21,1999,22.9,49,21,25,19,5,15,45,30,25,6,19,47,96,34,0,Matches
254,Frederic Guilbert,fr FRA,DF,Strasbourg,25,1994,12.4,37,19,23,11,3,21,34,13,14,1,13,33,70,32,0,Matches
255,Bruno Guimarães,br BRA,MF,Lyon,22,1997,19.5,76,34,26,41,9,30,64,34,24,4,20,14,90,13,0,Matches
256,Serhou Guirassy,gn GUI,FW,Rennes,24,1996,19.6,4,1,1,3,0,1,3,2,10,1,9,5,9,17,0,Matches
257,Malo Gusto,fr FRA,"DF,MF",Lyon,17,2003,0.0,0,0,0,0,0,0,0,0,0,0,0,0,0,0,0,Matches
258,Massadio Haïdara,ml MLI,DF,Lens,27,1992,23.7,48,32,21,21,6,23,37,14,29,6,23,35,83,60,0,Matches
259,Pierre-Yves Hamel,fr FRA,FW,Lorient,26,1994,9.4,15,8,3,9,3,1,6,5,12,1,11,10,25,6,0,Matches
260,Romain Hamouma,fr FRA,"FW,MF",Saint-Étienne,33,1987,19.7,12,7,5,6,1,4,24,20,17,1,16,7,19,11,0,Matches
261,Dalbert Henrique,br BRA,DF,Rennes,26,1993,4.1,7,6,4,2,1,6,8,2,8,2,6,5,12,8,0,Matches
262,Luis Henrique,br BRA,"FW,DF",Marseille,18,2001,7.5,5,4,3,1,1,4,9,5,5,1,4,7,12,4,0,Matches
263,Christophe Hérelle,mq MTQ,DF,Brest,27,1992,15.3,19,13,12,6,1,10,12,2,13,9,4,31,50,41,2,Matches
264,Jérôme Hergault,fr FRA,"DF,MF",Lorient,34,1986,18.1,38,23,22,10,6,17,31,14,16,2,14,22,60,34,0,Matches
265,Ander Herrera,es ESP,MF,Paris S-G,30,1989,20.6,53,35,17,26,10,30,77,47,31,5,26,31,84,22,1,Matches
266,Vitorino Hilton,br BRA,DF,Montpellier,42,1977,23.5,15,10,10,4,1,3,14,11,34,26,8,38,53,104,3,Matches
267,Franck Honorat,fr FRA,"MF,FW",Brest,23,1996,27.3,28,13,12,10,6,14,37,23,15,3,12,11,39,24,0,Matches
268,Fraser Hornby,sct SCO,"FW,MF",Reims,20,1999,0.4,0,0,0,0,0,0,0,0,0,0,0,1,1,0,0,Matches
269,Adrien Hunou,fr FRA,"FW,MF",Rennes,26,1994,6.5,6,3,2,2,2,2,8,6,7,0,7,1,7,2,0,Matches
270,Didier Ibrahim Ndong,ga GAB,MF,Dijon,26,1994,29.0,53,32,22,30,1,25,70,45,35,7,28,37,90,40,0,Matches
271,Mauro Icardi,ar ARG,FW,Paris S-G,27,1993,12.0,6,2,1,2,3,4,13,9,3,1,2,3,9,7,0,Matches
272,Jonathan Ikone,fr FRA,"MF,FW",Lille,22,1998,24.2,18,12,3,8,7,9,22,13,16,1,15,7,25,9,0,Matches
273,Yun Il-lok,kr KOR,"MF,FW",Montpellier,28,1992,3.5,0,0,0,0,0,0,4,4,0,0,0,5,5,1,0,Matches
274,Corentin Jean,fr FRA,"FW,MF",Lens,25,1995,6.4,4,3,1,1,2,0,5,5,4,0,4,2,6,2,0,Matches
275,Jesé,es ESP,FW,Paris S-G,27,1993,0.3,0,0,0,0,0,0,1,1,0,0,0,0,0,0,0,Matches
Rk,Player,Nation,Pos,Squad,Age,Born,90s,Tkl,TklW,Def 3rd,Mid 3rd,Att 3rd,Tkl,Att,Lost,Blocks,Sh,Pass,Int,Tkl+Int,Clr,Err,Matches
276,Stevan Jovetić,me MNE,"FW,MF",Monaco,30,1989,8.9,8,4,2,3,3,3,13,10,1,0,1,3,11,3,0,Matches
277,Abdoul Kader Bamba,fr FRA,"FW,MF",Nantes,26,1994,10.2,18,3,7,8,3,11,18,7,10,0,10,7,25,4,1,Matches
278,Tino Kadewere,zw ZIM,FW,Lyon,24,1996,22.3,35,22,12,16,7,17,49,32,16,3,13,21,56,31,0,Matches
279,Gaël Kakuta,cd COD,"MF,FW",Lens,29,1991,26.6,38,23,10,18,10,8,44,36,24,3,21,17,55,4,0,Matches
280,Arnaud Kalimuendo,fr FRA,FW,Paris S-G,18,2002,0.8,0,0,0,0,0,0,0,0,0,0,0,0,0,0,0,Matches
281,Arnaud Kalimuendo,fr FRA,"FW,MF",Lens,18,2002,13.5,8,2,2,2,4,1,7,6,11,0,11,2,10,2,0,Matches
282,Samuel Kalu,ng NGA,"FW,MF",Bordeaux,22,1997,10.7,21,12,11,8,2,4,13,9,14,0,14,9,30,2,0,Matches
283,Aboubakar Kamara,mr MTN,"FW,MF",Dijon,25,1995,6.2,3,1,0,2,1,1,7,6,1,0,1,0,3,2,0,Matches
284,Bingourou Kamara,sn SEN,GK,Strasbourg,23,1996,8.0,1,1,1,0,0,1,3,2,0,0,0,1,2,2,1,Matches
285,Boubacar Kamara,fr FRA,MF,Marseille,20,1999,32.2,88,51,31,49,8,40,74,34,36,13,23,34,122,51,0,Matches
286,Hassane Kamara,ci CIV,"DF,FW",Nice,26,1994,32.9,65,39,40,16,9,27,49,22,39,12,27,55,120,61,1,Matches
287,Wilfried Kanga,ci CIV,FW,Angers,22,1998,1.5,0,0,0,0,0,0,1,1,1,0,1,0,0,2,0,Matches
288,Eiji Kawashima,jp JPN,GK,Strasbourg,37,1983,24.0,1,0,1,0,0,1,1,0,0,0,0,0,1,4,2,Matches
289,Moise Kean,it ITA,FW,Paris S-G,20,2000,18.9,11,8,2,6,3,3,12,9,7,1,6,8,19,10,0,Matches
290,Thilo Kehrer,de GER,DF,Paris S-G,23,1996,18.0,31,26,17,11,3,10,26,16,16,4,12,15,46,37,1,Matches
291,Habib Keita,ml MLI,MF,Lyon,18,2002,0.1,0,0,0,0,0,0,0,0,0,0,0,0,0,0,0,Matches
292,Saîf-Eddine Khaoui,tn TUN,"FW,DF",Marseille,25,1995,6.7,19,11,7,6,6,7,16,9,8,0,8,12,31,1,0,Matches
293,Wahbi Khazri,tn TUN,FW,Saint-Étienne,29,1991,13.1,24,15,12,7,5,12,24,12,10,1,9,4,28,11,0,Matches
294,Presnel Kimpembe,fr FRA,DF,Paris S-G,24,1995,25.6,46,28,23,19,4,24,34,10,19,11,8,30,76,61,4,Matches
295,Randal Kolo Muani,fr FRA,FW,Nantes,21,1998,33.7,22,14,2,12,8,6,26,20,15,2,13,8,30,26,0,Matches
296,Timothée Kolodziejczak,fr FRA,DF,Saint-Étienne,28,1991,22.6,28,15,23,5,0,19,27,8,24,15,9,36,64,80,1,Matches
297,Ghislain Konan,ci CIV,DF,Reims,24,1995,29.0,57,32,35,17,5,32,56,24,25,11,14,30,87,67,0,Matches
298,Moussa Konaté,sn SEN,FW,Dijon,27,1993,13.3,5,3,1,2,2,2,11,9,4,1,3,5,10,8,0,Matches
299,Lamine Koné,ci CIV,DF,Strasbourg,31,1989,11.6,9,6,5,4,0,5,8,3,4,3,1,15,24,36,0,Matches
300,Moussa Koné,sn SEN,FW,Nîmes,23,1996,19.5,13,6,1,8,4,2,9,7,7,1,6,2,15,7,0,Matches
Rk,Player,Nation,Pos,Squad,Age,Born,90s,Tkl,TklW,Def 3rd,Mid 3rd,Att 3rd,Tkl,Att,Lost,Blocks,Sh,Pass,Int,Tkl+Int,Clr,Err,Matches
301,Laurent Koscielny,fr FRA,DF,Bordeaux,34,1985,24.6,29,17,18,11,0,16,24,8,44,34,10,54,83,115,1,Matches
302,Boubakar Kouyaté,ml MLI,DF,Metz,23,1997,21.8,60,35,45,15,0,32,58,26,44,27,17,60,120,132,1,Matches
303,Jean-Philippe Krasso,ci CIV,FW,Saint-Étienne,23,1997,2.5,5,3,1,4,0,2,4,2,5,0,5,1,6,3,0,Matches
304,Layvin Kurzawa,fr FRA,DF,Paris S-G,27,1992,14.2,26,19,10,10,6,9,28,19,20,5,15,28,54,26,1,Matches
305,Dereck Kutesa,ch SUI,"MF,FW",Reims,22,1997,7.6,15,7,7,3,5,5,14,9,7,1,6,7,22,3,0,Matches
306,Enock Kwateng,fr FRA,DF,Bordeaux,23,1997,11.5,21,12,15,4,2,14,27,13,15,3,12,26,47,27,0,Matches
307,Gaëtan Laborde,fr FRA,"FW,MF",Montpellier,26,1994,36.2,43,22,21,17,5,16,60,44,29,3,26,16,59,25,1,Matches
308,Tom Lacoux,fr FRA,MF,Bordeaux,18,2002,5.8,22,14,10,11,1,9,21,12,12,3,9,12,34,7,0,Matches
309,Alban Lafont,ci CIV,GK,Nantes,21,1999,38.0,1,0,1,0,0,1,1,0,1,0,1,0,1,14,0,Matches
310,Kenny Lala,mg MAD,DF,Strasbourg,28,1991,20.4,22,13,13,8,1,11,22,11,12,6,6,23,45,33,1,Matches
311,Loïck Landre,fr FRA,DF,Nîmes,28,1992,18.1,14,7,9,5,0,13,28,15,22,19,3,31,45,52,0,Matches
312,Julien Laporte,fr FRA,DF,Lorient,26,1993,29.5,65,39,48,16,1,42,74,32,34,23,11,65,130,125,0,Matches
313,Gautier Larsonneur,fr FRA,GK,Brest,23,1997,35.0,1,1,1,0,0,1,1,0,2,0,2,0,1,16,3,Matches
314,Paul Lasne,fr FRA,MF,Brest,31,1989,18.7,46,26,25,19,2,17,40,23,25,5,20,47,93,17,2,Matches
315,Armand Lauriente,fr FRA,"MF,FW",Lorient,21,1998,18.0,30,10,10,19,1,7,26,19,21,0,21,15,45,4,0,Matches
316,Wesley Lautoa,nc NCL,"MF,DF",Dijon,32,1987,17.9,36,20,20,13,3,11,37,26,17,8,9,29,65,33,1,Matches
317,Jérémy Le Douaron,fr FRA,"FW,MF",Brest,22,1998,9.1,15,10,9,4,2,7,21,14,14,1,13,8,23,11,0,Matches
318,Enzo Le Fée,fr FRA,MF,Lorient,20,2000,20.2,51,28,23,23,5,27,73,46,30,6,24,25,76,10,0,Matches
319,Vincent Le Goff,fr FRA,DF,Lorient,30,1989,25.6,42,29,16,24,2,18,49,31,27,5,22,44,86,44,0,Matches
320,Damien Le Tallec,fr FRA,"MF,DF",Montpellier,30,1990,13.6,16,10,10,5,1,10,30,20,15,8,7,25,41,21,2,Matches
321,James Lea Siliki,cm CMR,MF,Rennes,24,1996,2.8,5,2,1,3,1,2,2,0,3,0,3,1,6,1,1,Matches
322,Jean-Louis Leca,fr FRA,GK,Lens,34,1985,36.8,3,2,3,0,0,3,5,2,0,0,0,1,4,14,4,Matches
323,Benjamin Lecomte,fr FRA,GK,Monaco,29,1991,28.0,0,0,0,0,0,0,2,2,1,0,1,2,2,20,1,Matches
324,Pierre Lees-Melou,fr FRA,MF,Nice,27,1993,22.9,67,39,33,31,3,25,83,58,50,14,36,29,96,31,1,Matches
325,Fabien Lemoine,fr FRA,MF,Lorient,33,1987,21.5,74,45,39,33,2,36,89,53,25,1,24,27,101,35,0,Matches
Rk,Player,Nation,Pos,Squad,Age,Born,90s,Tkl,TklW,Def 3rd,Mid 3rd,Att 3rd,Tkl,Att,Lost,Blocks,Sh,Pass,Int,Tkl+Int,Clr,Err,Matches
326,Aaron Leya Iseka,be BEL,FW,Metz,22,1997,11.2,6,4,2,3,1,0,4,4,4,2,2,0,6,6,0,Matches
327,Yanis Lhery,fr FRA,MF,Saint-Étienne,17,2003,0.3,0,0,0,0,0,0,0,0,0,0,0,0,0,0,0,Matches
328,Dimitri Liénard,fr FRA,MF,Strasbourg,32,1988,20.3,39,27,17,19,3,24,55,31,23,1,22,18,57,10,0,Matches
329,Isaac Lihadji,fr FRA,"MF,FW",Lille,18,2002,2.2,11,4,2,6,3,4,5,1,5,1,4,1,12,0,1,Matches
330,Pol Lirola,es ESP,"DF,FW",Marseille,22,1997,17.3,28,16,11,15,2,16,28,12,18,5,13,25,53,26,0,Matches
331,Anthony Lopes,pt POR,GK,Lyon,29,1990,38.0,1,1,1,0,0,1,2,1,1,0,1,1,2,20,1,Matches
332,Rony Lopes,pt POR,"FW,MF",Nice,24,1995,19.8,20,14,4,13,3,6,27,21,14,3,11,8,28,6,0,Matches
333,Maxime Lopez,fr FRA,"FW,MF",Marseille,22,1997,1.5,1,1,1,0,0,0,2,2,0,0,0,2,3,2,0,Matches
334,Dion Lopy,sn SEN,MF,Reims,18,2002,2.8,1,1,0,1,0,0,0,0,0,0,0,2,3,1,0,Matches
335,Jordan Lotomba,ch SUI,"DF,MF",Nice,21,1998,23.6,35,25,19,11,5,20,34,14,19,7,12,33,68,52,1,Matches
336,Adrien Louveau,fr FRA,MF,Lens,20,2000,0.1,0,0,0,0,0,0,0,0,0,0,0,0,0,1,0,Matches
337,Imran Louza,ma MAR,MF,Nantes,21,1999,26.4,55,28,25,26,4,21,69,48,20,4,16,34,89,15,2,Matches
338,Jean Lucas,br BRA,MF,Lyon,22,1998,1.9,3,2,2,1,0,1,4,3,3,1,2,2,5,1,0,Matches
339,Jean Lucas,br BRA,"MF,FW",Brest,22,1998,11.2,19,13,10,9,0,8,29,21,7,0,7,8,27,10,1,Matches
340,Florentino Luís,pt POR,MF,Monaco,20,1999,2.7,7,2,4,2,1,6,10,4,1,0,1,6,13,2,1,Matches
341,Yann M'Vila,fr FRA,MF,Saint-Étienne,30,1990,0.2,0,0,0,0,0,0,2,2,0,0,0,1,1,0,0,Matches
342,Yvann Macon,fr FRA,DF,Saint-Étienne,21,1998,6.0,30,20,20,8,2,7,19,12,6,2,4,9,39,13,0,Matches
343,Hugo Magnetti,fr FRA,MF,Brest,22,1998,6.7,24,12,10,13,1,20,40,20,6,1,5,14,38,8,0,Matches
344,Hicham Mahou,fr FRA,FW,Nice,21,1999,0.4,1,1,1,0,0,1,2,1,2,0,2,1,2,0,0,Matches
345,Habib Maïga,ci CIV,MF,Metz,24,1996,29.9,81,52,36,40,5,42,85,43,37,6,31,49,130,36,0,Matches
346,Mike Maignan,fr FRA,GK,Lille,25,1995,38.0,0,0,0,0,0,0,0,0,0,0,0,0,0,7,2,Matches
347,Josh Maja,ng NGA,FW,Bordeaux,21,1998,8.9,8,2,3,3,2,3,14,11,3,0,3,6,14,9,0,Matches
348,Radosław Majecki,pl POL,GK,Monaco,20,1999,1.0,0,0,0,0,0,0,0,0,0,0,0,0,0,1,0,Matches
349,Abdul Majeed Waris,gh GHA,"FW,MF",Strasbourg,28,1991,6.1,1,1,1,0,0,1,6,5,0,0,0,2,3,2,0,Matches
350,Marco Majouga,cf CTA,"FW,MF",Nîmes,19,2001,1.4,1,1,1,0,0,1,3,2,0,0,0,0,1,0,0,Matches
Rk,Player,Nation,Pos,Squad,Age,Born,90s,Tkl,TklW,Def 3rd,Mid 3rd,Att 3rd,Tkl,Att,Lost,Blocks,Sh,Pass,Int,Tkl+Int,Clr,Err,Matches
351,Hianga Mananga Mbock,fr FRA,"MF,FW",Brest,20,1999,5.1,4,3,2,2,0,2,9,7,2,0,2,3,7,6,0,Matches
352,Vincent Manceau,fr FRA,DF,Angers,31,1989,25.7,42,27,23,17,2,30,63,33,23,2,21,35,77,61,0,Matches
353,Steve Mandanda,fr FRA,GK,Marseille,35,1985,37.0,0,0,0,0,0,0,1,1,0,0,0,2,2,8,6,Matches
354,Reinildo Mandava,mz MOZ,DF,Lille,26,1994,24.2,79,43,39,32,8,35,58,23,26,3,23,45,124,53,0,Matches
355,Thomas Mangani,fr FRA,MF,Angers,33,1987,29.9,54,37,25,26,3,30,90,60,31,8,23,38,92,39,0,Matches
356,Vito Mannone,it ITA,GK,Monaco,32,1988,9.0,0,0,0,0,0,0,0,0,0,0,0,0,0,3,1,Matches
357,Myziane Maolida,km COM,"FW,MF",Nice,21,1999,12.0,13,8,4,4,5,4,11,7,6,1,5,6,19,4,0,Matches
358,Faitout Maouassa,fr FRA,DF,Rennes,22,1998,13.0,20,11,10,8,2,11,19,8,9,1,8,17,37,36,0,Matches
359,Sekou Mara,fr FRA,"FW,MF",Bordeaux,18,2002,2.5,5,3,1,3,1,2,10,8,0,0,0,1,6,1,0,Matches
360,Fernando Marçal,br BRA,DF,Lyon,31,1989,0.9,1,0,0,1,0,0,0,0,0,0,0,2,3,0,0,Matches
361,Marcelo,br BRA,DF,Lyon,33,1987,32.3,43,28,29,12,2,25,36,11,35,25,10,49,92,122,2,Matches
362,Dario Maresic,at AUT,DF,Reims,20,1999,5.7,12,7,8,4,0,8,14,6,7,2,5,10,22,17,1,Matches
363,Jordan Marié,fr FRA,MF,Dijon,28,1991,15.9,34,17,9,23,2,23,56,33,14,5,9,23,57,12,2,Matches
364,Guillermo Maripán,cl CHI,DF,Monaco,26,1994,23.2,26,11,17,9,0,15,27,12,18,11,7,27,53,66,1,Matches
365,Marquinhos,br BRA,DF,Paris S-G,26,1994,23.6,27,21,14,10,3,15,26,11,21,9,12,27,54,75,2,Matches
366,Jonas Martin,fr FRA,MF,Rennes,30,1990,5.4,11,9,5,4,2,5,14,9,11,2,9,13,24,2,1,Matches
367,Pablo Martinez,fr FRA,DF,Nîmes,31,1989,6.0,10,7,7,3,0,7,7,0,6,4,2,11,21,28,0,Matches
368,Gelson Martins,pt POR,"MF,FW",Monaco,25,1995,17.2,41,26,12,16,13,15,37,22,20,0,20,13,54,8,0,Matches
369,Sylvain Marveaux,fr FRA,"MF,FW",Lorient,34,1986,2.2,6,3,1,4,1,3,3,0,2,0,2,1,7,2,0,Matches
370,Pape Matar Sarr,sn SEN,MF,Metz,17,2002,17.7,45,29,19,21,5,20,38,18,24,4,20,27,72,16,0,Matches
371,Eliot Matazo,be BEL,MF,Monaco,18,2002,3.5,11,5,6,5,0,3,7,4,1,0,1,1,12,2,0,Matches
372,Chrislain Matsima,fr FRA,"DF,FW",Monaco,18,2002,3.9,5,4,3,2,0,4,7,3,3,0,3,4,9,12,0,Matches
373,Tony Mauricio,fr FRA,MF,Lens,26,1994,5.6,19,12,7,8,4,11,17,6,8,1,7,3,22,4,0,Matches
374,Stephy Mavididi,eng ENG,"FW,MF",Montpellier,22,1998,22.6,18,5,7,10,1,8,23,15,12,0,12,14,32,6,0,Matches
375,Youssef Maziz,fr FRA,"MF,FW",Metz,22,1998,2.9,2,0,1,1,0,1,5,4,1,0,1,6,8,1,0,Matches
Rk,Player,Nation,Pos,Squad,Age,Born,90s,Tkl,TklW,Def 3rd,Mid 3rd,Att 3rd,Tkl,Att,Lost,Blocks,Sh,Pass,Int,Tkl+Int,Clr,Err,Matches
376,Kylian Mbappé,fr FRA,FW,Paris S-G,21,1998,26.4,4,2,0,1,3,2,9,7,7,1,6,3,7,4,1,Matches
377,Nathanael Mbuku,cd COD,"MF,FW",Reims,18,2002,24.6,33,19,9,13,11,8,28,20,17,0,17,14,47,10,0,Matches
378,Facundo Medina,ar ARG,DF,Lens,21,1999,22.3,39,22,22,15,2,24,38,14,25,9,16,39,78,51,3,Matches
379,Farid El Melali,dz ALG,"FW,MF",Angers,23,1997,4.6,9,5,5,4,0,2,13,11,12,0,12,6,15,2,0,Matches
380,Birger Meling,no NOR,DF,Nîmes,25,1994,25.9,49,31,27,15,7,33,50,17,43,9,34,36,85,70,0,Matches
381,Memphis,nl NED,FW,Lyon,26,1994,32.5,4,3,0,3,1,1,20,19,11,1,10,5,9,3,1,Matches
382,Houboulang Mendes,gw GNB,DF,Lorient,22,1998,14.4,28,19,19,5,4,16,28,12,14,2,12,14,42,35,0,Matches
383,Pedro Mendes,pt POR,DF,Montpellier,29,1990,18.1,21,19,16,5,0,14,21,7,23,13,10,34,55,58,0,Matches
384,Thiago Mendes,br BRA,MF,Lyon,28,1992,24.9,37,22,13,20,4,18,38,20,33,7,26,39,76,21,2,Matches
385,Batista Mendy,fr FRA,MF,Nantes,20,2000,0.8,1,1,0,1,0,0,1,1,3,1,2,1,2,1,0,Matches
386,Edouard Mendy,sn SEN,GK,Rennes,28,1992,1.0,0,0,0,0,0,0,0,0,0,0,0,0,0,0,0,Matches
387,Mexer,mz MOZ,DF,Bordeaux,31,1988,7.9,9,6,8,0,1,5,10,5,8,5,3,17,26,22,0,Matches
388,Clément Michelin,fr FRA,DF,Lens,23,1997,12.8,25,19,13,9,3,9,16,7,13,4,9,25,50,32,0,Matches
389,Edouard Michut,fr FRA,MF,Paris S-G,17,2003,0.0,0,0,0,0,0,0,0,0,0,0,0,0,0,0,0,Matches
390,Florian Miguel,fr FRA,DF,Nîmes,23,1996,17.1,14,13,12,2,0,9,17,8,21,13,8,45,59,66,1,Matches
391,Arkadiusz Milik,pl POL,FW,Marseille,26,1994,13.6,14,9,0,7,7,2,12,10,5,1,4,2,16,9,0,Matches
392,Enzo Millot,fr FRA,MF,Monaco,18,2002,0.5,2,0,0,1,1,1,1,0,0,0,0,2,4,0,0,Matches
393,Stefan Mitrović,rs SRB,DF,Strasbourg,30,1990,30.9,36,27,29,7,0,24,37,13,23,13,10,31,67,108,5,Matches
394,Anthony Modeste,fr FRA,"FW,MF",Saint-Étienne,32,1988,3.3,2,1,0,2,0,1,4,3,3,1,2,0,2,3,0,Matches
395,Terem Moffi,ng NGA,FW,Lorient,21,1999,23.0,13,8,0,8,5,4,19,15,5,2,3,4,17,8,0,Matches
396,Florent Mollet,fr FRA,MF,Montpellier,28,1991,26.2,20,15,7,11,2,12,47,35,18,4,14,32,52,9,1,Matches
397,Thomas Monconduit,fr FRA,MF,Lorient,29,1991,12.8,28,15,9,16,3,15,41,26,10,3,7,13,41,21,1,Matches
398,Kévin Monnet-Paquet,fr FRA,"MF,FW",Saint-Étienne,31,1988,6.3,11,7,7,2,2,5,10,5,5,0,5,6,17,7,0,Matches
399,Jérémy Morel,mg MAD,DF,Lorient,36,1984,27.7,31,19,21,10,0,20,39,19,26,11,15,44,75,81,1,Matches
400,Aimen Moueffek,fr FRA,"DF,MF",Saint-Étienne,19,2001,8.3,25,15,16,6,3,13,32,19,17,2,15,9,34,18,0,Matches
Rk,Player,Nation,Pos,Squad,Age,Born,90s,Tkl,TklW,Def 3rd,Mid 3rd,Att 3rd,Tkl,Att,Lost,Blocks,Sh,Pass,Int,Tkl+Int,Clr,Err,Matches
401,Harold Moukoudi,cm CMR,DF,Saint-Étienne,22,1997,25.3,46,27,37,8,1,28,38,10,24,10,14,42,88,78,1,Matches
402,Jessy Moulin,fr FRA,GK,Saint-Étienne,34,1986,29.0,2,1,2,0,0,2,3,1,0,0,0,2,4,9,2,Matches
403,Steve Mounié,bj BEN,FW,Brest,25,1994,29.8,15,11,3,11,1,3,28,25,18,3,15,12,27,40,0,Matches
404,Samuel Moutoussamy,cd COD,FW,Nantes,23,1996,0.9,0,0,0,0,0,0,1,1,1,0,1,0,0,0,0,Matches
405,Loris Mouyokolo,fr FRA,DF,Lorient,19,2001,0.2,1,1,1,0,0,1,1,0,1,1,0,0,1,1,0,Matches
406,Marshall Munetsi,zw ZIM,"MF,DF",Reims,24,1996,21.4,35,19,19,14,2,21,41,20,33,25,8,57,92,85,3,Matches
407,Kévin N'Doram,fr FRA,MF,Metz,24,1996,3.4,3,2,0,3,0,1,3,2,0,0,0,6,9,2,0,Matches
408,Stanley N'Soki,fr FRA,DF,Nice,21,1999,13.8,27,19,15,9,3,13,22,9,17,4,13,26,53,38,2,Matches
409,Yuto Nagatomo,jp JPN,DF,Marseille,33,1986,17.7,23,16,12,8,3,9,18,9,14,3,11,29,52,43,0,Matches
410,Kenny Nagera,fr FRA,FW,Paris S-G,18,2002,0.0,0,0,0,0,0,0,0,0,0,0,0,0,0,0,0,Matches
411,Paul Nardi,fr FRA,GK,Lorient,26,1994,23.0,0,0,0,0,0,0,1,1,1,0,1,0,0,15,2,Matches
412,Keylor Navas,cr CRC,GK,Paris S-G,33,1986,28.0,0,0,0,0,0,0,0,0,0,0,0,0,0,10,0,Matches
413,Papa Ndiaga Yade,mr MTN,"FW,MF",Metz,20,2000,11.1,15,8,9,2,4,7,20,13,9,0,9,4,19,6,0,Matches
414,Bridge Ndilu,fr FRA,"FW,MF",Nantes,20,2000,0.5,0,0,0,0,0,0,2,2,2,0,2,0,0,0,0,Matches
415,Dan Ndoye,ch SUI,"FW,MF",Nice,19,2000,6.1,7,6,3,4,0,1,8,7,4,0,4,7,14,4,0,Matches
416,Neymar,br BRA,"MF,FW",Paris S-G,28,1992,15.7,14,11,1,6,7,8,37,29,8,0,8,9,23,0,0,Matches
417,Yvan Neyou,cm CMR,MF,Saint-Étienne,23,1997,27.1,58,31,24,33,1,25,60,35,34,5,29,31,89,13,1,Matches
418,Muzinga Ngonda,cd COD,DF,Dijon,25,1994,25.6,59,40,37,21,1,30,50,20,28,3,25,72,131,58,0,Matches
419,Ahmad Ngouyamsa,td CHA,DF,Dijon,19,2000,1.7,6,4,5,1,0,4,8,4,2,1,1,2,8,8,0,Matches
420,Opa Nguette,sn SEN,"FW,MF",Metz,26,1994,12.6,15,8,2,8,5,3,10,7,14,2,12,1,16,1,0,Matches
421,Ibrahima Niane,sn SEN,FW,Metz,21,1999,7.4,1,1,0,0,1,1,2,1,3,0,3,0,1,8,0,Matches
422,M'Baye Niang,sn SEN,FW,Rennes,25,1994,4.7,3,2,2,1,0,0,0,0,2,0,2,1,4,2,0,Matches
423,Casimir Ninga,td CHA,FW,Angers,27,1993,0.3,0,0,0,0,0,0,0,0,0,0,0,0,0,1,0,Matches
424,Arnaud Nordin,fr FRA,"MF,FW",Saint-Étienne,22,1998,19.7,14,8,5,5,4,6,21,15,13,2,11,9,23,10,0,Matches
425,Olivier Ntcham,cm CMR,MF,Marseille,24,1996,1.3,1,0,0,1,0,1,3,2,3,1,2,2,3,3,0,Matches
Rk,Player,Nation,Pos,Squad,Age,Born,90s,Tkl,TklW,Def 3rd,Mid 3rd,Att 3rd,Tkl,Att,Lost,Blocks,Sh,Pass,Int,Tkl+Int,Clr,Err,Matches
426,Gerzino Nyamsi,fr FRA,DF,Rennes,23,1997,9.7,12,10,2,8,2,4,6,2,8,5,3,10,22,32,1,Matches
427,Steven Nzonzi,fr FRA,MF,Rennes,31,1988,32.3,34,16,15,16,3,12,31,19,24,10,14,16,50,26,0,Matches
428,Jonas Omlin,ch SUI,GK,Montpellier,26,1994,29.7,1,1,1,0,0,1,4,3,0,0,0,0,1,9,1,Matches
429,Henry Onyekuru,ng NGA,FW,Monaco,23,1997,1.6,1,0,1,0,0,1,4,3,1,0,1,0,1,0,0,Matches
430,Otávio,br BRA,MF,Bordeaux,26,1994,17.3,54,31,33,19,2,26,55,29,20,5,15,26,80,36,0,Matches
431,Remi Oudin,fr FRA,"FW,MF",Bordeaux,23,1996,26.9,34,16,22,7,5,15,36,21,22,2,20,51,85,40,1,Matches
432,Alexandre Oukidja,dz ALG,GK,Metz,32,1988,34.0,0,0,0,0,0,0,1,1,1,0,1,0,0,17,3,Matches
433,Zinédine Ould Khaled,fr FRA,MF,Angers,20,2000,0.4,0,0,0,0,0,0,0,0,0,0,0,1,1,0,0,Matches
434,Ambroise Oyongo,cm CMR,DF,Montpellier,29,1991,6.2,13,6,10,3,0,9,15,6,3,2,1,8,21,26,1,Matches
435,Pablo,br BRA,DF,Bordeaux,29,1991,12.0,17,11,13,4,0,8,14,6,17,12,5,25,42,46,1,Matches
436,Vincent Pajot,fr FRA,MF,Metz,29,1990,10.2,35,20,19,11,5,10,18,8,9,2,7,42,77,11,0,Matches
437,Nicolas Pallois,fr FRA,DF,Nantes,32,1987,30.8,58,35,41,15,2,38,72,34,44,20,24,37,95,155,1,Matches
438,Jonathan Panzo,eng ENG,DF,Dijon,19,2000,20.0,17,12,13,4,0,8,11,3,27,13,14,59,76,91,2,Matches
439,Lucas Paquetá,br BRA,MF,Lyon,22,1997,25.3,70,36,30,28,12,23,66,43,28,3,25,20,90,16,1,Matches
440,Gaëtan Paquiez,fr FRA,DF,Nîmes,26,1994,11.6,21,12,12,7,2,12,29,17,10,3,7,16,37,28,0,Matches
441,Rubén Pardo,es ESP,MF,Bordeaux,27,1992,0.3,0,0,0,0,0,0,0,0,0,0,0,1,1,0,0,Matches
442,Leandro Paredes,ar ARG,MF,Paris S-G,26,1994,14.5,30,18,12,15,3,19,39,20,17,5,12,17,47,13,1,Matches
443,Mateo Pavlović,ba BIH,DF,Angers,30,1990,12.3,11,6,8,3,0,8,23,15,13,11,2,21,32,40,0,Matches
444,Strahinja Pavlović,rs SRB,DF,Monaco,19,2001,0.0,0,0,0,0,0,0,0,0,0,0,0,0,0,0,0,Matches
445,Dimitri Payet,fr FRA,"FW,MF",Marseille,33,1987,26.9,27,17,4,16,7,17,40,23,19,2,17,8,35,10,0,Matches
446,Yohann Pelé,fr FRA,GK,Marseille,37,1982,1.0,0,0,0,0,0,0,0,0,0,0,0,0,0,0,0,Matches
447,Pietro Pellegri,it ITA,"FW,MF",Monaco,19,2001,2.6,2,1,0,2,0,0,0,0,1,0,1,0,2,0,0,Matches
448,Andy Pelmard,mg MAD,DF,Nice,20,2000,13.4,18,12,12,5,1,9,12,3,11,3,8,20,38,35,0,Matches
449,Timothee Pembele,fr FRA,DF,Paris S-G,17,2002,4.3,8,7,4,4,0,5,14,9,4,0,4,5,13,8,1,Matches
450,Danilo Pereira,pt POR,"MF,DF",Paris S-G,28,1991,15.9,21,11,6,11,4,6,14,8,14,6,8,29,50,33,4,Matches
Rk,Player,Nation,Pos,Squad,Age,Born,90s,Tkl,TklW,Def 3rd,Mid 3rd,Att 3rd,Tkl,Att,Lost,Blocks,Sh,Pass,Int,Tkl+Int,Clr,Err,Matches
451,Mathias Pereira Lage,pt POR,"FW,MF",Angers,23,1996,16.3,29,17,12,15,2,10,40,30,21,4,17,15,44,16,0,Matches
452,Manuel Perez,fr FRA,"MF,FW",Lens,29,1991,1.4,1,0,1,0,0,0,8,8,2,0,2,2,3,2,0,Matches
453,Romain Perraud,fr FRA,DF,Brest,22,1997,34.9,60,34,42,16,2,24,45,21,36,3,33,45,105,76,0,Matches
454,Lucas Perrin,fr FRA,DF,Marseille,21,1998,3.4,7,4,4,3,0,5,12,7,5,4,1,8,15,16,0,Matches
455,Rayan Philippe,fr FRA,FW,Dijon,19,2000,1.0,3,1,1,1,1,2,2,0,0,0,0,0,3,0,0,Matches
456,Romain Philippoteaux,fr FRA,"FW,MF",Nîmes,32,1988,2.4,1,1,1,0,0,1,5,4,2,0,2,2,3,1,0,Matches
457,Romain Philippoteaux,fr FRA,"MF,FW",Brest,32,1988,6.5,11,6,6,3,2,6,9,3,4,0,4,10,21,2,0,Matches
458,Jérémy Pied,fr FRA,DF,Lille,31,1989,3.5,7,0,3,3,1,4,9,5,3,1,2,6,13,8,0,Matches
459,Ronaël Pierre-Gabriel,fr FRA,DF,Brest,22,1998,25.6,60,40,42,16,2,35,52,17,17,7,10,30,90,57,0,Matches
460,Maxime Poundjé,fr FRA,DF,Bordeaux,27,1992,5.5,10,7,9,1,0,2,6,4,7,3,4,11,21,5,0,Matches
461,Sanjin Prcić,ba BIH,MF,Strasbourg,26,1993,3.9,3,2,0,3,0,2,5,3,4,3,1,4,7,2,1,Matches
462,Nicolas de Préville,fr FRA,"FW,MF",Bordeaux,29,1991,17.9,19,14,7,6,6,9,42,33,15,0,15,13,32,7,0,Matches
463,Anthony Racioppi,ch SUI,GK,Dijon,21,1998,21.0,0,0,0,0,0,0,2,2,0,0,0,2,2,12,4,Matches
464,Nemanja Radonjić,rs SRB,FW,Marseille,24,1996,4.4,6,5,1,2,3,2,12,10,8,0,8,3,9,1,0,Matches
465,Aleksandar Radovanović,rs SRB,DF,Lens,26,1993,1.0,1,1,0,1,0,0,0,0,2,1,1,0,1,2,0,Matches
466,Rafinha,br BRA,"MF,FW",Paris S-G,27,1993,15.1,54,26,18,28,8,28,49,21,18,3,15,13,67,6,0,Matches
467,Predrag Rajković,rs SRB,GK,Reims,24,1995,36.5,2,1,2,0,0,2,5,3,1,0,1,2,4,17,3,Matches
468,Raphinha,br BRA,"FW,MF",Rennes,23,1996,4.5,5,2,1,3,1,1,4,3,5,0,5,3,8,4,0,Matches
469,Jeff Reine-Adélaïde,fr FRA,"MF,FW",Nice,22,1998,11.8,7,4,1,4,2,2,9,7,10,1,9,4,11,6,0,Matches
470,Jeff Reine-Adélaïde,fr FRA,FW,Lyon,22,1998,0.3,0,0,0,0,0,0,0,0,0,0,0,0,0,0,0,Matches
471,Panagiotis Retsos,gr GRE,DF,Saint-Étienne,21,1998,3.0,5,3,5,0,0,3,7,4,1,1,0,3,8,12,0,Matches
472,Baptiste Reynet,fr FRA,GK,Nîmes,29,1990,38.0,2,1,2,0,0,2,4,2,1,0,1,1,3,9,2,Matches
473,Sergio Rico,es ESP,GK,Paris S-G,26,1993,9.0,0,0,0,0,0,0,0,0,0,0,0,0,0,1,0,Matches
474,Renaud Ripart,fr FRA,"MF,FW",Nîmes,27,1993,33.9,52,30,25,19,8,26,84,58,58,12,46,36,88,53,0,Matches
475,Mihailo Ristić,rs SRB,DF,Montpellier,24,1995,24.8,45,22,25,13,7,28,44,16,30,9,21,26,71,57,0,Matches
Rk,Player,Nation,Pos,Squad,Age,Born,90s,Tkl,TklW,Def 3rd,Mid 3rd,Att 3rd,Tkl,Att,Lost,Blocks,Sh,Pass,Int,Tkl+Int,Clr,Err,Matches
476,Maxence Rivera,fr FRA,"MF,FW",Saint-Étienne,18,2002,2.7,12,10,6,4,2,4,10,6,5,0,5,1,13,0,0,Matches
477,Christopher Rocchia,fr FRA,"DF,FW",Marseille,22,1998,0.2,1,0,1,0,0,0,2,2,0,0,0,0,1,1,0,Matches
478,Valentin Rongier,fr FRA,MF,Marseille,25,1994,21.0,93,59,31,55,7,43,85,42,32,2,30,28,121,21,1,Matches
479,Nolan Roux,fr FRA,FW,Nîmes,32,1988,7.2,7,3,1,4,2,3,8,5,6,0,6,5,12,4,0,Matches
480,Daniele Rugani,it ITA,DF,Rennes,26,1994,1.0,0,0,0,0,0,0,1,1,1,1,0,1,1,1,0,Matches
481,Kays Ruiz,fr FRA,"FW,MF",Paris S-G,17,2002,2.1,1,1,0,1,0,0,4,4,1,0,1,3,4,2,0,Matches
482,Georginio Rutter,fr FRA,"FW,MF",Rennes,18,2002,0.5,2,2,0,1,1,1,3,2,2,0,2,0,2,0,0,Matches
483,Roli Pereira de Sa,fr FRA,"FW,MF",Nantes,23,1996,0.6,4,3,1,3,0,3,4,1,2,0,2,0,4,0,0,Matches
484,Idriss Saadi,dz ALG,"MF,FW",Strasbourg,28,1992,1.4,0,0,0,0,0,0,2,2,0,0,0,0,0,0,0,Matches
485,Youssouf Sabaly,sn SEN,DF,Bordeaux,27,1993,32.3,47,33,24,17,6,27,45,18,31,8,23,49,96,57,2,Matches
486,Mathys Saban,fr FRA,FW,Saint-Étienne,18,2002,0.1,0,0,0,0,0,0,0,0,0,0,0,0,0,0,0,Matches
487,Moïse Sahi Dion,ci CIV,"FW,MF",Strasbourg,18,2001,1.0,1,0,0,1,0,1,1,0,1,0,1,0,1,0,0,Matches
488,Hiroki Sakai,jp JPN,DF,Marseille,30,1990,26.5,81,48,34,35,12,39,51,12,21,5,16,54,135,65,0,Matches
489,Moïse Sakava,cm CMR,MF,Reims,19,2000,0.1,0,0,0,0,0,0,0,0,0,0,0,0,0,0,0,Matches
490,William Saliba,fr FRA,DF,Nice,19,2001,20.0,15,9,8,5,2,5,6,1,17,16,1,26,41,80,2,Matches
491,Romain Salin,fr FRA,GK,Rennes,36,1984,15.0,0,0,0,0,0,0,1,1,0,0,0,1,1,6,3,Matches
492,Mama Samba Baldé,gw GNB,FW,Dijon,24,1995,24.0,23,9,4,13,6,9,22,13,16,1,15,4,27,26,0,Matches
493,Junior Sambia,fr FRA,"DF,MF",Montpellier,23,1996,27.2,41,29,20,14,7,26,38,12,27,14,13,39,80,46,0,Matches
494,Frédéric Sammaritano,fr FRA,"FW,MF",Dijon,34,1986,12.6,15,10,9,5,1,9,26,17,6,0,6,9,24,3,0,Matches
495,Renato Sanches,pt POR,MF,Lille,22,1997,14.1,13,7,4,8,1,5,25,20,13,2,11,13,26,8,0,Matches
496,Morgan Sanson,fr FRA,MF,Marseille,25,1994,9.2,21,12,6,12,3,9,28,19,12,0,12,9,30,5,0,Matches
497,Baptiste Santamaria,fr FRA,MF,Angers,25,1995,3.0,9,6,3,5,1,2,7,5,4,0,4,7,16,8,0,Matches
498,Pablo Sarabia,es ESP,"FW,MF",Paris S-G,28,1992,14.7,15,11,6,6,3,10,38,28,9,1,8,5,20,8,0,Matches
499,Bouna Sarr,sn SEN,DF,Marseille,28,1992,0.8,1,1,0,0,1,1,1,0,1,1,0,1,2,1,0,Matches
500,Sidy Sarr,sn SEN,MF,Nîmes,24,1996,5.1,10,6,4,6,0,2,5,3,1,1,0,7,17,4,0,Matches
Rk,Player,Nation,Pos,Squad,Age,Born,90s,Tkl,TklW,Def 3rd,Mid 3rd,Att 3rd,Tkl,Att,Lost,Blocks,Sh,Pass,Int,Tkl+Int,Clr,Err,Matches
501,Téji Savanier,fr FRA,MF,Montpellier,28,1991,24.1,49,33,16,25,8,22,73,51,28,6,22,38,87,15,0,Matches
502,Aurélien Scheidler,fr FRA,FW,Dijon,22,1998,3.8,2,0,0,2,0,0,2,2,0,0,0,1,3,5,0,Matches
503,Morgan Schneiderlin,fr FRA,MF,Nice,30,1989,24.4,51,31,21,24,6,20,54,34,21,11,10,53,104,46,0,Matches
504,Malik Sellouki,fr FRA,"FW,MF",Nice,20,2000,0.7,0,0,0,0,0,0,1,1,2,0,2,2,2,0,0,Matches
505,Matz Sels,be BEL,GK,Strasbourg,28,1992,6.0,0,0,0,0,0,0,0,0,0,0,0,0,0,4,0,Matches
506,Jean Seri,ci CIV,MF,Bordeaux,29,1991,7.9,17,9,3,12,2,4,15,11,8,2,6,12,29,7,0,Matches
507,Mahame Siby,ml MLI,MF,Strasbourg,24,1996,0.2,0,0,0,0,0,0,1,1,0,0,0,0,0,1,0,Matches
508,Abdoulaye Sidibé,fr FRA,MF,Saint-Étienne,18,2002,0.1,1,1,1,0,0,1,2,1,0,0,0,0,1,0,0,Matches
509,Djibril Sidibé,fr FRA,DF,Monaco,28,1992,22.0,58,34,26,29,3,37,52,15,20,5,15,50,108,37,2,Matches
510,Kaj Sierhuis,nl NED,"FW,MF",Reims,22,1998,7.2,7,2,1,2,4,2,9,7,2,1,1,2,9,5,0,Matches
511,Caio Henrique Oliveira Silva,br BRA,DF,Monaco,23,1997,26.3,50,34,25,20,5,31,51,20,20,3,17,16,66,37,0,Matches
512,Florent da Silva,fr FRA,FW,Lyon,17,2003,0.0,0,0,0,0,0,0,0,0,0,0,0,0,0,0,0,Matches
513,Gabriel Silva,br BRA,DF,Saint-Étienne,29,1991,3.9,7,6,7,0,0,1,2,1,4,1,3,6,13,8,0,Matches
514,Mohamed Simakan,fr FRA,DF,Strasbourg,20,2000,17.9,32,22,21,6,5,9,18,9,17,11,6,31,63,41,0,Matches
515,Moses Simon,ng NGA,"FW,MF",Nantes,25,1995,25.8,27,14,11,9,7,17,36,19,24,1,23,15,42,15,1,Matches
516,Xavi Simons,nl NED,MF,Paris S-G,17,2003,0.0,0,0,0,0,0,0,0,0,0,0,0,0,0,0,0,Matches
517,Issouf Sissokho,ml MLI,"MF,DF",Bordeaux,18,2002,0.9,6,4,4,2,0,3,6,3,2,0,2,1,7,0,0,Matches
518,Ibrahima Sissoko,ml MLI,MF,Strasbourg,22,1997,28.7,68,48,25,35,8,28,68,40,22,5,17,48,116,44,0,Matches
519,Nelson Sissoko,fr FRA,DF,Saint-Étienne,23,1997,5.3,12,6,6,3,3,7,12,5,2,1,1,12,24,16,1,Matches
520,Jacques Siwe,fr FRA,FW,Dijon,19,2001,1.9,4,1,1,1,2,0,1,1,1,0,1,1,5,1,0,Matches
521,Petar Škuletić,rs SRB,"FW,MF",Montpellier,30,1990,2.6,3,2,1,2,0,0,5,5,4,2,2,0,3,4,0,Matches
522,Islam Slimani,dz ALG,FW,Lyon,32,1988,6.4,7,5,3,1,3,3,12,9,4,1,3,1,8,6,0,Matches
523,Brandon Soppy,fr FRA,DF,Rennes,18,2002,6.2,21,15,16,5,0,10,16,6,3,0,3,6,27,12,0,Matches
524,Florian Sotoca,fr FRA,FW,Lens,29,1990,26.8,31,20,3,20,8,6,22,16,27,0,27,9,40,24,0,Matches
525,Cheick Souaré,fr FRA,MF,Marseille,17,2002,0.1,0,0,0,0,0,0,0,0,1,1,0,1,1,0,0,Matches
Rk,Player,Nation,Pos,Squad,Age,Born,90s,Tkl,TklW,Def 3rd,Mid 3rd,Att 3rd,Tkl,Att,Lost,Blocks,Sh,Pass,Int,Tkl+Int,Clr,Err,Matches
526,Rayan Souici,fr FRA,DF,Saint-Étienne,22,1998,0.1,0,0,0,0,0,0,0,0,0,0,0,0,0,0,0,Matches
527,Adama Soumaoro,fr FRA,DF,Lille,28,1992,1.6,1,0,0,0,1,0,0,0,1,1,0,2,3,2,0,Matches
528,Boubakary Soumaré,fr FRA,MF,Lille,21,1999,21.3,44,29,16,25,3,14,29,15,14,6,8,39,83,21,0,Matches
529,Yaya Soumaré,fr FRA,FW,Lyon,20,2000,0.0,1,1,1,0,0,1,2,1,0,0,0,2,3,0,0,Matches
530,Arnaud Souquet,fr FRA,DF,Montpellier,28,1992,13.6,50,33,35,12,3,27,48,21,15,6,9,17,67,34,0,Matches
531,Ansou Sow,sn SEN,MF,Lens,20,2000,0.1,0,0,0,0,0,0,0,0,1,0,1,0,0,0,0,Matches
532,Saidou Sow,gn GUI,DF,Saint-Étienne,18,2002,11.1,23,12,17,6,0,13,19,6,12,8,4,14,37,39,1,Matches
533,Kevin Strootman,nl NED,"MF,FW",Marseille,30,1990,2.6,9,6,5,4,0,4,8,4,5,2,3,5,14,7,0,Matches
534,Abdoulaye Sylla,gn GUI,DF,Nantes,20,2000,0.1,2,1,2,0,0,1,1,0,1,0,1,0,2,1,0,Matches
535,Issiaga Sylla,gn GUI,"DF,MF",Lens,26,1994,12.4,28,20,11,17,0,11,21,10,13,3,10,16,44,21,0,Matches
536,Eddy Sylvestre,fr FRA,"FW,MF",Nice,20,1999,1.1,1,1,1,0,0,0,1,1,1,0,1,1,2,0,0,Matches
537,Waniss Taibi,fr FRA,MF,Angers,18,2002,0.4,0,0,0,0,0,0,2,2,1,0,1,0,0,0,0,Matches
538,Flavien Tait,fr FRA,"MF,FW",Rennes,27,1993,15.2,26,11,11,12,3,10,32,22,17,3,14,13,39,2,0,Matches
539,Heriberto Tavares,cv CPV,"FW,MF",Brest,23,1997,0.5,2,0,0,0,2,1,3,2,0,0,0,1,3,1,0,Matches
540,Warren Tchimbembé,cg CGO,"MF,FW",Metz,22,1998,5.5,7,4,4,3,0,3,9,6,6,1,5,2,9,3,0,Matches
541,Aurélien Tchouaméni,fr FRA,MF,Monaco,20,2000,34.0,127,68,47,62,18,48,92,44,39,11,28,60,187,47,0,Matches
542,Martin Terrier,fr FRA,"FW,MF",Rennes,23,1997,27.1,33,15,5,15,13,10,36,26,23,0,23,16,49,7,0,Matches
543,Kenny Tete,nl NED,DF,Lyon,24,1995,0.2,2,0,1,1,0,0,0,0,0,0,0,2,4,0,0,Matches
544,Florian Thauvin,fr FRA,"FW,MF",Marseille,27,1993,30.4,40,22,14,21,5,20,54,34,26,2,24,14,54,11,0,Matches
545,Sada Thioub,sn SEN,"FW,MF",Angers,25,1995,14.0,17,14,7,6,4,7,23,16,10,0,10,9,26,3,0,Matches
546,Romain Thomas,fr FRA,DF,Angers,32,1988,33.6,47,25,34,11,2,20,35,15,35,20,15,50,97,138,0,Matches
547,Adrien Thomasson,fr FRA,"MF,FW",Strasbourg,26,1993,29.2,36,17,8,16,12,12,58,46,44,5,39,22,58,2,0,Matches
548,Khéphren Thuram,fr FRA,MF,Nice,19,2001,16.6,32,16,5,21,6,9,27,18,21,9,12,18,50,22,1,Matches
549,Cheikh Tidiane Sabaly,sn SEN,FW,Metz,21,1999,0.1,0,0,0,0,0,0,0,0,0,0,0,0,0,0,0,Matches
550,Jean-Clair Todibo,fr FRA,DF,Nice,20,1999,14.8,25,15,16,9,0,16,31,15,13,7,6,19,44,48,1,Matches
Rk,Player,Nation,Pos,Squad,Age,Born,90s,Tkl,TklW,Def 3rd,Mid 3rd,Att 3rd,Tkl,Att,Lost,Blocks,Sh,Pass,Int,Tkl+Int,Clr,Err,Matches
551,Karl Toko Ekambi,cm CMR,FW,Lyon,27,1992,31.2,16,10,5,3,8,8,32,24,20,1,19,26,42,8,0,Matches
552,Tyron Tormin,fr FRA,"FW,MF",Saint-Étienne,19,2001,0.2,0,0,0,0,0,0,0,0,0,0,0,0,0,0,0,Matches
553,Abdoulaye Touré,gn GUI,MF,Nantes,26,1994,18.7,28,12,10,16,2,14,31,17,17,2,15,22,50,19,0,Matches
554,Amadou Traore,fr FRA,"FW,MF",Bordeaux,18,2002,3.4,6,1,2,2,2,2,9,7,9,0,9,1,7,2,0,Matches
555,Boubacar Traoré,ml MLI,MF,Metz,18,2001,0.6,3,2,1,2,0,1,1,0,1,0,1,0,3,0,0,Matches
556,Charles Traore,ml MLI,DF,Nantes,28,1992,18.9,53,34,30,17,6,27,54,27,26,5,21,36,89,65,0,Matches
557,Cheick Traoré,ml MLI,DF,Lens,25,1995,0.4,2,2,1,1,0,2,4,2,1,0,1,2,4,1,0,Matches
558,Hamari Traoré,ml MLI,DF,Rennes,28,1992,33.3,56,38,23,27,6,22,59,37,31,5,26,76,132,50,0,Matches
559,Ismaël Traoré,ci CIV,DF,Angers,33,1986,33.3,32,14,23,9,0,20,37,17,27,13,14,40,72,107,0,Matches
560,Miguel Trauco,pe PER,DF,Saint-Étienne,27,1992,22.6,47,29,25,14,8,23,43,20,19,4,15,30,77,34,1,Matches
561,Alexis Trouillet,fr FRA,"MF,FW",Nice,19,2000,1.2,5,4,1,4,0,4,5,1,0,0,0,3,8,0,0,Matches
562,Adrien Truffert,fr FRA,"DF,MF",Rennes,18,2001,21.7,38,18,18,12,8,13,24,11,26,5,21,18,56,38,1,Matches
563,Marvin Tshibuabua,fr FRA,DF,Saint-Étienne,18,2002,0.5,1,0,1,0,0,0,0,0,0,0,0,1,2,1,0,Matches
564,Matthieu Udol,fr FRA,DF,Metz,24,1996,19.2,34,21,18,12,4,17,39,22,25,5,20,39,73,30,0,Matches
565,Naomichi Ueda,jp JPN,DF,Nîmes,25,1994,7.9,4,2,3,1,0,4,6,2,5,4,1,6,10,30,1,Matches
566,Lesley Ugochukwu,fr FRA,MF,Rennes,16,2004,0.7,3,1,0,3,0,2,3,1,1,0,1,0,3,0,0,Matches
567,Hwang Ui-jo,kr KOR,"FW,MF",Bordeaux,27,1992,27.8,14,6,5,8,1,6,25,19,17,2,15,8,22,14,0,Matches
568,Antoine Valerio,fr FRA,MF,Nîmes,20,1999,0.8,0,0,0,0,0,0,1,1,1,0,1,2,2,0,0,Matches
569,Marco Verratti,it ITA,MF,Paris S-G,27,1992,16.6,53,30,17,25,11,24,72,48,22,5,17,26,79,4,1,Matches
570,Clément Vidal,fr FRA,DF,Montpellier,20,2000,1.0,2,1,1,1,0,2,4,2,4,4,0,1,3,6,1,Matches
571,Kevin Volland,de GER,"FW,MF",Monaco,28,1992,30.8,33,16,11,19,3,8,34,26,23,0,23,4,37,4,0,Matches
572,Franklin Wadja,cm CMR,"MF,FW",Lorient,25,1995,0.4,4,2,0,2,2,2,2,0,0,0,0,2,6,1,0,Matches
573,Elye Wahi,fr FRA,FW,Montpellier,17,2003,6.2,4,3,2,1,1,1,6,5,4,0,4,2,6,4,0,Matches
574,Timothy Weah,us USA,"FW,MF",Lille,20,2000,9.8,15,7,3,9,3,7,14,7,7,0,7,4,19,5,0,Matches
575,Yoane Wissa,cd COD,"MF,FW",Lorient,23,1996,29.7,35,20,12,14,9,11,34,23,25,3,22,20,55,14,0,Matches
Rk,Player,Nation,Pos,Squad,Age,Born,90s,Tkl,TklW,Def 3rd,Mid 3rd,Att 3rd,Tkl,Att,Lost,Blocks,Sh,Pass,Int,Tkl+Int,Clr,Err,Matches
576,Xeka,pt POR,MF,Lille,25,1994,13.3,33,17,14,15,4,16,43,27,14,2,12,20,53,18,0,Matches
577,Yusuf Yazıcı,tr TUR,"FW,MF",Lille,23,1997,12.1,12,5,6,2,4,1,24,23,5,1,4,2,14,2,0,Matches
578,Burak Yılmaz,tr TUR,FW,Lille,35,1985,22.8,13,6,3,7,3,4,30,26,7,0,7,5,18,22,0,Matches
579,Wilitty Younoussa,cm CMR,MF,Dijon,18,2001,0.9,6,3,3,3,0,3,7,4,3,0,3,2,8,0,0,Matches
580,Zaydou Youssouf,km COM,MF,Saint-Étienne,21,1999,13.7,30,15,19,10,1,16,40,24,15,0,15,25,55,12,1,Matches
581,Arthur Zagre,fr FRA,"DF,MF",Dijon,18,2001,1.4,3,1,2,1,0,2,2,0,1,1,0,3,6,1,0,Matches
582,Arber Zeneli,xk KVX,"MF,FW",Reims,25,1995,14.3,20,10,11,1,8,8,22,14,12,1,11,3,23,8,0,Matches
583,Mehdi Zerkane,dz ALG,"MF,FW",Bordeaux,21,1999,13.2,23,15,7,10,6,5,18,13,15,2,13,9,32,5,0,Matches
584,Kévin Zohi,ml MLI,"FW,MF",Strasbourg,23,1996,4.8,9,5,3,4,2,2,6,4,6,0,6,6,15,3,0,Matches
