rk,player,nation,pos,squad,age,born,90s,tkl,tklw,def_3rd,mid_3rd,att_3rd,tkl_challe,att,lost,blocks,sh,pass,int,tkl_int,clr,err,matches
1,Sabit Abdulai,gh GHA,MF,Getafe,21,1999,0.7,2,0,1,1,0,1,3,2,0,0,0,0,2,0,0,Matches
2,Marcos Acuña,ar ARG,DF,Sevilla,28,1991,25.9,62,42,34,20,8,23,41,18,23,2,21,23,85,30,1,Matches
3,Bobby Adekanye,nl NED,"FW,MF",Cádiz,21,1999,0.4,0,0,0,0,0,0,1,1,0,0,0,0,0,1,0,Matches
4,Martin Agirregabiria,es ESP,"DF,MF",Alavés,24,1996,17.3,32,18,17,12,3,17,33,16,9,3,6,27,59,36,0,Matches
5,Joseph Aidoo,gh GHA,DF,Celta Vigo,24,1995,14.3,26,17,17,9,0,12,21,9,7,4,3,25,51,88,1,Matches
6,Carlos Akapo,gq EQG,DF,Cádiz,27,1993,9.6,18,14,14,4,0,10,18,8,16,3,13,19,37,33,0,Matches
7,Paul Akouokou,ci CIV,MF,Betis,22,1997,4.2,11,8,2,8,1,5,8,3,3,1,2,6,17,7,0,Matches
8,Jony Álamo,es ESP,MF,Elche,18,2001,0.8,2,1,1,0,1,0,1,1,0,0,0,1,3,0,0,Matches
9,Jordi Alba,es ESP,"DF,FW",Barcelona,31,1989,33.6,45,30,22,16,7,24,52,28,21,2,19,49,94,48,0,Matches
10,Raúl Albiol,es ESP,DF,Villarreal,34,1985,34.6,22,15,19,3,0,13,18,5,32,22,10,22,44,146,2,Matches
11,Paco Alcácer,es ESP,FW,Villarreal,26,1993,17.2,6,3,1,2,3,3,7,4,8,0,8,9,15,6,0,Matches
12,Pedro Alcalá,es ESP,DF,Cádiz,31,1989,10.1,8,4,6,2,0,3,5,2,19,13,6,16,24,50,0,Matches
13,Rubén Alcaraz,es ESP,MF,Valladolid,29,1991,24.1,54,29,32,21,1,30,80,50,35,8,27,31,85,28,0,Matches
14,Iván Alejo,es ESP,"MF,FW",Cádiz,25,1995,9.2,14,10,8,4,2,4,23,19,14,1,13,3,17,10,0,Matches
15,Carles Aleñá,es ESP,MF,Barcelona,22,1998,0.5,1,0,1,0,0,0,0,0,0,0,0,0,1,0,0,Matches
16,Carles Aleñá,es ESP,"MF,FW",Getafe,22,1998,15.2,15,10,3,9,3,7,25,18,14,1,13,2,17,2,0,Matches
17,Alfon,es ESP,MF,Celta Vigo,21,1999,0.4,0,0,0,0,0,0,0,0,0,0,0,0,0,0,0,Matches
18,Sergio Álvarez,es ESP,"MF,DF",Eibar,28,1992,17.4,42,25,13,26,3,8,22,14,22,5,17,22,64,24,2,Matches
19,Yeray Álvarez,es ESP,DF,Athletic Club,25,1995,21.6,19,12,11,8,0,9,21,12,12,5,7,53,72,73,0,Matches
20,Emmanuel Amankwaa Akurugu,gh GHA,DF,Getafe,18,2001,0.5,0,0,0,0,0,0,1,1,1,0,1,2,2,1,0,Matches
21,Jon Ander Garrido,es ESP,MF,Cádiz,30,1989,8.9,18,10,8,7,3,10,26,16,12,4,8,14,32,13,0,Matches
22,Marcos André,br BRA,FW,Valladolid,23,1996,13.1,8,2,2,2,4,0,8,8,15,2,13,2,10,9,0,Matches
23,Ángel,es ESP,GK,Granada,18,2002,1.0,0,0,0,0,0,0,0,0,0,0,0,0,0,1,0,Matches
24,José Ángel,es ESP,DF,Eibar,30,1989,10.0,15,8,9,4,2,8,12,4,7,0,7,13,28,17,1,Matches
25,Miguel Ángel Rubio,es ESP,DF,Valladolid,22,1998,1.5,0,0,0,0,0,0,0,0,2,2,0,3,3,11,0,Matches
Rk,Player,Nation,Pos,Squad,Age,Born,90s,Tkl,TklW,Def 3rd,Mid 3rd,Att 3rd,Tkl,Att,Lost,Blocks,Sh,Pass,Int,Tkl+Int,Clr,Err,Matches
26,José Antonio Miranda,gq EQG,"MF,DF",Getafe,22,1998,0.3,0,0,0,0,0,0,1,1,1,0,1,0,0,0,0,Matches
27,Aritz Arambarri,es ESP,DF,Real Sociedad,22,1998,0.3,1,1,0,1,0,1,2,1,0,0,0,0,1,0,0,Matches
28,Mauro Arambarri,uy URU,MF,Getafe,24,1995,33.1,64,39,22,35,7,23,80,57,40,5,35,42,106,28,0,Matches
29,Néstor Araujo,mx MEX,DF,Celta Vigo,28,1991,27.0,24,16,14,9,1,7,15,8,23,18,5,43,67,89,2,Matches
30,Ronald Araújo,uy URU,DF,Barcelona,21,1999,16.8,22,11,12,8,2,9,9,0,24,15,9,20,42,47,1,Matches
31,Anaitz Arbilla,es ESP,DF,Eibar,33,1987,31.2,45,26,31,11,3,27,54,27,36,11,25,69,114,73,1,Matches
32,Unai Arietaleanizbeaskoa,es ESP,"FW,MF",Eibar,21,1999,0.5,1,0,0,0,1,0,0,0,0,0,0,0,1,0,0,Matches
33,Sergio Arribas,es ESP,"MF,FW",Real Madrid,18,2001,1.5,3,1,2,1,0,1,3,2,2,0,2,4,7,2,0,Matches
34,Sergio Asenjo,es ESP,GK,Villarreal,31,1989,36.0,0,0,0,0,0,0,1,1,0,0,0,0,0,13,2,Matches
35,Marco Asensio,es ESP,"FW,MF",Real Madrid,24,1996,20.8,12,6,7,4,1,3,24,21,15,0,15,11,23,10,0,Matches
36,Iago Aspas,es ESP,FW,Celta Vigo,32,1987,31.8,11,3,2,7,2,2,23,21,25,2,23,16,27,21,0,Matches
37,Miguel Atienza,es ESP,MF,Eibar,21,1999,9.3,20,9,5,15,0,8,23,15,14,1,13,9,29,12,0,Matches
38,Ezequiel Ávila,ar ARG,"FW,MF",Osasuna,26,1994,2.2,6,2,3,1,2,2,4,2,1,0,1,1,7,0,0,Matches
39,Ramon Azeez,ng NGA,MF,Granada,27,1992,1.1,1,1,0,1,0,0,0,0,0,0,0,1,2,1,0,Matches
40,Carlos Bacca,co COL,FW,Villarreal,33,1986,8.7,9,5,5,3,1,3,5,2,5,0,5,3,12,2,0,Matches
41,Édgar Badía,es ESP,GK,Elche,28,1992,30.0,1,0,1,0,0,1,3,2,0,0,0,0,1,17,3,Matches
42,Alex Baena,es ESP,MF,Villarreal,19,2001,1.5,4,3,1,2,1,1,3,2,1,1,0,1,5,1,0,Matches
43,Miguel Baeza,es ESP,"MF,FW",Celta Vigo,20,2000,6.0,7,6,5,2,0,5,13,8,3,0,3,3,10,2,0,Matches
44,Mikel Balenziaga,es ESP,DF,Athletic Club,32,1988,18.8,26,15,11,12,3,9,18,9,22,7,15,7,33,46,0,Matches
45,Barcia,es ESP,DF,Granada,19,2000,1.0,1,1,1,0,0,0,0,0,1,1,0,3,4,9,0,Matches
46,Enis Bardhi,mk MKD,MF,Levante,25,1995,18.7,28,12,8,16,4,10,36,26,8,2,6,21,49,14,0,Matches
47,Kike Barja,es ESP,"MF,FW",Osasuna,23,1997,15.9,10,5,6,1,3,5,24,19,10,1,9,16,26,8,0,Matches
48,Marc Baró,es ESP,DF,Cádiz,20,1999,1.0,2,1,2,0,0,0,2,2,1,0,1,2,4,2,1,Matches
49,Antonio Barragán,es ESP,DF,Elche,33,1987,24.8,28,14,21,5,2,12,21,9,22,8,14,33,61,67,1,Matches
50,Ander Barrenetxea,es ESP,"MF,FW",Real Sociedad,18,2001,14.5,29,19,5,18,6,9,24,15,20,0,20,6,35,8,0,Matches
Rk,Player,Nation,Pos,Squad,Age,Born,90s,Tkl,TklW,Def 3rd,Mid 3rd,Att 3rd,Tkl,Att,Lost,Blocks,Sh,Pass,Int,Tkl+Int,Clr,Err,Matches
51,Marc Bartra,es ESP,DF,Betis,29,1991,18.8,27,16,18,8,1,12,22,10,19,5,14,40,67,74,3,Matches
52,Álvaro Bastida,es ESP,MF,Cádiz,16,2004,0.4,0,0,0,0,0,0,0,0,0,0,0,0,0,0,0,Matches
53,Rodrigo Battaglia,ar ARG,MF,Alavés,29,1991,27.7,38,16,21,14,3,16,50,34,30,14,16,29,67,40,1,Matches
54,Jon Bautista,es ESP,FW,Real Sociedad,25,1995,4.1,5,3,0,2,3,0,3,3,3,1,2,2,7,4,0,Matches
55,Fran Beltrán,es ESP,"MF,FW",Celta Vigo,21,1999,15.5,30,22,15,12,3,8,24,16,14,1,13,16,46,24,0,Matches
56,Sergio Benito,es ESP,FW,Valladolid,21,1999,0.0,0,0,0,0,0,0,0,0,0,0,0,0,0,0,0,Matches
57,Karim Benzema,fr FRA,FW,Real Madrid,32,1987,32.2,8,6,4,2,2,5,15,10,9,2,7,8,16,24,0,Matches
58,Yuri Berchiche,es ESP,DF,Athletic Club,30,1990,18.7,24,19,14,5,5,10,24,14,14,0,14,11,35,29,0,Matches
59,Álex Berenguer,es ESP,"MF,FW",Athletic Club,25,1995,25.3,47,31,21,20,6,9,51,42,48,3,45,18,65,27,0,Matches
60,Pedro Bigas,es ESP,DF,Eibar,29,1990,17.0,11,9,7,4,0,7,14,7,12,6,6,23,34,54,0,Matches
61,Alejandro Blanco,es ESP,MF,Valencia,21,1998,6.4,8,4,4,4,0,3,18,15,5,0,5,8,16,9,0,Matches
62,Antonio Blanco,es ESP,"MF,FW",Real Madrid,20,2000,2.4,7,2,4,2,1,3,7,4,6,2,4,3,10,5,0,Matches
63,Rubén Blanco,es ESP,GK,Celta Vigo,25,1995,18.2,0,0,0,0,0,0,0,0,0,0,0,0,0,7,3,Matches
64,Alejandro Blesa,es ESP,MF,Levante,18,2002,0.1,0,0,0,0,0,0,0,0,0,0,0,0,0,0,0,Matches
65,Yann Bodiger,fr FRA,MF,Cádiz,25,1995,2.8,2,2,1,1,0,1,6,5,7,3,4,8,10,4,0,Matches
66,Yassine Bounou,ma MAR,GK,Sevilla,29,1991,33.0,1,1,1,0,0,0,2,2,0,0,0,0,1,12,2,Matches
67,Lucas Boyé,ar ARG,FW,Elche,24,1996,29.9,47,31,13,27,7,10,49,39,37,2,35,19,66,21,0,Matches
68,Martin Braithwaite,dk DEN,FW,Barcelona,29,1991,13.1,8,4,2,3,3,1,6,5,2,0,2,6,14,7,0,Matches
69,Darko Brašanac,rs SRB,MF,Osasuna,28,1992,10.1,10,6,6,4,0,5,16,11,8,1,7,7,17,10,0,Matches
70,Álvaro Bravo,es ESP,MF,Granada,22,1998,0.2,1,1,1,0,0,1,2,1,0,0,0,1,2,0,0,Matches
71,Claudio Bravo,cl CHI,GK,Betis,37,1983,20.0,0,0,0,0,0,0,1,1,0,0,0,0,0,11,0,Matches
72,Yan Brice Eteki,cm CMR,MF,Granada,22,1997,14.7,23,15,10,12,1,8,19,11,13,3,10,13,36,16,1,Matches
73,Juan Brunet,ar ARG,MF,Granada,22,1998,0.3,0,0,0,0,0,0,0,0,0,0,0,0,0,1,0,Matches
74,Ante Budimir,hr CRO,FW,Osasuna,29,1991,18.1,20,12,2,11,7,4,15,11,17,4,13,2,22,17,1,Matches
75,Esteban Burgos,ar ARG,DF,Eibar,28,1992,12.3,7,6,4,3,0,1,5,4,8,7,1,23,30,54,2,Matches
Rk,Player,Nation,Pos,Squad,Age,Born,90s,Tkl,TklW,Def 3rd,Mid 3rd,Att 3rd,Tkl,Att,Lost,Blocks,Sh,Pass,Int,Tkl+Int,Clr,Err,Matches
76,Burgui,es ESP,MF,Alavés,26,1993,0.2,3,1,2,1,0,1,1,0,0,0,0,0,3,0,0,Matches
77,Sergio Busquets,es ESP,MF,Barcelona,32,1988,28.0,63,35,21,29,13,27,76,49,27,4,23,53,116,18,2,Matches
78,Erick Cabaco,uy URU,DF,Getafe,25,1995,14.7,24,14,11,12,1,12,22,10,8,6,2,13,37,51,1,Matches
79,Cala,es ESP,DF,Cádiz,30,1989,25.2,21,12,15,6,0,11,21,10,18,8,10,35,56,91,0,Matches
80,Jonathan Calleri,ar ARG,FW,Osasuna,26,1993,17.2,15,6,2,4,9,3,17,14,18,2,16,1,16,10,1,Matches
81,Dani Calvo,es ESP,DF,Elche,26,1994,19.8,20,13,13,7,0,7,10,3,18,12,6,11,31,71,0,Matches
82,José Campaña,es ESP,MF,Levante,27,1993,8.3,14,6,3,6,5,5,14,9,2,0,2,13,27,4,0,Matches
83,Sergio Canales,es ESP,"MF,FW",Betis,29,1991,27.8,16,9,9,6,1,3,21,18,18,0,18,13,29,5,0,Matches
84,Álex Cantero,es ESP,FW,Levante,20,2000,2.6,2,1,0,2,0,1,2,1,1,0,1,0,2,3,0,Matches
85,Ander Capa,es ESP,DF,Athletic Club,28,1992,23.7,37,18,22,13,2,18,37,19,21,8,13,25,62,57,0,Matches
86,Étienne Capoue,fr FRA,MF,Villarreal,32,1988,13.2,20,10,14,6,0,8,18,10,7,1,6,20,40,23,0,Matches
87,Isaac Carcelen,es ESP,DF,Cádiz,27,1993,28.7,68,43,36,25,7,33,60,27,37,12,25,49,117,89,0,Matches
88,Dani Cárdenas,es ESP,GK,Levante,23,1997,8.0,0,0,0,0,0,0,1,1,0,0,0,3,3,5,1,Matches
89,Marc Cardona,es ESP,"FW,DF",Osasuna,25,1995,0.6,1,0,1,0,0,1,1,0,0,0,0,0,1,0,0,Matches
90,Diego Carlos,br BRA,DF,Sevilla,27,1993,31.0,22,13,17,4,1,8,16,8,35,27,8,31,53,114,1,Matches
91,Juan Carlos,es ESP,"MF,FW",Huesca,29,1991,3.2,5,3,4,1,0,2,15,13,7,0,7,1,6,1,0,Matches
92,Yannick Carrasco,be BEL,"DF,MF",Atlético Madrid,26,1993,24.2,27,15,14,6,7,15,34,19,24,0,24,17,44,16,1,Matches
93,Sergio Carreira,es ESP,DF,Celta Vigo,19,2000,2.9,3,0,2,1,0,1,1,0,2,0,2,1,4,7,0,Matches
94,Guido Carrillo,ar ARG,FW,Elche,29,1991,11.1,9,8,1,7,1,2,8,6,2,1,1,4,13,14,0,Matches
95,Dani Carvajal,es ESP,DF,Real Madrid,28,1992,10.6,27,20,12,10,5,11,20,9,19,1,18,13,40,27,0,Matches
96,William Carvalho,pt POR,MF,Betis,28,1992,13.6,19,11,7,11,1,5,21,16,11,3,8,11,30,14,1,Matches
97,Casemiro,br BRA,MF,Real Madrid,28,1992,32.2,84,49,50,30,4,33,73,40,50,17,33,70,154,62,0,Matches
98,Sofian Chakla,ma MAR,DF,Villarreal,26,1993,0.1,0,0,0,0,0,0,0,0,0,0,0,0,0,0,0,Matches
99,Sofian Chakla,ma MAR,DF,Getafe,26,1993,10.0,12,8,10,1,1,5,7,2,3,2,1,14,26,48,1,Matches
100,Chema,es ESP,"DF,MF",Getafe,28,1992,6.2,11,5,6,5,0,5,7,2,1,0,1,10,21,23,0,Matches
Rk,Player,Nation,Pos,Squad,Age,Born,90s,Tkl,TklW,Def 3rd,Mid 3rd,Att 3rd,Tkl,Att,Lost,Blocks,Sh,Pass,Int,Tkl+Int,Clr,Err,Matches
101,Denis Cheryshev,ru RUS,MF,Valencia,29,1990,12.2,19,15,6,7,6,6,26,20,15,1,14,12,31,15,0,Matches
102,Samuel Chukwueze,ng NGA,"MF,FW",Villarreal,21,1999,15.2,12,7,4,4,4,3,17,14,8,0,8,10,22,3,0,Matches
103,Víctor Chust,es ESP,DF,Real Madrid,20,2000,1.1,1,1,0,1,0,0,2,2,2,2,0,1,2,5,0,Matches
104,Cifu,es ESP,DF,Elche,29,1990,5.0,10,7,7,3,0,7,13,6,5,1,4,8,18,10,0,Matches
105,Alberto Cifuentes,es ESP,GK,Cádiz,41,1979,2.0,0,0,0,0,0,0,0,0,0,0,0,0,0,0,0,Matches
106,Jasper Cillessen,nl NED,GK,Valencia,31,1989,10.0,0,0,0,0,0,0,0,0,0,0,0,0,0,0,0,Matches
107,Carlos Clerc,es ESP,DF,Levante,28,1992,30.9,56,29,33,16,7,22,39,17,26,4,22,37,93,55,1,Matches
108,Coke,es ESP,DF,Levante,33,1987,9.3,24,10,14,7,3,14,27,13,13,1,12,14,38,27,0,Matches
109,Francis Coquelin,fr FRA,MF,Villarreal,29,1991,8.2,19,14,4,12,3,8,19,11,8,2,6,21,40,11,1,Matches
110,Iñigo Córdoba,es ESP,"FW,MF",Athletic Club,23,1997,1.1,0,0,0,0,0,0,3,3,4,0,4,2,2,1,0,Matches
111,Iñigo Córdoba,es ESP,MF,Alavés,23,1997,2.4,6,4,1,3,2,2,10,8,7,0,7,3,9,2,0,Matches
112,Ángel Correa,ar ARG,"FW,MF",Atlético Madrid,25,1995,26.6,38,21,10,23,5,15,45,30,18,1,17,22,60,16,0,Matches
113,Rober Correa,es ESP,DF,Eibar,27,1992,12.6,16,9,8,6,2,8,12,4,9,1,8,20,36,31,0,Matches
114,Thierry Correia,pt POR,DF,Valencia,21,1999,23.7,47,27,32,10,5,21,43,22,24,6,18,42,89,63,1,Matches
115,Diego Costa,es ESP,FW,Atlético Madrid,31,1988,2.3,1,0,1,0,0,1,3,2,0,0,0,0,1,2,0,Matches
116,Jaume Costa,es ESP,"DF,MF",Villarreal,32,1988,3.9,10,6,4,6,0,7,9,2,7,1,6,6,16,8,0,Matches
117,Thibaut Courtois,be BEL,GK,Real Madrid,28,1992,38.0,0,0,0,0,0,0,1,1,1,0,1,1,1,17,2,Matches
118,Philippe Coutinho,br BRA,"MF,FW",Barcelona,28,1992,7.3,8,6,2,5,1,3,9,6,7,0,7,2,10,1,0,Matches
119,Juan Cruz Armada,es ESP,DF,Osasuna,28,1992,21.8,36,22,17,16,3,19,35,16,19,5,14,15,51,50,0,Matches
120,Sergio Cubero Ezcurra,es ESP,MF,Eibar,20,1999,0.0,0,0,0,0,0,0,0,0,0,0,0,0,0,0,0,Matches
121,Cucho,co COL,"FW,MF",Getafe,21,1999,16.3,19,10,1,14,4,2,23,21,18,1,17,6,25,8,0,Matches
122,Marc Cucurella,es ESP,MF,Getafe,22,1998,36.0,64,51,19,40,5,25,66,41,45,4,41,40,104,27,0,Matches
123,Patrick Cutrone,it ITA,FW,Valencia,22,1998,1.2,0,0,0,0,0,0,1,1,0,0,0,1,1,0,0,Matches
124,Moussa Dembélé,fr FRA,FW,Atlético Madrid,24,1996,1.1,0,0,0,0,0,0,1,1,0,0,0,1,1,0,0,Matches
125,Ousmane Dembélé,fr FRA,FW,Barcelona,23,1997,19.7,14,9,4,9,1,6,17,11,10,0,10,9,23,3,1,Matches
Rk,Player,Nation,Pos,Squad,Age,Born,90s,Tkl,TklW,Def 3rd,Mid 3rd,Att 3rd,Tkl,Att,Lost,Blocks,Sh,Pass,Int,Tkl+Int,Clr,Err,Matches
126,Sergiño Dest,us USA,"DF,FW",Barcelona,19,2000,21.2,31,16,23,6,2,18,32,14,25,4,21,10,41,24,1,Matches
127,Deyverson,br BRA,FW,Alavés,29,1991,9.7,6,4,3,1,2,2,13,11,9,0,9,9,15,13,0,Matches
128,Abdoulay Diaby,ml MLI,DF,Getafe,29,1991,0.2,2,0,0,2,0,0,0,0,2,0,2,0,2,0,0,Matches
129,Mouctar Diakhaby,gn GUI,DF,Valencia,23,1996,23.1,16,8,10,6,0,8,12,4,28,21,7,27,43,102,1,Matches
130,Víctor Díaz,es ESP,DF,Granada,32,1988,9.2,21,10,13,6,2,10,19,9,14,8,6,16,37,39,0,Matches
131,Papakouli Diop,sn SEN,MF,Eibar,34,1986,25.8,43,29,15,22,6,12,41,29,23,5,18,39,82,34,1,Matches
132,Djené,tg TOG,DF,Getafe,28,1991,32.7,61,39,31,26,4,26,34,8,24,11,13,42,103,96,0,Matches
133,Marko Dmitrović,rs SRB,GK,Eibar,28,1992,34.7,4,3,4,0,0,2,4,2,0,0,0,0,4,16,2,Matches
134,Jaume Doménech,es ESP,GK,Valencia,29,1990,28.0,1,1,1,0,0,1,2,1,1,0,1,0,1,16,2,Matches
135,Carlos Dominguez,es ESP,DF,Celta Vigo,19,2001,4.0,5,4,4,1,0,3,6,3,5,3,2,6,11,24,0,Matches
136,John Donald,es ESP,"DF,MF",Elche,19,2000,0.6,0,0,0,0,0,0,0,0,0,0,0,0,0,1,0,Matches
137,Cheick Doukouré,ci CIV,"MF,FW",Levante,27,1992,1.1,5,4,2,1,2,3,4,1,2,0,2,3,8,0,0,Matches
138,Idrissa Doumbia,ci CIV,MF,Huesca,22,1998,8.7,15,8,6,7,2,5,13,8,6,3,3,7,22,9,0,Matches
139,Domingos Duarte,pt POR,DF,Granada,25,1995,26.3,32,20,18,12,2,14,21,7,29,20,9,29,61,86,0,Matches
140,Óscar Duarte,cr CRC,DF,Levante,31,1989,22.9,22,13,17,5,0,10,18,8,23,15,8,36,58,97,1,Matches
141,Rubén Duarte,es ESP,DF,Alavés,24,1995,28.3,55,30,28,21,6,23,52,29,44,6,38,67,122,72,0,Matches
142,Unai Dufur,es ESP,DF,Eibar,21,1999,0.7,2,2,2,0,0,2,4,2,0,0,0,1,3,0,0,Matches
143,Hugo Duro,es ESP,FW,Real Madrid,20,1999,0.6,0,0,0,0,0,0,0,0,1,0,1,0,0,0,0,Matches
144,Aritz Elustondo,es ESP,DF,Real Sociedad,26,1994,20.9,30,16,21,7,2,18,22,4,12,5,7,15,45,63,0,Matches
145,Rodrigo Ely,br BRA,DF,Alavés,26,1993,5.2,5,2,3,2,0,3,4,1,2,1,1,7,12,23,1,Matches
146,Emerson,br BRA,DF,Betis,21,1999,33.2,91,52,62,25,4,43,78,35,33,6,27,61,152,102,2,Matches
147,Youssef En-Nesyri,ma MAR,FW,Sevilla,23,1997,25.7,17,11,2,9,6,4,21,17,15,0,15,8,25,23,0,Matches
148,Sergi Enrich,es ESP,FW,Eibar,30,1990,15.6,21,15,6,7,8,9,22,13,11,0,11,6,27,5,0,Matches
149,Aarón Escandell,es ESP,GK,Granada,24,1995,5.0,1,1,1,0,0,1,1,0,0,0,0,0,1,6,0,Matches
150,Dani Escriche,es ESP,"FW,MF",Huesca,22,1998,9.5,9,7,5,2,2,3,10,7,11,0,11,8,17,5,0,Matches
Rk,Player,Nation,Pos,Squad,Age,Born,90s,Tkl,TklW,Def 3rd,Mid 3rd,Att 3rd,Tkl,Att,Lost,Blocks,Sh,Pass,Int,Tkl+Int,Clr,Err,Matches
151,Sergio Escudero,es ESP,DF,Sevilla,30,1989,6.3,12,8,6,5,1,6,12,6,5,2,3,9,21,7,0,Matches
152,Alfonso Espino,uy URU,DF,Cádiz,28,1992,28.9,92,48,63,28,1,43,85,42,30,5,25,41,133,74,0,Matches
153,Vicente Esquerdo,es ESP,MF,Valencia,21,1999,2.6,7,4,5,2,0,4,6,2,4,2,2,8,15,1,0,Matches
154,Pervis Estupiñán,ec ECU,DF,Villarreal,22,1998,13.0,37,17,23,12,2,14,23,9,10,2,8,35,72,14,2,Matches
155,Xabier Etxeita,es ESP,DF,Getafe,32,1987,9.8,8,4,5,3,0,7,14,7,6,3,3,13,21,38,0,Matches
156,Edu Expósito,es ESP,MF,Eibar,23,1996,27.3,51,30,16,31,4,20,66,46,25,4,21,22,73,17,0,Matches
157,Jokin Ezkieta,es ESP,GK,Athletic Club,23,1996,1.0,0,0,0,0,0,0,0,0,0,0,0,0,0,0,0,Matches
158,Fali,es ESP,"DF,MF",Cádiz,26,1993,29.3,42,25,24,15,3,16,37,21,28,15,13,32,74,119,0,Matches
159,Ansu Fati,es ESP,FW,Barcelona,17,2002,4.8,9,4,2,4,3,2,10,8,4,0,4,3,12,1,0,Matches
160,Nabil Fekir,fr FRA,"MF,FW",Betis,27,1993,29.1,46,24,9,22,15,7,43,36,31,2,29,8,54,2,0,Matches
161,Felipe,br BRA,DF,Atlético Madrid,31,1989,22.9,29,17,19,10,0,18,23,5,30,15,15,36,65,128,2,Matches
162,João Félix,pt POR,"FW,MF",Atlético Madrid,20,1999,17.5,8,4,1,6,1,4,17,13,3,0,3,5,13,2,0,Matches
163,Aitor Fernández,es ESP,GK,Levante,29,1991,29.0,0,0,0,0,0,0,0,0,0,0,0,2,2,16,1,Matches
164,Álex Fernández,es ESP,MF,Cádiz,27,1992,21.6,19,9,8,8,3,8,30,22,14,1,13,22,41,15,0,Matches
165,Álvaro Fernández,es ESP,GK,Huesca,22,1998,22.0,1,1,0,1,0,1,3,2,0,0,0,2,3,7,0,Matches
166,Andrés Fernández,es ESP,GK,Huesca,33,1986,16.0,0,0,0,0,0,0,0,0,0,0,0,0,0,3,2,Matches
167,Augusto Fernández,ar ARG,MF,Cádiz,34,1986,4.1,11,3,5,6,0,2,13,11,5,1,4,9,20,5,0,Matches
168,Carlos Fernández,es ESP,FW,Sevilla,24,1996,1.6,1,0,1,0,0,0,2,2,3,1,2,1,2,0,0,Matches
169,Carlos Fernández,es ESP,"FW,MF",Real Sociedad,24,1996,4.3,3,2,0,2,1,1,8,7,6,1,5,0,3,6,0,Matches
170,Joaquín Fernández,es ESP,DF,Valladolid,24,1996,23.0,30,16,21,8,1,12,21,9,24,15,9,43,73,113,0,Matches
171,Fernando,br BRA,MF,Sevilla,33,1987,28.3,54,28,24,25,5,23,43,20,25,11,14,41,95,70,0,Matches
172,David Ferreiro,es ESP,"MF,FW",Huesca,32,1988,28.1,25,12,12,8,5,8,49,41,22,1,21,25,50,15,0,Matches
173,Facundo Ferreyra,ar ARG,FW,Celta Vigo,29,1991,3.3,4,3,1,2,1,0,2,2,5,0,5,2,6,2,0,Matches
174,Fidel,es ESP,"MF,DF",Elche,30,1989,26.6,46,30,28,15,3,25,64,39,22,2,20,16,62,14,0,Matches
175,Junior Firpo,do DOM,"DF,MF",Barcelona,23,1996,3.2,1,1,1,0,0,0,1,1,5,3,2,4,5,7,0,Matches
Rk,Player,Nation,Pos,Squad,Age,Born,90s,Tkl,TklW,Def 3rd,Mid 3rd,Att 3rd,Tkl,Att,Lost,Blocks,Sh,Pass,Int,Tkl+Int,Clr,Err,Matches
176,Kingsley Fobi,gh GHA,DF,Granada,21,1998,0.5,0,0,0,0,0,0,0,0,0,0,0,1,1,1,0,Matches
177,Ramón Folch,es ESP,MF,Elche,30,1989,0.0,0,0,0,0,0,0,0,0,0,0,0,0,0,0,0,Matches
178,José Fontán,es ESP,DF,Celta Vigo,20,2000,7.2,12,9,8,4,0,5,11,6,4,3,1,13,25,27,0,Matches
179,Dimitri Foulquier,fr FRA,DF,Granada,27,1993,29.6,35,21,20,12,3,15,26,11,24,7,17,26,61,60,0,Matches
180,Juan Foyth,ar ARG,"DF,MF",Villarreal,22,1998,13.0,40,22,22,14,4,12,29,17,21,6,15,19,59,24,1,Matches
181,Jorge de Frutos,es ESP,MF,Levante,23,1997,24.3,48,24,21,21,6,11,41,30,25,2,23,16,64,17,0,Matches
182,Ramiro Funes Mori,ar ARG,DF,Villarreal,29,1991,8.1,12,8,7,5,0,7,11,4,7,5,2,8,20,42,1,Matches
183,Javi Galán,es ESP,DF,Huesca,25,1994,34.1,88,54,47,35,6,46,72,26,30,4,26,39,127,61,0,Matches
184,Enric Gallego,es ESP,FW,Osasuna,33,1986,9.0,6,3,2,2,2,2,14,12,5,1,4,1,7,9,0,Matches
185,Kévin Gameiro,fr FRA,FW,Valencia,33,1987,12.0,7,4,3,2,2,3,11,8,10,0,10,0,7,3,0,Matches
186,Aleix García,es ESP,MF,Eibar,23,1997,4.9,5,4,2,2,1,1,10,9,5,0,5,8,13,2,0,Matches
187,Borja García,es ESP,"MF,FW",Huesca,29,1990,12.4,13,7,4,6,3,6,12,6,12,0,12,10,23,4,1,Matches
188,Dani García,es ESP,MF,Athletic Club,30,1990,21.3,39,19,10,23,6,15,46,31,20,7,13,33,72,34,0,Matches
189,David García,es ESP,DF,Osasuna,26,1994,35.0,26,17,13,13,0,13,24,11,36,19,17,59,85,171,0,Matches
190,Manu García,es ESP,MF,Alavés,34,1986,12.5,24,13,10,13,1,8,35,27,16,1,15,12,36,21,0,Matches
191,Raúl García,es ESP,"DF,MF",Valladolid,31,1989,5.6,10,8,5,5,0,6,20,14,5,1,4,9,19,10,0,Matches
192,Raúl García,es ESP,"FW,MF",Athletic Club,34,1986,19.4,34,19,9,19,6,7,22,15,30,1,29,15,49,20,0,Matches
193,Rubén García,es ESP,"MF,FW",Osasuna,27,1993,30.2,50,29,21,22,7,14,45,31,28,2,26,29,79,20,0,Matches
194,Sergi García,es ESP,MF,Alavés,21,1999,0.2,1,1,0,1,0,0,1,1,0,0,0,0,1,0,0,Matches
195,Unai García,es ESP,DF,Osasuna,28,1992,13.8,19,9,14,4,1,9,15,6,16,8,8,14,33,40,0,Matches
196,Mario Gaspar,es ESP,DF,Villarreal,29,1990,20.6,55,34,22,24,9,21,40,19,26,4,22,30,85,47,1,Matches
197,Paulo Gazzaniga,ar ARG,GK,Elche,28,1992,8.0,1,1,1,0,0,0,0,0,0,0,0,1,2,4,0,Matches
198,Bryan Gil,es ESP,FW,Sevilla,19,2001,0.1,1,1,0,1,0,0,0,0,0,0,0,0,1,0,0,Matches
199,Bryan Gil,es ESP,"MF,FW",Eibar,19,2001,25.2,28,18,12,11,5,6,23,17,20,0,20,17,45,6,0,Matches
200,David Gil,es ESP,GK,Cádiz,26,1994,4.0,0,0,0,0,0,0,1,1,0,0,0,0,0,2,0,Matches
Rk,Player,Nation,Pos,Squad,Age,Born,90s,Tkl,TklW,Def 3rd,Mid 3rd,Att 3rd,Tkl,Att,Lost,Blocks,Sh,Pass,Int,Tkl+Int,Clr,Err,Matches
201,Álvaro Giménez,es ESP,FW,Cádiz,29,1991,4.5,4,2,2,2,0,0,3,3,2,0,2,2,6,3,0,Matches
202,Dani Gómez,es ESP,FW,Levante,22,1998,18.5,4,3,2,1,1,0,11,11,3,0,3,2,6,4,0,Matches
203,Ibai Gómez,es ESP,MF,Athletic Club,30,1989,4.7,6,4,2,3,1,4,7,3,3,0,3,2,8,4,0,Matches
204,Maxi Gómez,uy URU,FW,Valencia,23,1996,29.9,11,9,3,7,1,3,14,11,13,3,10,2,13,34,0,Matches
205,Moi Gómez,es ESP,"MF,FW",Villarreal,26,1994,28.5,21,12,6,8,7,14,35,21,20,3,17,11,32,16,0,Matches
206,Papu Gómez,ar ARG,"MF,FW",Sevilla,32,1988,10.2,9,6,2,4,3,2,12,10,13,2,11,7,16,6,0,Matches
207,Sergi Gómez,es ESP,DF,Sevilla,28,1992,8.0,4,3,2,2,0,1,1,0,5,4,1,6,10,34,0,Matches
208,Sergio Gómez,es ESP,"MF,FW",Huesca,19,2000,8.8,29,10,17,9,3,11,22,11,15,0,15,14,43,9,0,Matches
209,Maxime Gonalons,fr FRA,MF,Granada,31,1989,16.4,53,37,18,33,2,15,37,22,17,0,17,25,78,21,1,Matches
210,Bruno González,es ESP,DF,Valladolid,30,1990,25.1,26,17,18,8,0,17,31,14,22,14,8,37,63,112,1,Matches
211,Diego González,es ESP,DF,Elche,25,1995,14.2,11,7,7,3,1,5,11,6,16,9,7,20,31,49,1,Matches
212,Sergio González,es ESP,"MF,DF",Cádiz,23,1997,1.0,1,0,0,1,0,1,2,1,0,0,0,2,3,0,0,Matches
213,Urko González,es ESP,MF,Real Sociedad,19,2001,0.5,0,0,0,0,0,0,1,1,1,1,0,0,0,1,0,Matches
214,Andoni Gorosabel,es ESP,DF,Real Sociedad,23,1996,26.5,76,43,45,20,11,27,64,37,25,4,21,23,99,42,0,Matches
215,Antoine Griezmann,fr FRA,"FW,MF",Barcelona,29,1991,28.9,37,22,10,18,9,12,40,28,20,1,19,12,49,11,0,Matches
216,Andrés Guardado,mx MEX,MF,Betis,33,1986,14.6,25,12,10,11,4,11,26,15,13,3,10,18,43,19,0,Matches
217,Sergi Guardiola,es ESP,FW,Valladolid,29,1991,19.9,11,5,1,5,5,2,27,25,12,1,11,7,18,16,3,Matches
218,Nemanja Gudelj,rs SRB,"MF,DF",Sevilla,28,1991,11.6,23,12,16,5,2,4,10,6,10,6,4,24,47,24,2,Matches
219,Gonçalo Guedes,pt POR,"MF,FW",Valencia,23,1996,25.4,18,12,8,7,3,10,45,35,24,1,23,8,26,7,0,Matches
220,Ander Guevara,es ESP,MF,Real Sociedad,23,1997,23.1,35,23,15,16,4,15,30,15,19,5,14,25,60,35,1,Matches
221,John Guidetti,se SWE,FW,Alavés,28,1992,2.3,2,2,0,2,0,0,2,2,0,0,0,1,3,2,0,Matches
222,Hugo Guillamón,es ESP,DF,Valencia,20,2000,22.1,23,13,17,6,0,8,20,12,19,14,5,27,50,102,3,Matches
223,Jon Guridi,es ESP,MF,Real Sociedad,25,1995,9.2,19,9,10,6,3,8,22,14,8,1,7,10,29,9,0,Matches
224,Raúl Guti,es ESP,MF,Elche,23,1996,31.8,48,28,21,22,5,16,52,36,25,3,22,49,97,25,0,Matches
225,Marcos Mauro López Gutiérrez,ar ARG,DF,Cádiz,29,1991,20.3,23,15,15,8,0,15,24,9,18,12,6,22,45,78,0,Matches
Rk,Player,Nation,Pos,Squad,Age,Born,90s,Tkl,TklW,Def 3rd,Mid 3rd,Att 3rd,Tkl,Att,Lost,Blocks,Sh,Pass,Int,Tkl+Int,Clr,Err,Matches
226,Miguel Gutiérrez,es ESP,DF,Real Madrid,19,2001,3.5,4,0,0,3,1,1,7,6,3,0,3,5,9,5,0,Matches
227,Munir El Haddadi,ma MAR,FW,Sevilla,24,1995,9.4,12,8,5,5,2,2,12,10,6,0,6,5,17,6,0,Matches
228,Eden Hazard,be BEL,"FW,MF",Real Madrid,29,1991,5.9,3,2,1,2,0,0,3,3,3,0,3,3,6,0,0,Matches
229,Mario Hermoso,es ESP,DF,Atlético Madrid,25,1995,28.6,55,31,40,11,4,37,61,24,23,10,13,36,91,73,0,Matches
230,Aridane Hernández,es ESP,DF,Osasuna,31,1989,22.5,20,11,13,6,1,7,12,5,22,19,3,34,54,127,1,Matches
231,Héctor Herrera,mx MEX,MF,Atlético Madrid,30,1990,7.6,12,7,5,6,1,7,13,6,7,2,5,14,26,8,0,Matches
232,Sergio Herrera,es ESP,GK,Osasuna,27,1993,32.9,0,0,0,0,0,0,2,2,0,0,0,3,3,29,3,Matches
233,Yangel Herrera,ve VEN,MF,Granada,22,1998,25.7,59,26,19,32,8,11,41,30,53,17,36,26,85,32,1,Matches
234,Pablo Hervías,es ESP,"DF,MF",Valladolid,27,1993,13.4,19,12,7,9,3,9,26,17,6,0,6,11,30,8,0,Matches
235,Jordan Holsgrove,sct SCO,MF,Celta Vigo,20,1999,1.6,6,4,4,1,1,5,8,3,2,0,2,2,8,1,0,Matches
236,Vicente Iborra,es ESP,MF,Villarreal,32,1988,10.3,18,8,8,7,3,8,24,16,14,7,7,14,32,25,1,Matches
237,Oussama Idrissi,ma MAR,"FW,MF",Sevilla,24,1996,0.3,1,1,0,1,0,1,2,1,2,0,2,1,2,0,0,Matches
238,Iglesias,es ESP,"DF,MF",Getafe,22,1998,6.7,27,15,14,10,3,11,19,8,11,1,10,17,44,19,0,Matches
239,Borja Iglesias,es ESP,FW,Betis,27,1993,15.7,1,1,0,0,1,1,8,7,7,2,5,3,4,9,0,Matches
240,Asier Illarramendi,es ESP,MF,Real Sociedad,30,1990,3.7,5,2,1,4,0,1,5,4,2,0,2,5,10,7,0,Matches
241,Pablo Insua,es ESP,DF,Huesca,26,1993,17.6,37,18,26,9,2,14,31,17,14,8,6,24,61,68,0,Matches
242,Takashi Inui,jp JPN,"MF,FW",Eibar,32,1988,20.2,13,8,6,3,4,3,12,9,19,0,19,12,25,7,0,Matches
243,Alexander Isak,se SWE,FW,Real Sociedad,20,1999,26.0,9,5,0,3,6,3,8,5,17,1,16,3,12,7,0,Matches
244,Isco,es ESP,MF,Real Madrid,28,1992,10.1,13,9,5,5,3,2,14,12,7,1,6,2,15,2,0,Matches
245,Jairo Izquierdo,es ESP,"MF,DF",Cádiz,26,1993,14.2,21,13,13,8,0,12,31,19,7,1,6,14,35,12,0,Matches
246,Saidy Janko,gm GAM,DF,Valladolid,24,1995,13.6,19,10,12,5,2,8,14,6,9,1,8,18,37,47,0,Matches
247,Adnan Januzaj,be BEL,"FW,MF",Real Sociedad,25,1995,11.3,9,8,0,6,3,3,8,5,7,2,5,3,12,4,0,Matches
248,Jason,es ESP,"MF,DF",Valencia,26,1994,4.9,9,3,5,2,2,4,16,12,6,1,5,10,19,4,0,Matches
249,Luis Javier Suárez,co COL,"FW,MF",Granada,22,1997,18.5,19,11,5,7,7,6,17,11,10,1,9,8,27,11,0,Matches
250,Joaquín,es ESP,"FW,MF",Betis,39,1981,14.3,9,3,1,5,3,4,12,8,8,0,8,17,26,11,0,Matches
Rk,Player,Nation,Pos,Squad,Age,Born,90s,Tkl,TklW,Def 3rd,Mid 3rd,Att 3rd,Tkl,Att,Lost,Blocks,Sh,Pass,Int,Tkl+Int,Clr,Err,Matches
251,John Joe,ie IRL,"MF,FW",Getafe,16,2003,0.7,2,0,0,2,0,0,0,0,0,0,0,0,2,0,0,Matches
252,Frenkie de Jong,nl NED,"MF,DF",Barcelona,23,1997,35.0,44,27,21,19,4,15,35,20,20,4,16,38,82,29,2,Matches
253,Luuk de Jong,nl NED,FW,Sevilla,29,1990,14.1,9,5,3,2,4,1,7,6,11,3,8,5,14,15,0,Matches
254,Jony,es ESP,"MF,FW",Osasuna,29,1991,9.7,7,3,1,2,4,5,20,15,5,0,5,14,21,3,0,Matches
255,Joan Jordán,es ESP,MF,Sevilla,26,1994,26.7,52,28,17,29,6,17,76,59,22,3,19,27,79,25,0,Matches
256,Josan,es ESP,"MF,DF",Elche,30,1989,21.4,34,18,23,11,0,13,39,26,24,1,23,21,55,26,1,Matches
257,Willian José,br BRA,FW,Real Sociedad,28,1991,7.7,3,1,0,3,0,1,3,2,3,1,2,0,3,8,0,Matches
258,Joselu,es ESP,FW,Alavés,30,1990,33.6,27,14,6,15,6,8,28,20,26,3,23,15,42,58,1,Matches
259,Josema,es ESP,DF,Elche,24,1996,21.8,43,28,33,10,0,10,18,8,17,7,10,37,80,92,1,Matches
260,Jota,pt POR,"MF,FW",Valladolid,21,1999,7.4,7,3,1,4,2,5,10,5,4,0,4,6,13,5,1,Matches
261,Jota,es ESP,MF,Alavés,29,1991,15.5,19,14,6,7,6,3,29,26,12,0,12,9,28,9,0,Matches
262,Luka Jović,rs SRB,FW,Real Madrid,22,1997,1.7,0,0,0,0,0,0,0,0,0,0,0,0,0,0,0,Matches
263,Juanmi,es ESP,"FW,MF",Betis,27,1993,6.7,13,9,3,5,5,4,18,14,4,0,4,2,15,4,0,Matches
264,Vinicius Júnior,br BRA,FW,Real Madrid,20,2000,21.9,32,22,14,10,8,11,43,32,28,0,28,7,39,4,0,Matches
265,Jens Jønsson,dk DEN,MF,Cádiz,27,1993,29.1,55,29,25,25,5,22,52,30,39,7,32,51,106,45,0,Matches
266,Damian Kądzior,pl POL,"FW,MF",Eibar,28,1992,2.2,1,0,0,1,0,1,5,4,1,0,1,0,1,0,0,Matches
267,Lee Kang-in,kr KOR,"FW,MF",Valencia,19,2001,14.0,15,11,8,4,3,3,31,28,12,0,12,2,17,0,0,Matches
268,Stephane Keller,cm CMR,DF,Alavés,18,2001,0.2,1,0,1,0,0,1,1,0,0,0,0,0,1,0,0,Matches
269,Kenedy,br BRA,"FW,MF",Granada,24,1996,16.3,22,12,10,7,5,5,25,20,21,4,17,26,48,15,1,Matches
270,Kiké,es ESP,FW,Eibar,30,1989,34.3,24,18,5,7,12,6,22,16,24,1,23,7,31,29,0,Matches
271,Giorgi Kochorashvili,ge GEO,MF,Levante,21,1999,0.3,1,0,1,0,0,0,0,0,0,0,0,0,1,0,0,Matches
272,Kenan Kodro,ba BIH,"FW,MF",Valladolid,26,1993,5.1,0,0,0,0,0,0,2,2,2,1,1,2,2,6,0,Matches
273,Kenan Kodro,ba BIH,"FW,MF",Athletic Club,26,1993,0.5,0,0,0,0,0,0,1,1,0,0,0,0,0,0,0,Matches
274,Koba Koindredi,fr FRA,MF,Valencia,18,2001,0.2,1,1,1,0,0,0,1,1,0,0,0,0,1,0,0,Matches
275,Koke,es ESP,MF,Atlético Madrid,28,1992,33.6,64,42,22,31,11,28,98,70,35,6,29,36,100,40,0,Matches
Rk,Player,Nation,Pos,Squad,Age,Born,90s,Tkl,TklW,Def 3rd,Mid 3rd,Att 3rd,Tkl,Att,Lost,Blocks,Sh,Pass,Int,Tkl+Int,Clr,Err,Matches
276,Geoffrey Kondogbia,cf CTA,MF,Valencia,27,1993,4.9,16,9,9,4,3,7,19,12,6,1,5,8,24,8,0,Matches
277,Geoffrey Kondogbia,cf CTA,MF,Atlético Madrid,27,1993,6.8,30,20,12,16,2,11,20,9,11,5,6,11,41,8,1,Matches
278,Youssouf Koné,ml MLI,"DF,MF",Elche,25,1995,0.8,2,0,1,0,1,0,1,1,0,0,0,0,2,0,0,Matches
279,Jules Koundé,fr FRA,DF,Sevilla,21,1998,33.1,27,15,14,11,2,10,24,14,24,16,8,40,67,104,0,Matches
280,Toni Kroos,de GER,MF,Real Madrid,30,1990,23.5,42,22,15,15,12,11,44,33,26,6,20,15,57,10,3,Matches
281,Takefusa Kubo,jp JPN,"MF,FW",Villarreal,19,2001,3.3,1,1,0,0,1,1,5,4,2,0,2,1,2,2,0,Matches
282,Takefusa Kubo,jp JPN,"MF,FW",Getafe,19,2001,8.9,7,4,2,3,2,1,14,13,14,0,14,14,21,4,0,Matches
283,Kuki,es ESP,MF,Valladolid,22,1998,0.3,1,1,0,0,1,0,1,1,0,0,0,0,1,0,0,Matches
284,Víctor Laguardia,es ESP,DF,Alavés,30,1989,29.2,20,12,13,6,1,14,31,17,25,13,12,37,57,104,0,Matches
285,Diego Lainez,mx MEX,"FW,MF",Betis,20,2000,9.6,9,4,3,5,1,6,16,10,15,0,15,11,20,6,0,Matches
286,Toni Lato,es ESP,DF,Valencia,22,1997,8.1,13,6,7,3,3,6,13,7,12,1,11,10,23,21,0,Matches
287,Lauti,uy URU,MF,Celta Vigo,19,2001,0.2,0,0,0,0,0,0,0,0,0,0,0,0,0,1,0,Matches
288,Robin Le Normand,es ESP,DF,Real Sociedad,23,1996,30.5,34,20,25,8,1,9,19,10,35,24,11,36,70,87,1,Matches
289,Jeremías Ledesma,ar ARG,GK,Cádiz,27,1993,32.0,1,0,1,0,0,1,1,0,1,0,1,0,1,22,6,Matches
290,Florian Lejeune,fr FRA,DF,Alavés,29,1991,33.5,43,32,36,7,0,21,35,14,38,24,14,51,94,149,1,Matches
291,Iñigo Lekue,es ESP,DF,Athletic Club,27,1993,7.2,9,7,6,3,0,3,8,5,8,1,7,4,13,24,0,Matches
292,Thomas Lemar,fr FRA,MF,Atlético Madrid,24,1995,15.2,30,17,9,17,4,11,24,13,22,1,21,11,41,10,0,Matches
293,Clément Lenglet,fr FRA,DF,Barcelona,25,1995,27.5,36,21,23,10,3,19,28,9,26,12,14,33,69,71,1,Matches
294,Pedro León,es ESP,"MF,FW",Eibar,33,1986,10.4,9,8,3,3,3,3,17,14,11,0,11,7,16,2,0,Matches
295,Sergio León,es ESP,FW,Levante,31,1989,8.3,6,2,0,4,2,2,8,6,4,0,4,3,9,3,0,Matches
296,Diego Llorente,es ESP,DF,Real Sociedad,26,1993,1.0,1,0,1,0,0,1,2,1,1,1,0,2,3,5,0,Matches
297,Marcos Llorente,es ESP,"MF,FW",Atlético Madrid,25,1995,32.8,71,42,21,40,10,26,62,36,40,3,37,29,100,28,0,Matches
298,Renan Lodi,br BRA,"DF,FW",Atlético Madrid,22,1998,12.5,30,17,13,12,5,17,26,9,15,0,15,16,46,18,0,Matches
299,Adrián López,es ESP,"FW,MF",Osasuna,32,1988,5.3,3,3,0,1,2,1,5,4,3,0,3,0,3,3,0,Matches
300,Javi López,es ESP,"DF,MF",Alavés,18,2002,2.8,5,5,3,2,0,2,3,1,2,0,2,3,8,3,1,Matches
Rk,Player,Nation,Pos,Squad,Age,Born,90s,Tkl,TklW,Def 3rd,Mid 3rd,Att 3rd,Tkl,Att,Lost,Blocks,Sh,Pass,Int,Tkl+Int,Clr,Err,Matches
301,Pedro López Muñoz,es ESP,DF,Huesca,36,1983,11.9,23,15,10,8,5,15,22,7,10,4,6,16,39,23,1,Matches
302,Roberto López,es ESP,"MF,FW",Real Sociedad,20,2000,5.6,5,1,1,2,2,2,5,3,2,0,2,4,9,6,0,Matches
303,Unai López,es ESP,MF,Athletic Club,24,1995,15.8,27,17,13,13,1,10,29,19,20,5,15,18,45,9,1,Matches
304,Anthony Lozano,hn HON,FW,Cádiz,27,1993,16.9,12,4,1,5,6,2,13,11,3,1,2,3,15,8,0,Matches
305,Jeison Lucumí,co COL,MF,Elche,25,1995,0.5,1,1,0,1,0,0,0,0,1,0,1,0,1,0,0,Matches
306,José Luis Gayà,es ESP,DF,Valencia,25,1995,31.6,59,33,40,13,6,33,68,35,22,3,19,38,97,62,1,Matches
307,José Luis Morales,es ESP,"MF,FW",Levante,33,1987,27.1,18,10,7,9,2,8,37,29,17,0,17,11,29,11,0,Matches
308,Luisinho,pt POR,DF,Huesca,35,1985,2.0,3,3,2,1,0,1,3,2,3,0,3,4,7,7,0,Matches
309,Luismi,es ESP,"MF,DF",Elche,28,1992,1.9,4,2,1,3,0,1,2,1,2,0,2,4,8,0,0,Matches
310,Darwin Machís,ve VEN,"FW,MF",Granada,27,1993,22.5,30,17,12,10,8,6,19,13,21,2,19,22,52,13,0,Matches
311,Pablo Maffeo,es ESP,DF,Huesca,23,1997,21.8,26,17,21,4,1,12,26,14,18,6,12,35,61,27,0,Matches
312,Abdallahi Mahmoud,mr MTN,MF,Alavés,20,2000,0.7,2,2,1,1,0,0,1,1,0,0,0,1,3,0,0,Matches
313,Nemanja Maksimović,rs SRB,MF,Getafe,25,1995,30.3,50,28,22,24,4,19,46,27,40,9,31,57,107,46,1,Matches
314,Filip Malbašić,rs SRB,"FW,MF",Cádiz,27,1992,9.6,12,7,4,5,3,6,18,12,10,0,10,4,16,2,0,Matches
315,Hugo Mallo,es ESP,DF,Celta Vigo,29,1991,28.9,58,40,34,23,1,24,52,28,42,11,31,37,95,77,0,Matches
316,Mickael Malsa,mq MTQ,MF,Levante,24,1995,26.0,55,26,28,24,3,23,51,28,38,9,29,43,98,36,2,Matches
317,Aïssa Mandi,dz ALG,DF,Betis,28,1991,26.6,30,17,20,10,0,10,16,6,21,13,8,38,68,90,0,Matches
318,Eliaquim Mangala,fr FRA,DF,Valencia,29,1991,3.6,0,0,0,0,0,0,1,1,8,6,2,6,6,12,0,Matches
319,Marcelo,br BRA,"DF,MF",Real Madrid,32,1988,11.7,25,21,11,6,8,11,24,13,13,1,12,10,35,15,0,Matches
320,Iván Marcone,ar ARG,MF,Elche,30,1990,29.4,64,40,42,17,5,35,84,49,27,8,19,36,100,33,3,Matches
321,Óscar de Marcos,es ESP,"DF,MF",Athletic Club,31,1989,16.9,28,17,12,10,6,10,25,15,12,1,11,12,40,38,0,Matches
322,José Mari,es ESP,MF,Cádiz,32,1987,16.1,32,17,13,18,1,14,31,17,16,7,9,27,59,33,1,Matches
323,José María Giménez,uy URU,DF,Atlético Madrid,25,1995,19.6,20,7,14,5,1,12,17,5,17,11,6,21,41,65,0,Matches
324,Mariano,do DOM,FW,Real Madrid,26,1993,5.7,4,2,2,1,1,0,9,9,3,1,2,0,4,3,0,Matches
325,Adrián Marín,es ESP,"DF,MF",Alavés,23,1997,1.0,1,1,0,1,0,0,2,2,1,0,1,2,3,2,0,Matches
Rk,Player,Nation,Pos,Squad,Age,Born,90s,Tkl,TklW,Def 3rd,Mid 3rd,Att 3rd,Tkl,Att,Lost,Blocks,Sh,Pass,Int,Tkl+Int,Clr,Err,Matches
326,Adrián Marín,es ESP,"DF,MF",Granada,23,1997,3.0,5,2,1,3,1,2,3,1,5,2,3,4,9,9,0,Matches
327,Roger Martí,es ESP,FW,Levante,29,1991,24.4,11,7,5,4,2,6,23,17,10,3,7,4,15,6,0,Matches
328,Aarón Martín,es ESP,DF,Celta Vigo,23,1997,17.1,34,20,15,16,3,10,33,23,15,4,11,13,47,37,0,Matches
329,Álex Martín,es ESP,DF,Cádiz,22,1998,1.1,2,0,1,1,0,2,4,2,1,1,0,0,2,6,0,Matches
330,Iñigo Martínez,es ESP,DF,Athletic Club,29,1991,28.0,22,15,16,6,0,9,27,18,17,7,10,28,50,96,0,Matches
331,Javi Martínez,es ESP,"MF,FW",Osasuna,20,1999,5.1,9,4,1,6,2,5,12,7,9,0,9,5,14,4,0,Matches
332,Marvin,es ESP,"DF,MF",Real Madrid,20,2000,1.5,3,2,0,3,0,1,2,1,1,0,1,2,5,3,0,Matches
333,Jordi Masip,es ESP,GK,Valladolid,31,1989,25.0,0,0,0,0,0,0,2,2,2,0,2,2,2,8,1,Matches
334,Jaime Mata,es ESP,FW,Getafe,31,1988,22.6,12,7,1,3,8,3,18,15,13,2,11,6,18,16,0,Matches
335,Borja Mayoral,es ESP,FW,Real Madrid,23,1997,0.3,0,0,0,0,0,0,1,1,0,0,0,0,0,0,0,Matches
336,Gonzalo Melero,es ESP,"MF,FW",Levante,26,1994,20.6,24,15,11,6,7,10,39,29,14,5,9,18,42,22,1,Matches
337,Brais Méndez,es ESP,"MF,FW",Celta Vigo,23,1997,29.7,59,31,23,27,9,16,65,49,27,2,25,32,91,34,0,Matches
338,Édgar Méndez,es ESP,"MF,FW",Alavés,30,1990,23.2,39,29,18,13,8,15,48,33,20,3,17,19,58,15,0,Matches
339,Eñaut Mendía,es ESP,FW,Eibar,21,1999,0.7,2,1,2,0,0,1,2,1,1,1,0,0,2,0,0,Matches
340,Ferland Mendy,fr FRA,DF,Real Madrid,25,1995,24.5,26,16,17,6,3,12,24,12,16,4,12,26,52,32,1,Matches
341,Mikel Merino,es ESP,MF,Real Sociedad,24,1996,23.9,61,36,14,36,11,18,45,27,36,8,28,32,93,26,0,Matches
342,Martín Merquelanz,es ESP,"MF,FW",Real Sociedad,25,1995,6.1,9,3,3,2,4,2,7,5,7,1,6,3,12,4,0,Matches
343,Roque Mesa,es ESP,MF,Valladolid,31,1989,19.6,46,29,18,24,4,20,47,27,11,2,9,14,60,23,1,Matches
344,Lionel Messi,ar ARG,"FW,MF",Barcelona,33,1987,33.6,18,10,3,9,6,6,17,11,12,0,12,6,24,0,2,Matches
345,Omenuke Mfulu,cd COD,MF,Elche,26,1994,8.8,18,12,10,8,0,5,15,10,7,1,6,11,29,18,0,Matches
346,Míchel,es ESP,MF,Valladolid,32,1988,10.5,18,11,10,3,5,5,22,17,10,1,9,9,27,12,1,Matches
347,Éder Militão,br BRA,DF,Real Madrid,22,1998,12.6,20,8,13,6,1,8,14,6,19,6,13,19,39,42,0,Matches
348,Luis Milla,es ESP,MF,Granada,25,1994,13.9,22,11,11,10,1,6,28,22,10,0,10,24,46,16,1,Matches
349,Pere Milla,es ESP,"FW,MF",Elche,27,1992,22.0,24,17,12,10,2,8,37,29,17,5,12,13,37,17,1,Matches
350,Álex Millán,es ESP,FW,Villarreal,20,1999,0.0,0,0,0,0,0,0,0,0,0,0,0,0,0,0,0,Matches
Rk,Player,Nation,Pos,Squad,Age,Born,90s,Tkl,TklW,Def 3rd,Mid 3rd,Att 3rd,Tkl,Att,Lost,Blocks,Sh,Pass,Int,Tkl+Int,Clr,Err,Matches
351,Santi Mina,es ESP,FW,Celta Vigo,24,1995,26.8,31,13,9,12,10,6,37,31,15,3,12,6,37,17,0,Matches
352,Óscar Mingueza,es ESP,DF,Barcelona,21,1999,21.1,52,33,28,17,7,30,53,23,19,6,13,20,72,48,2,Matches
353,Rafa Mir,es ESP,FW,Huesca,23,1997,32.0,15,9,4,4,7,7,22,15,13,2,11,15,30,25,0,Matches
354,Jorge Miramón,es ESP,DF,Levante,31,1989,19.2,32,22,26,6,0,21,35,14,22,2,20,26,58,54,0,Matches
355,Juan Miranda,es ESP,DF,Betis,20,2000,18.4,27,11,16,9,2,16,32,16,18,2,16,29,56,58,1,Matches
356,Luka Modrić,hr CRO,MF,Real Madrid,34,1985,30.4,37,23,18,16,3,13,36,23,14,2,12,48,85,14,1,Matches
357,Johan Mojica,co COL,DF,Elche,27,1992,13.4,21,10,15,5,1,8,18,10,15,4,11,15,36,27,0,Matches
358,Guillem Molina,es ESP,DF,Valencia,20,2000,1.7,1,0,1,0,0,0,5,5,1,1,0,4,5,5,0,Matches
359,Jorge Molina,es ESP,FW,Granada,38,1982,17.9,11,4,3,5,3,8,22,14,5,1,4,3,14,19,0,Matches
360,Victor Mollejo,es ESP,"MF,DF",Getafe,19,2001,0.8,2,1,1,0,1,0,1,1,0,0,0,0,2,0,0,Matches
361,Jon Moncayola,es ESP,MF,Osasuna,22,1998,29.6,61,36,27,23,11,24,67,43,27,9,18,23,84,38,0,Matches
362,Nacho Monreal,es ESP,DF,Real Sociedad,34,1986,23.1,31,19,17,11,3,7,20,13,14,3,11,31,62,43,0,Matches
363,Ángel Montoro,es ESP,MF,Granada,32,1988,15.1,15,9,7,7,1,4,16,12,13,3,10,22,37,21,0,Matches
364,Martín Montoya,es ESP,DF,Betis,29,1991,2.7,6,3,2,2,2,1,3,2,1,1,0,2,8,6,0,Matches
365,Emre Mor,tr TUR,"FW,MF",Celta Vigo,23,1997,5.6,8,4,1,3,4,0,3,3,5,0,5,5,13,0,0,Matches
366,Jon Morcillo,es ESP,"MF,FW",Athletic Club,21,1998,15.1,16,9,3,6,7,7,30,23,9,0,9,15,31,11,0,Matches
367,Alberto Moreno,es ESP,DF,Villarreal,28,1992,2.1,7,4,7,0,0,2,5,3,2,1,1,3,10,2,0,Matches
368,Álex Moreno,es ESP,DF,Betis,27,1993,19.8,42,26,25,12,5,20,43,23,18,4,14,35,77,48,0,Matches
369,Gerard Moreno,es ESP,FW,Villarreal,28,1992,29.7,24,15,8,10,6,7,34,27,17,4,13,15,39,26,0,Matches
370,Tete Morente,es ESP,"MF,FW",Elche,23,1996,22.4,31,17,17,9,5,9,39,30,20,0,20,13,44,28,0,Matches
371,Ilaix Moriba,gn GUI,MF,Barcelona,17,2003,6.0,14,6,5,7,2,5,10,5,16,1,15,5,19,4,1,Matches
372,Loren Morón,es ESP,FW,Betis,26,1993,11.0,11,7,2,6,3,1,16,15,11,0,11,3,14,14,0,Matches
373,Pedro Mosquera,es ESP,MF,Huesca,32,1988,22.8,38,18,19,18,1,13,53,40,23,6,17,31,69,38,1,Matches
374,Javi Moyano,es ESP,DF,Valladolid,34,1986,1.1,0,0,0,0,0,0,0,0,2,0,2,0,0,2,0,Matches
375,Iker Muniain,es ESP,"MF,FW",Athletic Club,27,1992,21.6,20,7,4,10,6,6,24,18,15,0,15,11,31,4,0,Matches
Rk,Player,Nation,Pos,Squad,Age,Born,90s,Tkl,TklW,Def 3rd,Mid 3rd,Att 3rd,Tkl,Att,Lost,Blocks,Sh,Pass,Int,Tkl+Int,Clr,Err,Matches
376,Aihen Muñoz,es ESP,DF,Real Sociedad,22,1997,13.4,23,16,15,5,3,11,19,8,12,2,10,10,33,31,0,Matches
377,Joaquín Muñoz,es ESP,FW,Huesca,21,1999,0.5,0,0,0,0,0,0,2,2,0,0,0,1,1,0,0,Matches
378,Jeison Murillo,co COL,DF,Celta Vigo,28,1992,30.0,45,21,35,9,1,24,44,20,29,17,12,36,81,100,2,Matches
379,Yunus Musah,us USA,MF,Valencia,17,2002,17.0,21,18,12,3,6,8,24,16,20,0,20,15,36,12,1,Matches
380,Yoshinori Mutō,jp JPN,"FW,MF",Eibar,28,1992,12.5,12,7,1,4,7,3,8,5,5,0,5,3,15,2,0,Matches
381,Nacho,es ESP,DF,Valladolid,31,1989,20.1,43,21,29,10,4,24,52,28,21,1,20,29,72,47,0,Matches
382,Nacho,es ESP,DF,Real Madrid,30,1990,22.2,27,14,13,11,3,12,35,23,19,9,10,40,67,58,0,Matches
383,Nano,es ESP,FW,Cádiz,25,1995,0.1,0,0,0,0,0,0,0,0,0,0,0,0,0,0,0,Matches
384,Roberto Navarro,es ESP,MF,Real Sociedad,18,2002,0.4,1,1,1,0,0,0,2,2,0,0,0,1,2,0,0,Matches
385,Ximo Navarro,es ESP,DF,Alavés,30,1990,26.4,54,30,36,17,1,14,30,16,14,4,10,47,101,75,3,Matches
386,Jesús Navas,es ESP,DF,Sevilla,34,1985,31.4,27,21,15,11,1,15,22,7,10,3,7,37,64,62,1,Matches
387,Raúl Navas,es ESP,DF,Osasuna,32,1988,1.9,6,3,5,1,0,4,6,2,0,0,0,3,9,13,0,Matches
388,Álvaro Negredo,es ESP,FW,Cádiz,34,1985,24.4,11,5,3,4,4,5,11,6,7,2,5,3,14,19,0,Matches
389,Neto,br BRA,GK,Barcelona,31,1989,7.0,0,0,0,0,0,0,1,1,0,0,0,0,0,3,1,Matches
390,Carlos Neva,es ESP,DF,Granada,24,1996,20.0,12,6,6,6,0,6,11,5,16,4,12,27,39,58,0,Matches
391,Mamor Niang,es ESP,"MF,FW",Getafe,18,2002,0.2,1,1,0,1,0,0,0,0,1,0,1,0,1,0,0,Matches
392,Nieto,es ESP,"FW,DF",Cádiz,22,1998,0.2,1,1,0,1,0,0,0,0,0,0,0,0,1,1,0,Matches
393,Saúl Ñíguez,es ESP,"MF,DF",Atlético Madrid,25,1994,22.6,57,34,27,23,7,30,59,29,35,2,33,19,76,43,0,Matches
394,Nino,es ESP,"FW,MF",Elche,40,1980,3.2,0,0,0,0,0,0,1,1,1,0,1,0,0,0,0,Matches
395,Fernando Niño,es ESP,FW,Villarreal,19,2000,6.6,8,3,0,4,4,2,9,7,1,0,1,2,10,2,0,Matches
396,Nolito,es ESP,"MF,FW",Celta Vigo,33,1986,28.9,70,36,30,30,10,32,92,60,46,2,44,22,92,19,0,Matches
397,Unai Núñez,es ESP,DF,Athletic Club,23,1997,23.4,23,12,16,7,0,10,15,5,19,14,5,32,55,110,0,Matches
398,Kelechi Nwakali,ng NGA,"MF,FW",Huesca,22,1998,1.6,4,3,1,2,1,0,4,4,1,0,1,1,5,1,0,Matches
399,Allan Nyom,cm CMR,"MF,DF",Getafe,32,1988,25.8,38,23,14,19,5,15,30,15,16,2,14,22,60,42,0,Matches
400,Jan Oblak,si SVN,GK,Atlético Madrid,27,1993,38.0,0,0,0,0,0,0,0,0,0,0,0,0,0,6,2,Matches
Rk,Player,Nation,Pos,Squad,Age,Born,90s,Tkl,TklW,Def 3rd,Mid 3rd,Att 3rd,Tkl,Att,Lost,Blocks,Sh,Pass,Int,Tkl+Int,Clr,Err,Matches
401,Lucas Ocampos,ar ARG,FW,Sevilla,26,1994,29.2,36,24,12,16,8,13,37,24,33,1,32,19,55,30,1,Matches
402,Álvaro Odriozola,es ESP,DF,Real Madrid,24,1995,9.2,14,7,5,8,1,3,5,2,6,3,3,6,20,12,1,Matches
403,Shinji Okazaki,jp JPN,"FW,MF",Huesca,34,1986,12.5,7,5,5,0,2,0,5,5,5,0,5,4,11,6,0,Matches
404,Lucas Olaza,uy URU,DF,Valladolid,26,1994,14.0,20,9,11,7,2,9,17,8,15,7,8,15,35,38,0,Matches
405,Lucas Olaza,uy URU,DF,Celta Vigo,26,1994,17.9,25,16,12,12,1,10,18,8,15,1,14,24,49,34,0,Matches
406,Christian Oliva,uy URU,MF,Valencia,24,1996,2.2,2,0,1,1,0,1,6,5,1,0,1,6,8,0,0,Matches
407,Kiko Olivas,es ESP,DF,Valladolid,31,1988,2.0,3,2,2,1,0,3,5,2,2,2,0,7,10,3,0,Matches
408,Paulo Oliveira,pt POR,DF,Eibar,28,1992,29.3,42,21,32,8,2,19,36,17,39,14,25,59,101,112,0,Matches
409,Mathías Olivera,uy URU,DF,Getafe,22,1997,29.0,61,33,31,21,9,32,56,24,33,3,30,31,92,55,0,Matches
410,Javier Ontiveros,es ESP,"FW,MF",Huesca,22,1997,10.2,21,14,10,10,1,9,26,17,12,0,12,9,30,6,0,Matches
411,Fabián Orellana,cl CHI,"MF,FW",Valladolid,34,1986,23.8,33,19,12,14,7,12,55,43,18,0,18,15,48,9,0,Matches
412,Mikel Oyarzabal,es ESP,"FW,MF",Real Sociedad,23,1997,26.8,30,17,14,12,4,10,31,21,30,5,25,15,45,17,0,Matches
413,Fernando Pacheco,es ESP,GK,Alavés,28,1992,37.2,2,0,2,0,0,2,4,2,0,0,0,2,4,19,0,Matches
414,Jon Pacheco,es ESP,DF,Real Sociedad,19,2001,0.4,0,0,0,0,0,0,0,0,0,0,0,1,1,0,0,Matches
415,Helibelton Palacios,co COL,DF,Elche,27,1993,8.3,20,10,16,3,1,8,14,6,9,1,8,5,25,21,0,Matches
416,Ante Palaversa,hr CRO,MF,Getafe,20,2000,0.1,0,0,0,0,0,0,1,1,0,0,0,0,0,0,0,Matches
417,Daniel Parejo,es ESP,MF,Villarreal,31,1989,34.6,65,40,32,23,10,33,81,48,35,8,27,45,110,21,3,Matches
418,Thomas Partey,gh GHA,MF,Atlético Madrid,27,1993,2.2,7,4,4,3,0,5,8,3,4,1,3,2,9,1,0,Matches
419,Gabriel Paulista,br BRA,DF,Valencia,29,1990,30.2,17,11,9,5,3,6,17,11,32,27,5,59,76,132,3,Matches
420,Alfonso Pedraza,es ESP,DF,Villarreal,24,1996,23.3,35,19,16,11,8,11,31,20,21,5,16,34,69,47,1,Matches
421,Pedri,es ESP,MF,Barcelona,17,2002,26.8,44,27,16,16,12,17,71,54,46,1,45,33,77,7,0,Matches
422,Facundo Pellistri,uy URU,"MF,FW",Alavés,18,2001,6.0,8,5,2,4,2,3,13,10,0,0,0,4,12,3,0,Matches
423,Rubén Peña,es ESP,DF,Villarreal,29,1991,12.4,25,14,8,15,2,19,33,14,20,1,19,13,38,19,0,Matches
424,Alberto Perea,es ESP,MF,Cádiz,29,1990,17.2,28,17,12,10,6,9,35,26,26,1,25,21,49,9,0,Matches
425,Iñigo Pérez,es ESP,"MF,DF",Osasuna,32,1988,15.0,20,10,9,6,5,10,16,6,12,0,12,15,35,8,1,Matches
Rk,Player,Nation,Pos,Squad,Age,Born,90s,Tkl,TklW,Def 3rd,Mid 3rd,Att 3rd,Tkl,Att,Lost,Blocks,Sh,Pass,Int,Tkl+Int,Clr,Err,Matches
426,Juan Pérez,es ESP,GK,Osasuna,24,1996,3.0,0,0,0,0,0,0,0,0,0,0,0,0,0,1,0,Matches
427,Kike Pérez,es ESP,MF,Valladolid,23,1997,12.9,26,19,8,14,4,7,33,26,10,1,9,17,43,18,0,Matches
428,Lucas Pérez,es ESP,FW,Alavés,31,1988,19.5,6,2,3,3,0,2,10,8,6,1,5,2,8,5,0,Matches
429,Luis Pérez,es ESP,DF,Valladolid,25,1995,14.4,33,17,16,17,0,18,30,12,26,8,18,14,47,54,1,Matches
430,Nehuén Pérez,ar ARG,DF,Granada,20,2000,8.2,6,3,6,0,0,4,6,2,5,4,1,12,18,33,0,Matches
431,Pablo Piatti,ar ARG,"MF,FW",Elche,31,1989,4.0,8,6,3,3,2,3,12,9,5,0,5,2,10,1,0,Matches
432,Cristiano Piccini,it ITA,DF,Valencia,27,1992,0.7,1,1,1,0,0,1,2,1,0,0,0,0,1,3,0,Matches
433,Tomás Pina Isla,es ESP,MF,Alavés,32,1987,28.6,39,18,18,16,5,16,42,26,28,8,20,37,76,42,0,Matches
434,Yeremi Pino,es ESP,"FW,MF",Villarreal,17,2002,8.9,19,11,10,7,2,8,28,20,20,1,19,9,28,8,0,Matches
435,Gerard Piqué,es ESP,DF,Barcelona,33,1987,16.5,16,11,11,5,0,9,12,3,9,4,5,26,42,46,0,Matches
436,Miralem Pjanić,ba BIH,MF,Barcelona,30,1990,7.0,13,8,7,4,2,7,13,6,5,1,4,11,24,5,0,Matches
437,Óscar Plano,es ESP,"MF,FW",Valladolid,29,1991,28.0,42,24,24,12,6,14,46,32,35,6,29,34,76,43,0,Matches
438,Dani Plomer,es ESP,FW,Granada,21,1998,0.5,0,0,0,0,0,0,1,1,0,0,0,0,0,1,0,Matches
439,Jorge Pombo,es ESP,"FW,MF",Cádiz,26,1994,5.8,7,3,3,2,2,1,8,7,2,0,2,2,9,3,0,Matches
440,Pere Pons,es ESP,MF,Alavés,27,1993,13.2,20,10,8,8,4,5,16,11,15,2,13,7,27,10,0,Matches
441,Francisco Portillo,es ESP,"MF,FW",Getafe,30,1990,4.6,5,3,1,4,0,2,14,12,3,0,3,5,10,1,0,Matches
442,Portu,es ESP,"FW,MF",Real Sociedad,28,1992,24.3,18,8,4,10,4,7,36,29,24,2,22,8,26,5,0,Matches
443,Sergio Postigo,es ESP,DF,Levante,31,1988,18.0,16,12,12,3,1,7,18,11,21,10,11,33,49,84,1,Matches
444,Darío Poveda,es ESP,FW,Getafe,23,1997,0.1,0,0,0,0,0,0,0,0,1,0,1,0,0,0,0,Matches
445,Alejandro Pozo Pozo,es ESP,"DF,MF",Eibar,21,1999,24.3,38,22,17,15,6,17,38,21,35,2,33,27,65,40,1,Matches
446,Antonio Puertas,es ESP,"FW,MF",Granada,28,1992,24.1,27,13,9,12,6,10,32,22,24,5,19,12,39,25,0,Matches
447,Riqui Puig,es ESP,"MF,FW",Barcelona,20,1999,3.2,5,3,1,3,1,4,8,4,0,0,0,1,6,0,0,Matches
448,Jorge Pulido,es ESP,DF,Huesca,29,1991,32.1,39,24,31,8,0,17,29,12,32,18,14,52,91,98,0,Matches
449,Domingos Quina,pt POR,MF,Granada,20,1999,3.8,5,5,1,3,1,3,6,3,8,0,8,2,7,0,0,Matches
450,Quini,es ESP,DF,Granada,30,1989,13.2,33,22,23,7,3,19,36,17,15,6,9,15,48,39,0,Matches
Rk,Player,Nation,Pos,Squad,Age,Born,90s,Tkl,TklW,Def 3rd,Mid 3rd,Att 3rd,Tkl,Att,Lost,Blocks,Sh,Pass,Int,Tkl+Int,Clr,Err,Matches
451,Quique,es ESP,"FW,MF",Eibar,30,1990,1.9,0,0,0,0,0,0,1,1,2,0,2,0,0,0,0,Matches
452,Dani Raba,es ESP,"MF,FW",Villarreal,24,1995,1.7,2,1,0,1,1,2,8,6,1,0,1,0,2,0,0,Matches
453,Uroš Račić,rs SRB,MF,Valencia,22,1998,24.3,38,22,16,16,6,16,54,38,33,11,22,26,64,54,0,Matches
454,Nemanja Radoja,rs SRB,MF,Levante,27,1993,12.5,23,15,12,10,1,5,19,14,9,3,6,19,42,12,1,Matches
455,Ivan Rakitić,hr CRO,MF,Sevilla,32,1988,24.8,32,18,18,10,4,12,41,29,19,4,15,26,58,29,1,Matches
456,Jonás Ramalho,es ESP,DF,Osasuna,27,1993,3.4,5,4,4,0,1,1,3,2,3,0,3,2,7,7,0,Matches
457,Sandro Ramírez,es ESP,FW,Huesca,25,1995,14.3,13,9,3,8,2,4,11,7,11,1,10,10,23,2,0,Matches
458,Sergio Ramos,es ESP,DF,Real Madrid,34,1986,14.2,15,12,8,6,1,6,10,4,9,5,4,19,34,39,1,Matches
459,Recio,es ESP,MF,Eibar,29,1991,8.2,17,5,4,8,5,8,18,10,6,0,6,4,21,1,0,Matches
460,Francisco Reis Ferreira,pt POR,DF,Valencia,23,1997,2.0,1,1,1,0,0,0,3,3,0,0,0,0,1,6,0,Matches
461,Karim Rekik,nl NED,DF,Sevilla,25,1994,7.3,7,5,2,5,0,1,4,3,8,3,5,6,13,17,0,Matches
462,Álex Remiro,es ESP,GK,Real Sociedad,25,1995,38.0,0,0,0,0,0,0,1,1,0,0,0,3,3,14,0,Matches
463,Oriol Rey,es ESP,MF,Valladolid,22,1998,0.2,0,0,0,0,0,0,0,0,0,0,0,1,1,0,0,Matches
464,Mikel Rico,es ESP,MF,Huesca,35,1984,24.3,24,12,14,8,2,11,34,23,20,3,17,23,47,22,0,Matches
465,Emiliano Rigoni,ar ARG,MF,Elche,27,1993,12.7,12,7,3,8,1,3,15,12,16,1,15,6,18,9,0,Matches
466,Luis Rioja,es ESP,"MF,FW",Alavés,26,1993,23.2,21,14,11,7,3,7,39,32,23,1,22,20,41,29,0,Matches
467,Rober,es ESP,"DF,MF",Levante,25,1995,15.8,15,8,8,4,3,8,18,10,24,16,8,34,49,52,1,Matches
468,Roberto,es ESP,GK,Valladolid,34,1986,13.0,0,0,0,0,0,0,1,1,0,0,0,0,0,7,0,Matches
469,Sergi Roberto,es ESP,"DF,FW",Barcelona,28,1992,10.5,9,6,5,2,2,7,13,6,12,6,6,10,19,20,0,Matches
470,Joel Robles,es ESP,GK,Betis,30,1990,18.0,0,0,0,0,0,0,1,1,1,0,1,0,0,11,2,Matches
471,Rubén Rochina,es ESP,MF,Levante,29,1991,15.6,38,28,12,23,3,12,35,23,22,2,20,22,60,7,0,Matches
472,Rodri,es ESP,"FW,MF",Betis,20,2000,6.0,3,3,1,2,0,1,6,5,7,0,7,2,5,0,0,Matches
473,Kévin Rodrigues,pt POR,"DF,MF",Eibar,26,1994,12.2,16,8,8,5,3,7,23,16,10,1,9,20,36,15,1,Matches
474,Ángel Rodríguez,es ESP,"FW,MF",Getafe,33,1987,15.3,7,4,1,4,2,1,16,15,7,0,7,2,9,8,0,Matches
475,Óscar Rodríguez Arnaiz,es ESP,"MF,FW",Sevilla,22,1998,5.7,15,9,3,8,4,6,13,7,2,0,2,10,25,1,0,Matches
Rk,Player,Nation,Pos,Squad,Age,Born,90s,Tkl,TklW,Def 3rd,Mid 3rd,Att 3rd,Tkl,Att,Lost,Blocks,Sh,Pass,Int,Tkl+Int,Clr,Err,Matches
476,Guido Rodríguez,ar ARG,MF,Betis,26,1994,31.8,97,55,52,39,6,39,84,45,52,14,38,68,165,58,2,Matches
477,Miguel Rodríguez,es ESP,"FW,DF",Celta Vigo,17,2003,0.3,1,1,0,1,0,0,0,0,0,0,0,0,1,0,0,Matches
478,Víctor Rodríguez,es ESP,MF,Elche,31,1989,4.7,4,3,3,1,0,0,9,9,5,1,4,5,9,4,0,Matches
479,Rodrygo,br BRA,FW,Real Madrid,19,2001,10.9,15,6,10,4,1,2,17,15,15,0,15,7,22,4,0,Matches
480,Facundo Roncaglia,ar ARG,DF,Osasuna,33,1987,13.7,25,14,14,11,0,11,20,9,11,6,5,25,50,26,0,Matches
481,Rubén,es ESP,GK,Osasuna,36,1984,2.1,0,0,0,0,0,0,0,0,0,0,0,0,0,1,0,Matches
482,Waldo Rubio,es ESP,"FW,MF",Valladolid,24,1995,4.2,6,4,2,2,2,1,14,13,6,0,6,3,9,3,0,Matches
483,Aitor Ruibal,es ESP,"FW,MF",Betis,24,1996,17.7,32,18,14,14,4,10,35,25,26,0,26,11,43,8,0,Matches
484,Isma Ruiz,es ESP,MF,Granada,19,2001,0.7,1,0,0,1,0,0,1,1,0,0,0,0,1,3,0,Matches
485,Víctor Ruiz,es ESP,DF,Betis,31,1989,24.0,11,7,7,4,0,4,13,9,16,13,3,44,55,85,0,Matches
486,Gerónimo Rulli,ar ARG,GK,Villarreal,28,1992,2.0,0,0,0,0,0,0,0,0,0,0,0,0,0,0,1,Matches
487,Modibo Sagnan,ml MLI,DF,Real Sociedad,21,1999,6.9,12,7,6,6,0,4,6,2,7,2,5,6,18,25,1,Matches
488,Borja Sainz,es ESP,"MF,FW",Alavés,19,2001,5.0,7,3,3,2,2,4,16,12,4,0,4,6,13,1,0,Matches
489,Salvi,es ESP,"MF,FW",Cádiz,29,1991,21.5,18,10,14,3,1,8,26,18,14,1,13,20,38,24,0,Matches
490,Fede San Emeterio,es ESP,MF,Valladolid,23,1997,16.2,25,14,15,7,3,11,31,20,23,8,15,28,53,33,0,Matches
491,Antonio Sanabria,py PAR,FW,Betis,24,1996,10.4,5,5,0,4,1,0,2,2,8,1,7,3,8,9,0,Matches
492,Oihan Sancet,es ESP,"FW,MF",Athletic Club,20,2000,11.5,8,2,3,4,1,2,7,5,4,0,4,5,13,7,0,Matches
493,Ricard Sánchez,es ESP,DF,Atlético Madrid,20,2000,0.3,1,1,0,0,1,0,0,0,1,0,1,0,1,1,0,Matches
494,Germán Sánchez,es ESP,DF,Granada,33,1986,29.3,24,11,13,9,2,11,23,12,28,26,2,38,62,130,1,Matches
495,Javi Sánchez,es ESP,DF,Valladolid,23,1997,10.2,15,10,10,4,1,9,10,1,15,7,8,15,30,37,0,Matches
496,Manu Sánchez,es ESP,DF,Osasuna,19,2000,10.8,27,15,10,10,7,11,25,14,8,0,8,8,35,14,0,Matches
497,Manu Sánchez,es ESP,DF,Atlético Madrid,19,2000,0.5,0,0,0,0,0,0,1,1,1,0,1,0,0,1,0,Matches
498,Juan Sánchez Miño,ar ARG,"DF,MF",Elche,30,1990,5.5,8,5,5,3,0,6,14,8,4,0,4,4,12,7,0,Matches
499,Pepe Sánchez,es ESP,DF,Granada,20,2000,2.8,4,2,2,2,0,3,4,1,5,2,3,4,8,9,0,Matches
500,Oier Sanjurjo,es ESP,MF,Osasuna,34,1986,23.2,39,16,8,27,4,17,60,43,24,6,18,29,68,41,0,Matches
Rk,Player,Nation,Pos,Squad,Age,Born,90s,Tkl,TklW,Def 3rd,Mid 3rd,Att 3rd,Tkl,Att,Lost,Blocks,Sh,Pass,Int,Tkl+Int,Clr,Err,Matches
501,Ivan Šaponjić,rs SRB,FW,Cádiz,22,1997,4.3,1,0,0,1,0,0,2,2,2,0,2,1,2,4,0,Matches
502,Stefan Savić,me MNE,DF,Atlético Madrid,29,1991,32.8,40,25,32,7,1,21,34,13,33,19,14,42,82,110,0,Matches
503,Jaime Seoane,es ESP,MF,Huesca,23,1997,22.9,50,31,20,23,7,24,65,41,27,6,21,17,67,14,0,Matches
504,Edgar Sevikyan,am ARM,MF,Levante,18,2001,0.1,0,0,0,0,0,0,0,0,0,0,0,0,0,0,0,Matches
505,Sidnei,br BRA,DF,Betis,30,1989,7.7,9,3,6,3,0,4,9,5,6,4,2,16,25,28,0,Matches
506,David Silva,es ESP,MF,Real Sociedad,34,1986,15.5,19,12,2,14,3,8,21,13,14,1,13,13,32,8,2,Matches
507,Gastón Silva,uy URU,DF,Huesca,26,1994,6.7,16,12,11,5,0,8,14,6,10,4,6,11,27,16,0,Matches
508,Rui Silva,pt POR,GK,Granada,26,1994,32.0,1,0,1,0,0,1,3,2,0,0,0,2,3,14,0,Matches
509,Unai Simón,es ESP,GK,Athletic Club,23,1997,37.0,1,0,1,0,0,1,2,1,0,0,0,0,1,7,7,Matches
510,Dimitris Siovas,gr GRE,DF,Huesca,31,1988,34.1,46,24,34,10,2,20,30,10,38,17,21,62,108,125,2,Matches
511,Antonio Sivera,es ESP,GK,Alavés,23,1996,0.8,0,0,0,0,0,0,0,0,0,0,0,0,0,0,0,Matches
512,Rafa Soares,pt POR,DF,Eibar,25,1995,12.6,28,17,16,8,4,15,21,6,14,4,10,20,48,32,0,Matches
513,Rubén Sobrino,es ESP,"MF,FW",Valencia,28,1992,0.5,1,1,1,0,0,0,1,1,0,0,0,0,1,1,0,Matches
514,Rubén Sobrino,es ESP,"FW,MF",Cádiz,28,1992,12.4,29,13,8,16,5,8,18,10,19,0,19,15,44,11,0,Matches
515,Augusto Solari,ar ARG,MF,Celta Vigo,28,1992,5.4,18,13,9,8,1,6,26,20,13,1,12,6,24,5,0,Matches
516,Roberto Soldado,es ESP,FW,Granada,35,1985,16.0,7,4,1,4,2,2,11,9,8,0,8,4,11,13,1,Matches
517,Carlos Soler,es ESP,MF,Valencia,23,1997,30.4,41,24,14,24,3,19,52,33,35,11,24,23,64,41,0,Matches
518,Son,es ESP,"DF,MF",Levante,26,1994,12.3,18,10,11,6,1,9,19,10,11,2,9,12,30,20,0,Matches
519,David Soria,es ESP,GK,Getafe,27,1993,28.0,2,2,2,0,0,1,3,2,0,0,0,1,3,12,0,Matches
520,Alberto Soro,es ESP,"FW,MF",Granada,21,1999,4.4,7,2,2,4,1,4,10,6,7,0,7,1,8,2,0,Matches
521,Hugo Sotelo,es ESP,MF,Celta Vigo,16,2003,0.0,0,0,0,0,0,0,0,0,0,0,0,0,0,0,0,Matches
522,Damián Suárez,uy URU,DF,Getafe,32,1988,27.0,59,39,29,23,7,30,81,51,43,2,41,31,90,42,0,Matches
523,Denis Suárez,es ESP,MF,Celta Vigo,26,1994,31.7,64,32,22,30,12,21,94,73,30,2,28,22,86,15,2,Matches
524,Luis Suárez,uy URU,FW,Atlético Madrid,33,1987,27.9,11,7,0,4,7,3,12,9,7,0,7,5,16,13,0,Matches
525,Suso,es ESP,FW,Sevilla,26,1993,24.6,20,10,8,6,6,10,41,31,12,0,12,8,28,8,0,Matches
Rk,Player,Nation,Pos,Squad,Age,Born,90s,Tkl,TklW,Def 3rd,Mid 3rd,Att 3rd,Tkl,Att,Lost,Blocks,Sh,Pass,Int,Tkl+Int,Clr,Err,Matches
526,Tachi,es ESP,DF,Alavés,22,1997,9.4,11,9,9,2,0,6,14,8,9,6,3,11,22,32,0,Matches
527,Renato Tapia,pe PER,MF,Celta Vigo,25,1995,30.0,93,44,50,34,9,32,83,51,56,13,43,53,146,75,2,Matches
528,Tomás Tavares,pt POR,"MF,DF",Alavés,19,2001,0.7,2,1,2,0,0,2,2,0,1,0,1,0,2,1,0,Matches
529,Álvaro Tejero,es ESP,DF,Eibar,24,1996,1.2,1,1,0,0,1,1,3,2,1,0,1,3,4,6,0,Matches
530,Cristian Tello,es ESP,"FW,MF",Betis,28,1991,14.3,16,10,5,9,2,4,22,18,14,0,14,11,27,8,0,Matches
531,Marc-André ter Stegen,de GER,GK,Barcelona,28,1992,31.0,0,0,0,0,0,0,2,2,0,0,0,0,0,12,2,Matches
532,David Timor,es ESP,"MF,DF",Getafe,30,1989,15.5,13,9,5,6,2,9,21,12,5,1,4,19,32,32,1,Matches
533,Toño,es ESP,"DF,FW",Levante,30,1989,8.1,4,0,4,0,0,0,2,2,10,1,9,7,11,12,0,Matches
534,Lucas Torreira,uy URU,MF,Atlético Madrid,24,1996,5.8,8,4,2,3,3,0,3,3,5,3,2,12,20,8,0,Matches
535,Óliver Torres,es ESP,"MF,FW",Sevilla,25,1994,15.6,34,22,13,15,6,19,53,34,15,0,15,15,49,9,0,Matches
536,Pau Torres,es ESP,DF,Villarreal,23,1997,33.0,17,11,10,5,2,11,18,7,33,25,8,23,40,111,1,Matches
537,Roberto Torres,es ESP,"MF,FW",Osasuna,31,1989,21.0,15,8,6,5,4,8,29,21,12,0,12,16,31,13,0,Matches
538,Lucas Torró,es ESP,MF,Osasuna,26,1994,17.2,32,15,11,19,2,21,34,13,16,7,9,27,59,43,0,Matches
539,Manu Trigueros,es ESP,MF,Villarreal,28,1991,28.1,51,30,25,21,5,21,77,56,32,2,30,17,68,19,0,Matches
540,Francisco Trincão,pt POR,"FW,MF",Barcelona,20,1999,7.8,4,2,0,3,1,2,5,3,4,0,4,1,5,2,0,Matches
541,Kieran Trippier,eng ENG,DF,Atlético Madrid,29,1990,27.5,61,39,30,25,6,26,52,26,22,4,18,40,101,58,1,Matches
542,Samuel Umtiti,fr FRA,DF,Barcelona,26,1993,7.2,5,1,3,2,0,1,2,1,11,6,5,9,14,15,0,Matches
543,Enes Ünal,tr TUR,FW,Getafe,23,1997,14.6,11,3,0,8,3,4,15,11,11,0,11,2,13,14,0,Matches
544,Tomáš Vaclík,cz CZE,GK,Sevilla,31,1989,5.0,0,0,0,0,0,0,1,1,0,0,0,0,0,0,1,Matches
545,Eugeni Valderrama,es ESP,"MF,FW",Huesca,26,1994,1.3,2,2,1,0,1,0,1,1,0,0,0,5,7,3,0,Matches
546,Jesús Vallejo,es ESP,DF,Granada,23,1997,15.0,11,6,7,3,1,7,18,11,21,11,10,13,24,55,0,Matches
547,Manu Vallejo,es ESP,"FW,MF",Valencia,23,1997,10.6,18,8,5,8,5,5,26,21,8,0,8,3,21,3,0,Matches
548,Federico Valverde,uy URU,MF,Real Madrid,22,1998,14.8,25,16,9,8,8,10,26,16,16,2,14,22,47,4,0,Matches
549,Raphaël Varane,fr FRA,DF,Real Madrid,27,1993,30.2,22,14,16,5,1,10,19,9,26,18,8,36,58,114,2,Matches
550,Denis Vavro,sk SVK,DF,Huesca,24,1996,6.8,7,4,2,4,1,2,5,3,2,0,2,11,18,21,0,Matches
Rk,Player,Nation,Pos,Squad,Age,Born,90s,Tkl,TklW,Def 3rd,Mid 3rd,Att 3rd,Tkl,Att,Lost,Blocks,Sh,Pass,Int,Tkl+Int,Clr,Err,Matches
551,Franco Vázquez,ar ARG,"FW,MF",Sevilla,31,1989,1.8,5,1,0,3,2,1,5,4,2,1,1,1,6,1,0,Matches
552,Kevin Vázquez,es ESP,DF,Celta Vigo,27,1993,6.2,11,5,9,2,0,3,9,6,8,0,8,9,20,18,0,Matches
553,Lucas Vázquez,es ESP,"DF,FW",Real Madrid,29,1991,20.5,61,37,30,22,9,22,52,30,14,1,13,19,80,31,1,Matches
554,Koke Vegas,es ESP,GK,Levante,24,1995,1.0,0,0,0,0,0,0,0,0,0,0,0,0,0,1,1,Matches
555,Gabriel Veiga,es ESP,"MF,DF",Celta Vigo,18,2002,1.3,3,0,3,0,0,1,4,3,3,0,3,3,6,0,0,Matches
556,Unai Vencedor Paris,es ESP,MF,Athletic Club,19,2000,18.9,31,21,10,15,6,11,42,31,17,6,11,18,49,14,0,Matches
557,Gonzalo Verdú,es ESP,DF,Elche,31,1988,32.7,34,19,26,8,0,16,28,12,40,30,10,52,86,113,0,Matches
558,Mikel Vesga,es ESP,MF,Athletic Club,27,1993,19.1,27,14,8,16,3,11,49,38,28,8,20,27,54,35,1,Matches
559,Rúben Vezo,pt POR,DF,Levante,26,1994,25.7,34,19,26,7,1,12,28,16,23,12,11,45,79,106,3,Matches
560,Iñigo Vicente,es ESP,"FW,MF",Athletic Club,22,1998,0.6,1,1,1,0,0,1,1,0,0,0,0,0,1,0,0,Matches
561,Fede Vico,es ESP,"MF,FW",Granada,26,1994,8.5,10,6,5,5,0,3,10,7,15,1,14,12,22,5,0,Matches
562,Aleix Vidal,es ESP,DF,Sevilla,30,1989,6.6,9,5,5,3,1,5,12,7,10,1,9,12,21,9,0,Matches
563,Nacho Vidal,es ESP,DF,Osasuna,25,1995,26.1,56,28,27,22,7,22,31,9,39,10,29,43,99,68,0,Matches
564,Toni Villa,es ESP,"MF,FW",Valladolid,25,1995,10.8,31,16,11,14,6,15,42,27,15,1,14,5,36,3,0,Matches
565,Asier Villalibre,es ESP,FW,Athletic Club,22,1997,17.7,3,2,0,2,1,2,8,6,4,0,4,2,5,16,0,Matches
566,Iván Villar,es ESP,GK,Celta Vigo,23,1997,19.8,0,0,0,0,0,0,1,1,0,0,0,0,0,18,0,Matches
567,Vitolo,es ESP,"MF,FW",Atlético Madrid,30,1989,3.3,4,1,2,0,2,1,6,5,3,0,3,3,7,2,0,Matches
568,Šime Vrsaljko,hr CRO,"FW,DF",Atlético Madrid,28,1992,5.8,18,12,13,5,0,8,12,4,5,0,5,8,26,14,0,Matches
569,Nikola Vukčević,me MNE,MF,Levante,28,1991,9.0,14,7,5,8,1,9,18,9,8,5,3,8,22,12,1,Matches
570,Daniel Wass,dk DEN,"MF,DF",Valencia,31,1989,33.1,52,31,21,29,2,22,55,33,33,13,20,47,99,69,0,Matches
571,Shon Weissman,il ISR,FW,Valladolid,24,1996,23.7,12,9,4,5,3,2,23,21,17,3,14,8,20,7,0,Matches
572,Iñaki Williams,gh GHA,FW,Athletic Club,26,1994,26.5,11,7,0,4,7,2,14,12,13,1,12,5,16,22,0,Matches
573,Nico Williams,es ESP,MF,Athletic Club,18,2002,0.6,1,0,1,0,0,0,2,2,0,0,0,1,2,0,0,Matches
574,Jawad El Yamiq,ma MAR,DF,Valladolid,28,1992,15.3,21,14,14,7,0,8,11,3,15,10,5,46,67,100,0,Matches
575,Rubén Yáñez,es ESP,GK,Getafe,26,1993,10.0,0,0,0,0,0,0,1,1,0,0,0,2,2,2,0,Matches
Rk,Player,Nation,Pos,Squad,Age,Born,90s,Tkl,TklW,Def 3rd,Mid 3rd,Att 3rd,Tkl,Att,Lost,Blocks,Sh,Pass,Int,Tkl+Int,Clr,Err,Matches
576,Yoel,es ESP,GK,Eibar,31,1988,3.3,0,0,0,0,0,0,0,0,0,0,0,0,0,2,0,Matches
577,Okay Yokuşlu,tr TUR,MF,Celta Vigo,26,1994,5.1,14,8,8,4,2,5,9,4,5,2,3,10,24,9,0,Matches
578,Joseba Zaldúa,es ESP,DF,Real Sociedad,28,1992,7.1,15,12,7,5,3,6,18,12,6,2,4,6,21,13,0,Matches
579,Oier Zarraga,es ESP,MF,Athletic Club,21,1999,1.1,1,1,0,1,0,1,2,1,1,0,1,0,1,0,0,Matches
580,Igor Zubeldia,es ESP,DF,Real Sociedad,23,1997,21.8,23,16,15,8,0,8,14,6,20,13,7,12,35,46,0,Matches
581,Martín Zubimendi,es ESP,MF,Real Sociedad,21,1999,20.9,41,22,18,20,3,20,34,14,22,10,12,40,81,39,0,Matches
582,Martin Ødegaard,no NOR,MF,Real Madrid,21,1998,2.6,1,0,0,1,0,1,2,1,1,0,1,1,2,0,0,Matches
