rk,player,nation,pos,squad,age,born,90s,att,live,dead,fk,tb,sw,crs,ti,ck,in,out,str,cmp,off,blocks,matches
1,Sabit Abdulai,gh GHA,MF,Getafe,21,1999,0.7,14,14,0,0,0,1,1,0,0,0,0,0,7,0,1,Matches
2,Marcos Acuña,ar ARG,DF,Sevilla,28,1991,25.9,1767,1487,277,46,0,21,119,206,25,2,20,0,1415,3,30,Matches
3,Bobby Adekanye,nl NED,"FW,MF",Cádiz,21,1999,0.4,10,10,0,0,0,0,2,0,0,0,0,0,7,0,0,Matches
4,Martin Agirregabiria,es ESP,"DF,MF",Alavés,24,1996,17.3,751,563,183,16,0,9,32,165,2,0,0,0,533,5,17,Matches
5,Joseph Aidoo,gh GHA,DF,Celta Vigo,24,1995,14.3,629,608,16,15,0,2,1,1,0,0,0,0,511,5,8,Matches
6,Carlos Akapo,gq EQG,DF,Cádiz,27,1993,9.6,356,245,109,7,0,0,18,102,0,0,0,0,229,2,6,Matches
7,Paul Akouokou,ci CIV,MF,Betis,22,1997,4.2,187,186,1,1,0,1,2,0,0,0,0,0,170,0,0,Matches
8,Jony Álamo,es ESP,MF,Elche,18,2001,0.8,16,16,0,0,0,0,0,0,0,0,0,0,14,0,0,Matches
9,Jordi Alba,es ESP,"DF,FW",Barcelona,31,1989,33.6,2929,2647,276,38,0,14,119,235,3,0,0,0,2479,6,45,Matches
10,Raúl Albiol,es ESP,DF,Villarreal,34,1985,34.6,2065,1994,68,62,0,19,6,5,0,0,0,0,1829,3,14,Matches
11,Paco Alcácer,es ESP,FW,Villarreal,26,1993,17.2,270,229,37,0,1,0,3,1,0,0,0,0,193,4,7,Matches
12,Pedro Alcalá,es ESP,DF,Cádiz,31,1989,10.1,282,266,14,14,0,5,0,0,0,0,0,0,205,2,4,Matches
13,Rubén Alcaraz,es ESP,MF,Valladolid,29,1991,24.1,1131,1076,48,43,0,39,10,5,0,0,0,0,930,7,14,Matches
14,Iván Alejo,es ESP,"MF,FW",Cádiz,25,1995,9.2,229,217,12,1,0,0,63,7,3,1,2,0,127,0,20,Matches
15,Carles Aleñá,es ESP,MF,Barcelona,22,1998,0.5,39,39,0,0,0,0,0,0,0,0,0,0,36,0,0,Matches
16,Carles Aleñá,es ESP,"MF,FW",Getafe,22,1998,15.2,591,510,74,37,1,7,60,4,32,16,10,0,390,7,16,Matches
17,Alfon,es ESP,MF,Celta Vigo,21,1999,0.4,16,16,0,0,0,0,0,0,0,0,0,0,16,0,0,Matches
18,Sergio Álvarez,es ESP,"MF,DF",Eibar,28,1992,17.4,698,681,16,14,0,8,9,2,0,0,0,0,531,1,6,Matches
19,Yeray Álvarez,es ESP,DF,Athletic Club,25,1995,21.6,1107,1049,54,51,0,26,5,3,0,0,0,0,907,4,8,Matches
20,Emmanuel Amankwaa Akurugu,gh GHA,DF,Getafe,18,2001,0.5,14,11,3,0,0,0,1,3,0,0,0,0,9,0,1,Matches
21,Jon Ander Garrido,es ESP,MF,Cádiz,30,1989,8.9,230,223,7,7,0,0,2,0,0,0,0,0,180,0,2,Matches
22,Marcos André,br BRA,FW,Valladolid,23,1996,13.1,199,194,2,0,1,3,9,1,0,0,0,0,114,3,8,Matches
23,Ángel,es ESP,GK,Granada,18,2002,1.0,31,12,19,2,0,0,0,0,0,0,0,0,14,0,0,Matches
24,José Ángel,es ESP,DF,Eibar,30,1989,10.0,692,552,135,19,0,9,59,115,1,0,0,0,510,5,15,Matches
25,Miguel Ángel Rubio,es ESP,DF,Valladolid,22,1998,1.5,54,53,0,0,0,0,0,0,0,0,0,0,39,1,0,Matches
Rk,Player,Nation,Pos,Squad,Age,Born,90s,Att,Live,Dead,FK,TB,Sw,Crs,TI,CK,In,Out,Str,Cmp,Off,Blocks,Matches
26,José Antonio Miranda,gq EQG,"MF,DF",Getafe,22,1998,0.3,16,16,0,0,0,0,2,0,0,0,0,0,9,0,0,Matches
27,Aritz Arambarri,es ESP,DF,Real Sociedad,22,1998,0.3,19,15,4,0,0,0,0,4,0,0,0,0,13,0,0,Matches
28,Mauro Arambarri,uy URU,MF,Getafe,24,1995,33.1,1093,964,123,51,2,36,123,2,68,41,13,0,739,6,14,Matches
29,Néstor Araujo,mx MEX,DF,Celta Vigo,28,1991,27.0,1590,1562,26,24,1,7,2,2,0,0,0,0,1321,2,9,Matches
30,Ronald Araújo,uy URU,DF,Barcelona,21,1999,16.8,1075,1037,37,28,0,6,0,9,0,0,0,0,985,1,4,Matches
31,Anaitz Arbilla,es ESP,DF,Eibar,33,1987,31.2,1932,1652,278,88,0,82,43,190,0,0,0,0,1459,2,21,Matches
32,Unai Arietaleanizbeaskoa,es ESP,"FW,MF",Eibar,21,1999,0.5,7,7,0,0,0,0,0,0,0,0,0,0,4,0,0,Matches
33,Sergio Arribas,es ESP,"MF,FW",Real Madrid,18,2001,1.5,89,86,2,0,1,0,1,2,0,0,0,0,72,1,3,Matches
34,Sergio Asenjo,es ESP,GK,Villarreal,31,1989,36.0,1308,947,358,75,0,6,0,0,0,0,0,0,1022,3,0,Matches
35,Marco Asensio,es ESP,"FW,MF",Real Madrid,24,1996,20.8,1012,948,60,11,1,12,97,20,29,9,5,0,798,4,32,Matches
36,Iago Aspas,es ESP,FW,Celta Vigo,32,1987,31.8,1275,1209,55,19,9,11,28,12,2,1,1,0,983,11,34,Matches
37,Miguel Atienza,es ESP,MF,Eibar,21,1999,9.3,341,340,1,1,0,3,4,0,0,0,0,0,271,0,3,Matches
38,Ezequiel Ávila,ar ARG,"FW,MF",Osasuna,26,1994,2.2,54,53,1,0,0,3,2,0,0,0,0,0,31,0,1,Matches
39,Ramon Azeez,ng NGA,MF,Granada,27,1992,1.1,37,35,2,1,0,0,1,1,0,0,0,0,29,0,0,Matches
40,Carlos Bacca,co COL,FW,Villarreal,33,1986,8.7,168,153,14,0,2,2,7,1,0,0,0,0,105,1,5,Matches
41,Édgar Badía,es ESP,GK,Elche,28,1992,30.0,1150,776,373,88,0,0,0,0,0,0,0,0,865,1,0,Matches
42,Alex Baena,es ESP,MF,Villarreal,19,2001,1.5,56,52,3,3,0,0,4,0,0,0,0,0,43,1,1,Matches
43,Miguel Baeza,es ESP,"MF,FW",Celta Vigo,20,2000,6.0,212,196,16,3,1,3,12,5,8,4,1,0,169,0,3,Matches
44,Mikel Balenziaga,es ESP,DF,Athletic Club,32,1988,18.8,952,758,190,20,0,1,44,170,0,0,0,0,715,4,31,Matches
45,Barcia,es ESP,DF,Granada,19,2000,1.0,33,23,10,1,0,0,1,9,0,0,0,0,13,0,0,Matches
46,Enis Bardhi,mk MKD,MF,Levante,25,1995,18.7,888,787,89,31,2,13,65,10,47,14,10,0,656,12,25,Matches
47,Kike Barja,es ESP,"MF,FW",Osasuna,23,1997,15.9,505,492,11,1,1,3,72,5,3,0,1,0,341,2,23,Matches
48,Marc Baró,es ESP,DF,Cádiz,20,1999,1.0,19,9,10,2,0,0,6,6,2,0,2,0,11,0,2,Matches
49,Antonio Barragán,es ESP,DF,Elche,33,1987,24.8,1326,1115,206,47,0,12,53,159,0,0,0,0,1091,5,16,Matches
50,Ander Barrenetxea,es ESP,"MF,FW",Real Sociedad,18,2001,14.5,413,399,13,3,2,2,34,9,1,0,0,0,291,1,19,Matches
Rk,Player,Nation,Pos,Squad,Age,Born,90s,Att,Live,Dead,FK,TB,Sw,Crs,TI,CK,In,Out,Str,Cmp,Off,Blocks,Matches
51,Marc Bartra,es ESP,DF,Betis,29,1991,18.8,971,917,49,43,0,9,2,6,0,0,0,0,776,5,4,Matches
52,Álvaro Bastida,es ESP,MF,Cádiz,16,2004,0.4,8,8,0,0,1,0,0,0,0,0,0,0,4,0,0,Matches
53,Rodrigo Battaglia,ar ARG,MF,Alavés,29,1991,27.7,1039,988,49,44,1,6,3,0,1,1,0,0,870,2,17,Matches
54,Jon Bautista,es ESP,FW,Real Sociedad,25,1995,4.1,92,87,5,0,0,0,4,0,0,0,0,0,56,0,1,Matches
55,Fran Beltrán,es ESP,"MF,FW",Celta Vigo,21,1999,15.5,773,753,20,14,0,4,6,2,3,0,2,0,697,0,8,Matches
56,Sergio Benito,es ESP,FW,Valladolid,21,1999,0.0,0,0,0,0,0,0,0,0,0,0,0,0,0,0,0,Matches
57,Karim Benzema,fr FRA,FW,Real Madrid,32,1987,32.2,1235,1169,59,2,4,12,18,1,3,0,0,0,1029,7,25,Matches
58,Yuri Berchiche,es ESP,DF,Athletic Club,30,1990,18.7,1132,895,233,34,1,21,76,199,0,0,0,0,909,4,31,Matches
59,Álex Berenguer,es ESP,"MF,FW",Athletic Club,25,1995,25.3,917,789,121,25,0,3,147,10,86,30,30,1,601,7,37,Matches
60,Pedro Bigas,es ESP,DF,Eibar,29,1990,17.0,676,603,68,31,0,17,9,37,0,0,0,0,474,5,7,Matches
61,Alejandro Blanco,es ESP,MF,Valencia,21,1998,6.4,140,136,4,0,0,0,10,4,0,0,0,0,101,0,11,Matches
62,Antonio Blanco,es ESP,"MF,FW",Real Madrid,20,2000,2.4,171,168,1,1,0,1,2,0,0,0,0,0,157,2,2,Matches
63,Rubén Blanco,es ESP,GK,Celta Vigo,25,1995,18.2,665,468,195,52,0,2,0,0,0,0,0,0,472,2,0,Matches
64,Alejandro Blesa,es ESP,MF,Levante,18,2002,0.1,12,12,0,0,0,0,0,0,0,0,0,0,12,0,0,Matches
65,Yann Bodiger,fr FRA,MF,Cádiz,25,1995,2.8,94,92,1,0,0,0,2,0,1,1,0,0,65,1,4,Matches
66,Yassine Bounou,ma MAR,GK,Sevilla,29,1991,33.0,1096,826,269,69,0,2,0,0,0,0,0,0,862,1,2,Matches
67,Lucas Boyé,ar ARG,FW,Elche,24,1996,29.9,645,599,43,0,1,14,11,0,0,0,0,0,491,3,24,Matches
68,Martin Braithwaite,dk DEN,FW,Barcelona,29,1991,13.1,282,268,13,0,1,1,5,0,0,0,0,0,228,1,8,Matches
69,Darko Brašanac,rs SRB,MF,Osasuna,28,1992,10.1,310,296,13,4,0,0,11,2,0,0,0,0,215,1,14,Matches
70,Álvaro Bravo,es ESP,MF,Granada,22,1998,0.2,9,9,0,0,0,0,0,0,0,0,0,0,8,0,0,Matches
71,Claudio Bravo,cl CHI,GK,Betis,37,1983,20.0,648,442,205,76,0,3,0,0,0,0,0,0,422,1,0,Matches
72,Yan Brice Eteki,cm CMR,MF,Granada,22,1997,14.7,357,348,7,6,0,2,3,1,0,0,0,0,274,2,10,Matches
73,Juan Brunet,ar ARG,MF,Granada,22,1998,0.3,8,8,0,0,0,0,0,0,0,0,0,0,7,0,0,Matches
74,Ante Budimir,hr CRO,FW,Osasuna,29,1991,18.1,399,368,28,1,0,1,2,3,0,0,0,0,238,3,7,Matches
75,Esteban Burgos,ar ARG,DF,Eibar,28,1992,12.3,558,534,21,20,0,13,0,1,0,0,0,0,417,3,4,Matches
Rk,Player,Nation,Pos,Squad,Age,Born,90s,Att,Live,Dead,FK,TB,Sw,Crs,TI,CK,In,Out,Str,Cmp,Off,Blocks,Matches
76,Burgui,es ESP,MF,Alavés,26,1993,0.2,10,9,0,0,0,0,0,0,0,0,0,0,9,1,0,Matches
77,Sergio Busquets,es ESP,MF,Barcelona,32,1988,28.0,2691,2593,95,92,13,9,3,3,0,0,0,0,2453,3,19,Matches
78,Erick Cabaco,uy URU,DF,Getafe,25,1995,14.7,489,430,57,40,0,28,3,17,0,0,0,0,301,2,7,Matches
79,Cala,es ESP,DF,Cádiz,30,1989,25.2,750,696,52,51,0,28,0,1,0,0,0,0,523,2,4,Matches
80,Jonathan Calleri,ar ARG,FW,Osasuna,26,1993,17.2,354,322,30,0,0,1,9,0,0,0,0,0,211,2,7,Matches
81,Dani Calvo,es ESP,DF,Elche,26,1994,19.8,776,746,28,26,0,12,1,2,0,0,0,0,637,2,5,Matches
82,José Campaña,es ESP,MF,Levante,27,1993,8.3,517,454,58,21,1,5,45,4,33,13,8,0,398,5,14,Matches
83,Sergio Canales,es ESP,"MF,FW",Betis,29,1991,27.8,1779,1645,128,61,1,41,103,15,46,11,25,0,1497,6,24,Matches
84,Álex Cantero,es ESP,FW,Levante,20,2000,2.6,38,37,1,0,0,0,1,0,0,0,0,0,25,0,4,Matches
85,Ander Capa,es ESP,DF,Athletic Club,28,1992,23.7,1199,887,308,28,0,2,60,280,0,0,0,0,900,4,39,Matches
86,Étienne Capoue,fr FRA,MF,Villarreal,32,1988,13.2,764,745,17,16,1,6,0,1,0,0,0,0,686,2,2,Matches
87,Isaac Carcelen,es ESP,DF,Cádiz,27,1993,28.7,1112,798,309,46,0,9,82,245,18,5,12,0,769,5,24,Matches
88,Dani Cárdenas,es ESP,GK,Levante,23,1997,8.0,264,181,81,22,0,2,0,0,0,0,0,0,198,2,1,Matches
89,Marc Cardona,es ESP,"FW,DF",Osasuna,25,1995,0.6,27,24,2,0,0,0,1,1,0,0,0,0,18,1,1,Matches
90,Diego Carlos,br BRA,DF,Sevilla,27,1993,31.0,1887,1846,36,32,0,31,2,1,0,0,0,0,1690,5,3,Matches
91,Juan Carlos,es ESP,"MF,FW",Huesca,29,1991,3.2,98,95,1,1,1,0,3,0,0,0,0,0,76,2,1,Matches
92,Yannick Carrasco,be BEL,"DF,MF",Atlético Madrid,26,1993,24.2,1010,863,138,37,6,5,111,44,57,32,11,0,743,9,16,Matches
93,Sergio Carreira,es ESP,DF,Celta Vigo,19,2000,2.9,121,97,24,0,0,0,6,24,0,0,0,0,89,0,5,Matches
94,Guido Carrillo,ar ARG,FW,Elche,29,1991,11.1,305,295,9,0,0,2,4,0,0,0,0,0,216,1,6,Matches
95,Dani Carvajal,es ESP,DF,Real Madrid,28,1992,10.6,810,686,120,13,0,8,31,107,0,0,0,0,673,4,18,Matches
96,William Carvalho,pt POR,MF,Betis,28,1992,13.6,965,943,20,20,3,10,4,0,0,0,0,0,812,2,11,Matches
97,Casemiro,br BRA,MF,Real Madrid,28,1992,32.2,1969,1914,46,41,1,32,23,5,0,0,0,0,1630,9,33,Matches
98,Sofian Chakla,ma MAR,DF,Villarreal,26,1993,0.1,9,8,1,1,0,0,0,0,0,0,0,0,4,0,0,Matches
99,Sofian Chakla,ma MAR,DF,Getafe,26,1993,10.0,248,233,15,12,0,1,1,3,0,0,0,0,147,0,4,Matches
100,Chema,es ESP,"DF,MF",Getafe,28,1992,6.2,170,156,12,12,0,12,1,0,0,0,0,0,102,2,2,Matches
Rk,Player,Nation,Pos,Squad,Age,Born,90s,Att,Live,Dead,FK,TB,Sw,Crs,TI,CK,In,Out,Str,Cmp,Off,Blocks,Matches
101,Denis Cheryshev,ru RUS,MF,Valencia,29,1990,12.2,330,320,7,1,0,3,50,5,1,0,0,0,195,3,24,Matches
102,Samuel Chukwueze,ng NGA,"MF,FW",Villarreal,21,1999,15.2,531,514,15,1,3,4,26,6,7,1,0,0,395,2,10,Matches
103,Víctor Chust,es ESP,DF,Real Madrid,20,2000,1.1,76,73,3,2,0,0,0,1,0,0,0,0,68,0,0,Matches
104,Cifu,es ESP,DF,Elche,29,1990,5.0,217,171,44,2,0,1,10,42,0,0,0,0,158,2,16,Matches
105,Alberto Cifuentes,es ESP,GK,Cádiz,41,1979,2.0,68,33,35,20,0,0,0,0,0,0,0,0,27,0,0,Matches
106,Jasper Cillessen,nl NED,GK,Valencia,31,1989,10.0,323,193,127,32,0,0,0,0,0,0,0,0,194,3,0,Matches
107,Carlos Clerc,es ESP,DF,Levante,28,1992,30.9,1725,1416,301,35,1,10,120,262,4,0,0,0,1304,8,50,Matches
108,Coke,es ESP,DF,Levante,33,1987,9.3,457,395,62,8,0,3,13,54,0,0,0,0,363,0,15,Matches
109,Francis Coquelin,fr FRA,MF,Villarreal,29,1991,8.2,506,497,7,5,0,3,1,2,0,0,0,0,447,2,8,Matches
110,Iñigo Córdoba,es ESP,"FW,MF",Athletic Club,23,1997,1.1,33,32,1,0,0,0,2,0,0,0,0,0,15,0,1,Matches
111,Iñigo Córdoba,es ESP,MF,Alavés,23,1997,2.4,80,75,4,1,0,0,12,0,3,0,2,0,46,1,4,Matches
112,Ángel Correa,ar ARG,"FW,MF",Atlético Madrid,25,1995,26.6,898,859,31,4,5,3,35,0,9,1,4,0,690,8,19,Matches
113,Rober Correa,es ESP,DF,Eibar,27,1992,12.6,636,492,143,12,0,3,47,131,0,0,0,0,436,1,11,Matches
114,Thierry Correia,pt POR,DF,Valencia,21,1999,23.7,1217,977,235,21,2,8,62,214,0,0,0,0,892,5,32,Matches
115,Diego Costa,es ESP,FW,Atlético Madrid,31,1988,2.3,74,74,0,0,0,1,2,0,0,0,0,0,57,0,2,Matches
116,Jaume Costa,es ESP,"DF,MF",Villarreal,32,1988,3.9,244,193,51,5,1,2,7,45,1,0,0,0,202,0,4,Matches
117,Thibaut Courtois,be BEL,GK,Real Madrid,28,1992,38.0,1323,1026,295,59,0,5,0,1,0,0,0,0,1087,2,1,Matches
118,Philippe Coutinho,br BRA,"MF,FW",Barcelona,28,1992,7.3,519,486,30,4,0,1,24,7,19,12,1,0,444,3,3,Matches
119,Juan Cruz Armada,es ESP,DF,Osasuna,28,1992,21.8,872,645,225,4,0,1,40,221,0,0,0,0,592,2,25,Matches
120,Sergio Cubero Ezcurra,es ESP,MF,Eibar,20,1999,0.0,0,0,0,0,0,0,0,0,0,0,0,0,0,0,0,Matches
121,Cucho,co COL,"FW,MF",Getafe,21,1999,16.3,515,502,11,2,1,4,41,6,2,0,1,0,337,2,25,Matches
122,Marc Cucurella,es ESP,MF,Getafe,22,1998,36.0,1351,1209,136,18,0,4,138,107,11,3,0,0,923,6,53,Matches
123,Patrick Cutrone,it ITA,FW,Valencia,22,1998,1.2,23,21,2,0,0,1,1,1,0,0,0,0,16,0,0,Matches
124,Moussa Dembélé,fr FRA,FW,Atlético Madrid,24,1996,1.1,32,30,1,0,0,0,0,0,0,0,0,0,20,1,0,Matches
125,Ousmane Dembélé,fr FRA,FW,Barcelona,23,1997,19.7,1019,958,59,6,3,2,75,20,30,8,8,0,832,2,25,Matches
Rk,Player,Nation,Pos,Squad,Age,Born,90s,Att,Live,Dead,FK,TB,Sw,Crs,TI,CK,In,Out,Str,Cmp,Off,Blocks,Matches
126,Sergiño Dest,us USA,"DF,FW",Barcelona,19,2000,21.2,1294,1148,144,4,1,0,37,140,0,0,0,0,1142,2,31,Matches
127,Deyverson,br BRA,FW,Alavés,29,1991,9.7,299,287,10,0,1,5,8,0,0,0,0,0,150,2,9,Matches
128,Abdoulay Diaby,ml MLI,DF,Getafe,29,1991,0.2,10,10,0,0,0,0,2,0,0,0,0,0,5,0,1,Matches
129,Mouctar Diakhaby,gn GUI,DF,Valencia,23,1996,23.1,997,959,31,30,0,12,1,1,0,0,0,0,841,7,8,Matches
130,Víctor Díaz,es ESP,DF,Granada,32,1988,9.2,391,298,91,13,0,2,33,74,4,0,3,0,258,2,8,Matches
131,Papakouli Diop,sn SEN,MF,Eibar,34,1986,25.8,882,864,12,12,1,11,10,0,0,0,0,0,605,6,15,Matches
132,Djené,tg TOG,DF,Getafe,28,1991,32.7,1042,965,74,51,0,5,10,23,0,0,0,0,757,3,6,Matches
133,Marko Dmitrović,rs SRB,GK,Eibar,28,1992,34.7,1071,714,355,122,0,5,0,0,0,0,0,0,585,2,0,Matches
134,Jaume Doménech,es ESP,GK,Valencia,29,1990,28.0,894,552,337,94,0,1,0,0,0,0,0,0,612,5,0,Matches
135,Carlos Dominguez,es ESP,DF,Celta Vigo,19,2001,4.0,157,156,1,1,0,0,0,0,0,0,0,0,126,0,1,Matches
136,John Donald,es ESP,"DF,MF",Elche,19,2000,0.6,18,18,0,0,0,0,0,0,0,0,0,0,18,0,0,Matches
137,Cheick Doukouré,ci CIV,"MF,FW",Levante,27,1992,1.1,43,42,1,1,0,0,0,0,0,0,0,0,36,0,2,Matches
138,Idrissa Doumbia,ci CIV,MF,Huesca,22,1998,8.7,415,412,3,3,1,2,0,0,0,0,0,0,382,0,3,Matches
139,Domingos Duarte,pt POR,DF,Granada,25,1995,26.3,964,915,46,40,0,8,1,6,0,0,0,0,742,3,9,Matches
140,Óscar Duarte,cr CRC,DF,Levante,31,1989,22.9,1235,1186,47,39,1,12,1,2,0,0,0,0,1028,2,2,Matches
141,Rubén Duarte,es ESP,DF,Alavés,24,1995,28.3,1349,1030,315,55,1,11,110,240,20,7,10,2,939,4,29,Matches
142,Unai Dufur,es ESP,DF,Eibar,21,1999,0.7,48,33,15,0,0,0,0,15,0,0,0,0,36,0,2,Matches
143,Hugo Duro,es ESP,FW,Real Madrid,20,1999,0.6,7,7,0,0,0,0,0,0,0,0,0,0,6,0,0,Matches
144,Aritz Elustondo,es ESP,DF,Real Sociedad,26,1994,20.9,1245,1191,53,37,2,12,5,16,0,0,0,0,1058,1,2,Matches
145,Rodrigo Ely,br BRA,DF,Alavés,26,1993,5.2,165,152,10,10,0,0,0,0,0,0,0,0,127,3,0,Matches
146,Emerson,br BRA,DF,Betis,21,1999,33.2,1936,1573,357,46,0,4,90,311,0,0,0,0,1533,6,52,Matches
147,Youssef En-Nesyri,ma MAR,FW,Sevilla,23,1997,25.7,396,361,32,0,0,2,13,3,0,0,0,0,260,3,10,Matches
148,Sergi Enrich,es ESP,FW,Eibar,30,1990,15.6,450,424,22,0,0,6,8,1,0,0,0,0,338,4,10,Matches
149,Aarón Escandell,es ESP,GK,Granada,24,1995,5.0,159,97,61,28,0,0,0,0,0,0,0,0,78,1,0,Matches
150,Dani Escriche,es ESP,"FW,MF",Huesca,22,1998,9.5,271,263,7,0,1,1,8,2,1,0,0,0,194,1,10,Matches
Rk,Player,Nation,Pos,Squad,Age,Born,90s,Att,Live,Dead,FK,TB,Sw,Crs,TI,CK,In,Out,Str,Cmp,Off,Blocks,Matches
151,Sergio Escudero,es ESP,DF,Sevilla,30,1989,6.3,401,328,71,16,1,3,21,50,5,0,3,0,340,2,4,Matches
152,Alfonso Espino,uy URU,DF,Cádiz,28,1992,28.9,1043,772,262,23,0,15,80,239,0,0,0,0,650,9,28,Matches
153,Vicente Esquerdo,es ESP,MF,Valencia,21,1999,2.6,99,96,2,1,0,3,3,1,0,0,0,0,81,1,2,Matches
154,Pervis Estupiñán,ec ECU,DF,Villarreal,22,1998,13.0,662,559,102,9,1,3,65,93,0,0,0,0,516,1,29,Matches
155,Xabier Etxeita,es ESP,DF,Getafe,32,1987,9.8,319,302,15,15,0,7,0,0,0,0,0,0,198,2,4,Matches
156,Edu Expósito,es ESP,MF,Eibar,23,1996,27.3,1162,1092,61,20,2,9,84,4,35,18,17,0,853,9,20,Matches
157,Jokin Ezkieta,es ESP,GK,Athletic Club,23,1996,1.0,25,16,9,2,0,0,0,0,0,0,0,0,22,0,0,Matches
158,Fali,es ESP,"DF,MF",Cádiz,26,1993,29.3,731,671,58,51,2,9,19,6,0,0,0,0,505,2,4,Matches
159,Ansu Fati,es ESP,FW,Barcelona,17,2002,4.8,202,194,8,0,3,0,4,1,4,2,0,0,168,0,2,Matches
160,Nabil Fekir,fr FRA,"MF,FW",Betis,27,1993,29.1,1309,1150,152,41,4,11,115,11,83,27,30,2,1048,7,26,Matches
161,Felipe,br BRA,DF,Atlético Madrid,31,1989,22.9,1054,1017,33,29,0,6,1,4,0,0,0,0,889,4,5,Matches
162,João Félix,pt POR,"FW,MF",Atlético Madrid,20,1999,17.5,689,667,17,4,8,5,11,6,1,1,0,0,567,5,16,Matches
163,Aitor Fernández,es ESP,GK,Levante,29,1991,29.0,928,655,272,65,0,2,0,1,0,0,0,0,709,1,0,Matches
164,Álex Fernández,es ESP,MF,Cádiz,27,1992,21.6,936,760,171,74,0,14,123,13,75,34,32,1,692,5,22,Matches
165,Álvaro Fernández,es ESP,GK,Huesca,22,1998,22.0,816,572,236,63,0,2,0,0,0,0,0,0,615,8,0,Matches
166,Andrés Fernández,es ESP,GK,Huesca,33,1986,16.0,574,400,167,47,1,3,0,0,0,0,0,0,395,7,1,Matches
167,Augusto Fernández,ar ARG,MF,Cádiz,34,1986,4.1,119,117,2,2,0,4,1,0,0,0,0,0,91,0,3,Matches
168,Carlos Fernández,es ESP,FW,Sevilla,24,1996,1.6,38,37,1,0,0,0,0,0,0,0,0,0,28,0,1,Matches
169,Carlos Fernández,es ESP,"FW,MF",Real Sociedad,24,1996,4.3,115,113,1,0,2,0,3,0,0,0,0,0,74,1,8,Matches
170,Joaquín Fernández,es ESP,DF,Valladolid,24,1996,23.0,778,751,27,26,0,8,1,1,0,0,0,0,615,0,3,Matches
171,Fernando,br BRA,MF,Sevilla,33,1987,28.3,1591,1525,60,51,3,25,1,9,0,0,0,0,1423,6,10,Matches
172,David Ferreiro,es ESP,"MF,FW",Huesca,32,1988,28.1,1090,910,169,68,0,19,245,11,88,31,37,0,701,11,40,Matches
173,Facundo Ferreyra,ar ARG,FW,Celta Vigo,29,1991,3.3,50,46,4,0,0,0,1,1,0,0,0,0,33,0,2,Matches
174,Fidel,es ESP,"MF,DF",Elche,30,1989,26.6,1237,1027,204,56,0,20,165,89,59,24,27,0,892,6,31,Matches
175,Junior Firpo,do DOM,"DF,MF",Barcelona,23,1996,3.2,229,202,24,5,0,0,4,19,0,0,0,0,202,3,5,Matches
Rk,Player,Nation,Pos,Squad,Age,Born,90s,Att,Live,Dead,FK,TB,Sw,Crs,TI,CK,In,Out,Str,Cmp,Off,Blocks,Matches
176,Kingsley Fobi,gh GHA,DF,Granada,21,1998,0.5,11,6,5,0,0,0,0,5,0,0,0,0,7,0,0,Matches
177,Ramón Folch,es ESP,MF,Elche,30,1989,0.0,0,0,0,0,0,0,0,0,0,0,0,0,0,0,0,Matches
178,José Fontán,es ESP,DF,Celta Vigo,20,2000,7.2,351,325,25,3,0,5,9,22,0,0,0,0,285,1,6,Matches
179,Dimitri Foulquier,fr FRA,DF,Granada,27,1993,29.6,1130,789,339,13,0,5,54,326,0,0,0,0,817,2,36,Matches
180,Juan Foyth,ar ARG,"DF,MF",Villarreal,22,1998,13.0,734,673,61,20,1,4,1,41,0,0,0,0,642,0,10,Matches
181,Jorge de Frutos,es ESP,MF,Levante,23,1997,24.3,728,656,67,6,2,5,109,27,34,8,10,0,481,5,34,Matches
182,Ramiro Funes Mori,ar ARG,DF,Villarreal,29,1991,8.1,491,465,23,13,0,2,1,10,0,0,0,0,423,3,3,Matches
183,Javi Galán,es ESP,DF,Huesca,25,1994,34.1,1806,1404,394,40,0,23,156,331,23,15,4,0,1400,8,47,Matches
184,Enric Gallego,es ESP,FW,Osasuna,33,1986,9.0,258,250,8,0,0,0,10,0,0,0,0,0,146,0,11,Matches
185,Kévin Gameiro,fr FRA,FW,Valencia,33,1987,12.0,270,241,26,0,0,0,2,4,0,0,0,0,206,3,7,Matches
186,Aleix García,es ESP,MF,Eibar,23,1997,4.9,279,251,26,6,0,9,26,1,19,10,9,0,227,2,3,Matches
187,Borja García,es ESP,"MF,FW",Huesca,29,1990,12.4,561,539,16,5,1,6,12,0,1,0,0,0,480,6,11,Matches
188,Dani García,es ESP,MF,Athletic Club,30,1990,21.3,1039,1007,29,25,0,18,6,4,0,0,0,0,865,3,8,Matches
189,David García,es ESP,DF,Osasuna,26,1994,35.0,1380,1322,52,49,0,21,1,3,0,0,0,0,988,6,5,Matches
190,Manu García,es ESP,MF,Alavés,34,1986,12.5,410,398,9,4,0,3,5,1,0,0,0,0,281,3,9,Matches
191,Raúl García,es ESP,"DF,MF",Valladolid,31,1989,5.6,290,222,67,2,0,2,37,65,0,0,0,0,199,1,14,Matches
192,Raúl García,es ESP,"FW,MF",Athletic Club,34,1986,19.4,582,572,5,0,4,3,19,0,0,0,0,0,348,5,26,Matches
193,Rubén García,es ESP,"MF,FW",Osasuna,27,1993,30.2,1210,1063,140,50,0,37,162,27,57,24,27,1,778,7,34,Matches
194,Sergi García,es ESP,MF,Alavés,21,1999,0.2,7,5,2,0,0,0,0,2,0,0,0,0,4,0,1,Matches
195,Unai García,es ESP,DF,Osasuna,28,1992,13.8,434,406,27,26,0,14,4,1,0,0,0,0,329,1,3,Matches
196,Mario Gaspar,es ESP,DF,Villarreal,29,1990,20.6,1125,893,224,27,0,6,37,196,1,0,0,0,921,8,22,Matches
197,Paulo Gazzaniga,ar ARG,GK,Elche,28,1992,8.0,244,149,94,31,0,0,0,0,0,0,0,0,146,1,0,Matches
198,Bryan Gil,es ESP,FW,Sevilla,19,2001,0.1,7,7,0,0,0,0,1,0,0,0,0,0,5,0,0,Matches
199,Bryan Gil,es ESP,"MF,FW",Eibar,19,2001,25.2,1007,906,99,23,0,8,192,23,53,23,29,0,682,2,42,Matches
200,David Gil,es ESP,GK,Cádiz,26,1994,4.0,122,63,59,22,0,0,0,0,0,0,0,0,47,0,0,Matches
Rk,Player,Nation,Pos,Squad,Age,Born,90s,Att,Live,Dead,FK,TB,Sw,Crs,TI,CK,In,Out,Str,Cmp,Off,Blocks,Matches
201,Álvaro Giménez,es ESP,FW,Cádiz,29,1991,4.5,98,93,4,0,0,1,0,0,0,0,0,0,52,1,5,Matches
202,Dani Gómez,es ESP,FW,Levante,22,1998,18.5,335,316,18,1,1,0,15,1,0,0,0,0,251,1,21,Matches
203,Ibai Gómez,es ESP,MF,Athletic Club,30,1989,4.7,159,140,18,8,0,2,25,2,8,2,4,0,109,1,1,Matches
204,Maxi Gómez,uy URU,FW,Valencia,23,1996,29.9,567,533,31,0,1,17,13,2,0,0,0,0,364,3,18,Matches
205,Moi Gómez,es ESP,"MF,FW",Villarreal,26,1994,28.5,1329,1244,75,22,3,15,72,6,47,15,5,0,1091,10,28,Matches
206,Papu Gómez,ar ARG,"MF,FW",Sevilla,32,1988,10.2,592,559,30,7,0,12,32,6,16,2,9,0,506,3,8,Matches
207,Sergi Gómez,es ESP,DF,Sevilla,28,1992,8.0,544,540,4,3,0,2,0,1,0,0,0,0,508,0,2,Matches
208,Sergio Gómez,es ESP,"MF,FW",Huesca,19,2000,8.8,448,368,76,21,1,4,71,35,20,8,8,0,321,4,9,Matches
209,Maxime Gonalons,fr FRA,MF,Granada,31,1989,16.4,716,697,17,16,0,7,6,1,0,0,0,0,587,2,11,Matches
210,Bruno González,es ESP,DF,Valladolid,30,1990,25.1,798,750,47,47,0,10,1,0,0,0,0,0,602,1,6,Matches
211,Diego González,es ESP,DF,Elche,25,1995,14.2,744,721,21,21,0,2,0,0,0,0,0,0,660,2,3,Matches
212,Sergio González,es ESP,"MF,DF",Cádiz,23,1997,1.0,30,29,1,1,0,0,0,0,0,0,0,0,20,0,0,Matches
213,Urko González,es ESP,MF,Real Sociedad,19,2001,0.5,31,31,0,0,1,0,0,0,0,0,0,0,28,0,0,Matches
214,Andoni Gorosabel,es ESP,DF,Real Sociedad,23,1996,26.5,1448,1145,295,29,1,0,74,265,1,1,0,0,1143,8,36,Matches
215,Antoine Griezmann,fr FRA,"FW,MF",Barcelona,29,1991,28.9,1352,1296,52,10,3,7,22,10,14,2,2,0,1168,4,20,Matches
216,Andrés Guardado,mx MEX,MF,Betis,33,1986,14.6,787,772,14,9,1,17,7,4,1,0,1,0,654,1,10,Matches
217,Sergi Guardiola,es ESP,FW,Valladolid,29,1991,19.9,532,518,12,1,3,9,29,1,0,0,0,0,343,2,25,Matches
218,Nemanja Gudelj,rs SRB,"MF,DF",Sevilla,28,1991,11.6,788,762,24,23,1,7,2,1,0,0,0,0,731,2,2,Matches
219,Gonçalo Guedes,pt POR,"MF,FW",Valencia,23,1996,25.4,801,761,32,8,5,21,48,6,8,1,0,0,571,8,32,Matches
220,Ander Guevara,es ESP,MF,Real Sociedad,23,1997,23.1,1423,1394,26,24,1,7,3,2,0,0,0,0,1175,3,23,Matches
221,John Guidetti,se SWE,FW,Alavés,28,1992,2.3,73,64,9,2,0,1,6,0,3,0,3,0,49,0,3,Matches
222,Hugo Guillamón,es ESP,DF,Valencia,20,2000,22.1,1184,1111,71,66,0,24,1,5,0,0,0,0,1035,2,7,Matches
223,Jon Guridi,es ESP,MF,Real Sociedad,25,1995,9.2,362,353,5,5,2,1,1,0,0,0,0,0,289,4,10,Matches
224,Raúl Guti,es ESP,MF,Elche,23,1996,31.8,1297,1244,50,28,0,24,13,4,0,0,0,0,1078,3,28,Matches
225,Marcos Mauro López Gutiérrez,ar ARG,DF,Cádiz,29,1991,20.3,492,460,30,29,0,2,0,1,0,0,0,0,405,2,2,Matches
Rk,Player,Nation,Pos,Squad,Age,Born,90s,Att,Live,Dead,FK,TB,Sw,Crs,TI,CK,In,Out,Str,Cmp,Off,Blocks,Matches
226,Miguel Gutiérrez,es ESP,DF,Real Madrid,19,2001,3.5,283,247,36,1,1,1,19,35,0,0,0,0,240,0,7,Matches
227,Munir El Haddadi,ma MAR,FW,Sevilla,24,1995,9.4,342,332,10,2,2,8,17,1,6,0,1,0,273,0,8,Matches
228,Eden Hazard,be BEL,"FW,MF",Real Madrid,29,1991,5.9,340,332,7,3,1,3,3,1,2,0,1,0,298,1,8,Matches
229,Mario Hermoso,es ESP,DF,Atlético Madrid,25,1995,28.6,1939,1728,207,51,2,40,8,156,0,0,0,0,1622,4,22,Matches
230,Aridane Hernández,es ESP,DF,Osasuna,31,1989,22.5,724,687,34,30,0,11,0,4,0,0,0,0,568,3,5,Matches
231,Héctor Herrera,mx MEX,MF,Atlético Madrid,30,1990,7.6,666,634,30,25,1,5,5,4,1,1,0,0,594,2,6,Matches
232,Sergio Herrera,es ESP,GK,Osasuna,27,1993,32.9,1156,729,422,163,0,3,0,0,0,0,0,0,613,5,0,Matches
233,Yangel Herrera,ve VEN,MF,Granada,22,1998,25.7,883,878,4,3,1,5,11,0,0,0,0,0,588,1,23,Matches
234,Pablo Hervías,es ESP,"DF,MF",Valladolid,27,1993,13.4,737,597,137,29,0,2,124,85,22,5,12,0,549,3,20,Matches
235,Jordan Holsgrove,sct SCO,MF,Celta Vigo,20,1999,1.6,104,100,4,4,0,0,3,0,0,0,0,0,90,0,1,Matches
236,Vicente Iborra,es ESP,MF,Villarreal,32,1988,10.3,601,584,14,14,0,4,0,0,0,0,0,0,539,3,6,Matches
237,Oussama Idrissi,ma MAR,"FW,MF",Sevilla,24,1996,0.3,11,11,0,0,0,0,3,0,0,0,0,0,9,0,1,Matches
238,Iglesias,es ESP,"DF,MF",Getafe,22,1998,6.7,216,167,48,3,0,2,18,45,0,0,0,0,111,1,5,Matches
239,Borja Iglesias,es ESP,FW,Betis,27,1993,15.7,276,249,26,0,0,0,4,0,1,0,0,0,193,1,8,Matches
240,Asier Illarramendi,es ESP,MF,Real Sociedad,30,1990,3.7,279,249,29,27,0,2,6,2,0,0,0,0,253,1,1,Matches
241,Pablo Insua,es ESP,DF,Huesca,26,1993,17.6,749,723,23,22,0,8,1,1,0,0,0,0,637,3,2,Matches
242,Takashi Inui,jp JPN,"MF,FW",Eibar,32,1988,20.2,531,499,31,3,1,10,87,19,1,0,0,0,353,1,20,Matches
243,Alexander Isak,se SWE,FW,Real Sociedad,20,1999,26.0,451,399,49,1,5,0,18,1,0,0,0,0,319,3,17,Matches
244,Isco,es ESP,MF,Real Madrid,28,1992,10.1,734,678,46,19,0,4,30,10,17,8,2,0,632,10,6,Matches
245,Jairo Izquierdo,es ESP,"MF,DF",Cádiz,26,1993,14.2,456,406,49,2,1,2,40,42,5,2,3,0,327,1,19,Matches
246,Saidy Janko,gm GAM,DF,Valladolid,24,1995,13.6,598,470,127,1,0,2,46,126,0,0,0,0,436,1,16,Matches
247,Adnan Januzaj,be BEL,"FW,MF",Real Sociedad,25,1995,11.3,567,483,78,18,2,10,73,12,46,21,17,0,397,6,20,Matches
248,Jason,es ESP,"MF,DF",Valencia,26,1994,4.9,139,127,9,2,1,2,15,7,0,0,0,0,87,3,2,Matches
249,Luis Javier Suárez,co COL,"FW,MF",Granada,22,1997,18.5,292,275,13,0,1,4,11,1,1,0,0,0,171,4,14,Matches
250,Joaquín,es ESP,"FW,MF",Betis,39,1981,14.3,759,671,86,26,1,5,66,16,42,4,23,0,606,2,14,Matches
Rk,Player,Nation,Pos,Squad,Age,Born,90s,Att,Live,Dead,FK,TB,Sw,Crs,TI,CK,In,Out,Str,Cmp,Off,Blocks,Matches
251,John Joe,ie IRL,"MF,FW",Getafe,16,2003,0.7,19,18,0,0,0,0,3,0,0,0,0,0,9,1,2,Matches
252,Frenkie de Jong,nl NED,"MF,DF",Barcelona,23,1997,35.0,2821,2759,48,32,2,9,7,15,1,1,0,0,2575,14,28,Matches
253,Luuk de Jong,nl NED,FW,Sevilla,29,1990,14.1,342,317,23,0,0,2,2,0,0,0,0,0,246,2,9,Matches
254,Jony,es ESP,"MF,FW",Osasuna,29,1991,9.7,392,348,43,7,1,7,83,25,10,4,4,0,223,1,15,Matches
255,Joan Jordán,es ESP,MF,Sevilla,26,1994,26.7,2034,1911,120,79,4,56,50,8,31,3,11,0,1771,3,25,Matches
256,Josan,es ESP,"MF,DF",Elche,30,1989,21.4,805,699,101,11,0,4,102,75,15,2,9,1,600,5,28,Matches
257,Willian José,br BRA,FW,Real Sociedad,28,1991,7.7,240,218,19,1,1,12,6,1,0,0,0,0,178,3,11,Matches
258,Joselu,es ESP,FW,Alavés,30,1990,33.6,1050,1024,18,0,0,14,26,3,1,0,0,0,600,8,27,Matches
259,Josema,es ESP,DF,Elche,24,1996,21.8,1014,881,133,28,0,17,33,105,0,0,0,0,781,0,13,Matches
260,Jota,pt POR,"MF,FW",Valladolid,21,1999,7.4,211,204,6,0,1,1,16,1,5,2,1,0,147,1,7,Matches
261,Jota,es ESP,MF,Alavés,29,1991,15.5,498,441,52,26,3,3,36,1,16,7,6,0,352,5,11,Matches
262,Luka Jović,rs SRB,FW,Real Madrid,22,1997,1.7,40,37,3,0,0,0,1,0,0,0,0,0,33,0,3,Matches
263,Juanmi,es ESP,"FW,MF",Betis,27,1993,6.7,149,139,10,0,0,0,0,4,0,0,0,0,116,0,4,Matches
264,Vinicius Júnior,br BRA,FW,Real Madrid,20,2000,21.9,795,775,17,2,2,4,39,14,1,0,0,0,657,3,18,Matches
265,Jens Jønsson,dk DEN,MF,Cádiz,27,1993,29.1,696,679,14,13,1,4,3,1,0,0,0,0,526,3,10,Matches
266,Damian Kądzior,pl POL,"FW,MF",Eibar,28,1992,2.2,76,58,17,6,0,1,27,1,10,3,7,0,44,1,4,Matches
267,Lee Kang-in,kr KOR,"FW,MF",Valencia,19,2001,14.0,547,479,65,21,5,12,39,6,27,12,7,1,442,3,7,Matches
268,Stephane Keller,cm CMR,DF,Alavés,18,2001,0.2,13,13,0,0,0,0,0,0,0,0,0,0,11,0,0,Matches
269,Kenedy,br BRA,"FW,MF",Granada,24,1996,16.3,318,267,49,15,2,2,62,6,28,17,7,0,201,2,7,Matches
270,Kiké,es ESP,FW,Eibar,30,1989,34.3,885,831,49,2,0,5,47,2,0,0,0,0,574,5,31,Matches
271,Giorgi Kochorashvili,ge GEO,MF,Levante,21,1999,0.3,13,12,1,1,0,0,0,0,0,0,0,0,6,0,2,Matches
272,Kenan Kodro,ba BIH,"FW,MF",Valladolid,26,1993,5.1,117,102,13,0,0,3,0,2,0,0,0,0,76,2,3,Matches
273,Kenan Kodro,ba BIH,"FW,MF",Athletic Club,26,1993,0.5,9,9,0,0,0,0,0,0,0,0,0,0,7,0,0,Matches
274,Koba Koindredi,fr FRA,MF,Valencia,18,2001,0.2,10,10,0,0,0,0,0,0,0,0,0,0,8,0,0,Matches
275,Koke,es ESP,MF,Atlético Madrid,28,1992,33.6,2483,2345,127,74,4,22,52,7,43,7,25,0,2178,11,36,Matches
Rk,Player,Nation,Pos,Squad,Age,Born,90s,Att,Live,Dead,FK,TB,Sw,Crs,TI,CK,In,Out,Str,Cmp,Off,Blocks,Matches
276,Geoffrey Kondogbia,cf CTA,MF,Valencia,27,1993,4.9,192,180,9,8,0,8,1,1,0,0,0,0,161,3,2,Matches
277,Geoffrey Kondogbia,cf CTA,MF,Atlético Madrid,27,1993,6.8,389,382,5,5,1,5,1,0,0,0,0,0,329,2,5,Matches
278,Youssouf Koné,ml MLI,"DF,MF",Elche,25,1995,0.8,29,18,11,0,0,1,1,11,0,0,0,0,24,0,0,Matches
279,Jules Koundé,fr FRA,DF,Sevilla,21,1998,33.1,2395,2338,50,40,0,17,21,10,0,0,0,0,2133,7,16,Matches
280,Toni Kroos,de GER,MF,Real Madrid,30,1990,23.5,2162,1919,234,109,8,68,126,6,119,33,39,1,1934,9,13,Matches
281,Takefusa Kubo,jp JPN,"MF,FW",Villarreal,19,2001,3.3,136,129,7,3,0,1,10,0,4,3,0,0,99,0,4,Matches
282,Takefusa Kubo,jp JPN,"MF,FW",Getafe,19,2001,8.9,215,200,14,5,0,1,28,1,8,5,1,0,148,1,13,Matches
283,Kuki,es ESP,MF,Valladolid,22,1998,0.3,9,9,0,0,0,0,1,0,0,0,0,0,6,0,0,Matches
284,Víctor Laguardia,es ESP,DF,Alavés,30,1989,29.2,1088,1003,79,76,1,14,5,3,0,0,0,0,823,6,6,Matches
285,Diego Lainez,mx MEX,"FW,MF",Betis,20,2000,9.6,357,348,6,2,0,1,21,1,3,0,2,0,272,3,12,Matches
286,Toni Lato,es ESP,DF,Valencia,22,1997,8.1,362,298,61,5,0,1,11,55,0,0,0,0,276,3,4,Matches
287,Lauti,uy URU,MF,Celta Vigo,19,2001,0.2,3,3,0,0,0,0,0,0,0,0,0,0,2,0,0,Matches
288,Robin Le Normand,es ESP,DF,Real Sociedad,23,1996,30.5,1707,1659,45,43,0,9,2,2,0,0,0,0,1451,3,6,Matches
289,Jeremías Ledesma,ar ARG,GK,Cádiz,27,1993,32.0,1007,543,462,165,0,3,0,0,0,0,0,0,480,2,3,Matches
290,Florian Lejeune,fr FRA,DF,Alavés,29,1991,33.5,1477,1395,78,75,0,41,7,3,0,0,0,0,1130,4,11,Matches
291,Iñigo Lekue,es ESP,DF,Athletic Club,27,1993,7.2,417,330,87,6,0,3,34,78,3,0,0,0,327,0,10,Matches
292,Thomas Lemar,fr FRA,MF,Atlético Madrid,24,1995,15.2,806,743,59,12,2,7,70,10,34,10,20,0,643,4,23,Matches
293,Clément Lenglet,fr FRA,DF,Barcelona,25,1995,27.5,2320,2255,61,49,1,17,5,11,0,0,0,0,2130,4,13,Matches
294,Pedro León,es ESP,"MF,FW",Eibar,33,1986,10.4,365,298,64,17,0,2,107,7,40,16,23,0,207,3,19,Matches
295,Sergio León,es ESP,FW,Levante,31,1989,8.3,140,130,8,0,0,0,3,0,0,0,0,0,96,2,6,Matches
296,Diego Llorente,es ESP,DF,Real Sociedad,26,1993,1.0,59,54,4,4,0,1,0,0,0,0,0,0,48,1,0,Matches
297,Marcos Llorente,es ESP,"MF,FW",Atlético Madrid,25,1995,32.8,1355,1296,48,2,2,11,61,40,0,0,0,0,1097,11,42,Matches
298,Renan Lodi,br BRA,"DF,FW",Atlético Madrid,22,1998,12.5,749,613,133,17,0,4,67,104,12,0,8,0,577,3,18,Matches
299,Adrián López,es ESP,"FW,MF",Osasuna,32,1988,5.3,191,187,3,0,0,0,5,1,0,0,0,0,137,1,3,Matches
300,Javi López,es ESP,"DF,MF",Alavés,18,2002,2.8,146,115,31,1,0,0,17,30,0,0,0,0,109,0,5,Matches
Rk,Player,Nation,Pos,Squad,Age,Born,90s,Att,Live,Dead,FK,TB,Sw,Crs,TI,CK,In,Out,Str,Cmp,Off,Blocks,Matches
301,Pedro López Muñoz,es ESP,DF,Huesca,36,1983,11.9,662,524,137,15,0,1,52,122,0,0,0,0,536,1,8,Matches
302,Roberto López,es ESP,"MF,FW",Real Sociedad,20,2000,5.6,248,220,28,9,0,0,34,1,17,7,8,1,176,0,8,Matches
303,Unai López,es ESP,MF,Athletic Club,24,1995,15.8,1023,944,71,40,0,20,33,2,16,5,4,1,849,8,11,Matches
304,Anthony Lozano,hn HON,FW,Cádiz,27,1993,16.9,273,261,9,0,1,1,22,2,0,0,0,0,158,3,15,Matches
305,Jeison Lucumí,co COL,MF,Elche,25,1995,0.5,11,11,0,0,0,0,0,0,0,0,0,0,8,0,2,Matches
306,José Luis Gayà,es ESP,DF,Valencia,25,1995,31.6,1511,1256,251,43,0,17,130,207,1,0,0,0,1172,4,25,Matches
307,José Luis Morales,es ESP,"MF,FW",Levante,33,1987,27.1,732,671,57,14,3,10,95,11,28,10,7,0,495,4,33,Matches
308,Luisinho,pt POR,DF,Huesca,35,1985,2.0,119,104,15,0,0,0,2,15,0,0,0,0,98,0,1,Matches
309,Luismi,es ESP,"MF,DF",Elche,28,1992,1.9,115,113,2,2,0,5,0,0,0,0,0,0,97,0,0,Matches
310,Darwin Machís,ve VEN,"FW,MF",Granada,27,1993,22.5,552,490,58,24,0,6,108,4,29,16,4,1,327,4,26,Matches
311,Pablo Maffeo,es ESP,DF,Huesca,23,1997,21.8,1098,856,237,21,0,6,102,216,0,0,0,0,753,5,36,Matches
312,Abdallahi Mahmoud,mr MTN,MF,Alavés,20,2000,0.7,15,15,0,0,0,0,0,0,0,0,0,0,13,0,1,Matches
313,Nemanja Maksimović,rs SRB,MF,Getafe,25,1995,30.3,787,733,53,12,0,4,23,2,0,0,0,0,582,1,16,Matches
314,Filip Malbašić,rs SRB,"FW,MF",Cádiz,27,1992,9.6,170,164,5,0,0,0,20,1,1,0,0,0,90,1,12,Matches
315,Hugo Mallo,es ESP,DF,Celta Vigo,29,1991,28.9,1752,1400,346,40,0,9,89,306,0,0,0,0,1315,6,26,Matches
316,Mickael Malsa,mq MTQ,MF,Levante,24,1995,26.0,1384,1364,17,15,4,10,1,1,0,0,0,0,1168,3,11,Matches
317,Aïssa Mandi,dz ALG,DF,Betis,28,1991,26.6,1526,1459,66,61,0,9,1,3,0,0,0,0,1387,1,6,Matches
318,Eliaquim Mangala,fr FRA,DF,Valencia,29,1991,3.6,108,103,5,5,0,0,0,0,0,0,0,0,75,0,3,Matches
319,Marcelo,br BRA,"DF,MF",Real Madrid,32,1988,11.7,876,769,103,14,1,8,50,89,0,0,0,0,699,4,17,Matches
320,Iván Marcone,ar ARG,MF,Elche,30,1990,29.4,1521,1471,46,45,0,16,4,0,0,0,0,0,1319,4,19,Matches
321,Óscar de Marcos,es ESP,"DF,MF",Athletic Club,31,1989,16.9,773,645,126,7,0,3,57,119,0,0,0,0,572,2,22,Matches
322,José Mari,es ESP,MF,Cádiz,32,1987,16.1,471,441,27,23,2,14,10,0,3,0,3,0,321,3,10,Matches
323,José María Giménez,uy URU,DF,Atlético Madrid,25,1995,19.6,1128,1065,58,37,0,16,1,20,0,0,0,0,974,5,4,Matches
324,Mariano,do DOM,FW,Real Madrid,26,1993,5.7,107,96,11,0,0,2,0,2,0,0,0,0,75,0,4,Matches
325,Adrián Marín,es ESP,"DF,MF",Alavés,23,1997,1.0,55,44,10,1,0,0,1,9,0,0,0,0,38,1,2,Matches
Rk,Player,Nation,Pos,Squad,Age,Born,90s,Att,Live,Dead,FK,TB,Sw,Crs,TI,CK,In,Out,Str,Cmp,Off,Blocks,Matches
326,Adrián Marín,es ESP,"DF,MF",Granada,23,1997,3.0,130,101,27,2,0,0,5,25,0,0,0,0,85,2,4,Matches
327,Roger Martí,es ESP,FW,Levante,29,1991,24.4,519,466,48,0,3,4,12,0,0,0,0,0,357,5,24,Matches
328,Aarón Martín,es ESP,DF,Celta Vigo,23,1997,17.1,866,701,163,24,0,2,54,138,1,0,0,0,675,2,17,Matches
329,Álex Martín,es ESP,DF,Cádiz,22,1998,1.1,41,33,7,3,0,1,3,4,0,0,0,0,31,1,0,Matches
330,Iñigo Martínez,es ESP,DF,Athletic Club,29,1991,28.0,1472,1377,88,79,1,37,10,9,0,0,0,0,1208,7,9,Matches
331,Javi Martínez,es ESP,"MF,FW",Osasuna,20,1999,5.1,157,154,2,0,0,1,7,0,0,0,0,0,104,1,3,Matches
332,Marvin,es ESP,"DF,MF",Real Madrid,20,2000,1.5,85,74,10,0,0,0,4,10,0,0,0,0,68,1,3,Matches
333,Jordi Masip,es ESP,GK,Valladolid,31,1989,25.0,802,492,304,87,0,1,0,0,0,0,0,0,422,6,0,Matches
334,Jaime Mata,es ESP,FW,Getafe,31,1988,22.6,598,571,25,0,0,2,35,9,0,0,0,0,389,2,22,Matches
335,Borja Mayoral,es ESP,FW,Real Madrid,23,1997,0.3,5,5,0,0,0,1,0,0,0,0,0,0,3,0,0,Matches
336,Gonzalo Melero,es ESP,"MF,FW",Levante,26,1994,20.6,1044,1016,26,13,1,4,3,7,0,0,0,0,920,2,13,Matches
337,Brais Méndez,es ESP,"MF,FW",Celta Vigo,23,1997,29.7,1193,1152,39,16,6,13,33,13,7,3,3,0,919,2,31,Matches
338,Édgar Méndez,es ESP,"MF,FW",Alavés,30,1990,23.2,475,437,32,2,0,6,62,21,1,0,0,0,259,6,19,Matches
339,Eñaut Mendía,es ESP,FW,Eibar,21,1999,0.7,11,11,0,0,0,0,2,0,0,0,0,0,4,0,2,Matches
340,Ferland Mendy,fr FRA,DF,Real Madrid,25,1995,24.5,1466,1292,171,9,0,10,35,162,0,0,0,0,1302,3,20,Matches
341,Mikel Merino,es ESP,MF,Real Sociedad,24,1996,23.9,1217,1172,29,26,8,9,21,2,1,0,0,0,908,16,23,Matches
342,Martín Merquelanz,es ESP,"MF,FW",Real Sociedad,25,1995,6.1,259,215,41,9,0,1,47,7,25,10,10,0,176,3,15,Matches
343,Roque Mesa,es ESP,MF,Valladolid,31,1989,19.6,927,844,79,43,4,18,55,1,32,12,8,0,713,4,20,Matches
344,Lionel Messi,ar ARG,"FW,MF",Barcelona,33,1987,33.6,2402,2151,228,87,20,14,126,5,99,36,22,0,1954,23,40,Matches
345,Omenuke Mfulu,cd COD,MF,Elche,26,1994,8.8,345,338,7,5,0,4,1,1,0,0,0,0,300,0,8,Matches
346,Míchel,es ESP,MF,Valladolid,32,1988,10.5,694,623,68,45,0,9,44,5,18,6,7,1,551,3,11,Matches
347,Éder Militão,br BRA,DF,Real Madrid,22,1998,12.6,791,768,21,12,0,13,2,9,0,0,0,0,714,2,2,Matches
348,Luis Milla,es ESP,MF,Granada,25,1994,13.9,544,484,54,33,2,5,35,1,17,5,7,0,416,6,10,Matches
349,Pere Milla,es ESP,"FW,MF",Elche,27,1992,22.0,595,566,25,3,4,3,9,5,2,1,0,0,428,4,32,Matches
350,Álex Millán,es ESP,FW,Villarreal,20,1999,0.0,1,1,0,0,0,0,0,0,0,0,0,0,0,0,0,Matches
Rk,Player,Nation,Pos,Squad,Age,Born,90s,Att,Live,Dead,FK,TB,Sw,Crs,TI,CK,In,Out,Str,Cmp,Off,Blocks,Matches
351,Santi Mina,es ESP,FW,Celta Vigo,24,1995,26.8,617,593,22,1,0,6,9,6,0,0,0,0,438,2,11,Matches
352,Óscar Mingueza,es ESP,DF,Barcelona,21,1999,21.1,1683,1571,109,39,0,5,15,70,0,0,0,0,1545,3,22,Matches
353,Rafa Mir,es ESP,FW,Huesca,23,1997,32.0,457,421,26,0,0,5,21,3,0,0,0,0,249,10,21,Matches
354,Jorge Miramón,es ESP,DF,Levante,31,1989,19.2,1055,861,192,6,0,6,70,186,0,0,0,0,807,2,21,Matches
355,Juan Miranda,es ESP,DF,Betis,20,2000,18.4,952,757,189,14,0,2,56,175,0,0,0,0,691,6,19,Matches
356,Luka Modrić,hr CRO,MF,Real Madrid,34,1985,30.4,2312,2162,143,83,8,58,79,16,44,13,18,0,1979,7,35,Matches
357,Johan Mojica,co COL,DF,Elche,27,1992,13.4,711,591,118,13,0,2,61,105,0,0,0,0,504,2,22,Matches
358,Guillem Molina,es ESP,DF,Valencia,20,2000,1.7,69,54,15,2,0,1,0,13,0,0,0,0,56,0,2,Matches
359,Jorge Molina,es ESP,FW,Granada,38,1982,17.9,476,433,37,1,2,5,4,2,0,0,0,0,289,6,20,Matches
360,Victor Mollejo,es ESP,"MF,DF",Getafe,19,2001,0.8,36,33,3,0,0,0,0,3,0,0,0,0,24,0,1,Matches
361,Jon Moncayola,es ESP,MF,Osasuna,22,1998,29.6,1165,1142,23,16,0,24,29,6,0,0,0,0,934,0,12,Matches
362,Nacho Monreal,es ESP,DF,Real Sociedad,34,1986,23.1,1235,998,231,31,0,1,51,200,0,0,0,0,976,6,35,Matches
363,Ángel Montoro,es ESP,MF,Granada,32,1988,15.1,733,610,111,65,3,28,77,3,32,10,11,0,515,12,23,Matches
364,Martín Montoya,es ESP,DF,Betis,29,1991,2.7,164,134,29,3,0,2,6,26,0,0,0,0,126,1,4,Matches
365,Emre Mor,tr TUR,"FW,MF",Celta Vigo,23,1997,5.6,116,106,10,3,0,0,5,2,2,2,0,0,85,0,5,Matches
366,Jon Morcillo,es ESP,"MF,FW",Athletic Club,21,1998,15.1,526,461,63,19,0,2,138,3,41,12,22,0,316,2,24,Matches
367,Alberto Moreno,es ESP,DF,Villarreal,28,1992,2.1,101,87,13,1,0,1,6,12,0,0,0,0,85,1,2,Matches
368,Álex Moreno,es ESP,DF,Betis,27,1993,19.8,1163,974,184,14,1,5,42,170,0,0,0,0,899,5,29,Matches
369,Gerard Moreno,es ESP,FW,Villarreal,28,1992,29.7,1112,1075,23,1,19,14,35,7,0,0,0,0,757,14,44,Matches
370,Tete Morente,es ESP,"MF,FW",Elche,23,1996,22.4,734,696,36,11,0,7,88,3,22,10,4,0,539,2,34,Matches
371,Ilaix Moriba,gn GUI,MF,Barcelona,17,2003,6.0,373,362,9,9,0,2,1,0,0,0,0,0,339,2,2,Matches
372,Loren Morón,es ESP,FW,Betis,26,1993,11.0,187,170,15,1,3,3,1,2,0,0,0,0,117,2,7,Matches
373,Pedro Mosquera,es ESP,MF,Huesca,32,1988,22.8,1215,1134,77,77,0,28,7,0,0,0,0,0,1033,4,10,Matches
374,Javi Moyano,es ESP,DF,Valladolid,34,1986,1.1,41,27,14,2,0,1,1,12,0,0,0,0,28,0,1,Matches
375,Iker Muniain,es ESP,"MF,FW",Athletic Club,27,1992,21.6,1042,912,122,35,4,2,64,24,42,15,13,1,850,8,12,Matches
Rk,Player,Nation,Pos,Squad,Age,Born,90s,Att,Live,Dead,FK,TB,Sw,Crs,TI,CK,In,Out,Str,Cmp,Off,Blocks,Matches
376,Aihen Muñoz,es ESP,DF,Real Sociedad,22,1997,13.4,747,563,183,9,0,1,55,174,0,0,0,0,505,1,22,Matches
377,Joaquín Muñoz,es ESP,FW,Huesca,21,1999,0.5,17,12,4,0,0,0,1,4,0,0,0,0,10,1,2,Matches
378,Jeison Murillo,co COL,DF,Celta Vigo,28,1992,30.0,1633,1583,49,43,0,7,0,6,0,0,0,0,1438,1,5,Matches
379,Yunus Musah,us USA,MF,Valencia,17,2002,17.0,431,421,8,1,0,3,16,5,2,0,0,0,314,2,8,Matches
380,Yoshinori Mutō,jp JPN,"FW,MF",Eibar,28,1992,12.5,230,219,10,0,1,1,9,3,0,0,0,0,151,1,8,Matches
381,Nacho,es ESP,DF,Valladolid,31,1989,20.1,1050,828,216,32,0,14,67,183,1,0,0,0,736,6,29,Matches
382,Nacho,es ESP,DF,Real Madrid,30,1990,22.2,1259,1186,71,34,0,17,21,37,0,0,0,0,1124,2,9,Matches
383,Nano,es ESP,FW,Cádiz,25,1995,0.1,3,3,0,0,0,0,0,0,0,0,0,0,1,0,0,Matches
384,Roberto Navarro,es ESP,MF,Real Sociedad,18,2002,0.4,22,19,3,1,0,0,2,0,2,1,1,0,17,0,1,Matches
385,Ximo Navarro,es ESP,DF,Alavés,30,1990,26.4,1077,800,275,32,0,11,43,243,0,0,0,0,802,2,18,Matches
386,Jesús Navas,es ESP,DF,Sevilla,34,1985,31.4,2113,1783,321,28,1,23,171,291,2,0,0,0,1668,9,59,Matches
387,Raúl Navas,es ESP,DF,Osasuna,32,1988,1.9,54,50,4,4,0,1,0,0,0,0,0,0,40,0,0,Matches
388,Álvaro Negredo,es ESP,FW,Cádiz,34,1985,24.4,578,512,60,1,5,10,10,2,0,0,0,0,322,6,13,Matches
389,Neto,br BRA,GK,Barcelona,31,1989,7.0,242,184,57,5,0,0,0,0,0,0,0,0,212,1,1,Matches
390,Carlos Neva,es ESP,DF,Granada,24,1996,20.0,627,417,210,5,0,0,49,205,0,0,0,0,421,0,37,Matches
391,Mamor Niang,es ESP,"MF,FW",Getafe,18,2002,0.2,4,2,2,0,0,0,0,0,0,0,0,0,4,0,0,Matches
392,Nieto,es ESP,"FW,DF",Cádiz,22,1998,0.2,3,3,0,0,0,0,0,0,0,0,0,0,3,0,0,Matches
393,Saúl Ñíguez,es ESP,"MF,DF",Atlético Madrid,25,1994,22.6,1180,1132,43,9,3,4,25,32,0,0,0,0,976,5,14,Matches
394,Nino,es ESP,"FW,MF",Elche,40,1980,3.2,120,114,6,0,0,1,5,1,0,0,0,0,106,0,1,Matches
395,Fernando Niño,es ESP,FW,Villarreal,19,2000,6.6,129,116,13,1,1,1,1,0,0,0,0,0,94,0,6,Matches
396,Nolito,es ESP,"MF,FW",Celta Vigo,33,1986,28.9,1007,914,80,44,9,6,47,9,25,9,8,1,725,13,16,Matches
397,Unai Núñez,es ESP,DF,Athletic Club,23,1997,23.4,1193,1152,38,33,1,26,1,5,0,0,0,0,988,3,6,Matches
398,Kelechi Nwakali,ng NGA,"MF,FW",Huesca,22,1998,1.6,81,76,5,5,0,1,0,0,0,0,0,0,70,0,1,Matches
399,Allan Nyom,cm CMR,"MF,DF",Getafe,32,1988,25.8,903,737,162,5,0,7,94,156,1,0,0,0,577,4,22,Matches
400,Jan Oblak,si SVN,GK,Atlético Madrid,27,1993,38.0,1005,612,391,98,0,1,0,0,0,0,0,0,642,2,1,Matches
Rk,Player,Nation,Pos,Squad,Age,Born,90s,Att,Live,Dead,FK,TB,Sw,Crs,TI,CK,In,Out,Str,Cmp,Off,Blocks,Matches
401,Lucas Ocampos,ar ARG,FW,Sevilla,26,1994,29.2,991,928,61,6,1,13,51,55,0,0,0,0,736,2,36,Matches
402,Álvaro Odriozola,es ESP,DF,Real Madrid,24,1995,9.2,466,386,80,4,0,2,39,76,0,0,0,0,398,0,9,Matches
403,Shinji Okazaki,jp JPN,"FW,MF",Huesca,34,1986,12.5,174,155,19,0,0,0,5,0,0,0,0,0,129,0,6,Matches
404,Lucas Olaza,uy URU,DF,Valladolid,26,1994,14.0,701,540,155,22,0,1,72,118,15,9,5,0,493,6,14,Matches
405,Lucas Olaza,uy URU,DF,Celta Vigo,26,1994,17.9,999,835,161,29,0,2,60,128,4,0,4,0,754,3,23,Matches
406,Christian Oliva,uy URU,MF,Valencia,24,1996,2.2,104,100,3,3,0,1,1,0,0,0,0,0,85,1,3,Matches
407,Kiko Olivas,es ESP,DF,Valladolid,31,1988,2.0,105,100,4,4,0,1,0,0,0,0,0,0,89,1,0,Matches
408,Paulo Oliveira,pt POR,DF,Eibar,28,1992,29.3,1226,1175,48,46,0,19,2,2,0,0,0,0,835,3,11,Matches
409,Mathías Olivera,uy URU,DF,Getafe,22,1997,29.0,1168,880,282,15,0,6,64,267,0,0,0,0,783,6,35,Matches
410,Javier Ontiveros,es ESP,"FW,MF",Huesca,22,1997,10.2,467,435,31,12,3,11,32,6,13,3,5,1,355,1,7,Matches
411,Fabián Orellana,cl CHI,"MF,FW",Valladolid,34,1986,23.8,796,698,93,29,1,16,95,20,30,11,6,0,572,5,22,Matches
412,Mikel Oyarzabal,es ESP,"FW,MF",Real Sociedad,23,1997,26.8,978,829,146,45,5,7,151,12,89,37,44,0,673,3,36,Matches
413,Fernando Pacheco,es ESP,GK,Alavés,28,1992,37.2,1083,640,436,137,0,1,0,0,0,0,0,0,748,7,0,Matches
414,Jon Pacheco,es ESP,DF,Real Sociedad,19,2001,0.4,50,50,0,0,0,0,0,0,0,0,0,0,46,0,1,Matches
415,Helibelton Palacios,co COL,DF,Elche,27,1993,8.3,329,249,78,3,0,1,14,75,0,0,0,0,247,2,6,Matches
416,Ante Palaversa,hr CRO,MF,Getafe,20,2000,0.1,10,7,3,0,0,0,3,0,3,0,3,0,7,0,0,Matches
417,Daniel Parejo,es ESP,MF,Villarreal,31,1989,34.6,2794,2543,242,143,2,27,112,5,94,35,27,1,2454,9,32,Matches
418,Thomas Partey,gh GHA,MF,Atlético Madrid,27,1993,2.2,223,220,3,1,1,3,3,0,2,2,0,0,197,0,1,Matches
419,Gabriel Paulista,br BRA,DF,Valencia,29,1990,30.2,1516,1420,92,82,0,23,1,10,0,0,0,0,1332,4,13,Matches
420,Alfonso Pedraza,es ESP,DF,Villarreal,24,1996,23.3,1226,1024,198,13,0,2,106,185,0,0,0,0,942,4,49,Matches
421,Pedri,es ESP,MF,Barcelona,17,2002,26.8,1721,1665,50,13,8,9,11,10,27,3,0,0,1498,6,30,Matches
422,Facundo Pellistri,uy URU,"MF,FW",Alavés,18,2001,6.0,120,119,1,0,0,0,13,1,0,0,0,0,73,0,3,Matches
423,Rubén Peña,es ESP,DF,Villarreal,29,1991,12.4,595,498,93,13,0,1,39,79,1,0,0,0,443,4,10,Matches
424,Alberto Perea,es ESP,MF,Cádiz,29,1990,17.2,525,493,31,8,2,7,57,15,8,3,3,0,379,1,22,Matches
425,Iñigo Pérez,es ESP,"MF,DF",Osasuna,32,1988,15.0,666,551,114,37,0,10,43,61,16,4,7,0,460,1,18,Matches
Rk,Player,Nation,Pos,Squad,Age,Born,90s,Att,Live,Dead,FK,TB,Sw,Crs,TI,CK,In,Out,Str,Cmp,Off,Blocks,Matches
426,Juan Pérez,es ESP,GK,Osasuna,24,1996,3.0,89,49,38,9,0,0,0,0,0,0,0,0,48,2,1,Matches
427,Kike Pérez,es ESP,MF,Valladolid,23,1997,12.9,529,509,19,14,0,9,12,1,0,0,0,0,422,1,12,Matches
428,Lucas Pérez,es ESP,FW,Alavés,31,1988,19.5,667,480,183,58,3,7,143,5,80,22,39,2,416,4,19,Matches
429,Luis Pérez,es ESP,DF,Valladolid,25,1995,14.4,637,487,146,4,0,1,43,142,0,0,0,0,434,4,16,Matches
430,Nehuén Pérez,ar ARG,DF,Granada,20,2000,8.2,199,186,11,10,0,2,0,1,0,0,0,0,150,2,0,Matches
431,Pablo Piatti,ar ARG,"MF,FW",Elche,31,1989,4.0,127,119,8,3,0,1,17,2,3,3,0,0,92,0,4,Matches
432,Cristiano Piccini,it ITA,DF,Valencia,27,1992,0.7,30,26,4,1,0,2,4,3,0,0,0,0,22,0,1,Matches
433,Tomás Pina Isla,es ESP,MF,Alavés,32,1987,28.6,918,905,11,10,0,3,6,1,0,0,0,0,752,2,12,Matches
434,Yeremi Pino,es ESP,"FW,MF",Villarreal,17,2002,8.9,307,304,3,0,4,1,10,3,0,0,0,0,242,0,9,Matches
435,Gerard Piqué,es ESP,DF,Barcelona,33,1987,16.5,1246,1208,35,29,0,7,0,5,0,0,0,0,1170,3,1,Matches
436,Miralem Pjanić,ba BIH,MF,Barcelona,30,1990,7.0,761,723,36,20,1,1,9,3,13,3,2,0,688,2,9,Matches
437,Óscar Plano,es ESP,"MF,FW",Valladolid,29,1991,28.0,830,791,33,6,6,5,33,8,18,5,0,0,606,6,18,Matches
438,Dani Plomer,es ESP,FW,Granada,21,1998,0.5,3,3,0,0,0,0,0,0,0,0,0,0,3,0,0,Matches
439,Jorge Pombo,es ESP,"FW,MF",Cádiz,26,1994,5.8,182,167,15,6,0,3,17,0,7,4,3,0,135,0,1,Matches
440,Pere Pons,es ESP,MF,Alavés,27,1993,13.2,349,340,7,5,1,2,7,1,0,0,0,0,270,2,5,Matches
441,Francisco Portillo,es ESP,"MF,FW",Getafe,30,1990,4.6,272,255,13,6,0,1,19,6,0,0,0,0,196,4,14,Matches
442,Portu,es ESP,"FW,MF",Real Sociedad,28,1992,24.3,580,557,21,7,1,1,68,5,8,5,1,0,384,2,27,Matches
443,Sergio Postigo,es ESP,DF,Levante,31,1988,18.0,874,813,61,59,2,8,2,2,0,0,0,0,720,0,6,Matches
444,Darío Poveda,es ESP,FW,Getafe,23,1997,0.1,5,5,0,0,0,0,0,0,0,0,0,0,2,0,0,Matches
445,Alejandro Pozo Pozo,es ESP,"DF,MF",Eibar,21,1999,24.3,1161,959,200,14,0,7,89,186,0,0,0,0,829,2,23,Matches
446,Antonio Puertas,es ESP,"FW,MF",Granada,28,1992,24.1,652,597,49,3,2,2,53,42,1,1,0,0,418,6,35,Matches
447,Riqui Puig,es ESP,"MF,FW",Barcelona,20,1999,3.2,349,340,7,4,2,2,1,1,2,1,0,0,318,2,1,Matches
448,Jorge Pulido,es ESP,DF,Huesca,29,1991,32.1,1637,1559,75,53,0,10,13,21,0,0,0,0,1358,3,17,Matches
449,Domingos Quina,pt POR,MF,Granada,20,1999,3.8,91,88,3,3,0,1,2,0,0,0,0,0,68,0,4,Matches
450,Quini,es ESP,DF,Granada,30,1989,13.2,513,384,127,3,0,2,30,124,0,0,0,0,341,2,21,Matches
Rk,Player,Nation,Pos,Squad,Age,Born,90s,Att,Live,Dead,FK,TB,Sw,Crs,TI,CK,In,Out,Str,Cmp,Off,Blocks,Matches
451,Quique,es ESP,"FW,MF",Eibar,30,1990,1.9,49,46,3,0,0,1,0,0,0,0,0,0,35,0,1,Matches
452,Dani Raba,es ESP,"MF,FW",Villarreal,24,1995,1.7,84,75,9,3,0,1,7,2,3,3,0,0,63,0,0,Matches
453,Uroš Račić,rs SRB,MF,Valencia,22,1998,24.3,1055,1040,13,11,4,23,4,2,0,0,0,0,835,2,16,Matches
454,Nemanja Radoja,rs SRB,MF,Levante,27,1993,12.5,683,673,9,8,1,5,2,1,0,0,0,0,588,1,6,Matches
455,Ivan Rakitić,hr CRO,MF,Sevilla,32,1988,24.8,1717,1633,79,54,4,48,23,12,9,1,6,0,1480,5,22,Matches
456,Jonás Ramalho,es ESP,DF,Osasuna,27,1993,3.4,132,96,35,3,0,1,4,32,0,0,0,0,99,1,1,Matches
457,Sandro Ramírez,es ESP,FW,Huesca,25,1995,14.3,327,295,28,7,0,4,20,2,0,0,0,0,247,4,12,Matches
458,Sergio Ramos,es ESP,DF,Real Madrid,34,1986,14.2,1112,1084,25,21,0,37,2,4,0,0,0,0,1019,3,7,Matches
459,Recio,es ESP,MF,Eibar,29,1991,8.2,439,395,41,18,0,4,48,2,19,12,7,0,354,3,11,Matches
460,Francisco Reis Ferreira,pt POR,DF,Valencia,23,1997,2.0,79,76,3,3,0,1,0,0,0,0,0,0,67,0,3,Matches
461,Karim Rekik,nl NED,DF,Sevilla,25,1994,7.3,494,433,60,3,0,0,6,57,0,0,0,0,433,1,1,Matches
462,Álex Remiro,es ESP,GK,Real Sociedad,25,1995,38.0,1219,871,344,127,0,2,0,0,0,0,0,0,872,4,0,Matches
463,Oriol Rey,es ESP,MF,Valladolid,22,1998,0.2,12,12,0,0,0,0,0,0,0,0,0,0,10,0,0,Matches
464,Mikel Rico,es ESP,MF,Huesca,35,1984,24.3,898,863,30,8,0,12,32,7,3,0,0,0,698,5,29,Matches
465,Emiliano Rigoni,ar ARG,MF,Elche,27,1993,12.7,414,352,61,16,1,5,66,9,35,12,19,0,298,1,7,Matches
466,Luis Rioja,es ESP,"MF,FW",Alavés,26,1993,23.2,660,578,79,9,0,0,90,55,15,5,8,0,435,3,28,Matches
467,Rober,es ESP,"DF,MF",Levante,25,1995,15.8,886,853,30,27,0,16,1,3,0,0,0,0,730,3,17,Matches
468,Roberto,es ESP,GK,Valladolid,34,1986,13.0,415,225,188,74,0,0,0,0,0,0,0,0,203,2,0,Matches
469,Sergi Roberto,es ESP,"DF,FW",Barcelona,28,1992,10.5,888,800,85,12,0,0,13,73,0,0,0,0,795,3,15,Matches
470,Joel Robles,es ESP,GK,Betis,30,1990,18.0,560,387,169,53,0,1,0,0,0,0,0,0,358,4,0,Matches
471,Rubén Rochina,es ESP,MF,Levante,29,1991,15.6,853,781,66,32,0,27,57,4,22,14,4,0,613,6,14,Matches
472,Rodri,es ESP,"FW,MF",Betis,20,2000,6.0,252,245,7,3,0,1,12,3,1,1,0,0,210,0,3,Matches
473,Kévin Rodrigues,pt POR,"DF,MF",Eibar,26,1994,12.2,554,458,94,11,0,5,65,65,18,12,5,0,358,2,15,Matches
474,Ángel Rodríguez,es ESP,"FW,MF",Getafe,33,1987,15.3,301,288,10,0,2,2,17,3,0,0,0,0,198,3,11,Matches
475,Óscar Rodríguez Arnaiz,es ESP,"MF,FW",Sevilla,22,1998,5.7,335,304,30,8,2,9,38,0,22,9,10,0,256,1,3,Matches
Rk,Player,Nation,Pos,Squad,Age,Born,90s,Att,Live,Dead,FK,TB,Sw,Crs,TI,CK,In,Out,Str,Cmp,Off,Blocks,Matches
476,Guido Rodríguez,ar ARG,MF,Betis,26,1994,31.8,1644,1583,58,49,1,21,2,9,0,0,0,0,1377,3,23,Matches
477,Miguel Rodríguez,es ESP,"FW,DF",Celta Vigo,17,2003,0.3,17,16,1,0,0,1,2,1,0,0,0,0,11,0,1,Matches
478,Víctor Rodríguez,es ESP,MF,Elche,31,1989,4.7,328,316,12,11,1,0,4,0,1,0,1,0,297,0,4,Matches
479,Rodrygo,br BRA,FW,Real Madrid,19,2001,10.9,420,410,8,0,1,1,24,6,2,2,0,0,333,2,16,Matches
480,Facundo Roncaglia,ar ARG,DF,Osasuna,33,1987,13.7,561,435,122,18,0,5,21,104,0,0,0,0,385,4,16,Matches
481,Rubén,es ESP,GK,Osasuna,36,1984,2.1,59,35,24,10,0,0,0,0,0,0,0,0,40,0,0,Matches
482,Waldo Rubio,es ESP,"FW,MF",Valladolid,24,1995,4.2,122,118,4,0,1,3,9,4,0,0,0,0,78,0,10,Matches
483,Aitor Ruibal,es ESP,"FW,MF",Betis,24,1996,17.7,556,543,10,1,0,2,18,9,0,0,0,0,411,3,33,Matches
484,Isma Ruiz,es ESP,MF,Granada,19,2001,0.7,20,20,0,0,0,1,0,0,0,0,0,0,14,0,0,Matches
485,Víctor Ruiz,es ESP,DF,Betis,31,1989,24.0,1302,1241,59,52,1,6,0,5,0,0,0,0,1122,2,9,Matches
486,Gerónimo Rulli,ar ARG,GK,Villarreal,28,1992,2.0,97,74,23,2,0,0,0,0,0,0,0,0,79,0,1,Matches
487,Modibo Sagnan,ml MLI,DF,Real Sociedad,21,1999,6.9,387,374,11,11,0,8,1,0,0,0,0,0,339,2,3,Matches
488,Borja Sainz,es ESP,"MF,FW",Alavés,19,2001,5.0,105,102,3,0,0,1,11,3,0,0,0,0,81,0,5,Matches
489,Salvi,es ESP,"MF,FW",Cádiz,29,1991,21.5,594,501,91,14,0,1,141,51,26,6,18,0,323,2,41,Matches
490,Fede San Emeterio,es ESP,MF,Valladolid,23,1997,16.2,544,539,4,3,0,7,2,1,0,0,0,0,426,1,5,Matches
491,Antonio Sanabria,py PAR,FW,Betis,24,1996,10.4,224,202,20,0,0,4,4,0,0,0,0,0,159,2,5,Matches
492,Oihan Sancet,es ESP,"FW,MF",Athletic Club,20,2000,11.5,350,336,14,0,0,1,3,1,0,0,0,0,253,0,11,Matches
493,Ricard Sánchez,es ESP,DF,Atlético Madrid,20,2000,0.3,19,15,4,0,0,0,2,4,0,0,0,0,14,0,0,Matches
494,Germán Sánchez,es ESP,DF,Granada,33,1986,29.3,977,923,52,48,2,10,1,4,0,0,0,0,717,2,4,Matches
495,Javi Sánchez,es ESP,DF,Valladolid,23,1997,10.2,370,351,17,17,0,11,1,0,0,0,0,0,294,2,0,Matches
496,Manu Sánchez,es ESP,DF,Osasuna,19,2000,10.8,543,427,112,3,0,5,28,109,0,0,0,0,394,4,12,Matches
497,Manu Sánchez,es ESP,DF,Atlético Madrid,19,2000,0.5,31,25,6,0,0,0,0,6,0,0,0,0,24,0,1,Matches
498,Juan Sánchez Miño,ar ARG,"DF,MF",Elche,30,1990,5.5,289,257,32,6,0,1,7,26,0,0,0,0,240,0,5,Matches
499,Pepe Sánchez,es ESP,DF,Granada,20,2000,2.8,79,65,14,1,0,0,0,13,0,0,0,0,43,0,1,Matches
500,Oier Sanjurjo,es ESP,MF,Osasuna,34,1986,23.2,859,833,17,12,3,6,13,4,0,0,0,0,569,9,17,Matches
Rk,Player,Nation,Pos,Squad,Age,Born,90s,Att,Live,Dead,FK,TB,Sw,Crs,TI,CK,In,Out,Str,Cmp,Off,Blocks,Matches
501,Ivan Šaponjić,rs SRB,FW,Cádiz,22,1997,4.3,82,74,8,0,0,0,1,0,0,0,0,0,59,0,1,Matches
502,Stefan Savić,me MNE,DF,Atlético Madrid,29,1991,32.8,1752,1692,56,51,2,11,3,5,0,0,0,0,1487,4,14,Matches
503,Jaime Seoane,es ESP,MF,Huesca,23,1997,22.9,877,851,22,16,0,22,27,1,4,2,1,0,663,4,27,Matches
504,Edgar Sevikyan,am ARM,MF,Levante,18,2001,0.1,5,5,0,0,0,0,1,0,0,0,0,0,3,0,0,Matches
505,Sidnei,br BRA,DF,Betis,30,1989,7.7,522,504,18,17,0,2,1,0,0,0,0,0,472,0,3,Matches
506,David Silva,es ESP,MF,Real Sociedad,34,1986,15.5,866,820,35,24,7,3,18,3,6,5,1,0,720,11,16,Matches
507,Gastón Silva,uy URU,DF,Huesca,26,1994,6.7,347,322,25,21,0,5,0,4,0,0,0,0,290,0,4,Matches
508,Rui Silva,pt POR,GK,Granada,26,1994,32.0,1079,674,397,132,0,0,0,0,0,0,0,0,596,8,1,Matches
509,Unai Simón,es ESP,GK,Athletic Club,23,1997,37.0,1062,697,365,102,0,2,0,0,0,0,0,0,743,0,0,Matches
510,Dimitris Siovas,gr GRE,DF,Huesca,31,1988,34.1,1874,1781,84,75,0,13,7,5,0,0,0,0,1510,9,9,Matches
511,Antonio Sivera,es ESP,GK,Alavés,23,1996,0.8,22,14,8,1,0,0,0,0,0,0,0,0,11,0,0,Matches
512,Rafa Soares,pt POR,DF,Eibar,25,1995,12.6,706,525,177,12,0,5,65,164,1,0,1,0,487,4,18,Matches
513,Rubén Sobrino,es ESP,"MF,FW",Valencia,28,1992,0.5,21,21,0,0,1,0,0,0,0,0,0,0,14,0,2,Matches
514,Rubén Sobrino,es ESP,"FW,MF",Cádiz,28,1992,12.4,257,249,6,2,0,1,9,1,0,0,0,0,185,2,5,Matches
515,Augusto Solari,ar ARG,MF,Celta Vigo,28,1992,5.4,201,192,8,0,0,3,17,5,3,0,3,0,148,1,5,Matches
516,Roberto Soldado,es ESP,FW,Granada,35,1985,16.0,349,303,38,1,1,5,11,1,0,0,0,0,206,8,15,Matches
517,Carlos Soler,es ESP,MF,Valencia,23,1997,30.4,1579,1358,204,88,2,16,126,5,111,44,37,1,1272,17,19,Matches
518,Son,es ESP,"DF,MF",Levante,26,1994,12.3,641,500,141,11,0,4,54,124,5,2,2,0,480,0,21,Matches
519,David Soria,es ESP,GK,Getafe,27,1993,28.0,860,517,338,143,0,0,0,0,0,0,0,0,399,5,1,Matches
520,Alberto Soro,es ESP,"FW,MF",Granada,21,1999,4.4,129,120,9,6,0,0,12,0,3,0,3,0,92,0,2,Matches
521,Hugo Sotelo,es ESP,MF,Celta Vigo,16,2003,0.0,0,0,0,0,0,0,0,0,0,0,0,0,0,0,0,Matches
522,Damián Suárez,uy URU,DF,Getafe,32,1988,27.0,1343,938,395,80,1,33,91,309,6,0,4,0,863,10,32,Matches
523,Denis Suárez,es ESP,MF,Celta Vigo,26,1994,31.7,2037,1825,207,83,7,22,119,11,70,23,40,1,1650,5,39,Matches
524,Luis Suárez,uy URU,FW,Atlético Madrid,33,1987,27.9,588,559,26,1,5,13,8,2,0,0,0,0,418,3,13,Matches
525,Suso,es ESP,FW,Sevilla,26,1993,24.6,1209,1140,64,22,5,39,101,11,27,12,1,0,977,5,31,Matches
Rk,Player,Nation,Pos,Squad,Age,Born,90s,Att,Live,Dead,FK,TB,Sw,Crs,TI,CK,In,Out,Str,Cmp,Off,Blocks,Matches
526,Tachi,es ESP,DF,Alavés,22,1997,9.4,368,324,42,30,0,6,0,12,0,0,0,0,269,2,3,Matches
527,Renato Tapia,pe PER,MF,Celta Vigo,25,1995,30.0,1598,1543,51,48,0,34,4,3,0,0,0,0,1292,4,20,Matches
528,Tomás Tavares,pt POR,"MF,DF",Alavés,19,2001,0.7,21,20,1,0,0,0,2,1,0,0,0,0,17,0,1,Matches
529,Álvaro Tejero,es ESP,DF,Eibar,24,1996,1.2,99,78,21,1,0,0,13,20,0,0,0,0,76,0,3,Matches
530,Cristian Tello,es ESP,"FW,MF",Betis,28,1991,14.3,504,486,16,5,2,3,29,4,7,5,1,0,388,2,15,Matches
531,Marc-André ter Stegen,de GER,GK,Barcelona,28,1992,31.0,1043,845,197,36,0,1,0,0,0,0,0,0,925,1,0,Matches
532,David Timor,es ESP,"MF,DF",Getafe,30,1989,15.5,633,559,72,54,0,46,33,4,12,6,4,0,393,2,4,Matches
533,Toño,es ESP,"DF,FW",Levante,30,1989,8.1,406,337,67,9,0,3,22,58,0,0,0,0,324,2,12,Matches
534,Lucas Torreira,uy URU,MF,Atlético Madrid,24,1996,5.8,312,309,3,3,0,1,0,0,0,0,0,0,272,0,3,Matches
535,Óliver Torres,es ESP,"MF,FW",Sevilla,25,1994,15.6,1026,967,52,7,3,57,38,15,24,6,4,0,860,7,9,Matches
536,Pau Torres,es ESP,DF,Villarreal,23,1997,33.0,2069,1998,67,62,1,43,2,5,0,0,0,0,1812,4,12,Matches
537,Roberto Torres,es ESP,"MF,FW",Osasuna,31,1989,21.0,781,686,90,49,0,23,101,10,31,12,15,0,519,5,21,Matches
538,Lucas Torró,es ESP,MF,Osasuna,26,1994,17.2,669,663,6,6,0,9,2,0,0,0,0,0,504,0,6,Matches
539,Manu Trigueros,es ESP,MF,Villarreal,28,1991,28.1,1615,1571,35,24,7,10,21,6,2,1,1,0,1380,9,30,Matches
540,Francisco Trincão,pt POR,"FW,MF",Barcelona,20,1999,7.8,391,378,12,2,0,1,13,5,5,0,0,0,327,1,15,Matches
541,Kieran Trippier,eng ENG,DF,Atlético Madrid,29,1990,27.5,1821,1539,274,19,4,5,105,218,37,0,30,0,1406,8,29,Matches
542,Samuel Umtiti,fr FRA,DF,Barcelona,26,1993,7.2,617,603,14,12,0,0,0,2,0,0,0,0,579,0,1,Matches
543,Enes Ünal,tr TUR,FW,Getafe,23,1997,14.6,348,333,13,1,0,1,4,3,0,0,0,0,204,2,10,Matches
544,Tomáš Vaclík,cz CZE,GK,Sevilla,31,1989,5.0,145,111,34,9,0,0,0,0,0,0,0,0,121,0,0,Matches
545,Eugeni Valderrama,es ESP,"MF,FW",Huesca,26,1994,1.3,81,72,8,5,0,2,4,0,3,0,3,0,67,1,2,Matches
546,Jesús Vallejo,es ESP,DF,Granada,23,1997,15.0,521,488,29,17,1,12,4,12,0,0,0,0,375,4,7,Matches
547,Manu Vallejo,es ESP,"FW,MF",Valencia,23,1997,10.6,256,233,21,2,0,3,7,1,3,0,0,0,192,2,11,Matches
548,Federico Valverde,uy URU,MF,Real Madrid,22,1998,14.8,777,763,11,0,1,11,20,11,0,0,0,0,673,3,12,Matches
549,Raphaël Varane,fr FRA,DF,Real Madrid,27,1993,30.2,1778,1717,60,51,0,21,2,9,0,0,0,0,1591,1,11,Matches
550,Denis Vavro,sk SVK,DF,Huesca,24,1996,6.8,324,306,15,13,0,9,3,2,0,0,0,0,244,3,5,Matches
Rk,Player,Nation,Pos,Squad,Age,Born,90s,Att,Live,Dead,FK,TB,Sw,Crs,TI,CK,In,Out,Str,Cmp,Off,Blocks,Matches
551,Franco Vázquez,ar ARG,"FW,MF",Sevilla,31,1989,1.8,107,105,1,0,0,0,3,1,0,0,0,0,94,1,2,Matches
552,Kevin Vázquez,es ESP,DF,Celta Vigo,27,1993,6.2,347,268,78,12,0,0,11,66,0,0,0,0,260,1,16,Matches
553,Lucas Vázquez,es ESP,"DF,FW",Real Madrid,29,1991,20.5,1448,1310,134,8,0,20,96,125,1,0,0,0,1215,4,28,Matches
554,Koke Vegas,es ESP,GK,Levante,24,1995,1.0,29,15,14,4,0,0,0,0,0,0,0,0,19,0,0,Matches
555,Gabriel Veiga,es ESP,"MF,DF",Celta Vigo,18,2002,1.3,32,32,0,0,0,0,2,0,0,0,0,0,24,0,2,Matches
556,Unai Vencedor Paris,es ESP,MF,Athletic Club,19,2000,18.9,925,881,41,39,1,13,9,1,1,1,0,0,729,3,11,Matches
557,Gonzalo Verdú,es ESP,DF,Elche,31,1988,32.7,1592,1500,87,81,1,12,3,1,0,0,0,0,1335,5,8,Matches
558,Mikel Vesga,es ESP,MF,Athletic Club,27,1993,19.1,909,901,5,4,0,10,4,0,0,0,0,0,703,3,23,Matches
559,Rúben Vezo,pt POR,DF,Levante,26,1994,25.7,1359,1274,83,73,0,29,5,9,0,0,0,0,1130,2,12,Matches
560,Iñigo Vicente,es ESP,"FW,MF",Athletic Club,22,1998,0.6,60,56,3,0,0,0,9,3,0,0,0,0,43,1,2,Matches
561,Fede Vico,es ESP,"MF,FW",Granada,26,1994,8.5,323,289,33,14,0,1,39,3,13,8,4,0,213,1,5,Matches
562,Aleix Vidal,es ESP,DF,Sevilla,30,1989,6.6,505,434,70,11,0,7,16,59,0,0,0,0,423,1,7,Matches
563,Nacho Vidal,es ESP,DF,Osasuna,25,1995,26.1,1030,805,220,8,1,7,50,212,0,0,0,0,709,5,20,Matches
564,Toni Villa,es ESP,"MF,FW",Valladolid,25,1995,10.8,380,355,22,4,1,3,27,9,4,3,0,0,272,3,18,Matches
565,Asier Villalibre,es ESP,FW,Athletic Club,22,1997,17.7,298,286,10,2,0,0,15,0,0,0,0,0,181,2,13,Matches
566,Iván Villar,es ESP,GK,Celta Vigo,23,1997,19.8,681,437,240,68,0,1,0,0,0,0,0,0,411,4,0,Matches
567,Vitolo,es ESP,"MF,FW",Atlético Madrid,30,1989,3.3,154,148,5,1,0,2,1,4,0,0,0,0,129,1,1,Matches
568,Šime Vrsaljko,hr CRO,"FW,DF",Atlético Madrid,28,1992,5.8,323,251,68,0,0,1,25,68,0,0,0,0,212,4,11,Matches
569,Nikola Vukčević,me MNE,MF,Levante,28,1991,9.0,320,311,8,8,1,0,0,0,0,0,0,0,272,1,3,Matches
570,Daniel Wass,dk DEN,"MF,DF",Valencia,31,1989,33.1,1626,1446,174,54,1,15,67,108,10,1,7,0,1237,6,35,Matches
571,Shon Weissman,il ISR,FW,Valladolid,24,1996,23.7,340,294,46,0,2,1,8,1,0,0,0,0,246,0,14,Matches
572,Iñaki Williams,gh GHA,FW,Athletic Club,26,1994,26.5,575,546,23,1,1,5,46,7,0,0,0,0,375,6,34,Matches
573,Nico Williams,es ESP,MF,Athletic Club,18,2002,0.6,19,19,0,0,0,0,3,0,0,0,0,0,9,0,3,Matches
574,Jawad El Yamiq,ma MAR,DF,Valladolid,28,1992,15.3,636,593,40,36,0,13,1,4,0,0,0,0,494,3,6,Matches
575,Rubén Yáñez,es ESP,GK,Getafe,26,1993,10.0,273,169,102,34,0,0,0,0,0,0,0,0,164,2,0,Matches
Rk,Player,Nation,Pos,Squad,Age,Born,90s,Att,Live,Dead,FK,TB,Sw,Crs,TI,CK,In,Out,Str,Cmp,Off,Blocks,Matches
576,Yoel,es ESP,GK,Eibar,31,1988,3.3,119,89,30,13,0,0,0,0,0,0,0,0,75,0,0,Matches
577,Okay Yokuşlu,tr TUR,MF,Celta Vigo,26,1994,5.1,276,266,10,7,0,5,1,1,0,0,0,0,237,0,4,Matches
578,Joseba Zaldúa,es ESP,DF,Real Sociedad,28,1992,7.1,395,301,94,7,0,1,26,87,0,0,0,0,307,0,8,Matches
579,Oier Zarraga,es ESP,MF,Athletic Club,21,1999,1.1,43,40,3,1,0,0,1,0,0,0,0,0,33,0,3,Matches
580,Igor Zubeldia,es ESP,DF,Real Sociedad,23,1997,21.8,1223,1187,36,20,0,7,6,16,0,0,0,0,1060,0,11,Matches
581,Martín Zubimendi,es ESP,MF,Real Sociedad,21,1999,20.9,1118,1086,29,27,0,6,3,2,0,0,0,0,983,3,9,Matches
582,Martin Ødegaard,no NOR,MF,Real Madrid,21,1998,2.6,171,161,8,2,2,0,7,0,6,5,0,0,145,2,4,Matches
