rk,player,nation,pos,squad,age,born,90s,att,live,dead,fk,tb,sw,crs,ti,ck,in,out,str,cmp,off,blocks,matches
1,Antonio Adán,es ESP,GK,Atlético Madrid,32,1987,0.3,6,5,1,0,0,0,0,0,0,0,0,0,4,0,0,Matches
2,Aritz Aduriz,es ESP,"FW,MF",Athletic Club,38,1981,2.3,57,56,0,0,0,1,0,0,0,0,0,0,32,1,1,Matches
3,Lumor Agbenyenu,gh GHA,DF,Mallorca,22,1996,20.1,972,739,225,10,0,4,81,215,0,0,0,0,691,8,42,Matches
4,Martin Agirregabiria,es ESP,DF,Alavés,23,1996,23.3,1028,770,254,14,1,3,33,239,1,0,1,0,714,4,39,Matches
5,Joseph Aidoo,gh GHA,DF,Celta Vigo,23,1995,27.8,1250,1203,47,37,1,7,1,10,0,0,0,0,1078,0,14,Matches
6,Jordi Alba,es ESP,DF,Barcelona,30,1989,24.3,2149,1938,206,33,3,9,65,171,2,0,0,0,1858,5,33,Matches
7,Raúl Albiol,es ESP,DF,Villarreal,33,1985,36.0,1954,1900,49,46,1,37,3,2,0,0,0,0,1635,5,8,Matches
8,Paco Alcácer,es ESP,FW,Villarreal,25,1993,10.3,227,200,27,2,2,0,1,1,1,0,0,0,179,0,4,Matches
9,Rubén Alcaraz,es ESP,MF,Valladolid,28,1991,21.4,1066,956,106,82,1,48,26,3,21,10,3,0,830,4,13,Matches
10,Álex Alegría,es ESP,FW,Mallorca,26,1992,1.2,34,33,0,0,0,1,1,0,0,0,0,0,21,1,0,Matches
11,Carles Aleñá,es ESP,MF,Barcelona,21,1998,1.9,157,151,5,1,0,3,4,0,4,0,3,0,141,1,3,Matches
12,Carles Aleñá,es ESP,"MF,FW",Betis,21,1998,8.2,393,386,5,3,1,4,3,2,0,0,0,0,333,2,6,Matches
13,Sergio Álvarez,es ESP,"MF,DF",Eibar,27,1992,12.7,438,428,9,7,0,9,2,2,0,0,0,0,308,1,5,Matches
14,Sergio Álvarez,es ESP,GK,Celta Vigo,32,1986,2.0,54,31,23,4,0,0,0,0,0,0,0,0,39,0,0,Matches
15,Yeray Álvarez,es ESP,DF,Athletic Club,24,1995,31.2,1500,1421,70,59,1,29,12,11,0,0,0,0,1164,9,8,Matches
16,Ibrahim Amadou,fr FRA,MF,Leganés,26,1993,8.6,280,278,2,1,1,2,5,1,0,0,0,0,222,0,6,Matches
17,Amath,sn SEN,MF,Getafe,23,1996,0.7,17,16,1,0,0,1,0,0,1,0,0,0,11,0,3,Matches
18,Miguel Ángel Guerrero,es ESP,FW,Leganés,29,1990,8.8,194,178,15,0,1,1,4,0,0,0,0,0,145,1,2,Matches
19,José Ángel,es ESP,DF,Eibar,29,1989,26.2,1498,1107,379,61,0,33,148,313,5,0,4,0,990,12,30,Matches
20,Miguel Ángel Moyá,es ESP,GK,Real Sociedad,35,1984,13.0,462,325,136,36,0,0,0,0,0,0,0,0,367,1,0,Matches
21,Antoñito,es ESP,"DF,MF",Valladolid,31,1987,11.4,464,364,96,1,1,1,36,95,0,0,0,0,326,4,7,Matches
22,Vitorino Antunes,pt POR,MF,Getafe,32,1987,0.1,1,1,0,0,0,0,1,0,0,0,0,0,0,0,0,Matches
23,Anuar,ma MAR,"MF,FW",Valladolid,24,1995,2.1,105,101,4,3,0,0,1,0,1,0,0,0,89,0,2,Matches
24,Mauro Arambarri,uy URU,MF,Getafe,23,1995,34.1,947,899,42,27,0,26,45,0,13,1,2,1,621,6,25,Matches
25,Néstor Araujo,mx MEX,DF,Celta Vigo,27,1991,32.1,1559,1477,77,74,0,11,0,3,0,0,0,0,1320,5,6,Matches
Rk,Player,Nation,Pos,Squad,Age,Born,90s,Att,Live,Dead,FK,TB,Sw,Crs,TI,CK,In,Out,Str,Cmp,Off,Blocks,Matches
26,Ronald Araújo,uy URU,DF,Barcelona,20,1999,2.6,208,204,4,2,0,0,0,1,0,0,0,0,195,0,1,Matches
27,Anaitz Arbilla,es ESP,DF,Eibar,32,1987,22.3,1215,1063,147,53,0,45,30,94,0,0,0,0,872,5,15,Matches
28,Alphonse Areola,fr FRA,GK,Real Madrid,26,1993,4.0,134,96,38,9,0,0,0,0,0,0,0,0,113,0,0,Matches
29,Santiago Arias,co COL,DF,Atlético Madrid,27,1992,12.0,647,534,110,0,0,2,24,110,0,0,0,0,482,3,11,Matches
30,José Arnaiz,es ESP,"FW,MF",Osasuna,24,1995,8.8,172,160,12,0,0,1,7,0,1,1,0,0,130,0,6,Matches
31,José Arnaiz,es ESP,MF,Leganés,24,1995,3.7,95,90,5,1,0,0,12,0,4,1,2,0,72,0,3,Matches
32,Sergio Asenjo,es ESP,GK,Villarreal,30,1989,34.0,1035,660,372,90,0,2,0,0,0,0,0,0,742,3,0,Matches
33,Marco Asensio,es ESP,FW,Real Madrid,23,1996,3.7,158,153,4,2,0,4,11,1,1,0,1,0,131,1,2,Matches
34,Iago Aspas,es ESP,FW,Celta Vigo,31,1987,36.2,1311,1217,86,7,9,18,26,15,5,2,0,0,991,8,49,Matches
35,Roger Assalé,ci CIV,"FW,MF",Leganés,25,1993,5.9,124,121,3,0,2,0,6,2,0,0,0,0,100,0,4,Matches
36,Miguel Atienza,es ESP,MF,Eibar,20,1999,0.3,14,14,0,0,0,0,0,0,0,0,0,0,9,0,0,Matches
37,Ezequiel Ávila,ar ARG,FW,Osasuna,25,1994,17.7,316,295,19,0,0,5,23,1,0,0,0,0,170,2,10,Matches
38,Javier Avilés,es ESP,"MF,FW",Leganés,21,1997,2.0,69,69,0,0,0,0,17,0,0,0,0,0,47,0,5,Matches
39,Chidozie Awaziem,ng NGA,DF,Leganés,22,1997,22.2,821,715,105,41,2,15,8,64,0,0,0,0,604,1,12,Matches
40,Ramon Azeez,ng NGA,MF,Granada,26,1992,15.1,388,368,18,4,0,2,7,13,0,0,0,0,303,2,10,Matches
41,Iddrisu Baba,gh GHA,MF,Mallorca,23,1996,32.3,1276,1245,29,28,2,3,2,1,0,0,0,0,1029,2,26,Matches
42,Carlos Bacca,co COL,FW,Villarreal,32,1986,7.6,134,124,10,0,0,0,3,0,0,0,0,0,99,0,5,Matches
43,Alex Baena,es ESP,MF,Villarreal,18,2001,0.2,4,3,1,0,0,0,0,0,0,0,0,0,4,0,0,Matches
44,Gareth Bale,wls WAL,"FW,MF",Real Madrid,30,1989,12.1,500,481,14,0,0,15,45,14,0,0,0,0,363,5,10,Matches
45,Mikel Balenziaga,es ESP,DF,Athletic Club,31,1988,6.3,262,205,55,0,0,0,14,55,0,0,0,0,183,2,10,Matches
46,Éver Banega,ar ARG,MF,Sevilla,31,1988,27.5,2401,2122,263,132,9,70,164,10,121,46,49,3,1959,16,39,Matches
47,Federico Barba,it ITA,DF,Valladolid,25,1993,5.0,218,176,40,4,0,5,5,36,0,0,0,0,140,2,3,Matches
48,Enis Bardhi,mk MKD,MF,Levante,24,1995,23.5,865,792,70,18,2,12,65,9,35,20,4,0,627,3,31,Matches
49,Kike Barja,es ESP,"MF,FW",Osasuna,22,1997,3.5,84,83,0,0,1,0,10,0,0,0,0,0,57,1,2,Matches
50,Antonio Barragán,es ESP,DF,Betis,32,1987,7.1,468,404,61,7,0,1,34,54,0,0,0,0,377,3,7,Matches
Rk,Player,Nation,Pos,Squad,Age,Born,90s,Att,Live,Dead,FK,TB,Sw,Crs,TI,CK,In,Out,Str,Cmp,Off,Blocks,Matches
51,Ander Barrenetxea,es ESP,"FW,MF",Real Sociedad,17,2001,4.9,186,178,7,0,1,4,23,7,0,0,0,0,134,1,8,Matches
52,Marc Bartra,es ESP,"DF,MF",Betis,28,1991,28.0,1681,1600,73,72,3,21,2,0,0,0,0,0,1426,8,8,Matches
53,Gil Bastião Dias,pt POR,"MF,DF",Granada,22,1996,4.0,132,118,13,3,0,2,4,10,0,0,0,0,101,1,1,Matches
54,Fran Beltrán,es ESP,MF,Celta Vigo,20,1999,20.3,874,844,27,15,0,8,17,2,10,1,3,1,761,3,16,Matches
55,Hatem Ben Arfa,fr FRA,"MF,FW",Valladolid,32,1987,1.8,54,48,6,1,0,3,0,0,0,0,0,0,41,0,1,Matches
56,Karim Benzema,fr FRA,FW,Real Madrid,31,1987,34.9,1315,1255,53,1,9,15,23,0,0,0,0,0,1108,7,24,Matches
57,Yuri Berchiche,es ESP,DF,Athletic Club,29,1990,31.7,1684,1360,316,26,1,26,106,287,3,0,0,0,1324,8,41,Matches
58,Markel Bergara,es ESP,MF,Getafe,33,1986,0.8,18,18,0,0,0,0,2,0,0,0,0,0,9,0,1,Matches
59,Sergio Bermejo,es ESP,"MF,FW",Celta Vigo,21,1997,0.1,3,3,0,0,0,0,0,0,0,0,0,0,3,0,0,Matches
60,Pedro Bigas,es ESP,DF,Eibar,28,1990,19.7,731,673,53,21,0,12,9,32,0,0,0,0,482,5,7,Matches
61,Rubén Blanco,es ESP,GK,Celta Vigo,24,1995,32.9,987,577,406,114,0,1,0,0,0,0,0,0,625,4,0,Matches
62,Pablo de Blasis,ar ARG,"DF,MF",Eibar,31,1988,17.8,963,787,171,31,2,11,85,131,8,4,3,0,659,5,23,Matches
63,Alejandro Blesa,es ESP,MF,Levante,17,2002,0.0,5,5,0,0,0,1,0,0,0,0,0,0,3,0,0,Matches
64,Yassine Bounou,ma MAR,GK,Sevilla,28,1991,5.5,168,113,55,10,0,1,0,0,0,0,0,0,123,0,0,Matches
65,Filip Bradarić,hr CRO,MF,Celta Vigo,27,1992,7.8,401,394,7,6,0,2,4,0,1,0,1,0,312,0,6,Matches
66,Martin Braithwaite,dk DEN,"FW,MF",Barcelona,28,1991,4.5,130,128,2,0,0,0,4,0,0,0,0,0,98,0,5,Matches
67,Martin Braithwaite,dk DEN,"FW,MF",Leganés,28,1991,21.5,373,369,3,1,0,4,10,1,0,0,0,0,246,1,9,Matches
68,Brandon,es ESP,FW,Osasuna,24,1995,4.5,118,111,7,0,1,0,4,3,0,0,0,0,81,0,6,Matches
69,Darko Brašanac,rs SRB,MF,Osasuna,27,1992,24.9,772,748,18,13,1,2,16,4,0,0,0,0,556,6,21,Matches
70,Yan Brice Eteki,cm CMR,MF,Granada,21,1997,16.7,410,403,6,5,0,2,0,0,0,0,0,0,316,1,11,Matches
71,Ante Budimir,hr CRO,FW,Mallorca,28,1991,30.7,587,550,35,0,0,0,6,1,1,0,0,0,372,2,15,Matches
72,Esteban Burgos,ar ARG,DF,Eibar,27,1992,12.4,394,368,25,23,0,19,1,2,0,0,0,0,246,1,2,Matches
73,Burgui,es ESP,MF,Alavés,25,1993,0.2,7,6,1,1,0,0,0,0,0,0,0,0,4,0,0,Matches
74,Oliver Burke,sct SCO,"MF,FW",Alavés,22,1997,15.9,340,330,9,1,1,0,17,6,0,0,0,0,218,1,9,Matches
75,Sergio Busquets,es ESP,MF,Barcelona,31,1988,27.6,2587,2492,86,84,13,11,1,2,0,0,0,0,2317,9,19,Matches
Rk,Player,Nation,Pos,Squad,Age,Born,90s,Att,Live,Dead,FK,TB,Sw,Crs,TI,CK,In,Out,Str,Cmp,Off,Blocks,Matches
76,Unai Bustinza,es ESP,DF,Leganés,27,1992,29.8,1350,1137,204,55,1,24,46,149,0,0,0,0,904,9,20,Matches
77,Erick Cabaco,uy URU,DF,Getafe,24,1995,3.0,144,107,36,8,0,7,3,28,0,0,0,0,88,1,2,Matches
78,Erick Cabaco,uy URU,DF,Levante,24,1995,9.0,376,349,26,26,0,13,2,0,0,0,0,0,283,1,0,Matches
79,Ariday Cabrera,es ESP,MF,Mallorca,30,1988,0.4,11,8,3,1,0,0,0,2,0,0,0,0,9,0,0,Matches
80,Leandro Cabrera,uy URU,DF,Getafe,28,1991,17.0,583,519,59,39,2,32,7,20,0,0,0,0,287,5,5,Matches
81,Leandro Cabrera,uy URU,DF,Espanyol,28,1991,17.0,860,747,108,36,0,11,8,70,0,0,0,0,562,5,16,Matches
82,Fernando Calero,es ESP,DF,Espanyol,23,1995,11.6,601,583,18,10,0,2,0,8,0,0,0,0,516,0,0,Matches
83,Jonathan Calleri,ar ARG,FW,Espanyol,25,1993,20.1,367,344,19,0,0,1,22,1,0,0,0,0,186,4,8,Matches
84,Víctor Camarasa,es ESP,MF,Alavés,25,1994,14.4,542,499,41,22,3,7,25,1,11,5,4,0,428,2,7,Matches
85,Sergio Camello,es ESP,FW,Atlético Madrid,18,2001,0.3,6,6,0,0,0,0,0,0,0,0,0,0,2,0,1,Matches
86,José Campaña,es ESP,MF,Levante,26,1993,35.1,2150,1922,213,82,7,33,172,12,117,50,33,6,1643,15,51,Matches
87,Xisco Campos,es ESP,DF,Mallorca,37,1982,5.3,204,194,10,9,0,2,3,1,0,0,0,0,151,0,2,Matches
88,Víctor Campuzano,es ESP,FW,Espanyol,22,1997,9.7,152,134,16,1,0,0,8,1,0,0,0,0,94,2,10,Matches
89,Sergio Canales,es ESP,"MF,FW",Betis,28,1991,35.1,2249,1990,246,142,6,29,153,15,83,22,26,0,1888,13,35,Matches
90,Ander Capa,es ESP,DF,Athletic Club,27,1992,31.9,1616,1230,383,14,0,3,100,367,2,0,0,0,1165,3,47,Matches
91,Marc Cardona,es ESP,FW,Osasuna,24,1995,7.8,177,155,22,0,0,3,6,3,0,0,0,0,128,0,8,Matches
92,Diego Carlos,br BRA,DF,Sevilla,26,1993,34.8,1919,1843,72,61,1,59,4,9,0,0,0,0,1613,4,6,Matches
93,Yannick Carrasco,be BEL,"MF,FW",Atlético Madrid,25,1993,7.0,227,197,28,6,0,3,24,4,18,10,4,0,166,2,7,Matches
94,Daniel Carriço,pt POR,DF,Sevilla,30,1988,9.4,565,547,17,15,0,6,0,2,0,0,0,0,508,1,0,Matches
95,Guido Carrillo,ar ARG,FW,Leganés,28,1991,13.5,361,350,8,0,0,1,3,0,0,0,0,0,225,3,4,Matches
96,Dani Carvajal,es ESP,DF,Real Madrid,27,1992,30.4,2408,2080,320,24,5,20,109,296,0,0,0,0,2024,8,47,Matches
97,William Carvalho,pt POR,MF,Betis,27,1992,9.9,632,615,14,14,0,5,1,0,0,0,0,0,553,3,8,Matches
98,Casemiro,br BRA,MF,Real Madrid,27,1992,34.3,2185,2119,58,58,7,65,24,0,0,0,0,0,1817,8,26,Matches
99,Santi Cazorla,es ESP,MF,Villarreal,34,1984,27.2,1727,1534,181,75,8,37,134,9,95,36,44,0,1407,12,24,Matches
100,Sofian Chakla,ma MAR,DF,Villarreal,25,1993,2.0,91,86,5,5,0,1,0,0,0,0,0,0,75,0,0,Matches
Rk,Player,Nation,Pos,Squad,Age,Born,90s,Att,Live,Dead,FK,TB,Sw,Crs,TI,CK,In,Out,Str,Cmp,Off,Blocks,Matches
101,Charles,br BRA,FW,Eibar,35,1984,14.5,347,315,30,0,0,0,2,5,0,0,0,0,233,2,7,Matches
102,Pablo Chavarría,ar ARG,"FW,MF",Mallorca,31,1988,2.3,62,61,1,0,0,0,5,1,0,0,0,0,35,0,1,Matches
103,Pape Cheikh Diop,sn SEN,MF,Celta Vigo,21,1997,6.7,265,255,10,5,0,0,0,5,0,0,0,0,238,0,2,Matches
104,Chema,es ESP,DF,Getafe,27,1992,3.4,130,116,11,10,0,3,1,1,0,0,0,0,76,3,0,Matches
105,Denis Cheryshev,ru RUS,"MF,FW",Valencia,28,1990,10.3,354,339,12,1,1,2,40,11,0,0,0,0,231,3,16,Matches
106,Samuel Chukwueze,ng NGA,"FW,MF",Villarreal,20,1999,22.8,762,744,15,2,6,11,34,7,4,0,0,0,546,3,28,Matches
107,Churripi,es ESP,GK,Valladolid,25,1994,2.7,99,59,38,14,0,0,0,0,0,0,0,0,37,2,1,Matches
108,Jasper Cillessen,nl NED,GK,Valencia,30,1989,23.3,760,489,265,60,0,2,0,0,0,0,0,0,482,6,0,Matches
109,Óscar Clemente,es ESP,MF,Atlético Madrid,20,1999,0.0,2,2,0,0,0,0,0,0,0,0,0,0,2,0,0,Matches
110,Carlos Clerc,es ESP,DF,Levante,27,1992,20.5,966,764,197,16,0,16,60,181,0,0,0,0,692,5,26,Matches
111,Coke,es ESP,DF,Levante,32,1987,11.0,586,483,102,6,0,7,25,96,0,0,0,0,462,1,17,Matches
112,Álex Collado,es ESP,FW,Barcelona,20,1999,0.1,10,10,0,0,0,0,0,0,0,0,0,0,9,0,0,Matches
113,Francis Coquelin,fr FRA,MF,Valencia,28,1991,21.2,1004,976,26,22,0,23,3,4,0,0,0,0,897,2,6,Matches
114,Sébastien Corchia,fr FRA,DF,Espanyol,28,1990,3.0,178,145,33,0,0,1,25,31,2,0,2,0,143,0,7,Matches
115,Iñigo Córdoba,es ESP,FW,Athletic Club,22,1997,16.0,460,450,9,3,2,0,36,5,0,0,0,0,317,1,22,Matches
116,Ángel Correa,ar ARG,"MF,FW",Atlético Madrid,24,1995,22.9,591,572,11,1,7,0,34,0,8,2,4,0,431,8,16,Matches
117,Rober Correa,es ESP,DF,Eibar,26,1992,10.3,523,383,139,8,0,0,33,131,0,0,0,0,369,1,14,Matches
118,Thierry Correia,pt POR,DF,Valencia,20,1999,2.9,137,103,32,3,2,0,3,29,0,0,0,0,104,2,7,Matches
119,Antonio Cortés,es ESP,"FW,MF",Granada,19,2000,2.0,33,32,1,0,0,0,4,1,0,0,0,0,17,0,3,Matches
120,Diego Costa,es ESP,FW,Atlético Madrid,30,1988,15.0,369,354,14,0,1,2,4,3,0,0,0,0,253,1,15,Matches
121,Jaume Costa,es ESP,DF,Valencia,31,1988,15.4,835,707,123,10,1,3,29,113,0,0,0,0,671,5,16,Matches
122,David Costas,es ESP,DF,Celta Vigo,24,1995,3.8,200,191,8,4,0,0,0,4,0,0,0,0,178,1,3,Matches
123,Thibaut Courtois,be BEL,GK,Real Madrid,27,1992,34.0,1086,798,284,67,0,1,0,0,0,0,0,0,861,4,1,Matches
124,Sebastián Cristóforo,uy URU,MF,Eibar,25,1993,9.7,299,288,11,1,0,7,18,0,9,2,7,0,216,0,8,Matches
125,Cucho,co COL,"FW,MF",Mallorca,20,1999,16.5,448,431,15,2,0,8,24,4,0,0,0,0,295,2,19,Matches
Rk,Player,Nation,Pos,Squad,Age,Born,90s,Att,Live,Dead,FK,TB,Sw,Crs,TI,CK,In,Out,Str,Cmp,Off,Blocks,Matches
126,Marc Cucurella,es ESP,"MF,DF",Getafe,21,1998,36.0,1409,1212,183,25,1,7,127,142,16,1,0,0,916,14,59,Matches
127,Iván Cuéllar,es ESP,GK,Leganés,35,1984,27.0,825,474,348,131,0,1,0,0,0,0,0,0,421,3,1,Matches
128,Moanes Dabbur,il ISR,FW,Sevilla,27,1992,0.3,18,17,1,0,1,0,1,1,0,0,0,0,14,0,1,Matches
129,Sergi Darder,es ESP,MF,Espanyol,25,1993,29.5,1090,984,102,45,4,18,57,10,36,12,18,2,805,4,14,Matches
130,Ousmane Dembélé,fr FRA,FW,Barcelona,22,1997,4.0,260,235,25,2,1,4,20,4,19,9,4,0,192,0,11,Matches
131,Deyverson,br BRA,FW,Getafe,28,1991,2.3,66,64,1,0,0,1,3,1,0,0,0,0,31,1,5,Matches
132,Mouctar Diakhaby,gn GUI,DF,Valencia,22,1996,16.0,813,782,26,24,0,6,1,2,0,0,0,0,718,5,2,Matches
133,Brahim Díaz,ma MAR,FW,Real Madrid,19,1999,0.7,41,39,1,1,0,0,0,0,0,0,0,0,33,1,3,Matches
134,Víctor Díaz,es ESP,DF,Granada,31,1988,32.0,1556,1171,377,56,0,19,121,312,9,1,7,0,1027,8,37,Matches
135,Papakouli Diop,sn SEN,MF,Eibar,33,1986,25.0,789,767,17,17,2,10,8,0,0,0,0,0,564,5,8,Matches
136,Djené,tg TOG,DF,Getafe,27,1991,34.0,1031,983,44,39,2,10,10,5,0,0,0,0,711,4,13,Matches
137,Naïs Djouahra,fr FRA,FW,Real Sociedad,19,1999,0.3,23,23,0,0,0,0,5,0,0,0,0,0,14,0,1,Matches
138,Marko Dmitrović,rs SRB,GK,Eibar,27,1992,35.0,1065,647,412,168,0,4,0,0,0,0,0,0,485,6,1,Matches
139,Jaume Doménech,es ESP,GK,Valencia,28,1990,14.7,461,277,184,52,0,0,0,0,0,0,0,0,304,0,0,Matches
140,Domingos Duarte,pt POR,DF,Granada,24,1995,34.3,1278,1171,100,83,1,17,1,17,0,0,0,0,988,7,3,Matches
141,Óscar Duarte,cr CRC,DF,Levante,30,1989,5.4,239,225,12,12,0,3,0,0,0,0,0,0,196,2,1,Matches
142,Rubén Duarte,es ESP,DF,Alavés,23,1995,29.6,1356,1010,343,34,0,2,64,306,3,0,2,0,912,3,27,Matches
143,Hugo Duro,es ESP,"FW,MF",Getafe,19,1999,4.2,75,72,0,0,0,0,4,0,0,0,0,0,40,3,3,Matches
144,Aritz Elustondo,es ESP,DF,Real Sociedad,25,1994,16.8,991,926,62,44,0,10,6,18,0,0,0,0,811,3,6,Matches
145,Rodrigo Ely,br BRA,DF,Alavés,25,1993,23.6,893,853,38,37,0,8,2,0,0,0,0,0,671,2,6,Matches
146,Adri Embarba,es ESP,"MF,FW",Espanyol,27,1992,15.2,436,365,66,22,2,7,110,5,39,22,11,0,239,5,17,Matches
147,Emerson,br BRA,DF,Betis,20,1999,31.5,1615,1300,311,45,3,12,80,266,0,0,0,0,1265,4,54,Matches
148,Youssef En-Nesyri,ma MAR,FW,Leganés,22,1997,15.4,270,255,15,0,0,3,9,6,0,0,0,0,153,0,8,Matches
149,Youssef En-Nesyri,ma MAR,FW,Sevilla,22,1997,8.8,156,140,13,0,0,0,6,1,0,0,0,0,96,3,8,Matches
150,Sergi Enrich,es ESP,FW,Eibar,29,1990,20.7,540,511,28,0,1,3,8,1,0,0,0,0,370,1,11,Matches
Rk,Player,Nation,Pos,Squad,Age,Born,90s,Att,Live,Dead,FK,TB,Sw,Crs,TI,CK,In,Out,Str,Cmp,Off,Blocks,Matches
151,Javier Eraso,es ESP,MF,Leganés,29,1990,9.1,282,249,32,7,0,1,34,1,17,3,12,0,209,1,7,Matches
152,Gonzalo Escalante,ar ARG,MF,Eibar,26,1993,18.6,666,641,18,7,0,4,16,10,1,1,0,0,447,7,17,Matches
153,Aarón Escandell,es ESP,GK,Granada,23,1995,3.0,126,89,37,11,0,1,0,0,0,0,0,0,73,0,0,Matches
154,Sergio Escudero,es ESP,DF,Sevilla,29,1989,8.6,582,480,97,14,0,5,17,83,0,0,0,0,461,5,5,Matches
155,Bernardo Espinosa,co COL,DF,Espanyol,30,1989,25.1,1122,1078,37,35,0,8,1,2,0,0,0,0,827,7,7,Matches
156,Vicente Esquerdo,es ESP,"MF,FW",Valencia,20,1999,0.2,12,12,0,0,0,0,0,0,0,0,0,0,8,0,0,Matches
157,Pervis Estupiñán,ec ECU,DF,Osasuna,21,1998,33.1,1831,1424,397,15,1,20,162,380,2,0,0,0,1311,10,54,Matches
158,Oghenekaro Etebo,ng NGA,MF,Getafe,23,1995,6.4,218,212,3,2,1,5,14,1,0,0,0,0,127,3,8,Matches
159,Beñat Etxebarria,es ESP,MF,Athletic Club,32,1987,4.4,199,168,31,11,0,2,20,0,16,5,10,0,162,0,1,Matches
160,Xabier Etxeita,es ESP,DF,Getafe,31,1987,16.1,439,419,19,19,0,6,0,0,0,0,0,0,237,1,7,Matches
161,Edu Expósito,es ESP,MF,Eibar,22,1996,25.7,928,909,17,13,1,20,19,1,0,0,0,0,743,2,17,Matches
162,Fabricio,es ESP,GK,Mallorca,31,1987,1.0,33,21,12,3,0,0,0,0,0,0,0,0,25,0,0,Matches
163,Fayçal Fajr,ma MAR,MF,Getafe,30,1988,4.5,190,152,38,16,0,7,32,1,20,8,7,0,115,0,4,Matches
164,Eliseo Falcon,es ESP,DF,Levante,22,1997,0.8,24,23,1,0,0,0,0,1,0,0,0,0,21,0,0,Matches
165,Ansu Fati,es ESP,FW,Barcelona,16,2002,11.4,530,512,15,1,0,4,21,4,10,8,0,0,438,3,9,Matches
166,Aleix Febas,es ESP,"MF,FW",Mallorca,23,1996,18.8,679,666,11,9,5,6,3,0,0,0,0,0,573,2,14,Matches
167,Zouhair Feddal,ma MAR,DF,Betis,30,1989,15.9,1091,1036,53,42,3,20,0,9,0,0,0,0,921,2,5,Matches
168,Ljubomir Fejsa,rs SRB,MF,Alavés,30,1988,8.7,289,285,3,2,0,2,0,1,0,0,0,0,232,1,6,Matches
169,Nabil Fekir,fr FRA,"MF,FW",Betis,26,1993,29.3,1020,958,56,27,1,11,51,11,12,6,4,0,824,6,26,Matches
170,Felipe,br BRA,DF,Atlético Madrid,30,1989,23.4,929,890,34,32,0,12,1,2,0,0,0,0,709,5,7,Matches
171,João Félix,pt POR,"FW,MF",Atlético Madrid,19,1999,19.4,530,506,22,2,6,1,18,4,3,0,1,0,405,2,16,Matches
172,Matheus Fernandes,br BRA,"MF,FW",Valladolid,21,1998,1.8,57,57,0,0,0,1,0,0,0,0,0,0,41,0,0,Matches
173,Aitor Fernández,es ESP,GK,Levante,28,1991,36.0,1110,648,457,124,0,5,0,0,0,0,0,0,750,5,0,Matches
174,Andrés Fernández,es ESP,GK,Villarreal,32,1986,4.0,155,101,54,11,0,0,0,0,0,0,0,0,121,0,0,Matches
175,Carlos Fernández,es ESP,"FW,MF",Granada,23,1996,24.5,626,599,21,2,5,7,12,3,1,0,0,0,365,6,22,Matches
Rk,Player,Nation,Pos,Squad,Age,Born,90s,Att,Live,Dead,FK,TB,Sw,Crs,TI,CK,In,Out,Str,Cmp,Off,Blocks,Matches
176,Gabriel Fernández,uy URU,"FW,MF",Celta Vigo,25,1994,6.2,107,100,5,2,0,1,2,0,0,0,0,0,68,2,4,Matches
177,Joaquín Fernández,es ESP,"MF,DF",Valladolid,23,1996,18.4,781,746,32,29,0,18,0,3,0,0,0,0,613,3,7,Matches
178,Fernando,br BRA,MF,Sevilla,32,1987,29.5,1582,1525,52,42,1,27,2,10,0,0,0,0,1382,5,14,Matches
179,Facundo Ferreyra,ar ARG,"FW,MF",Espanyol,28,1991,6.4,115,107,8,0,0,1,3,0,0,0,0,0,69,0,6,Matches
180,Junior Firpo,do DOM,DF,Barcelona,22,1996,11.3,827,738,89,10,0,5,8,79,0,0,0,0,734,0,11,Matches
181,Alessandro Florenzi,it ITA,DF,Valencia,28,1991,8.4,469,395,69,4,0,7,31,65,0,0,0,0,350,5,9,Matches
182,Hernâni Fortes,pt POR,"MF,FW",Levante,27,1991,7.3,167,157,8,4,0,2,47,0,4,1,0,0,85,2,10,Matches
183,Dimitri Foulquier,fr FRA,"DF,MF",Granada,26,1993,12.4,415,312,102,4,0,4,19,98,0,0,0,0,281,1,25,Matches
184,Jorge de Frutos,es ESP,"MF,DF",Valladolid,22,1997,0.7,18,17,1,0,0,0,2,1,0,0,0,0,15,0,1,Matches
185,Ramiro Funes Mori,ar ARG,DF,Villarreal,28,1991,5.0,273,265,6,4,0,5,0,2,0,0,0,0,224,2,2,Matches
186,Enric Gallego,es ESP,FW,Osasuna,32,1986,9.8,240,226,13,0,0,0,4,0,0,0,0,0,128,1,3,Matches
187,Enric Gallego,es ESP,FW,Getafe,32,1986,1.8,51,48,2,0,0,0,1,0,0,0,0,0,24,1,1,Matches
188,Kévin Gameiro,fr FRA,FW,Valencia,32,1987,17.6,432,387,42,0,0,1,21,4,0,0,0,0,324,3,19,Matches
189,Fran Gámez,es ESP,DF,Mallorca,28,1991,19.6,849,663,184,16,0,6,54,167,1,1,0,0,617,2,29,Matches
190,Ezequiel Garay,ar ARG,DF,Valencia,32,1986,16.0,879,855,22,21,0,8,2,1,0,0,0,0,766,2,2,Matches
191,Dani García,es ESP,MF,Athletic Club,29,1990,33.7,1535,1488,37,33,1,20,5,4,0,0,0,0,1240,10,7,Matches
192,David García,es ESP,DF,Osasuna,25,1994,31.0,1268,1207,57,47,1,18,1,9,0,0,0,0,892,4,10,Matches
193,Javi García,es ESP,MF,Betis,32,1987,4.2,197,191,6,6,0,0,0,0,0,0,0,0,164,0,1,Matches
194,Manu García,es ESP,MF,Alavés,33,1986,21.9,712,704,5,4,1,6,4,0,0,0,0,0,508,3,15,Matches
195,Raúl García,es ESP,"DF,MF",Valladolid,30,1989,11.2,491,357,130,13,0,0,56,114,3,1,2,0,324,4,18,Matches
196,Raúl García,es ESP,"MF,FW",Athletic Club,33,1986,31.9,991,968,8,2,5,5,34,4,0,0,0,0,533,15,25,Matches
197,Raúl García,es ESP,DF,Getafe,30,1989,2.7,139,99,40,5,0,0,30,31,4,0,2,0,86,0,7,Matches
198,Rubén García,es ESP,"MF,FW",Osasuna,26,1993,24.3,1044,881,158,48,1,27,145,25,83,29,36,0,717,5,27,Matches
199,Unai García,es ESP,DF,Osasuna,27,1992,6.0,218,178,40,18,0,5,3,22,0,0,0,0,152,0,2,Matches
200,Víctor García,es ESP,"FW,MF",Valladolid,21,1997,1.0,37,36,1,0,0,0,2,1,0,0,0,0,25,0,3,Matches
Rk,Player,Nation,Pos,Squad,Age,Born,90s,Att,Live,Dead,FK,TB,Sw,Crs,TI,CK,In,Out,Str,Cmp,Off,Blocks,Matches
201,Manuel Garrido,es ESP,FW,Leganés,18,2000,1.3,29,27,1,0,1,0,0,0,0,0,0,0,18,1,0,Matches
202,Mario Gaspar,es ESP,DF,Villarreal,28,1990,21.8,1093,859,230,33,0,4,28,197,0,0,0,0,831,4,20,Matches
203,Bryan Gil,es ESP,"MF,FW",Leganés,18,2001,6.2,219,202,16,3,1,1,31,5,8,5,1,0,141,1,16,Matches
204,Bryan Gil,es ESP,FW,Sevilla,18,2001,0.7,26,26,0,0,0,0,2,0,0,0,0,0,22,0,0,Matches
205,Ibai Gómez,es ESP,FW,Athletic Club,29,1989,7.7,313,232,80,26,0,1,91,7,47,24,18,1,201,1,11,Matches
206,Maxi Gómez,uy URU,FW,Valencia,22,1996,23.8,396,361,32,1,7,10,10,2,0,0,0,0,237,3,16,Matches
207,Moi Gómez,es ESP,"FW,MF",Villarreal,25,1994,25.8,1136,1119,13,1,2,21,78,5,6,3,1,0,911,4,36,Matches
208,Sergi Gómez,es ESP,DF,Sevilla,27,1992,8.0,497,485,12,11,0,8,1,1,0,0,0,0,434,0,1,Matches
209,Victor Gomez,es ESP,"DF,FW",Espanyol,19,2000,14.1,702,547,155,8,0,2,61,146,1,1,0,0,497,0,24,Matches
210,Maxime Gonalons,fr FRA,MF,Granada,30,1989,16.7,586,561,25,23,1,6,1,2,0,0,0,0,475,0,4,Matches
211,Bruno González,es ESP,DF,Getafe,29,1990,2.0,66,61,5,4,0,4,0,1,0,0,0,0,56,0,0,Matches
212,Bruno González,es ESP,DF,Levante,29,1990,5.1,214,206,8,8,0,8,0,0,0,0,0,0,180,0,3,Matches
213,Édgar González,es ESP,MF,Betis,22,1997,7.6,354,351,3,3,0,2,0,0,0,0,0,0,307,0,6,Matches
214,Gonzalo,es ESP,DF,Levante,22,1997,0.1,6,6,0,0,0,0,0,0,0,0,0,0,6,0,0,Matches
215,Andoni Gorosabel,es ESP,DF,Real Sociedad,22,1996,7.9,449,355,91,13,0,0,22,78,0,0,0,0,336,3,8,Matches
216,Esteban Granero,es ESP,MF,Espanyol,32,1987,5.3,224,187,34,17,2,1,22,1,11,4,5,1,161,3,4,Matches
217,Antoine Griezmann,fr FRA,FW,Barcelona,28,1991,28.3,1147,1106,38,4,7,13,22,5,7,1,2,0,924,3,28,Matches
218,Andrés Guardado,mx MEX,MF,Betis,32,1986,22.7,1069,1021,37,18,1,25,18,17,1,1,0,0,887,11,14,Matches
219,Sergi Guardiola,es ESP,FW,Valladolid,28,1991,29.5,678,635,41,1,2,7,35,1,0,0,0,0,458,2,24,Matches
220,Nemanja Gudelj,rs SRB,"MF,DF",Sevilla,27,1991,13.5,662,636,26,24,1,8,3,2,0,0,0,0,597,0,4,Matches
221,Gonçalo Guedes,pt POR,"MF,FW",Valencia,22,1996,14.1,474,451,22,8,2,4,29,7,2,1,0,1,357,1,12,Matches
222,Adrián Guerrero,es ESP,DF,Valencia,21,1998,1.4,79,68,11,0,0,0,5,11,0,0,0,0,59,0,3,Matches
223,Ander Guevara,es ESP,MF,Real Sociedad,22,1997,10.4,680,659,17,17,2,2,1,0,0,0,0,0,570,4,5,Matches
224,John Guidetti,se SWE,"FW,MF",Alavés,27,1992,1.1,32,32,0,0,0,1,0,0,0,0,0,0,20,0,0,Matches
225,Hugo Guillamón,es ESP,DF,Valencia,19,2000,5.5,323,307,15,13,0,5,1,2,0,0,0,0,293,1,2,Matches
Rk,Player,Nation,Pos,Squad,Age,Born,90s,Att,Live,Dead,FK,TB,Sw,Crs,TI,CK,In,Out,Str,Cmp,Off,Blocks,Matches
226,Munir El Haddadi,ma MAR,FW,Sevilla,23,1995,13.9,466,435,30,10,0,7,33,4,9,0,2,0,349,1,16,Matches
227,Eden Hazard,be BEL,"FW,MF",Real Madrid,28,1991,12.0,598,585,12,5,2,8,19,3,3,0,1,0,500,1,12,Matches
228,Mario Hermoso,es ESP,DF,Atlético Madrid,24,1995,13.5,647,609,32,18,0,27,2,14,0,0,0,0,504,6,2,Matches
229,Aridane Hernández,es ESP,DF,Osasuna,30,1989,29.0,1002,954,44,33,0,7,1,11,0,0,0,0,760,4,6,Matches
230,Javier Hernández,mx MEX,FW,Sevilla,31,1988,5.0,81,72,8,0,1,0,3,0,0,0,0,0,56,1,5,Matches
231,Juan Hernández,es ESP,"FW,MF",Celta Vigo,24,1994,1.0,21,19,2,1,0,0,3,0,0,0,0,0,11,0,1,Matches
232,Héctor Herrera,mx MEX,MF,Atlético Madrid,29,1990,12.5,785,731,50,32,3,4,30,1,14,5,6,0,671,4,12,Matches
233,Sergio Herrera,es ESP,GK,Osasuna,26,1993,18.4,612,374,235,88,0,0,0,0,0,0,0,0,286,3,0,Matches
234,Yangel Herrera,ve VEN,MF,Granada,21,1998,26.3,932,919,8,6,3,3,9,2,0,0,0,0,692,5,19,Matches
235,Iago Herrerín,es ESP,GK,Athletic Club,31,1988,4.7,168,121,47,17,0,2,0,0,0,0,0,0,103,0,0,Matches
236,Pablo Hervías,es ESP,"MF,FW",Valladolid,26,1993,11.3,402,352,48,15,0,1,88,4,29,12,12,0,276,2,17,Matches
237,Robert Ibáñez,es ESP,"MF,FW",Osasuna,26,1993,6.0,166,164,1,0,0,1,6,0,0,0,0,0,129,1,5,Matches
238,Vicente Iborra,es ESP,MF,Villarreal,31,1988,29.4,1443,1377,63,58,1,16,2,5,0,0,0,0,1232,3,8,Matches
239,Borja Iglesias,es ESP,FW,Betis,26,1993,21.4,319,270,47,1,2,0,6,1,0,0,0,0,233,2,11,Matches
240,Asier Illarramendi,es ESP,MF,Real Sociedad,29,1990,2.4,180,170,10,10,0,0,0,0,0,0,0,0,165,0,1,Matches
241,Takashi Inui,jp JPN,"MF,FW",Eibar,31,1988,21.8,583,561,16,2,2,7,46,10,1,1,0,0,420,6,16,Matches
242,Alexander Isak,se SWE,FW,Real Sociedad,19,1999,16.7,298,263,35,1,3,1,9,0,1,0,0,0,215,0,15,Matches
243,Isco,es ESP,"FW,MF",Real Madrid,27,1992,13.1,860,827,30,12,6,10,39,8,9,2,0,0,727,3,20,Matches
244,Ismael,es ESP,MF,Betis,18,2000,0.9,31,30,1,1,0,0,0,0,0,0,0,0,25,0,0,Matches
245,Ander Iturraspe,es ESP,MF,Espanyol,30,1989,2.7,74,74,0,0,0,1,0,0,0,0,0,0,54,0,2,Matches
246,Jacobo,es ESP,"DF,MF",Celta Vigo,22,1997,0.9,35,30,5,0,0,0,1,4,1,0,1,0,24,0,2,Matches
247,Adnan Januzaj,be BEL,"FW,MF",Real Sociedad,24,1995,13.0,495,435,57,24,4,8,65,4,28,19,3,1,316,3,20,Matches
248,Jason,es ESP,MF,Getafe,25,1994,13.1,404,340,58,17,3,6,88,5,36,9,19,0,218,6,25,Matches
249,Joaquín,es ESP,"MF,FW",Betis,38,1981,22.9,1162,1039,121,36,4,8,97,15,69,28,8,2,919,2,26,Matches
250,Frenkie de Jong,nl NED,MF,Barcelona,22,1997,23.5,1660,1629,26,9,6,8,3,16,1,0,0,0,1519,5,19,Matches
Rk,Player,Nation,Pos,Squad,Age,Born,90s,Att,Live,Dead,FK,TB,Sw,Crs,TI,CK,In,Out,Str,Cmp,Off,Blocks,Matches
251,Luuk de Jong,nl NED,FW,Sevilla,28,1990,22.9,539,495,36,0,0,1,3,0,0,0,0,0,367,8,10,Matches
252,Joan Jordán,es ESP,MF,Sevilla,25,1994,25.0,1759,1622,132,60,0,55,88,7,60,12,25,3,1482,5,21,Matches
253,Willian José,br BRA,FW,Real Sociedad,27,1991,22.3,568,520,45,1,4,9,8,0,0,0,0,0,402,3,25,Matches
254,Joselu,es ESP,FW,Alavés,29,1990,30.9,987,958,16,0,0,8,4,3,0,0,0,0,506,13,16,Matches
255,Luka Jović,rs SRB,FW,Real Madrid,21,1997,4.8,134,128,6,0,1,2,0,0,0,0,0,0,108,0,1,Matches
256,Juanmi,es ESP,"FW,MF",Betis,26,1993,2.9,56,53,3,1,0,1,2,2,0,0,0,0,42,0,1,Matches
257,David Juncà,es ESP,DF,Celta Vigo,25,1993,2.9,151,126,23,5,0,0,14,18,0,0,0,0,112,2,5,Matches
258,Lago Junior,ci CIV,"MF,FW",Mallorca,28,1990,24.3,726,699,22,2,1,5,58,20,0,0,0,0,509,5,32,Matches
259,Vinicius Júnior,br BRA,"FW,MF",Real Madrid,19,2000,15.2,537,530,5,2,1,1,30,3,0,0,0,0,413,2,27,Matches
260,Lee Kang-in,kr KOR,"MF,FW",Valencia,18,2001,5.0,232,210,17,4,2,1,22,2,10,7,2,0,182,5,5,Matches
261,Wilfrid Kaptoum,cm CMR,MF,Betis,23,1996,2.2,73,70,3,1,1,0,2,1,1,0,0,0,57,0,1,Matches
262,Kenedy,br BRA,MF,Getafe,23,1996,6.5,194,181,11,3,2,2,33,2,6,2,3,0,126,2,10,Matches
263,Kiké,es ESP,FW,Eibar,29,1989,19.6,501,479,20,1,0,2,16,0,0,0,0,0,314,2,9,Matches
264,Giorgi Kochorashvili,ge GEO,MF,Levante,20,1999,0.0,0,0,0,0,0,0,0,0,0,0,0,0,0,0,0,Matches
265,Kenan Kodro,ba BIH,"FW,MF",Athletic Club,25,1993,4.0,83,78,5,0,0,0,2,0,0,0,0,0,53,0,2,Matches
266,Koke,es ESP,MF,Atlético Madrid,27,1992,30.0,1759,1577,163,79,15,8,87,8,60,19,25,0,1430,19,20,Matches
267,Geoffrey Kondogbia,cf CTA,MF,Valencia,26,1993,20.1,1117,1083,29,29,3,35,1,0,0,0,0,0,935,5,6,Matches
268,Jules Koundé,fr FRA,DF,Sevilla,20,1998,25.7,1511,1438,70,26,0,3,16,44,0,0,0,0,1279,3,11,Matches
269,Leonardo Koutris,gr GRE,DF,Mallorca,24,1995,1.0,57,41,16,0,0,0,3,16,0,0,0,0,42,0,2,Matches
270,İsmail Köybaşı,tr TUR,"DF,FW",Granada,30,1989,2.6,85,67,17,2,0,0,8,15,0,0,0,0,53,1,4,Matches
271,Toni Kroos,de GER,MF,Real Madrid,29,1990,29.5,2501,2231,256,110,4,82,145,6,140,42,44,0,2224,14,12,Matches
272,Takefusa Kubo,jp JPN,"MF,FW",Mallorca,18,2001,25.7,766,720,42,8,2,1,80,3,25,11,7,0,526,4,41,Matches
273,Víctor Laguardia,es ESP,DF,Alavés,29,1989,29.5,1066,1001,63,63,0,7,3,0,0,0,0,0,771,2,8,Matches
274,Diego Lainez,mx MEX,"MF,FW",Betis,19,2000,3.9,121,112,7,3,0,0,11,3,1,1,0,0,85,2,5,Matches
275,Larra,es ESP,"FW,MF",Athletic Club,21,1997,2.8,77,70,7,0,0,0,14,1,6,3,3,0,44,0,3,Matches
Rk,Player,Nation,Pos,Squad,Age,Born,90s,Att,Live,Dead,FK,TB,Sw,Crs,TI,CK,In,Out,Str,Cmp,Off,Blocks,Matches
276,Toni Lato,es ESP,"DF,MF",Osasuna,21,1997,5.2,255,186,68,3,0,0,13,65,0,0,0,0,172,1,11,Matches
277,Robin Le Normand,es ESP,DF,Real Sociedad,22,1996,26.6,1735,1661,72,66,0,9,0,6,0,0,0,0,1523,2,9,Matches
278,Wu Lei,cn CHN,"FW,MF",Espanyol,27,1991,19.1,312,299,11,1,0,1,27,1,0,0,0,0,201,2,10,Matches
279,Iñigo Lekue,es ESP,"FW,DF",Athletic Club,26,1993,6.9,279,229,48,3,0,1,39,38,7,2,4,0,193,2,7,Matches
280,Thomas Lemar,fr FRA,MF,Atlético Madrid,23,1995,10.3,400,358,40,12,0,5,31,5,19,8,10,0,314,2,12,Matches
281,Clément Lenglet,fr FRA,DF,Barcelona,24,1995,26.9,2153,2086,63,50,1,24,0,9,0,0,0,0,1985,4,6,Matches
282,Pedro León,es ESP,"MF,FW",Eibar,32,1986,21.1,712,581,128,30,0,4,190,16,82,37,39,1,400,3,28,Matches
283,Sergio León,es ESP,FW,Levante,30,1989,7.5,96,87,7,0,0,0,6,1,0,0,0,0,53,2,6,Matches
284,Lillo,es ESP,DF,Osasuna,30,1989,2.2,126,97,29,7,0,5,11,22,0,0,0,0,95,0,5,Matches
285,Diego Llorente,es ESP,DF,Real Sociedad,25,1993,25.9,1640,1600,35,31,1,14,1,4,0,0,0,0,1427,5,12,Matches
286,Marcos Llorente,es ESP,"MF,FW",Atlético Madrid,24,1995,15.2,493,484,6,4,2,2,8,0,0,0,0,0,382,3,18,Matches
287,Stanislav Lobotka,sk SVK,MF,Celta Vigo,24,1994,15.4,776,761,14,12,1,6,4,0,2,0,1,0,685,1,12,Matches
288,Renan Lodi,br BRA,DF,Atlético Madrid,21,1998,26.6,1241,937,296,8,3,2,87,288,0,0,0,0,914,8,35,Matches
289,Rony Lopes,pt POR,FW,Sevilla,23,1995,1.5,49,44,4,0,0,0,5,0,4,2,1,0,40,1,1,Matches
290,Adrián López,es ESP,FW,Osasuna,31,1988,16.0,505,486,15,0,0,0,16,0,0,0,0,0,350,4,13,Matches
291,David López,es ESP,"DF,MF",Espanyol,29,1989,27.3,1401,1349,48,45,1,12,12,3,0,0,0,0,1113,4,10,Matches
292,Diego López,es ESP,GK,Espanyol,37,1981,35.9,1140,701,435,132,0,2,0,1,0,0,0,0,666,4,0,Matches
293,Javi López,es ESP,DF,Alavés,17,2002,1.0,30,22,8,0,0,0,5,8,0,0,0,0,18,0,2,Matches
294,Javi López,es ESP,DF,Espanyol,33,1986,15.4,701,565,135,8,0,1,35,127,0,0,0,0,502,1,12,Matches
295,Lluis López,es ESP,DF,Espanyol,22,1997,3.3,245,234,11,7,0,1,2,4,0,0,0,0,217,0,4,Matches
296,Roberto López,es ESP,"FW,MF",Real Sociedad,19,2000,0.6,44,42,2,1,0,0,3,1,0,0,0,0,34,0,3,Matches
297,Unai López,es ESP,MF,Athletic Club,23,1995,19.9,1221,1075,144,65,0,25,101,4,56,18,20,5,1008,2,14,Matches
298,Iker Losada,es ESP,"MF,FW",Celta Vigo,17,2001,0.1,12,12,0,0,0,0,3,0,0,0,0,0,7,0,0,Matches
299,Pol Lozano,es ESP,MF,Espanyol,19,1999,1.9,85,84,1,0,0,1,1,0,1,0,1,0,75,0,1,Matches
300,José Luis Gayà,es ESP,DF,Valencia,24,1995,22.1,1048,845,202,27,2,7,79,175,0,0,0,0,794,1,29,Matches
Rk,Player,Nation,Pos,Squad,Age,Born,90s,Att,Live,Dead,FK,TB,Sw,Crs,TI,CK,In,Out,Str,Cmp,Off,Blocks,Matches
301,José Luis Morales,es ESP,"FW,MF",Levante,32,1987,28.0,688,656,27,3,6,9,69,16,4,2,1,0,444,5,44,Matches
302,José Luis Rodríguez,pa PAN,FW,Alavés,21,1998,0.2,4,4,0,0,0,0,0,0,0,0,0,0,2,0,0,Matches
303,Darwin Machís,ve VEN,"FW,MF",Granada,26,1993,23.7,584,501,82,24,0,5,141,7,50,29,11,0,350,1,19,Matches
304,Lisandro Magallán,ar ARG,DF,Alavés,25,1993,13.3,446,418,28,26,0,7,0,2,0,0,0,0,343,0,2,Matches
305,Abdallahi Mahmoud,mr MTN,MF,Alavés,19,2000,1.7,38,38,0,0,0,0,0,0,0,0,0,0,33,0,0,Matches
306,Nemanja Maksimović,rs SRB,MF,Getafe,24,1995,32.2,742,665,74,23,0,2,8,5,0,0,0,0,520,3,10,Matches
307,Hugo Mallo,es ESP,DF,Celta Vigo,28,1991,21.8,1313,1035,275,35,1,8,85,239,1,0,1,0,993,3,31,Matches
308,Aïssa Mandi,dz ALG,DF,Betis,27,1991,28.6,1820,1711,105,89,2,25,3,15,0,0,0,0,1628,4,12,Matches
309,Eliaquim Mangala,fr FRA,DF,Valencia,28,1991,7.5,286,278,8,8,0,1,0,0,0,0,0,0,252,0,0,Matches
310,Marcelo,br BRA,DF,Real Madrid,31,1988,14.4,1064,935,126,11,2,18,58,115,0,0,0,0,872,3,18,Matches
311,Óscar de Marcos,es ESP,"DF,FW",Athletic Club,30,1989,6.0,224,192,31,3,0,0,20,26,2,0,1,0,162,1,8,Matches
312,Miguel Marí,es ESP,MF,Eibar,22,1997,0.1,1,1,0,0,0,0,0,0,0,0,0,0,1,0,0,Matches
313,José María Giménez,uy URU,DF,Atlético Madrid,24,1995,19.5,920,847,68,64,0,12,0,1,0,0,0,0,784,5,6,Matches
314,Mariano,do DOM,"FW,MF",Real Madrid,25,1993,0.5,14,12,2,0,0,0,0,0,0,0,0,0,10,0,0,Matches
315,Adrián Marín,es ESP,DF,Alavés,22,1997,9.5,361,254,104,14,0,2,18,88,2,0,2,0,245,3,9,Matches
316,Guillermo Maripán,cl CHI,DF,Alavés,25,1994,1.0,12,10,2,2,0,0,0,0,0,0,0,0,9,0,0,Matches
317,Roger Martí,es ESP,FW,Levante,28,1991,25.2,453,440,8,0,2,7,18,0,0,0,0,0,283,5,16,Matches
318,Daniel Martín,es ESP,GK,Betis,21,1998,5.9,184,139,44,8,0,1,0,0,0,0,0,0,139,1,1,Matches
319,Álex Martínez,es ESP,DF,Granada,28,1990,0.2,10,6,4,2,0,1,4,1,1,0,1,0,6,0,0,Matches
320,Iñigo Martínez,es ESP,DF,Athletic Club,28,1991,33.0,1580,1443,125,86,0,54,19,39,0,0,0,0,1200,12,23,Matches
321,Javi Martínez,es ESP,MF,Osasuna,19,1999,0.1,6,6,0,0,0,0,0,0,0,0,0,0,5,0,0,Matches
322,José Martínez,es ESP,DF,Granada,26,1993,13.2,513,461,51,27,0,6,1,24,0,0,0,0,376,1,5,Matches
323,Pablo Martínez,es ESP,MF,Levante,21,1998,0.4,18,16,2,1,0,0,0,0,1,0,0,0,14,0,0,Matches
324,Jordi Masip,es ESP,GK,Valladolid,30,1989,35.0,1053,595,455,119,0,0,0,0,0,0,0,0,560,3,0,Matches
325,Jaime Mata,es ESP,FW,Getafe,30,1988,30.5,771,753,14,1,2,6,58,5,0,0,0,0,486,4,35,Matches
Rk,Player,Nation,Pos,Squad,Age,Born,90s,Att,Live,Dead,FK,TB,Sw,Crs,TI,CK,In,Out,Str,Cmp,Off,Blocks,Matches
326,Borja Mayoral,es ESP,FW,Levante,22,1997,23.8,575,549,26,1,2,9,19,4,0,0,0,0,445,0,17,Matches
327,Óscar Melendo,es ESP,"MF,FW",Espanyol,21,1997,12.4,358,349,9,3,0,2,12,3,3,1,2,0,292,0,3,Matches
328,Gonzalo Melero,es ESP,MF,Levante,25,1994,13.7,563,546,13,9,2,4,2,1,0,0,0,0,459,4,11,Matches
329,Arthur Melo,br BRA,MF,Barcelona,22,1996,13.1,1043,991,49,26,6,9,14,9,14,6,3,0,942,3,13,Matches
330,Brais Méndez,es ESP,"MF,FW",Celta Vigo,22,1997,16.4,697,649,44,14,3,12,43,10,20,6,8,0,510,4,20,Matches
331,Édgar Méndez,es ESP,"MF,FW",Alavés,29,1990,9.6,196,192,4,0,0,2,17,3,0,0,0,0,120,0,8,Matches
332,Ferland Mendy,fr FRA,DF,Real Madrid,24,1995,20.1,1252,1066,186,9,0,21,66,177,0,0,0,0,1060,0,27,Matches
333,Fran Mérida,es ESP,MF,Osasuna,29,1990,12.9,785,741,41,33,3,22,21,3,3,3,0,0,584,3,9,Matches
334,Mikel Merino,es ESP,MF,Real Sociedad,23,1996,34.9,1983,1940,33,25,5,24,32,7,0,0,0,0,1480,10,34,Matches
335,Sabin Merino,es ESP,FW,Leganés,27,1992,0.9,21,21,0,0,0,0,0,0,0,0,0,0,15,0,0,Matches
336,Roque Mesa,es ESP,MF,Leganés,30,1989,22.4,898,828,61,25,3,15,56,11,21,4,13,0,716,9,14,Matches
337,Lionel Messi,ar ARG,FW,Barcelona,32,1987,32.0,2130,1908,198,89,36,15,114,17,77,41,8,2,1675,24,40,Matches
338,Míchel,es ESP,MF,Valladolid,31,1988,24.2,1425,1231,188,102,1,44,100,3,79,24,32,0,1098,6,18,Matches
339,Miguel,es ESP,FW,Valladolid,19,1999,2.6,37,37,0,0,0,0,5,0,0,0,0,0,17,0,3,Matches
340,Éder Militão,br BRA,DF,Real Madrid,21,1998,11.4,694,652,41,21,1,7,2,20,0,0,0,0,602,1,9,Matches
341,Santi Mina,es ESP,"FW,MF",Celta Vigo,23,1995,21.6,706,675,28,2,7,8,30,17,2,0,0,0,486,3,24,Matches
342,Jorge Miramón,es ESP,DF,Levante,30,1989,27.0,1273,1019,250,13,0,20,74,237,0,0,0,0,982,4,29,Matches
343,Luka Modrić,hr CRO,MF,Real Madrid,33,1985,22.2,1452,1376,67,43,7,36,52,2,22,6,11,0,1247,9,20,Matches
344,Jorge Molina,es ESP,FW,Getafe,37,1982,21.0,606,585,16,0,4,3,17,8,0,0,0,0,388,5,23,Matches
345,Jon Moncayola,es ESP,"MF,DF",Osasuna,21,1998,16.6,661,624,32,12,0,23,9,20,0,0,0,0,490,5,11,Matches
346,Nacho Monreal,es ESP,DF,Real Sociedad,33,1986,26.6,1404,1121,280,21,0,2,62,259,0,0,0,0,1131,3,29,Matches
347,Joan Monterde,es ESP,MF,Levante,21,1997,0.1,7,7,0,0,0,0,0,0,0,0,0,0,7,0,0,Matches
348,Ángel Montoro,es ESP,MF,Granada,31,1988,10.8,591,497,88,57,1,19,49,1,30,10,11,0,448,6,9,Matches
349,Álvaro Morata,es ESP,FW,Atlético Madrid,26,1992,23.3,512,497,11,2,3,2,11,0,0,0,0,0,321,4,14,Matches
350,Alberto Moreno,es ESP,DF,Villarreal,27,1992,16.3,976,777,198,15,0,7,32,183,0,0,0,0,825,1,15,Matches
Rk,Player,Nation,Pos,Squad,Age,Born,90s,Att,Live,Dead,FK,TB,Sw,Crs,TI,CK,In,Out,Str,Cmp,Off,Blocks,Matches
351,Álex Moreno,es ESP,DF,Betis,26,1993,25.2,1299,1038,256,16,0,6,79,239,1,0,0,0,993,5,39,Matches
352,Gerard Moreno,es ESP,"FW,MF",Villarreal,27,1992,30.5,1037,987,43,7,9,15,60,7,1,0,0,0,735,7,42,Matches
353,Manu Morlanes,es ESP,MF,Villarreal,20,1999,2.8,188,181,7,5,2,1,1,1,1,0,1,0,171,0,1,Matches
354,Loren Morón,es ESP,FW,Betis,25,1993,22.6,289,248,39,2,2,4,11,1,0,0,0,0,185,2,19,Matches
355,Toni Moya,es ESP,MF,Atlético Madrid,21,1998,0.0,0,0,0,0,0,0,0,0,0,0,0,0,0,0,0,Matches
356,Javi Moyano,es ESP,DF,Valladolid,33,1986,24.7,1062,826,228,19,1,4,35,209,0,0,0,0,759,8,21,Matches
357,Iker Muniain,es ESP,"FW,MF",Athletic Club,26,1992,26.5,1086,994,88,24,3,6,61,8,33,15,7,0,897,4,11,Matches
358,Aihen Muñoz,es ESP,DF,Real Sociedad,21,1997,10.9,660,516,142,13,0,1,41,129,0,0,0,0,502,2,13,Matches
359,Javier Muñoz,es ESP,"FW,MF",Alavés,24,1995,0.6,14,14,0,0,0,0,0,0,0,0,0,0,10,0,0,Matches
360,Jeison Murillo,co COL,DF,Celta Vigo,27,1992,17.0,724,672,50,47,0,9,2,3,0,0,0,0,623,2,5,Matches
361,Nacho,es ESP,DF,Valladolid,30,1989,21.0,1162,873,278,47,3,15,78,231,0,0,0,0,820,11,30,Matches
362,Nacho,es ESP,DF,Real Madrid,29,1990,4.9,297,261,36,5,0,2,16,31,0,0,0,0,248,0,5,Matches
363,Naldo,br BRA,DF,Espanyol,30,1988,14.8,686,650,31,28,0,2,2,3,0,0,0,0,566,5,3,Matches
364,Marc Navarro,es ESP,"FW,DF",Leganés,24,1995,2.4,76,65,11,0,0,0,7,11,0,0,0,0,50,0,5,Matches
365,Ximo Navarro,es ESP,DF,Alavés,29,1990,21.1,846,669,175,24,1,8,19,151,0,0,0,0,632,2,16,Matches
366,Jesús Navas,es ESP,DF,Sevilla,33,1985,37.4,2660,2237,411,27,4,30,232,382,2,0,0,0,2041,12,65,Matches
367,Raúl Navas,es ESP,DF,Osasuna,31,1988,7.9,273,245,28,25,0,1,0,1,0,0,0,0,216,0,3,Matches
368,Neto,br BRA,GK,Barcelona,30,1989,2.0,61,42,19,4,0,0,0,0,0,0,0,0,54,0,1,Matches
369,Carlos Neva,es ESP,DF,Granada,23,1996,24.5,895,656,236,11,0,2,77,224,1,0,0,0,606,3,37,Matches
370,Saúl Ñíguez,es ESP,"MF,DF",Atlético Madrid,24,1994,34.1,1778,1669,99,21,4,14,27,73,0,0,0,0,1391,10,28,Matches
371,Fernando Niño,es ESP,FW,Villarreal,18,2000,0.9,21,20,1,0,0,0,1,0,0,0,0,0,14,0,0,Matches
372,Nolito,es ESP,FW,Sevilla,32,1986,10.0,342,326,12,0,1,7,14,5,7,1,0,0,258,4,12,Matches
373,Nolito,es ESP,"MF,FW",Celta Vigo,32,1986,3.6,165,148,15,2,1,7,10,1,12,3,4,0,114,2,5,Matches
374,Unai Núñez,es ESP,DF,Athletic Club,22,1997,17.5,731,707,22,16,0,14,1,5,0,0,0,0,601,2,7,Matches
375,Allan Nyom,cm CMR,"DF,MF",Getafe,31,1988,26.9,950,710,235,7,0,2,97,228,0,0,0,0,572,5,30,Matches
Rk,Player,Nation,Pos,Squad,Age,Born,90s,Att,Live,Dead,FK,TB,Sw,Crs,TI,CK,In,Out,Str,Cmp,Off,Blocks,Matches
376,Jan Oblak,si SVN,GK,Atlético Madrid,26,1993,37.7,956,535,416,100,0,0,0,0,0,0,0,0,572,5,1,Matches
377,Rafel Obrador,es ESP,DF,Mallorca,15,2004,0.0,2,2,0,0,0,0,1,0,0,0,0,0,1,0,0,Matches
378,Lucas Ocampos,ar ARG,"FW,MF",Sevilla,25,1994,30.5,959,924,29,3,0,18,89,25,1,0,0,0,711,6,51,Matches
379,Álvaro Odriozola,es ESP,DF,Real Madrid,23,1995,3.8,169,125,44,4,0,0,6,40,0,0,0,0,148,0,5,Matches
380,Lucas Olaza,uy URU,DF,Celta Vigo,25,1994,34.9,2026,1639,372,69,0,5,203,256,47,16,25,1,1472,15,63,Matches
381,Oier Olazábal,es ESP,GK,Espanyol,29,1989,2.0,63,49,14,2,0,0,0,0,0,0,0,0,51,0,0,Matches
382,Kiko Olivas,es ESP,DF,Valladolid,30,1988,32.7,1276,1213,60,59,1,9,0,1,0,0,0,0,1106,3,9,Matches
383,Paulo Oliveira,pt POR,DF,Eibar,27,1992,23.2,841,810,30,29,0,9,2,1,0,0,0,0,556,1,8,Matches
384,Mathías Olivera,uy URU,DF,Getafe,21,1997,20.8,901,635,259,16,0,5,49,242,1,0,0,0,518,7,42,Matches
385,Kenneth Omeruo,ng NGA,DF,Leganés,25,1993,20.8,673,649,19,18,0,7,3,1,0,0,0,0,471,5,4,Matches
386,Javier Ontiveros,es ESP,"FW,MF",Villarreal,21,1997,9.9,493,464,28,6,2,11,39,7,15,6,0,0,372,1,14,Matches
387,Fabián Orellana,cl CHI,"MF,FW",Eibar,33,1986,26.6,1044,916,123,15,2,9,130,25,76,20,45,0,742,5,32,Matches
388,Aimar Oroz,es ESP,FW,Osasuna,17,2001,0.1,5,5,0,0,0,0,0,0,0,0,0,0,4,0,0,Matches
389,Mikel Oyarzabal,es ESP,"FW,MF",Real Sociedad,22,1997,33.9,1173,1093,77,31,10,6,112,22,21,9,5,0,844,3,59,Matches
390,Fernando Pacheco,es ESP,GK,Alavés,27,1992,26.2,812,465,343,93,0,1,0,0,0,0,0,0,471,4,2,Matches
391,Jon Pacheco,es ESP,DF,Real Sociedad,18,2001,0.9,39,37,2,1,0,0,1,1,0,0,0,0,27,0,1,Matches
392,Daniel Parejo,es ESP,MF,Valencia,30,1989,33.6,2426,2086,323,177,7,70,161,5,141,43,58,7,1990,17,23,Matches
393,Miquel Parera,es ESP,GK,Mallorca,23,1996,1.0,25,21,4,0,0,0,0,0,0,0,0,0,19,0,0,Matches
394,Thomas Partey,gh GHA,MF,Atlético Madrid,26,1993,28.3,1677,1604,63,43,6,16,26,4,16,7,8,0,1371,10,12,Matches
395,Paulino,es ESP,"FW,MF",Alavés,22,1997,0.8,31,26,4,1,0,1,7,0,2,1,1,0,17,1,0,Matches
396,Gabriel Paulista,br BRA,DF,Valencia,28,1990,31.1,1761,1682,74,73,0,25,1,1,0,0,0,0,1547,5,10,Matches
397,Alfonso Pedraza,es ESP,DF,Betis,23,1996,15.0,772,639,128,10,0,4,38,118,0,0,0,0,584,5,32,Matches
398,Marc Pedraza,es ESP,MF,Mallorca,32,1987,1.4,36,36,0,0,0,0,0,0,0,0,0,0,29,0,1,Matches
399,Adrià Pedrosa,es ESP,"DF,MF",Espanyol,21,1998,12.1,495,388,106,9,2,2,31,96,1,0,0,0,366,1,17,Matches
400,Rubén Peña,es ESP,DF,Villarreal,28,1991,21.2,1312,1079,227,18,1,7,78,209,0,0,0,0,1015,6,29,Matches
Rk,Player,Nation,Pos,Squad,Age,Born,90s,Att,Live,Dead,FK,TB,Sw,Crs,TI,CK,In,Out,Str,Cmp,Off,Blocks,Matches
401,Luis Perea,es ESP,FW,Osasuna,21,1997,0.2,8,8,0,0,0,0,0,0,0,0,0,0,7,0,0,Matches
402,Carles Pérez,es ESP,FW,Barcelona,21,1998,5.3,286,273,13,3,3,0,16,3,7,5,0,0,228,0,4,Matches
403,Iñigo Pérez,es ESP,MF,Osasuna,31,1988,12.0,593,517,73,33,2,9,51,19,21,4,14,0,424,3,11,Matches
404,Juan Pérez,es ESP,GK,Osasuna,23,1996,2.0,65,39,25,11,0,0,0,0,0,0,0,0,32,1,1,Matches
405,Kike Pérez,es ESP,"MF,FW",Valladolid,22,1997,2.4,97,94,3,1,0,3,0,0,0,0,0,0,86,0,0,Matches
406,Lucas Pérez,es ESP,FW,Alavés,30,1988,27.7,724,544,175,52,8,4,139,9,67,27,25,0,459,5,27,Matches
407,Rubén Pérez,es ESP,MF,Leganés,30,1989,24.4,1140,1090,42,35,1,21,6,2,0,0,0,0,876,8,17,Matches
408,Samu Pérez,es ESP,GK,Valladolid,22,1997,0.3,7,2,5,0,0,0,0,0,0,0,0,0,1,0,0,Matches
409,Pablo Piatti,ar ARG,"DF,MF",Espanyol,30,1989,0.6,28,22,6,2,0,0,6,1,3,1,1,1,19,0,0,Matches
410,Cristiano Piccini,it ITA,DF,Valencia,26,1992,0.8,52,48,4,0,0,0,2,4,0,0,0,0,38,0,1,Matches
411,Tomás Pina Isla,es ESP,MF,Alavés,31,1987,14.9,534,526,6,4,0,4,4,2,0,0,0,0,423,2,8,Matches
412,Pipa,es ESP,"DF,FW",Espanyol,21,1998,5.3,217,171,45,5,0,0,24,40,0,0,0,0,145,1,8,Matches
413,Gerard Piqué,es ESP,DF,Barcelona,32,1987,34.4,2692,2580,111,92,1,34,0,10,0,0,0,0,2470,1,13,Matches
414,Óscar Plano,es ESP,MF,Valladolid,28,1991,27.8,747,721,21,8,5,6,39,3,8,1,4,0,521,5,18,Matches
415,Pere Pons,es ESP,MF,Alavés,26,1993,12.1,385,373,12,8,1,4,6,2,0,0,0,0,284,0,13,Matches
416,Pedro Porro,es ESP,"DF,MF",Valladolid,19,1999,8.2,379,281,97,9,0,6,33,88,0,0,0,0,246,1,17,Matches
417,Francisco Portillo,es ESP,MF,Getafe,29,1990,4.2,172,162,6,2,3,0,7,2,1,0,0,0,120,4,8,Matches
418,Portu,es ESP,"FW,MF",Real Sociedad,27,1992,26.6,670,598,66,15,2,3,99,6,45,31,1,1,434,6,31,Matches
419,Sergio Postigo,es ESP,DF,Levante,30,1988,26.4,1044,973,67,53,2,7,2,14,0,0,0,0,849,4,6,Matches
420,Florent Poulolo,mq MTQ,DF,Getafe,22,1997,0.0,0,0,0,0,0,0,0,0,0,0,0,0,0,0,0,Matches
421,Darío Poveda,es ESP,MF,Atlético Madrid,22,1997,0.1,5,5,0,0,0,0,0,0,0,0,0,0,3,0,0,Matches
422,Alejandro Pozo Pozo,es ESP,DF,Mallorca,20,1999,16.6,862,698,162,20,0,3,70,142,0,0,0,0,643,2,18,Matches
423,Alejandro Pozo Pozo,es ESP,"MF,FW",Sevilla,20,1999,0.4,14,14,0,0,0,0,1,0,0,0,0,0,10,0,0,Matches
424,Abdón Prats,es ESP,FW,Mallorca,26,1992,3.1,72,67,5,0,0,1,2,1,0,0,0,0,46,0,3,Matches
425,Antonio Puertas,es ESP,"FW,MF",Granada,27,1992,28.5,745,714,28,8,2,6,49,19,1,0,1,0,514,3,28,Matches
Rk,Player,Nation,Pos,Squad,Age,Born,90s,Att,Live,Dead,FK,TB,Sw,Crs,TI,CK,In,Out,Str,Cmp,Off,Blocks,Matches
426,Riqui Puig,es ESP,MF,Barcelona,19,1999,5.7,425,416,8,4,2,2,1,1,3,1,0,0,384,1,6,Matches
427,Quini,es ESP,DF,Granada,29,1989,8.0,291,227,63,1,0,3,17,62,0,0,0,0,216,1,10,Matches
428,Xavi Quintillà,es ESP,DF,Villarreal,22,1996,17.5,1049,871,174,15,0,6,79,156,3,1,2,0,842,4,14,Matches
429,Quique,es ESP,"FW,MF",Eibar,29,1990,5.4,125,117,8,0,0,1,3,0,0,0,0,0,82,0,0,Matches
430,Nemanja Radoja,rs SRB,MF,Levante,26,1993,22.1,984,970,12,8,0,14,5,2,0,0,0,0,837,2,16,Matches
431,Rafinha,br BRA,"FW,MF",Barcelona,26,1993,2.1,162,153,9,2,0,0,11,1,6,1,5,0,139,0,1,Matches
432,Rafinha,br BRA,MF,Celta Vigo,26,1993,23.5,1318,1259,56,42,5,12,27,8,5,2,1,0,1125,3,24,Matches
433,Baba Rahman,gh GHA,DF,Mallorca,25,1994,1.2,58,41,16,0,0,0,6,16,0,0,0,0,37,1,0,Matches
434,Antonio Raillo,es ESP,DF,Mallorca,27,1991,30.8,1178,1107,68,64,0,7,0,3,0,0,0,0,970,3,6,Matches
435,Ivan Rakitić,hr CRO,MF,Barcelona,31,1988,17.7,1497,1419,73,34,1,11,32,8,31,20,2,0,1323,5,13,Matches
436,Sandro Ramírez,es ESP,"FW,MF",Valladolid,24,1995,14.5,364,322,37,0,2,4,36,1,20,14,3,0,254,5,10,Matches
437,Iván Ramis,es ESP,DF,Eibar,34,1984,5.1,224,211,12,12,1,6,1,0,0,0,0,0,174,1,1,Matches
438,Adrián Ramos,co COL,"FW,MF",Granada,33,1986,2.5,81,77,4,0,0,0,3,1,0,0,0,0,51,0,2,Matches
439,Sergio Ramos,es ESP,DF,Real Madrid,33,1986,33.5,2164,2080,78,72,1,71,2,6,0,0,0,0,1963,6,8,Matches
440,Raúl,es ESP,"FW,MF",Betis,18,2000,0.2,7,6,1,0,0,0,0,0,0,0,0,0,4,0,0,Matches
441,Recio,es ESP,MF,Leganés,28,1991,17.4,862,819,40,33,0,14,22,3,4,1,2,0,736,3,19,Matches
442,Sergio Reguilón,es ESP,DF,Sevilla,22,1996,27.9,1808,1542,261,28,0,26,100,233,0,0,0,0,1419,5,38,Matches
443,Manolo Reina,es ESP,GK,Mallorca,34,1985,36.0,1195,767,427,121,0,0,0,0,0,0,0,0,751,1,1,Matches
444,Álex Remiro,es ESP,GK,Real Sociedad,24,1995,25.0,914,680,233,87,0,3,0,0,0,0,0,0,684,1,1,Matches
445,Nico Ribaudo,es ESP,"FW,MF",Espanyol,18,2001,2.0,71,70,1,0,0,0,4,0,1,1,0,0,55,0,4,Matches
446,Luis Rioja,es ESP,MF,Alavés,25,1993,18.2,446,419,24,8,0,0,57,5,4,1,2,0,304,3,25,Matches
447,Rodrigo Riquelme,es ESP,"FW,MF",Atlético Madrid,19,2000,0.1,3,3,0,0,0,0,1,0,0,0,0,0,1,0,0,Matches
448,Cristian Rivera,es ESP,MF,Leganés,22,1997,3.5,122,121,1,1,0,1,2,0,0,0,0,0,101,0,3,Matches
449,Rober,es ESP,DF,Levante,24,1995,2.1,95,91,4,4,0,0,0,0,0,0,0,0,81,0,0,Matches
450,Roberto,es ESP,GK,Alavés,33,1986,8.8,236,128,108,42,0,0,0,0,0,0,0,0,121,0,1,Matches
Rk,Player,Nation,Pos,Squad,Age,Born,90s,Att,Live,Dead,FK,TB,Sw,Crs,TI,CK,In,Out,Str,Cmp,Off,Blocks,Matches
451,Sergi Roberto,es ESP,"DF,MF",Barcelona,27,1992,26.0,2155,2019,131,22,1,4,30,106,3,0,0,0,1955,5,20,Matches
452,Joel Robles,es ESP,GK,Betis,29,1990,32.1,1151,814,332,91,0,4,0,0,0,0,0,0,840,5,0,Matches
453,Marc Roca,es ESP,MF,Espanyol,22,1996,33.4,1734,1638,88,66,2,43,55,1,19,8,8,0,1374,8,15,Matches
454,Rubén Rochina,es ESP,MF,Levante,28,1991,20.8,971,856,106,28,6,26,69,15,27,18,4,0,694,9,16,Matches
455,Rodrigo,es ESP,FW,Valencia,28,1991,20.9,639,613,21,4,12,14,32,3,1,0,0,0,470,5,10,Matches
456,Kévin Rodrigues,pt POR,"DF,MF",Leganés,25,1994,21.5,773,625,146,34,1,2,143,69,41,11,22,1,502,2,20,Matches
457,Kévin Rodrigues,pt POR,DF,Real Sociedad,25,1994,0.1,6,6,0,0,0,0,0,0,0,0,0,0,4,0,0,Matches
458,Ángel Rodríguez,es ESP,FW,Getafe,32,1987,15.6,307,300,5,0,5,3,25,4,0,0,0,0,182,2,13,Matches
459,Óscar Rodríguez Arnaiz,es ESP,"MF,FW",Leganés,21,1998,21.3,811,687,119,37,4,11,96,6,41,15,17,1,549,5,21,Matches
460,Dani Rodríguez,es ESP,"MF,FW",Mallorca,31,1988,33.8,1168,1080,82,51,2,19,54,7,14,5,3,0,933,6,22,Matches
461,Guido Rodríguez,ar ARG,MF,Betis,25,1994,10.4,513,496,17,16,0,8,0,1,0,0,0,0,438,0,8,Matches
462,James Rodríguez,co COL,"MF,FW",Real Madrid,28,1991,4.7,303,271,30,12,5,9,26,4,13,1,8,0,233,2,5,Matches
463,Mario Rodriguez,es ESP,MF,Granada,22,1997,0.0,0,0,0,0,0,0,0,0,0,0,0,0,0,0,0,Matches
464,Rodrygo,br BRA,FW,Real Madrid,18,2001,11.3,504,491,11,0,0,3,38,10,1,0,0,0,419,2,11,Matches
465,Luka Romero,ar ARG,FW,Mallorca,14,2004,0.1,1,1,0,0,0,0,0,0,0,0,0,0,1,0,0,Matches
466,Facundo Roncaglia,ar ARG,DF,Osasuna,32,1987,14.2,599,501,96,22,0,11,9,74,0,0,0,0,450,2,9,Matches
467,Roberto Rosales,ve VEN,DF,Leganés,30,1988,20.8,935,704,223,12,0,11,80,204,7,0,3,1,623,8,31,Matches
468,Rubén,es ESP,GK,Osasuna,35,1984,17.6,525,316,202,60,0,1,0,0,0,0,0,0,269,7,0,Matches
469,Waldo Rubio,es ESP,"MF,FW",Valladolid,23,1995,9.8,305,296,8,1,3,10,26,4,0,0,0,0,189,1,17,Matches
470,Aitor Ruibal,es ESP,"DF,MF",Leganés,23,1996,13.6,403,371,28,2,0,2,29,24,1,0,1,0,293,4,11,Matches
471,Jorge Sáenz,es ESP,DF,Celta Vigo,22,1996,4.1,165,162,3,3,0,4,0,0,0,0,0,0,134,0,0,Matches
472,Borja Sainz,es ESP,"MF,FW",Alavés,18,2001,6.4,116,114,1,0,0,0,13,1,0,0,0,0,81,1,5,Matches
473,Yannis Salibur,fr FRA,"MF,FW",Mallorca,28,1991,0.9,42,42,0,0,0,0,4,0,0,0,0,0,33,0,0,Matches
474,Mohammed Salisu,gh GHA,DF,Valladolid,20,1999,30.3,1115,1080,29,25,1,6,1,4,0,0,0,0,894,6,10,Matches
475,Fede San Emeterio,es ESP,MF,Valladolid,22,1997,19.5,685,680,4,4,0,6,4,0,0,0,0,0,545,1,11,Matches
Rk,Player,Nation,Pos,Squad,Age,Born,90s,Att,Live,Dead,FK,TB,Sw,Crs,TI,CK,In,Out,Str,Cmp,Off,Blocks,Matches
476,Mikel San José,es ESP,MF,Athletic Club,30,1989,4.0,132,131,1,1,0,1,0,0,0,0,0,0,94,0,2,Matches
477,Oihan Sancet,es ESP,"MF,FW",Athletic Club,19,2000,8.2,199,195,4,0,0,1,2,0,2,1,1,0,159,0,5,Matches
478,Germán Sánchez,es ESP,DF,Granada,32,1986,25.5,955,900,52,48,0,10,0,4,0,0,0,0,746,3,5,Matches
479,Javi Sánchez,es ESP,DF,Valladolid,22,1997,5.5,194,178,13,13,0,2,0,0,0,0,0,0,155,3,0,Matches
480,Manu Sánchez,es ESP,DF,Atlético Madrid,18,2000,3.6,171,137,33,3,0,0,8,30,0,0,0,0,131,1,2,Matches
481,Víctor Sánchez,es ESP,MF,Espanyol,31,1987,18.8,954,871,81,41,0,10,71,17,23,7,5,2,731,2,12,Matches
482,Luca Sangalli,es ESP,MF,Real Sociedad,24,1995,4.1,193,185,8,3,1,0,6,1,3,1,0,0,144,0,12,Matches
483,Oier Sanjurjo,es ESP,MF,Osasuna,33,1986,25.8,1003,988,10,5,0,1,10,5,0,0,0,0,701,5,24,Matches
484,Ivan Šaponjić,rs SRB,"DF,FW",Atlético Madrid,21,1997,0.1,1,1,0,0,0,0,0,0,0,0,0,0,0,0,0,Matches
485,Joan Sastre Vanrell,es ESP,DF,Mallorca,22,1997,15.1,666,514,148,11,1,7,65,137,0,0,0,0,452,4,18,Matches
486,Stefan Savić,me MNE,DF,Atlético Madrid,28,1991,22.0,1074,1028,42,42,0,4,0,0,0,0,0,0,871,4,5,Matches
487,Aleksandar Sedlar,rs SRB,DF,Mallorca,27,1991,9.0,399,375,22,2,0,3,0,20,0,0,0,0,325,2,3,Matches
488,Nélson Semedo,pt POR,DF,Barcelona,25,1993,23.3,1661,1489,170,15,1,2,22,155,0,0,0,0,1469,2,27,Matches
489,Josep Señé,es ESP,MF,Mallorca,27,1991,1.7,87,82,5,4,0,0,2,0,1,0,1,0,80,0,0,Matches
490,Salva Sevilla,es ESP,MF,Mallorca,35,1984,28.5,1738,1421,311,148,4,34,127,12,113,40,40,0,1428,6,19,Matches
491,Sidnei,br BRA,DF,Betis,29,1989,13.1,863,803,57,40,1,7,0,14,0,0,0,0,772,3,3,Matches
492,Jonathan Silva,ar ARG,DF,Leganés,25,1994,30.9,1392,1076,309,54,1,11,133,241,13,2,10,0,931,7,38,Matches
493,Rui Silva,pt POR,GK,Granada,25,1994,35.0,1280,833,440,141,0,4,0,0,0,0,0,0,720,7,2,Matches
494,Unai Simón,es ESP,GK,Athletic Club,22,1997,33.2,1110,722,384,116,0,0,0,0,0,0,0,0,671,4,2,Matches
495,Dimitris Siovas,gr GRE,DF,Leganés,30,1988,21.3,876,764,110,29,1,8,9,81,0,0,0,0,599,2,16,Matches
496,Pione Sisto,dk DEN,"FW,MF",Celta Vigo,24,1995,9.9,445,415,29,8,2,3,38,8,13,6,7,0,341,1,11,Matches
497,Antonio Sivera,es ESP,GK,Alavés,22,1996,3.0,83,42,41,14,0,0,0,0,0,0,0,0,50,0,0,Matches
498,Fyodor Smolov,ru RUS,FW,Celta Vigo,29,1990,8.3,194,175,18,2,0,0,6,0,0,0,0,0,130,1,6,Matches
499,Rafa Soares,pt POR,DF,Eibar,24,1995,4.8,227,153,74,3,0,1,28,64,7,4,3,0,150,0,9,Matches
500,Rubén Sobrino,es ESP,"FW,MF",Valencia,27,1992,1.9,46,45,1,1,1,0,2,0,0,0,0,0,31,0,3,Matches
Rk,Player,Nation,Pos,Squad,Age,Born,90s,Att,Live,Dead,FK,TB,Sw,Crs,TI,CK,In,Out,Str,Cmp,Off,Blocks,Matches
501,Roberto Soldado,es ESP,FW,Granada,34,1985,26.1,559,488,64,3,2,4,15,1,0,0,0,0,378,7,14,Matches
502,Carlos Soler,es ESP,MF,Valencia,22,1997,23.0,742,707,28,11,3,8,24,7,10,3,6,0,582,7,11,Matches
503,Kévin Soni,cm CMR,FW,Espanyol,21,1998,0.0,2,2,0,0,0,0,0,0,0,0,0,0,1,0,0,Matches
504,David Soria,es ESP,GK,Getafe,26,1993,38.0,1149,641,498,239,0,5,0,0,0,0,0,0,505,10,0,Matches
505,Bruno Soriano,es ESP,"MF,FW",Villarreal,35,1984,2.9,274,269,5,5,0,0,0,0,0,0,0,0,257,0,0,Matches
506,Juan Soriano,es ESP,GK,Leganés,21,1997,11.0,298,187,110,36,0,1,0,0,0,0,0,0,165,1,0,Matches
507,Damián Suárez,uy URU,DF,Getafe,31,1988,28.8,1565,1032,518,86,2,42,151,355,77,17,33,1,997,15,34,Matches
508,Denis Suárez,es ESP,"MF,FW",Celta Vigo,25,1994,18.1,875,768,102,30,5,6,92,15,57,25,26,0,658,5,20,Matches
509,Luis Suárez,uy URU,FW,Barcelona,32,1987,22.2,672,626,44,0,1,10,9,7,0,0,0,0,505,2,22,Matches
510,Ki Sung-yueng,kr KOR,MF,Mallorca,30,1989,0.1,3,2,1,1,0,0,0,0,0,0,0,0,1,0,0,Matches
511,Suso,es ESP,"FW,MF",Sevilla,25,1993,8.7,397,372,22,8,6,6,39,4,10,6,0,0,293,3,10,Matches
512,Tachi,es ESP,DF,Alavés,21,1997,2.6,59,43,14,4,0,0,0,10,0,0,0,0,42,2,0,Matches
513,Rodrigo Tarín,es ESP,DF,Leganés,23,1996,10.6,266,253,13,9,0,3,0,4,0,0,0,0,202,0,0,Matches
514,Álvaro Tejero,es ESP,DF,Eibar,23,1996,16.1,791,600,190,13,0,4,75,177,0,0,0,0,563,1,18,Matches
515,Cristian Tello,es ESP,"MF,FW",Betis,27,1991,8.7,394,356,37,5,0,7,33,15,17,9,3,0,293,1,9,Matches
516,Marc-André ter Stegen,de GER,GK,Barcelona,27,1992,36.0,1431,1166,264,40,1,2,0,0,0,0,0,0,1253,1,1,Matches
517,David Timor,es ESP,"MF,DF",Getafe,29,1989,10.5,430,366,63,42,0,30,20,7,10,3,3,0,252,1,4,Matches
518,Jean-Clair Todibo,fr FRA,DF,Barcelona,19,1999,0.9,52,49,2,2,0,0,0,0,0,0,0,0,49,1,0,Matches
519,Karl Toko Ekambi,cm CMR,FW,Villarreal,26,1992,11.0,225,209,16,0,0,2,4,0,0,0,0,0,175,0,5,Matches
520,Raúl de Tomás,es ESP,FW,Espanyol,24,1994,11.9,275,250,25,2,2,6,10,1,0,0,0,0,208,0,7,Matches
521,Toño,es ESP,DF,Levante,29,1989,17.7,930,746,181,24,0,7,58,156,1,0,0,0,732,3,24,Matches
522,Ferrán Torres,es ESP,"MF,FW",Valencia,19,2000,25.0,768,730,30,7,3,3,91,16,4,0,3,0,535,8,15,Matches
523,Óliver Torres,es ESP,"MF,FW",Sevilla,24,1994,17.7,1002,967,32,10,5,41,40,10,9,4,1,0,802,3,23,Matches
524,Pau Torres,es ESP,DF,Villarreal,22,1997,33.0,2036,1955,74,68,1,64,2,3,0,0,0,0,1732,7,10,Matches
525,Roberto Torres,es ESP,"MF,FW",Osasuna,30,1989,30.2,1130,987,137,37,3,13,160,29,70,30,22,1,720,6,29,Matches
Rk,Player,Nation,Pos,Squad,Age,Born,90s,Att,Live,Dead,FK,TB,Sw,Crs,TI,CK,In,Out,Str,Cmp,Off,Blocks,Matches
526,Aleksandar Trajkovski,mk MKD,"MF,FW",Mallorca,26,1992,3.7,164,141,22,5,0,5,27,1,16,7,9,0,122,1,5,Matches
527,Manu Trigueros,es ESP,MF,Villarreal,27,1991,17.2,917,863,48,23,7,7,29,2,22,7,9,0,783,6,8,Matches
528,Kieran Trippier,eng ENG,DF,Atlético Madrid,28,1990,22.0,1329,988,333,38,5,3,130,250,45,9,34,0,939,8,28,Matches
529,Samuel Umtiti,fr FRA,DF,Barcelona,25,1993,10.5,811,772,36,30,0,3,0,5,0,0,0,0,745,3,5,Matches
530,Enes Ünal,tr TUR,FW,Valladolid,22,1997,26.0,625,612,11,0,2,6,8,1,0,0,0,0,399,2,17,Matches
531,Tomáš Vaclík,cz CZE,GK,Sevilla,30,1989,32.5,929,626,300,66,0,1,0,0,0,0,0,0,668,3,1,Matches
532,Álvaro Vadillo,es ESP,"FW,MF",Granada,24,1994,13.5,456,369,84,29,0,3,93,5,49,15,21,0,296,3,22,Matches
533,Germán Valera,es ESP,FW,Atlético Madrid,17,2002,0.0,2,2,0,0,0,0,0,0,0,0,0,0,1,0,0,Matches
534,Martin Valjent,sk SVK,DF,Mallorca,23,1995,35.4,1236,1147,85,62,1,4,4,23,0,0,0,0,1016,4,6,Matches
535,Jesús Vallejo,es ESP,DF,Granada,22,1997,7.0,237,220,17,15,0,6,1,2,0,0,0,0,176,0,5,Matches
536,Manu Vallejo,es ESP,"MF,FW",Valencia,22,1997,4.6,92,89,2,1,0,0,3,1,0,0,0,0,62,1,2,Matches
537,Federico Valverde,uy URU,MF,Real Madrid,21,1998,21.2,1104,1090,12,6,5,12,16,6,0,0,0,0,961,2,16,Matches
538,Raphaël Varane,fr FRA,DF,Real Madrid,26,1993,31.4,1683,1614,66,58,1,38,2,8,0,0,0,0,1466,3,11,Matches
539,Matías Vargas,ar ARG,"FW,MF",Espanyol,22,1997,11.4,388,355,29,4,4,2,40,5,15,2,11,0,248,4,17,Matches
540,Franco Vázquez,ar ARG,"MF,FW",Sevilla,30,1989,12.2,641,625,13,6,0,5,17,4,3,1,1,0,541,3,8,Matches
541,Kevin Vázquez,es ESP,DF,Celta Vigo,26,1993,14.7,771,624,145,15,1,2,21,130,0,0,0,0,593,2,17,Matches
542,Lucas Vázquez,es ESP,"MF,FW",Real Madrid,28,1991,9.4,576,533,41,2,2,5,47,36,3,0,3,0,456,2,8,Matches
543,Koke Vegas,es ESP,GK,Levante,23,1995,2.0,62,35,27,8,0,0,0,0,0,0,0,0,44,0,0,Matches
544,Unai Vencedor Paris,es ESP,MF,Athletic Club,18,2000,0.8,41,32,8,5,0,0,4,0,3,2,0,0,33,1,0,Matches
545,Mikel Vesga,es ESP,MF,Athletic Club,26,1993,14.1,550,531,17,3,0,2,11,10,1,0,1,0,431,2,9,Matches
546,Rúben Vezo,pt POR,DF,Levante,25,1994,29.0,1210,1113,90,86,1,22,2,2,0,0,0,0,969,7,5,Matches
547,Fede Vico,es ESP,"MF,FW",Granada,25,1994,9.7,341,299,39,17,1,1,34,1,21,9,5,0,236,3,9,Matches
548,Aleix Vidal,es ESP,MF,Alavés,29,1989,24.1,856,702,150,64,1,11,110,26,45,18,15,0,617,4,22,Matches
549,Arturo Vidal,cl CHI,MF,Barcelona,32,1987,18.6,1247,1222,21,13,2,10,14,7,1,0,0,0,1090,4,23,Matches
550,Nacho Vidal,es ESP,DF,Osasuna,24,1995,25.9,1259,1004,251,23,2,16,66,228,0,0,0,0,889,4,26,Matches
Rk,Player,Nation,Pos,Squad,Age,Born,90s,Att,Live,Dead,FK,TB,Sw,Crs,TI,CK,In,Out,Str,Cmp,Off,Blocks,Matches
551,Dídac Vilà,es ESP,DF,Espanyol,30,1989,27.7,1287,1047,237,14,0,8,61,222,1,0,0,0,898,3,43,Matches
552,Toni Villa,es ESP,MF,Valladolid,24,1995,15.0,454,444,7,4,1,9,29,3,0,0,0,0,322,3,15,Matches
553,Asier Villalibre,es ESP,FW,Athletic Club,21,1997,5.9,108,104,4,1,0,0,7,0,0,0,0,0,65,0,8,Matches
554,Iván Villar,es ESP,GK,Celta Vigo,22,1997,3.1,86,49,37,9,0,0,0,0,0,0,0,0,59,0,0,Matches
555,Juan Villar,es ESP,FW,Osasuna,31,1988,2.7,86,78,6,0,0,1,1,2,0,0,0,0,54,2,4,Matches
556,Vitolo,es ESP,"FW,MF",Atlético Madrid,29,1989,13.6,535,517,12,3,6,4,7,9,0,0,0,0,431,6,14,Matches
557,Šime Vrsaljko,hr CRO,DF,Atlético Madrid,27,1992,4.0,170,140,30,1,1,0,14,29,0,0,0,0,110,0,1,Matches
558,Nikola Vukčević,me MNE,MF,Levante,27,1991,17.4,655,637,16,14,4,2,2,2,0,0,0,0,574,2,6,Matches
559,Moussa Wagué,sn SEN,DF,Barcelona,20,1998,1.0,84,64,19,1,0,0,6,18,0,0,0,0,67,1,3,Matches
560,Wakaso,gh GHA,MF,Alavés,29,1990,14.3,492,460,29,9,0,20,15,18,1,0,1,0,347,3,5,Matches
561,Daniel Wass,dk DEN,"DF,MF",Valencia,30,1989,30.4,1621,1359,254,30,0,3,84,223,1,0,1,0,1271,8,32,Matches
562,Iñaki Williams,gh GHA,FW,Athletic Club,25,1994,32.7,709,687,18,3,1,7,55,3,0,0,0,0,498,4,32,Matches
563,Yoel,es ESP,GK,Eibar,30,1988,3.0,92,51,40,16,0,1,0,0,0,0,0,0,44,1,0,Matches
564,Okay Yokuşlu,tr TUR,MF,Celta Vigo,25,1994,21.9,1066,1033,30,29,2,8,4,1,0,0,0,0,862,3,21,Matches
565,Joseba Zaldúa,es ESP,DF,Real Sociedad,27,1992,28.3,1598,1250,341,28,0,3,98,313,0,0,0,0,1216,7,33,Matches
566,Andre-Frank Zambo Anguissa,cm CMR,MF,Villarreal,23,1995,28.7,1483,1451,29,21,0,13,11,8,0,0,0,0,1291,3,17,Matches
567,Igor Zubeldia,es ESP,"MF,DF",Real Sociedad,22,1997,29.3,1705,1668,32,32,1,9,9,0,0,0,0,0,1479,5,20,Matches
568,Martín Zubimendi,es ESP,MF,Real Sociedad,20,1999,5.8,420,413,6,6,0,3,2,0,0,0,0,0,361,1,4,Matches
569,David Zurutuza,es ESP,MF,Real Sociedad,33,1986,1.7,81,77,3,2,1,0,1,1,0,0,0,0,58,1,1,Matches
570,Martin Ødegaard,no NOR,MF,Real Sociedad,20,1998,28.1,1632,1431,187,90,19,4,113,11,83,39,24,0,1311,14,25,Matches
