rk,player,nation,pos,squad,age,born,90s,tkl,tklw,def_3rd,mid_3rd,att_3rd,tkl_challe,att,lost,blocks,sh,pass,int,tkl_int,clr,err,matches
1,David Abraham,ar ARG,DF,Eint Frankfurt,34,1986,13.6,18,12,13,3,2,11,17,6,13,4,9,17,35,34,0,Matches
2,Amir Abrashi,al ALB,"MF,DF",Freiburg,30,1990,0.7,1,1,1,0,0,0,0,0,1,1,0,2,3,1,0,Matches
3,Ragnar Ache,de GER,"FW,DF",Eint Frankfurt,22,1998,1.1,2,0,0,1,1,0,0,0,1,0,1,1,3,1,0,Matches
4,Tyler Adams,us USA,"MF,DF",RB Leipzig,21,1999,20.6,35,24,12,15,8,17,31,14,22,5,17,29,64,30,0,Matches
5,Sargis Adamyan,am ARM,"FW,MF",Hoffenheim,27,1993,5.3,9,4,4,3,2,7,14,7,2,0,2,6,15,1,0,Matches
6,Felix Agu,ng NGA,DF,Werder Bremen,20,1999,7.8,20,9,10,9,1,10,18,8,14,3,11,12,32,18,0,Matches
7,Naouirou Ahamada,fr FRA,MF,Stuttgart,18,2002,2.8,4,1,3,1,0,1,1,0,2,0,2,1,5,1,0,Matches
8,Manuel Akanji,ch SUI,DF,Dortmund,25,1995,26.1,41,22,23,12,6,19,31,12,23,10,13,49,90,70,1,Matches
9,Kevin Akpoguma,ng NGA,DF,Hoffenheim,25,1995,13.2,18,12,11,6,1,8,14,6,28,15,13,13,31,32,2,Matches
10,David Alaba,at AUT,"DF,MF",Bayern Munich,28,1992,29.7,37,21,14,19,4,17,32,15,29,13,16,43,80,60,0,Matches
11,Lucas Alario,ar ARG,FW,Leverkusen,27,1992,13.8,8,2,2,5,1,2,4,2,9,1,8,2,10,10,0,Matches
12,Omar Alderete,py PAR,DF,Hertha BSC,23,1996,14.4,16,10,11,5,0,7,16,9,14,10,4,21,37,61,1,Matches
13,Nadiem Amiri,de GER,MF,Leverkusen,23,1996,21.0,12,7,4,8,0,7,33,26,18,3,15,12,24,7,0,Matches
14,Sebastian Andersson,se SWE,FW,Köln,29,1991,12.5,3,2,0,3,0,1,8,7,10,3,7,2,5,9,0,Matches
15,Robert Andrich,de GER,MF,Union Berlin,25,1994,28.1,51,24,22,27,2,24,53,29,40,6,34,51,102,31,2,Matches
16,Angeliño,es ESP,"DF,FW",RB Leipzig,23,1997,24.0,31,19,10,18,3,13,24,11,22,1,21,30,61,40,0,Matches
17,Waldemar Anton,de GER,DF,Stuttgart,24,1996,30.1,31,20,17,14,0,12,31,19,28,18,10,47,78,114,0,Matches
18,Charles Aránguiz,cl CHI,MF,Leverkusen,31,1989,18.5,41,23,16,21,4,17,43,26,32,4,28,33,74,17,0,Matches
19,Santiago Arias,co COL,DF,Leverkusen,28,1992,1.0,2,1,0,1,1,1,1,0,0,0,0,1,3,4,0,Matches
20,Maximilian Arnold,de GER,MF,Wolfsburg,26,1994,28.7,47,32,20,26,1,18,49,31,24,3,21,49,96,57,0,Matches
21,Tolu Arokodare,ng NGA,"FW,MF",Köln,19,2000,1.2,1,1,0,0,1,0,0,0,1,0,1,1,2,0,0,Matches
22,Santiago Ascacíbar,ar ARG,MF,Hertha BSC,23,1997,8.5,30,15,15,14,1,15,28,13,23,2,21,13,43,14,0,Matches
23,Ludwig Augustinsson,se SWE,"DF,FW",Werder Bremen,26,1994,21.7,37,20,19,14,4,17,29,12,21,7,14,20,57,62,0,Matches
24,Taiwo Awoniyi,ng NGA,FW,Union Berlin,22,1997,15.1,5,3,2,3,0,1,14,13,9,0,9,3,8,4,0,Matches
25,Mehmet Aydin,de GER,DF,Schalke 04,18,2002,5.6,15,7,9,6,0,4,10,6,6,1,5,6,21,16,0,Matches
Rk,Player,Nation,Pos,Squad,Age,Born,90s,Tkl,TklW,Def 3rd,Mid 3rd,Att 3rd,Tkl,Att,Lost,Blocks,Sh,Pass,Int,Tkl+Int,Clr,Err,Matches
26,Leon Bailey,jm JAM,"FW,MF",Leverkusen,22,1997,23.8,14,8,3,7,4,4,15,11,13,0,13,9,23,3,0,Matches
27,Ridle Baku,de GER,"FW,DF",Wolfsburg,22,1998,29.8,50,31,20,20,10,22,53,31,54,4,50,40,90,33,1,Matches
28,Ridle Baku,de GER,DF,Mainz 05,22,1998,2.0,4,2,3,1,0,2,6,4,3,1,2,3,7,6,0,Matches
29,Philipp Bargfrede,de GER,MF,Werder Bremen,31,1989,0.3,0,0,0,0,0,0,0,0,0,0,0,0,0,3,0,Matches
30,Aymen Barkok,ma MAR,"MF,DF",Eint Frankfurt,22,1998,10.9,29,15,11,9,9,10,31,21,15,1,14,10,39,9,1,Matches
31,Leandro Barreiro Martins,lu LUX,MF,Mainz 05,20,2000,25.6,58,32,19,26,13,20,50,30,34,9,25,57,115,55,0,Matches
32,Jacob Barrett Laursen,dk DEN,DF,Arminia,25,1994,12.3,23,12,13,8,2,10,16,6,14,4,10,24,47,37,0,Matches
33,Oliver Baumann,de GER,GK,Hoffenheim,30,1990,31.0,0,0,0,0,0,0,1,1,0,0,0,2,2,14,0,Matches
34,Julian Baumgartlinger,at AUT,MF,Leverkusen,32,1988,11.9,43,20,14,26,3,16,31,15,12,0,12,12,55,10,1,Matches
35,Christoph Baumgartner,at AUT,"MF,FW",Hoffenheim,20,1999,26.3,44,31,13,24,7,14,51,37,40,8,32,24,68,24,0,Matches
36,Noah Joel Sarenren Bazee,ng NGA,"FW,MF",Augsburg,23,1996,0.4,0,0,0,0,0,0,1,1,0,0,0,1,1,0,0,Matches
37,Ihlas Bebou,tg TOG,"FW,MF",Hoffenheim,26,1994,24.4,24,9,5,10,9,8,14,6,18,4,14,17,41,16,0,Matches
38,Sheraldo Becker,sr SUR,"FW,MF",Union Berlin,25,1995,12.3,5,4,2,2,1,3,5,2,4,0,4,6,11,7,0,Matches
39,Timo Becker,de GER,DF,Schalke 04,23,1997,18.2,34,23,28,6,0,16,25,9,18,4,14,22,56,58,0,Matches
40,Brian Behrendt,de GER,DF,Arminia,28,1991,0.9,0,0,0,0,0,0,1,1,0,0,0,0,0,1,0,Matches
41,Maximilian Beier,de GER,"FW,DF",Hoffenheim,17,2002,0.1,0,0,0,0,0,0,1,1,0,0,0,0,0,0,0,Matches
42,Ishak Belfodil,dz ALG,"FW,MF",Hoffenheim,28,1992,6.6,3,2,0,0,3,0,2,2,1,0,1,1,4,3,0,Matches
43,Stefan Bell,de GER,DF,Mainz 05,28,1991,14.1,24,18,15,9,0,14,23,9,19,11,8,27,51,76,1,Matches
44,Karim Bellarabi,de GER,"FW,MF",Leverkusen,30,1990,8.9,12,10,3,4,5,4,17,13,12,0,12,12,24,4,0,Matches
45,Jude Bellingham,eng ENG,MF,Dortmund,17,2003,18.9,49,31,11,29,9,19,46,27,37,5,32,24,73,13,0,Matches
46,Lars Bender,de GER,DF,Leverkusen,31,1989,10.4,19,13,12,6,1,9,21,12,19,5,14,16,35,19,0,Matches
47,Sven Bender,de GER,DF,Leverkusen,31,1989,13.0,17,9,8,8,1,7,20,13,20,9,11,21,38,41,1,Matches
48,László Bénes,sk SVK,MF,Augsburg,22,1997,7.3,8,6,4,4,0,2,8,6,6,2,4,7,15,1,1,Matches
49,László Bénes,sk SVK,MF,Gladbach,22,1997,1.7,6,2,5,1,0,2,4,2,0,0,0,2,8,1,0,Matches
50,Ramy Bensebaini,dz ALG,DF,Gladbach,25,1995,20.1,43,24,27,13,3,26,42,16,39,7,32,47,90,66,0,Matches
Rk,Player,Nation,Pos,Squad,Age,Born,90s,Tkl,TklW,Def 3rd,Mid 3rd,Att 3rd,Tkl,Att,Lost,Blocks,Sh,Pass,Int,Tkl+Int,Clr,Err,Matches
51,Nabil Bentaleb,dz ALG,MF,Schalke 04,25,1994,6.1,14,8,7,6,1,4,15,11,5,2,3,6,20,8,0,Matches
52,Jordan Beyer,de GER,DF,Gladbach,20,2000,2.1,2,1,2,0,0,1,2,1,5,4,1,5,7,5,0,Matches
53,Bartosz Białek,pl POL,"FW,MF",Wolfsburg,18,2001,3.0,6,5,1,4,1,4,4,0,5,1,4,3,9,4,0,Matches
54,Ermin Bičakčić,ba BIH,DF,Hoffenheim,30,1990,1.4,1,1,0,1,0,1,1,0,1,1,0,3,4,9,0,Matches
55,Leonardo Bittencourt,de GER,"MF,FW",Werder Bremen,26,1993,16.8,58,32,24,28,6,16,51,35,29,2,27,13,71,10,0,Matches
56,Jérôme Boateng,de GER,DF,Bayern Munich,31,1988,26.3,26,16,17,8,1,14,32,18,24,17,7,40,66,63,1,Matches
57,Jean-Paul Boëtius,sr SUR,"MF,FW",Mainz 05,26,1994,22.9,42,28,13,15,14,17,47,30,37,3,34,33,75,14,0,Matches
58,Melayro Bogarde,nl NED,"DF,MF",Hoffenheim,18,2002,3.1,7,3,3,3,1,5,9,4,0,0,0,5,12,1,0,Matches
59,Elias Bördner,de GER,GK,Eint Frankfurt,18,2002,1.0,1,0,1,0,0,1,1,0,0,0,0,2,3,1,0,Matches
60,Dennis Borkowski,de GER,"MF,FW",RB Leipzig,18,2002,0.1,0,0,0,0,0,0,0,0,1,0,1,0,0,0,0,Matches
61,Sebastiaan Bornauw,be BEL,DF,Köln,21,1999,23.1,29,20,25,4,0,14,25,11,33,26,7,40,69,104,0,Matches
62,Nassim Boujellab,ma MAR,"MF,FW",Schalke 04,21,1999,6.7,13,9,2,10,1,2,12,10,10,3,7,7,20,9,0,Matches
63,Dedryck Boyata,be BEL,DF,Hertha BSC,29,1990,17.2,14,7,10,3,1,7,15,8,23,20,3,26,40,68,1,Matches
64,Can Bozdogan,de GER,"MF,FW",Schalke 04,19,2001,7.2,13,5,6,6,1,4,15,11,10,2,8,7,20,5,0,Matches
65,Julian Brandt,de GER,"FW,MF",Dortmund,24,1996,16.6,27,14,13,9,5,12,43,31,25,1,24,17,44,7,1,Matches
66,Fabian Bredlow,de GER,GK,Stuttgart,25,1995,1.0,0,0,0,0,0,0,0,0,0,0,0,0,0,0,0,Matches
67,Josip Brekalo,hr CRO,FW,Wolfsburg,22,1998,20.2,22,10,10,7,5,8,29,21,18,0,18,17,39,3,1,Matches
68,Joshua Brenet,cw CUW,DF,Hoffenheim,26,1994,0.0,0,0,0,0,0,0,0,0,0,0,0,0,0,0,0,Matches
69,John Brooks,us USA,DF,Wolfsburg,27,1993,30.8,47,29,33,14,0,30,54,24,35,10,25,55,102,134,0,Matches
70,Daniel Brosinski,de GER,"DF,FW",Mainz 05,32,1988,15.9,19,14,10,7,2,12,31,19,18,1,17,14,33,33,0,Matches
71,Cédric Brunner,ch SUI,DF,Arminia,26,1994,29.5,42,22,24,15,3,27,40,13,30,10,20,42,84,96,0,Matches
72,Jacob Bruun Larsen,dk DEN,"MF,FW",Hoffenheim,21,1998,1.0,0,0,0,0,0,0,0,0,0,0,0,0,0,0,0,Matches
73,Marius Bülter,de GER,"FW,MF",Union Berlin,27,1993,10.9,15,8,6,6,3,5,17,12,17,2,15,12,27,11,0,Matches
74,Jonathan Burkardt,de GER,"FW,MF",Mainz 05,20,2000,15.3,27,13,15,10,2,11,19,8,20,3,17,8,35,15,0,Matches
75,Nishan Burkart,ch SUI,MF,Freiburg,20,2000,0.2,0,0,0,0,0,0,1,1,0,0,0,0,0,0,0,Matches
Rk,Player,Nation,Pos,Squad,Age,Born,90s,Tkl,TklW,Def 3rd,Mid 3rd,Att 3rd,Tkl,Att,Lost,Blocks,Sh,Pass,Int,Tkl+Int,Clr,Err,Matches
76,Roman Bürki,ch SUI,GK,Dortmund,29,1990,18.5,0,0,0,0,0,0,0,0,0,0,0,0,0,5,1,Matches
77,Kerim Calhanoglu,de GER,DF,Schalke 04,17,2002,3.3,3,3,1,1,1,0,3,3,4,0,4,7,10,6,0,Matches
78,Daniel Caligiuri,it ITA,"MF,FW",Augsburg,32,1988,29.6,71,46,29,31,11,29,92,63,45,6,39,38,109,41,0,Matches
79,Emre Can,de GER,"DF,MF",Dortmund,26,1994,23.7,43,34,20,20,3,20,37,17,35,10,25,48,91,52,0,Matches
80,Koen Casteels,be BEL,GK,Wolfsburg,28,1992,32.0,0,0,0,0,0,0,1,1,1,0,1,2,2,9,2,Matches
81,Gonzalo Castro,de GER,MF,Stuttgart,33,1987,19.2,21,7,6,9,6,8,23,15,16,3,13,8,29,12,0,Matches
82,Sava Cestic,rs SRB,DF,Köln,19,2001,10.0,20,9,12,6,2,8,17,9,13,4,9,18,38,40,0,Matches
83,Timothy Chandler,us USA,DF,Eint Frankfurt,30,1990,4.8,4,0,2,1,1,1,4,3,5,2,3,3,7,5,0,Matches
84,Kwon Chang-hoon,kr KOR,"MF,FW",Freiburg,26,1994,2.4,3,1,1,0,2,1,3,2,3,1,2,7,10,2,1,Matches
85,Tahith Chong,cw CUW,"MF,FW",Werder Bremen,20,1999,4.3,11,6,1,9,1,4,8,4,4,0,4,5,16,1,0,Matches
86,Darko Churlinov,mk MKD,"DF,MF",Stuttgart,20,2000,2.4,2,2,2,0,0,1,3,2,5,1,4,0,2,2,0,Matches
87,Tim Civeja,al ALB,MF,Augsburg,18,2002,0.4,0,0,0,0,0,0,1,1,0,0,0,3,3,0,0,Matches
88,Kingsley Coman,fr FRA,"FW,MF",Bayern Munich,24,1996,19.5,14,8,6,7,1,2,21,19,22,0,22,4,18,3,0,Matches
89,Jhon Córdoba,co COL,FW,Hertha BSC,27,1993,17.1,9,4,1,5,3,2,4,2,13,2,11,6,15,4,0,Matches
90,Sergio Córdova,ve VEN,"FW,MF",Arminia,22,1997,12.1,16,8,0,10,6,2,15,13,14,3,11,9,25,9,0,Matches
91,Danny da Costa,de GER,"DF,FW",Mainz 05,27,1993,13.4,22,16,6,9,7,13,27,14,17,2,15,17,39,27,0,Matches
92,Danny da Costa,de GER,DF,Eint Frankfurt,27,1993,1.2,0,0,0,0,0,0,1,1,3,1,2,0,0,4,0,Matches
93,Douglas Costa,br BRA,"FW,MF",Bayern Munich,29,1990,3.6,2,1,1,1,0,1,3,2,7,0,7,2,4,1,0,Matches
94,Tanguy Coulibaly,fr FRA,"DF,FW",Stuttgart,19,2001,16.7,26,15,10,7,9,11,23,12,20,0,20,10,36,11,0,Matches
95,Mickaël Cuisance,fr FRA,FW,Bayern Munich,20,1999,0.2,0,0,0,0,0,0,0,0,1,0,1,0,0,0,0,Matches
96,Matheus Cunha,br BRA,"FW,MF",Hertha BSC,21,1999,23.9,36,16,10,19,7,13,49,36,29,2,27,31,67,9,0,Matches
97,Rafael Czichos,de GER,DF,Köln,30,1990,25.1,48,24,33,13,2,23,42,19,25,9,16,53,101,109,0,Matches
98,Moanes Dabbur,il ISR,"FW,MF",Hoffenheim,28,1992,11.1,6,3,3,1,2,1,13,12,6,0,6,9,15,7,0,Matches
99,Finn Dahmen,de GER,GK,Mainz 05,22,1998,3.0,0,0,0,0,0,0,1,1,0,0,0,0,0,1,0,Matches
100,Mahmoud Dahoud,de GER,MF,Dortmund,24,1996,14.0,30,18,9,20,1,14,38,24,23,5,18,18,48,11,1,Matches
Rk,Player,Nation,Pos,Squad,Age,Born,90s,Tkl,TklW,Def 3rd,Mid 3rd,Att 3rd,Tkl,Att,Lost,Blocks,Sh,Pass,Int,Tkl+Int,Clr,Err,Matches
101,Leon Dajaku,de GER,FW,Union Berlin,19,2001,0.4,0,0,0,0,0,0,0,0,0,0,0,0,0,0,0,Matches
102,Tiago Dantas,pt POR,MF,Bayern Munich,19,2000,0.8,1,1,0,0,1,0,0,0,0,0,0,0,1,0,0,Matches
103,Márton Dárdai,hu HUN,"DF,MF",Hertha BSC,18,2002,9.1,17,10,10,6,1,9,16,7,7,3,4,16,33,31,0,Matches
104,Vladimír Darida,cz CZE,MF,Hertha BSC,29,1990,21.1,34,19,11,19,4,9,31,22,34,2,32,27,61,18,0,Matches
105,Alphonso Davies,ca CAN,DF,Bayern Munich,19,2000,19.6,39,27,16,17,6,28,40,12,21,1,20,28,67,33,1,Matches
106,Thomas Delaney,dk DEN,MF,Dortmund,28,1991,14.3,40,30,15,20,5,11,31,20,28,10,18,22,62,15,1,Matches
107,Kerem Demirbay,de GER,MF,Leverkusen,27,1993,19.4,46,31,15,26,5,19,38,19,21,4,17,8,54,6,1,Matches
108,Ermedin Demirović,ba BIH,FW,Freiburg,22,1998,16.6,15,9,4,6,5,2,16,14,29,5,24,0,15,27,0,Matches
109,Emmanuel Dennis,ng NGA,FW,Köln,22,1997,5.3,13,7,6,5,2,1,6,5,6,0,6,0,13,0,1,Matches
110,Mike van der Hoorn,nl NED,DF,Arminia,27,1992,15.1,8,4,3,5,0,1,3,2,12,8,4,27,35,73,0,Matches
111,Moussa Diaby,fr FRA,"FW,MF",Leverkusen,21,1999,26.5,10,6,4,5,1,6,20,14,11,0,11,12,22,5,0,Matches
112,Daniel Didavi,de GER,"MF,FW",Stuttgart,30,1990,10.8,16,6,2,9,5,7,12,5,10,0,10,3,19,8,0,Matches
113,Javairô Dilrosun,nl NED,"FW,MF",Hertha BSC,22,1998,5.9,5,3,2,2,1,1,6,5,5,0,5,4,9,3,0,Matches
114,Eren Dinkçi,de GER,"MF,FW",Werder Bremen,18,2001,1.2,1,1,1,0,0,0,1,1,4,0,4,2,3,1,0,Matches
115,Jonas Dirkner,de GER,MF,Hertha BSC,18,2002,0.2,0,0,0,0,0,0,0,0,0,0,0,0,0,0,0,Matches
116,Ritsu Doan,jp JPN,"MF,FW",Arminia,22,1998,30.8,53,31,22,19,12,19,52,33,42,1,41,31,84,11,0,Matches
117,Ji Dong-won,kr KOR,FW,Mainz 05,29,1991,0.7,1,1,1,0,0,0,0,0,1,0,1,2,3,0,0,Matches
118,Bas Dost,nl NED,FW,Eint Frankfurt,31,1989,9.1,3,2,1,1,1,2,5,3,5,1,4,2,5,8,0,Matches
119,Aleksandar Dragović,at AUT,DF,Leverkusen,29,1991,12.6,11,7,5,5,1,9,13,4,17,5,12,13,24,33,0,Matches
120,Dominick Drexler,de GER,"MF,FW",Köln,30,1990,13.7,36,26,15,18,3,12,30,18,5,1,4,14,50,15,0,Matches
121,Ondrej Duda,sk SVK,"FW,MF",Köln,25,1994,28.2,36,14,13,18,5,8,39,31,28,2,26,19,55,20,0,Matches
122,Erik Durm,de GER,DF,Eint Frankfurt,28,1992,16.4,17,13,7,9,1,8,21,13,19,5,14,29,46,26,0,Matches
123,Johannes Eggestein,de GER,"FW,MF",Werder Bremen,22,1998,0.4,0,0,0,0,0,0,1,1,0,0,0,1,1,2,0,Matches
124,Maximilian Eggestein,de GER,MF,Werder Bremen,23,1996,32.7,57,42,22,29,6,21,46,25,30,5,25,43,100,36,0,Matches
125,Lilian Egloff,de GER,MF,Stuttgart,17,2002,0.2,0,0,0,0,0,0,0,0,0,0,0,0,0,0,0,Matches
Rk,Player,Nation,Pos,Squad,Age,Born,90s,Tkl,TklW,Def 3rd,Mid 3rd,Att 3rd,Tkl,Att,Lost,Blocks,Sh,Pass,Int,Tkl+Int,Clr,Err,Matches
126,Kingsley Ehizibue,nl NED,DF,Köln,25,1995,12.6,32,19,22,9,1,10,17,7,19,5,14,18,50,42,0,Matches
127,Nico Elvedi,ch SUI,DF,Gladbach,23,1996,28.2,49,35,36,12,1,25,37,12,38,22,16,65,114,123,0,Matches
128,Breel Embolo,ch SUI,"FW,MF",Gladbach,23,1997,16.0,15,10,1,13,1,0,6,6,16,1,15,8,23,8,0,Matches
129,Keita Endo,jp JPN,"MF,FW",Union Berlin,22,1997,5.1,8,3,1,5,2,3,9,6,5,2,3,6,14,4,0,Matches
130,Wataru Endo,jp JPN,MF,Stuttgart,27,1993,32.8,65,44,25,34,6,29,71,42,53,14,39,51,116,59,0,Matches
131,Patrick Erras,de GER,"FW,MF",Werder Bremen,25,1995,0.3,0,0,0,0,0,0,1,1,0,0,0,0,0,0,0,Matches
132,Ralf Fährmann,de GER,GK,Schalke 04,31,1988,20.8,2,1,2,0,0,1,2,1,0,0,0,1,3,9,3,Matches
133,Ohis Felix Uduokhai,de GER,DF,Augsburg,22,1997,29.0,33,24,19,10,4,18,27,9,48,25,23,54,87,164,2,Matches
134,Edimilson Fernandes,ch SUI,"MF,FW",Mainz 05,24,1996,9.3,8,4,4,4,0,4,7,3,12,4,8,29,37,25,0,Matches
135,Alfreð Finnbogason,is ISL,FW,Augsburg,31,1989,6.0,2,1,0,1,1,0,1,1,7,1,6,1,3,4,0,Matches
136,Mark Flekken,nl NED,GK,Freiburg,27,1993,3.0,0,0,0,0,0,0,0,0,0,0,0,0,0,1,0,Matches
137,Florian Flick,de GER,MF,Schalke 04,20,2000,4.0,10,7,4,6,0,7,16,9,4,3,1,7,17,5,1,Matches
138,Emil Forsberg,se SWE,"FW,MF",RB Leipzig,28,1991,17.1,11,6,1,6,4,5,27,22,10,1,9,11,22,4,0,Matches
139,Philipp Förster,de GER,MF,Stuttgart,25,1995,16.8,22,13,7,12,3,6,25,19,18,1,17,15,37,2,0,Matches
140,Timothy Fosu-Mensah,nl NED,DF,Leverkusen,22,1998,4.5,4,2,1,2,1,2,4,2,7,3,4,7,11,4,0,Matches
141,Raphael Framberger,de GER,DF,Augsburg,24,1995,17.1,42,23,26,11,5,19,25,6,24,2,22,36,78,62,1,Matches
142,Marco Friedl,at AUT,DF,Werder Bremen,22,1998,30.9,50,34,31,17,2,30,62,32,38,17,21,55,105,118,1,Matches
143,Marvin Friedrich,de GER,DF,Union Berlin,24,1995,34.0,47,29,35,11,1,18,32,14,38,18,20,52,99,109,0,Matches
144,Jeremie Frimpong,nl NED,"DF,FW",Leverkusen,19,2000,4.8,7,4,4,3,0,4,8,4,4,0,4,1,8,7,0,Matches
145,Niclas Füllkrug,de GER,FW,Werder Bremen,27,1993,9.7,7,3,2,4,1,1,13,12,10,4,6,3,10,13,0,Matches
146,Mijat Gaćinović,rs SRB,"DF,MF",Hoffenheim,25,1995,9.1,18,10,6,11,1,9,24,15,13,0,13,18,36,15,0,Matches
147,Christian Gebauer,at AUT,"MF,FW",Arminia,26,1993,7.6,9,4,2,5,2,4,11,7,4,1,3,6,15,14,0,Matches
148,Theodor Gebre Selassie,cz CZE,DF,Werder Bremen,33,1986,33.7,61,35,39,17,5,28,64,36,33,11,22,58,119,98,1,Matches
149,Emrehan Gedikli,de GER,FW,Leverkusen,17,2003,0.3,0,0,0,0,0,0,0,0,0,0,0,0,0,0,0,Matches
150,Dennis Geiger,de GER,MF,Hoffenheim,22,1998,7.3,13,10,3,8,2,5,8,3,10,0,10,3,16,0,0,Matches
Rk,Player,Nation,Pos,Squad,Age,Born,90s,Tkl,TklW,Def 3rd,Mid 3rd,Att 3rd,Tkl,Att,Lost,Blocks,Sh,Pass,Int,Tkl+Int,Clr,Err,Matches
151,Christian Gentner,de GER,MF,Union Berlin,34,1985,11.5,17,8,9,5,3,5,18,13,13,1,12,17,34,16,0,Matches
152,Yannick Gerhardt,de GER,"MF,FW",Wolfsburg,26,1994,21.5,52,32,14,32,6,21,52,31,34,4,30,21,73,30,0,Matches
153,Hamadi Al Ghaddioui,ma MAR,FW,Stuttgart,29,1990,0.5,0,0,0,0,0,0,1,1,0,0,0,0,0,0,0,Matches
154,Niko Gießelmann,de GER,DF,Union Berlin,28,1991,4.8,12,9,7,4,1,5,8,3,9,3,6,8,20,13,1,Matches
155,Rafał Gikiewicz,pl POL,GK,Augsburg,32,1987,34.0,0,0,0,0,0,0,3,3,0,0,0,3,3,9,1,Matches
156,Daniel Ginczek,de GER,"FW,MF",Wolfsburg,29,1991,2.4,2,2,1,1,0,2,8,6,2,0,2,1,3,2,0,Matches
157,Matthias Ginter,de GER,DF,Gladbach,26,1994,34.0,26,16,15,10,1,14,24,10,43,32,11,51,77,121,0,Matches
158,Robert Glatzel,de GER,FW,Mainz 05,26,1994,4.0,1,0,1,0,0,0,2,2,2,0,2,0,1,2,0,Matches
159,Serge Gnabry,de GER,"FW,MF",Bayern Munich,25,1995,18.3,39,19,7,19,13,12,32,20,17,0,17,26,65,3,0,Matches
160,Akaki Gogia,de GER,"FW,MF",Union Berlin,28,1992,1.6,1,0,0,1,0,0,2,2,0,0,0,1,2,0,0,Matches
161,Nicolás González,ar ARG,"FW,MF",Stuttgart,22,1998,10.4,5,5,1,2,2,0,6,6,10,3,7,4,9,6,0,Matches
162,Leon Goretzka,de GER,MF,Bayern Munich,25,1995,18.9,37,23,12,21,4,16,39,23,30,2,28,44,81,11,0,Matches
163,Jeffrey Gouweleeuw,nl NED,DF,Augsburg,29,1991,31.5,36,20,24,11,1,16,33,17,37,18,19,69,105,149,2,Matches
164,Demarai Gray,jm JAM,FW,Leverkusen,24,1996,4.9,3,2,1,2,0,1,1,0,3,0,3,4,7,3,0,Matches
165,Michael Gregoritsch,at AUT,"FW,MF",Augsburg,26,1994,9.3,13,10,6,7,0,3,10,7,2,0,2,3,16,17,0,Matches
166,Sebastian Griesbeck,de GER,MF,Union Berlin,29,1990,9.9,20,9,8,11,1,8,19,11,13,3,10,5,25,8,0,Matches
167,Vincenzo Grifo,it ITA,"MF,FW",Freiburg,27,1993,25.7,18,7,6,7,5,14,34,20,13,0,13,27,45,18,1,Matches
168,Lennart Grill,de GER,GK,Leverkusen,21,1999,4.0,0,0,0,0,0,0,0,0,0,0,0,0,0,2,0,Matches
169,Florian Grillitsch,at AUT,"MF,DF",Hoffenheim,24,1995,20.9,37,21,21,13,3,19,52,33,38,7,31,51,88,47,1,Matches
170,Christian Groß,de GER,"MF,DF",Werder Bremen,31,1989,16.3,44,28,17,25,2,15,37,22,12,2,10,24,68,37,0,Matches
171,Ilia Gruev,bg BUL,FW,Werder Bremen,20,2000,0.0,0,0,0,0,0,0,0,0,0,0,0,0,0,0,0,Matches
172,Carlos Gruezo,ec ECU,MF,Augsburg,25,1995,23.2,57,32,20,32,5,20,52,32,32,5,27,35,92,29,1,Matches
173,Mattéo Guendouzi,fr FRA,MF,Hertha BSC,21,1999,20.2,24,13,10,12,2,9,25,16,15,4,11,21,45,24,1,Matches
174,Raphaël Guerreiro,pt POR,DF,Dortmund,26,1993,24.6,30,13,14,8,8,16,31,15,21,4,17,28,58,31,1,Matches
175,Josuha Guilavogui,fr FRA,"MF,DF",Wolfsburg,29,1990,8.3,17,9,9,8,0,5,12,7,12,5,7,29,46,25,0,Matches
Rk,Player,Nation,Pos,Squad,Age,Born,90s,Tkl,TklW,Def 3rd,Mid 3rd,Att 3rd,Tkl,Att,Lost,Blocks,Sh,Pass,Int,Tkl+Int,Clr,Err,Matches
176,Péter Gulácsi,hu HUN,GK,RB Leipzig,30,1990,33.0,1,0,1,0,0,1,2,1,0,0,0,2,3,7,0,Matches
177,Manuel Gulde,de GER,DF,Freiburg,29,1991,21.7,27,15,12,12,3,5,21,16,25,15,10,37,64,64,0,Matches
178,Robert Gumny,pl POL,DF,Augsburg,22,1998,15.3,24,15,12,9,3,15,23,8,12,2,10,18,42,31,0,Matches
179,Christian Günter,de GER,"DF,MF",Freiburg,27,1993,34.0,34,19,18,13,3,15,43,28,38,9,29,29,63,40,0,Matches
180,Erling Haaland,no NOR,FW,Dortmund,20,2000,26.7,7,2,1,3,3,1,4,3,19,4,15,4,11,16,0,Matches
181,Janik Haberer,de GER,"MF,FW",Freiburg,26,1994,5.4,7,4,4,3,0,3,15,12,4,1,3,7,14,9,0,Matches
182,Alexander Hack,de GER,DF,Mainz 05,26,1993,15.2,32,21,23,8,1,18,31,13,26,17,9,41,73,91,2,Matches
183,André Hahn,de GER,"FW,MF",Augsburg,29,1990,22.6,31,17,14,13,4,9,44,35,35,3,32,14,45,24,0,Matches
184,Amadou Haidara,ml MLI,"MF,FW",RB Leipzig,22,1998,21.2,50,28,20,21,9,11,36,25,33,1,32,30,80,24,0,Matches
185,Marcel Halstenberg,de GER,DF,RB Leipzig,28,1991,18.3,29,18,20,8,1,19,41,22,15,3,12,16,45,35,0,Matches
186,Amine Harit,ma MAR,"MF,FW",Schalke 04,23,1997,23.3,22,13,8,11,3,10,23,13,9,1,8,17,39,7,1,Matches
187,Marcel Hartel,de GER,MF,Arminia,24,1996,18.7,35,19,15,18,2,20,40,20,17,4,13,26,61,16,1,Matches
188,Makoto Hasebe,jp JPN,"DF,MF",Eint Frankfurt,36,1984,25.4,43,29,21,20,2,25,51,26,31,12,19,31,74,68,2,Matches
189,Thorgan Hazard,be BEL,"MF,FW",Dortmund,27,1993,7.3,8,2,6,1,1,3,13,10,4,0,4,10,18,1,0,Matches
190,Jonas Hector,de GER,"MF,FW",Köln,30,1990,14.3,34,22,8,21,5,15,35,20,24,5,19,19,53,20,1,Matches
191,Hwang Hee-chan,kr KOR,"FW,MF",RB Leipzig,24,1996,5.1,3,2,1,0,2,1,7,6,4,0,4,1,4,1,0,Matches
192,Dominique Heintz,de GER,DF,Freiburg,26,1993,15.2,22,11,19,3,0,10,19,9,10,8,2,35,57,49,0,Matches
193,Benjamin Henrichs,de GER,"DF,MF",RB Leipzig,23,1997,6.0,12,7,4,5,3,2,9,7,9,1,8,8,20,8,0,Matches
194,Lucas Hernández,fr FRA,DF,Bayern Munich,24,1996,17.7,41,31,16,17,8,17,31,14,24,6,18,19,60,38,0,Matches
195,Patrick Herrmann,de GER,"FW,MF",Gladbach,29,1991,9.7,9,6,4,3,2,2,14,12,16,0,16,10,19,8,0,Matches
196,Martin Hinteregger,at AUT,DF,Eint Frankfurt,27,1992,28.1,77,49,53,22,2,37,63,26,31,12,19,44,121,92,0,Matches
197,Marwin Hitz,ch SUI,GK,Dortmund,32,1987,15.5,1,1,1,0,0,1,1,0,0,0,0,0,1,7,1,Matches
198,Nicolas Höfler,de GER,MF,Freiburg,30,1990,30.3,54,28,16,31,7,23,59,36,34,10,24,66,120,41,2,Matches
199,Jonas Hofmann,de GER,"FW,MF",Gladbach,28,1992,20.2,26,20,12,12,2,10,53,43,27,2,25,27,53,9,0,Matches
200,Marco Höger,de GER,"DF,MF",Köln,30,1989,0.6,1,0,0,1,0,1,2,1,2,0,2,2,3,1,0,Matches
Rk,Player,Nation,Pos,Squad,Age,Born,90s,Tkl,TklW,Def 3rd,Mid 3rd,Att 3rd,Tkl,Att,Lost,Blocks,Sh,Pass,Int,Tkl+Int,Clr,Err,Matches
201,Lucas Höler,de GER,"FW,MF",Freiburg,26,1994,23.2,36,24,13,19,4,12,32,20,19,2,17,16,52,14,0,Matches
202,Matthew Hoppe,us USA,FW,Schalke 04,19,2001,14.5,6,6,1,3,2,2,12,10,8,2,6,4,10,15,0,Matches
203,Jannes Horn,de GER,DF,Köln,23,1997,19.6,35,19,23,11,1,23,31,8,19,2,17,10,45,45,0,Matches
204,Timo Horn,de GER,GK,Köln,27,1993,33.4,1,0,1,0,0,1,4,3,1,0,1,0,1,11,2,Matches
205,Lukáš Hrádecký,fi FIN,GK,Leverkusen,30,1989,28.5,0,0,0,0,0,0,1,1,0,0,0,1,1,11,3,Matches
206,Ajdin Hrustic,au AUS,"MF,DF",Eint Frankfurt,24,1996,3.0,6,5,2,3,1,3,10,7,2,0,2,4,10,3,0,Matches
207,Florian Hübner,de GER,DF,Union Berlin,29,1991,5.8,10,5,7,3,0,7,15,8,7,3,4,13,23,21,0,Matches
208,Mats Hummels,de GER,DF,Dortmund,31,1988,31.3,58,40,34,18,6,26,42,16,31,22,9,73,131,122,2,Matches
209,Klaas-Jan Huntelaar,nl NED,FW,Schalke 04,36,1983,6.5,4,2,0,2,2,0,2,2,3,1,2,2,6,3,0,Matches
210,Iago,br BRA,DF,Augsburg,23,1997,17.3,37,27,21,13,3,17,29,12,17,5,12,22,59,55,0,Matches
211,Vedad Ibišević,ba BIH,FW,Schalke 04,35,1984,1.7,0,0,0,0,0,0,0,0,1,0,1,1,1,1,0,Matches
212,Blendi Idrizi,xk KVX,MF,Schalke 04,22,1998,2.6,8,4,1,6,1,1,1,0,6,2,4,3,11,1,0,Matches
213,Stefan Ilsanker,at AUT,"MF,DF",Eint Frankfurt,31,1989,17.5,33,20,17,15,1,21,42,21,30,8,22,30,63,51,2,Matches
214,Marcus Ingvartsen,dk DEN,"MF,FW",Union Berlin,24,1996,21.8,17,11,5,6,6,8,26,18,22,0,22,18,35,10,0,Matches
215,Abass Issah,gh GHA,"DF,FW",Mainz 05,21,1998,0.2,0,0,0,0,0,0,0,0,0,0,0,0,0,0,0,Matches
216,Ismail Jakobs,sn SEN,"MF,FW",Köln,20,1999,19.2,25,10,17,4,4,11,21,10,18,1,17,16,41,36,0,Matches
217,Tony Jantschke,de GER,DF,Gladbach,30,1990,3.0,2,2,1,1,0,1,3,2,6,4,2,4,6,7,0,Matches
218,Rune Jarstein,no NOR,GK,Hertha BSC,35,1984,8.0,0,0,0,0,0,0,0,0,0,0,0,0,0,7,1,Matches
219,Tin Jedvaj,hr CRO,DF,Leverkusen,24,1995,1.7,5,2,2,3,0,1,3,2,2,1,1,2,7,9,0,Matches
220,Fredrik Jensen,fi FIN,"FW,MF",Augsburg,22,1997,4.2,3,2,1,2,0,3,6,3,4,1,3,2,5,6,0,Matches
221,Marco John,de GER,DF,Hoffenheim,18,2002,11.1,21,15,9,5,7,10,22,12,18,1,17,16,37,21,0,Matches
222,Luka Jović,rs SRB,FW,Eint Frankfurt,22,1997,9.9,2,0,0,2,0,0,4,4,3,0,3,1,3,7,0,Matches
223,Ozan Kabak,tr TUR,DF,Schalke 04,20,2000,13.8,17,9,11,5,1,6,13,7,20,11,9,13,30,57,0,Matches
224,Pavel Kadeřábek,cz CZE,"DF,FW",Hoffenheim,28,1992,17.6,15,12,7,6,2,6,15,9,12,3,9,18,33,31,0,Matches
225,Florian Kainz,at AUT,"MF,FW",Köln,27,1992,5.0,4,2,0,4,0,2,8,6,7,0,7,3,7,3,0,Matches
Rk,Player,Nation,Pos,Squad,Age,Born,90s,Tkl,TklW,Def 3rd,Mid 3rd,Att 3rd,Tkl,Att,Lost,Blocks,Sh,Pass,Int,Tkl+Int,Clr,Err,Matches
226,Sasa Kalajdzic,at AUT,FW,Stuttgart,23,1997,23.7,16,12,4,5,7,2,17,15,10,1,9,9,25,21,0,Matches
227,Daichi Kamada,jp JPN,MF,Eint Frankfurt,23,1996,26.2,48,28,21,16,11,16,49,33,18,1,17,14,62,22,0,Matches
228,Marcin Kamiński,pl POL,DF,Stuttgart,28,1992,2.4,1,1,0,0,1,0,0,0,2,1,1,1,2,10,0,Matches
229,Kevin Kampl,si SVN,MF,RB Leipzig,29,1990,21.5,38,26,9,24,5,18,35,17,20,2,18,29,67,14,0,Matches
230,Jimmy Kaparos,do DOM,MF,Schalke 04,18,2001,0.2,0,0,0,0,0,0,1,1,0,0,0,0,0,0,0,Matches
231,Atakan Karazor,,"DF,MF",Stuttgart,23,1996,11.5,20,12,12,7,1,13,22,9,18,8,10,21,41,50,2,Matches
232,Loris Karius,de GER,GK,Union Berlin,27,1993,3.2,0,0,0,0,0,0,0,0,0,0,0,0,0,2,0,Matches
233,Silas Katompa,cd COD,"DF,FW",Stuttgart,21,1998,21.3,48,29,19,19,10,21,44,23,29,1,28,22,70,11,2,Matches
234,Noah Katterbach,de GER,"DF,MF",Köln,19,2001,12.3,18,11,11,6,1,13,21,8,7,3,4,23,41,22,0,Matches
235,Yannik Keitel,de GER,MF,Freiburg,20,2000,5.5,12,8,7,4,1,7,9,2,9,3,6,10,22,8,0,Matches
236,Marc-Oliver Kempf,de GER,DF,Stuttgart,25,1995,30.3,49,26,28,18,3,29,49,20,40,25,15,68,117,103,1,Matches
237,Rani Khedira,de GER,MF,Augsburg,26,1994,20.2,29,10,13,15,1,10,20,10,14,5,9,31,60,47,0,Matches
238,Sami Khedira,de GER,MF,Hertha BSC,33,1987,4.4,11,6,3,7,1,6,12,6,4,0,4,9,20,7,0,Matches
239,Luca Kilian,de GER,DF,Mainz 05,20,1999,4.2,14,7,10,4,0,9,17,8,3,1,2,13,27,12,0,Matches
240,Joshua Kimmich,de GER,MF,Bayern Munich,25,1995,24.4,40,28,16,19,5,10,53,43,25,5,20,36,76,19,0,Matches
241,Davy Klaassen,nl NED,MF,Werder Bremen,27,1993,2.5,3,1,0,1,2,0,5,5,5,1,4,3,6,4,0,Matches
242,Felix Klaus,de GER,"DF,MF",Wolfsburg,27,1992,1.5,7,4,3,4,0,4,5,1,4,0,4,2,9,4,0,Matches
243,Klauss,br BRA,"MF,FW",Hoffenheim,23,1997,0.6,1,0,0,0,1,0,1,1,0,0,0,0,1,0,0,Matches
244,Philipp Klement,de GER,"MF,FW",Stuttgart,27,1992,4.7,7,3,6,0,1,3,7,4,9,2,7,6,13,7,0,Matches
245,Mateo Klimowicz,de GER,"MF,FW",Stuttgart,20,2000,13.3,20,15,6,10,4,5,18,13,5,1,4,2,22,2,0,Matches
246,Fabian Klos,de GER,FW,Arminia,32,1987,30.1,24,13,9,11,4,7,26,19,20,6,14,4,28,29,0,Matches
247,Lukas Klostermann,de GER,DF,RB Leipzig,24,1996,16.1,23,19,8,12,3,11,18,7,16,6,10,18,41,44,1,Matches
248,Justin Kluivert,nl NED,"FW,MF",RB Leipzig,21,1999,9.0,2,1,1,1,0,0,2,2,4,0,4,5,7,3,0,Matches
249,Lukas Klünter,de GER,DF,Hertha BSC,24,1996,11.0,10,5,6,4,0,5,10,5,3,1,2,11,21,29,1,Matches
250,Ansgar Knauff,de GER,"MF,FW",Dortmund,18,2002,0.8,0,0,0,0,0,0,1,1,3,1,2,0,0,0,0,Matches
Rk,Player,Nation,Pos,Squad,Age,Born,90s,Tkl,TklW,Def 3rd,Mid 3rd,Att 3rd,Tkl,Att,Lost,Blocks,Sh,Pass,Int,Tkl+Int,Clr,Err,Matches
251,Robin Knoche,de GER,DF,Union Berlin,28,1992,33.8,44,29,30,12,2,23,39,16,43,27,16,49,93,118,2,Matches
252,Gregor Kobel,ch SUI,GK,Stuttgart,22,1997,33.0,2,2,2,0,0,2,2,0,0,0,0,2,4,8,1,Matches
253,Dominik Kohr,de GER,MF,Mainz 05,26,1994,14.1,47,31,14,26,7,20,39,19,18,5,13,27,74,15,0,Matches
254,Dominik Kohr,de GER,"MF,DF",Eint Frankfurt,26,1994,2.9,11,7,0,7,4,4,9,5,5,1,4,9,20,9,0,Matches
255,Sead Kolašinac,ba BIH,"DF,MF",Schalke 04,27,1993,15.8,20,17,10,7,3,8,18,10,17,5,12,20,40,17,0,Matches
256,Ibrahima Konaté,fr FRA,DF,RB Leipzig,21,1999,7.7,6,4,2,3,1,2,8,6,6,3,3,8,14,24,0,Matches
257,Filip Kostić,rs SRB,DF,Eint Frankfurt,27,1992,28.2,54,31,22,23,9,22,54,32,43,6,37,26,80,28,2,Matches
258,Andrej Kramarić,hr CRO,"FW,MF",Hoffenheim,29,1991,26.4,7,4,4,0,3,3,8,5,8,1,7,7,14,5,1,Matches
259,Christoph Kramer,de GER,MF,Gladbach,29,1991,22.6,55,37,22,28,5,28,58,30,32,11,21,34,89,39,0,Matches
260,Max Kruse,de GER,"FW,MF",Union Berlin,32,1988,18.1,7,3,1,5,1,2,9,7,11,0,11,3,10,3,0,Matches
261,Lukas Kübler,de GER,"DF,MF",Freiburg,27,1992,9.8,15,8,9,5,1,9,14,5,9,3,6,21,36,31,0,Matches
262,Pierre Kunde,cm CMR,MF,Mainz 05,25,1995,5.7,8,4,1,5,2,2,9,7,6,0,6,10,18,9,0,Matches
263,Fabian Kunze,de GER,MF,Arminia,22,1998,14.1,38,26,19,15,4,19,42,23,19,3,16,18,56,22,1,Matches
264,Ahmed Kutucu,tr TUR,"FW,MF",Schalke 04,20,2000,1.2,1,0,0,0,1,1,2,1,1,0,1,0,1,0,0,Matches
265,Maxence Lacroix,fr FRA,DF,Wolfsburg,20,2000,28.8,49,29,37,12,0,24,45,21,51,21,30,65,114,140,1,Matches
266,Konrad Laimer,at AUT,"DF,MF",RB Leipzig,23,1997,0.9,2,0,0,1,1,0,4,4,2,0,2,1,3,0,0,Matches
267,Stefan Lainer,at AUT,DF,Gladbach,27,1992,30.8,62,37,30,22,10,27,60,33,34,5,29,35,97,85,1,Matches
268,Michael Langer,at AUT,GK,Schalke 04,35,1985,2.7,0,0,0,0,0,0,0,0,0,0,0,0,0,3,0,Matches
269,Danny Latza,de GER,MF,Mainz 05,30,1989,20.0,43,26,12,19,12,23,70,47,39,3,36,27,70,23,0,Matches
270,Valentino Lazaro,at AUT,"DF,FW",Gladbach,24,1996,13.8,17,11,7,5,5,12,19,7,18,1,17,15,32,20,0,Matches
271,Mathew Leckie,au AUS,"FW,DF",Hertha BSC,29,1991,5.6,12,3,5,5,2,4,11,7,8,0,8,13,25,9,0,Matches
272,Christopher Lenz,de GER,"DF,FW",Union Berlin,25,1994,25.0,74,41,39,30,5,35,71,36,34,5,29,35,109,50,0,Matches
273,Robert Lewandowski,pl POL,FW,Bayern Munich,31,1988,27.3,15,9,0,7,8,2,13,11,9,1,8,3,18,11,0,Matches
274,Philipp Lienhart,at AUT,DF,Freiburg,24,1996,33.3,21,13,12,7,2,9,20,11,30,21,9,42,63,100,0,Matches
275,Dimitris Limnios,gr GRE,"MF,FW",Köln,22,1998,4.2,9,6,3,5,1,5,6,1,5,0,5,2,11,1,0,Matches
Rk,Player,Nation,Pos,Squad,Age,Born,90s,Tkl,TklW,Def 3rd,Mid 3rd,Att 3rd,Tkl,Att,Lost,Blocks,Sh,Pass,Int,Tkl+Int,Clr,Err,Matches
276,Niklas Lomb,de GER,GK,Leverkusen,27,1993,1.5,0,0,0,0,0,0,0,0,0,0,0,0,0,0,2,Matches
277,Eduard Löwen,de GER,"MF,DF",Hertha BSC,23,1997,0.9,5,1,3,1,1,2,5,3,1,0,1,1,6,1,0,Matches
278,Jan Luca Schuler,de GER,FW,Schalke 04,21,1999,0.4,2,2,1,1,0,0,1,1,1,0,1,0,2,0,0,Matches
279,Anderson Lucoqui,ao ANG,DF,Arminia,23,1997,17.8,40,25,23,17,0,20,40,20,30,7,23,27,67,53,0,Matches
280,Kilian Ludewig,de GER,"DF,FW",Schalke 04,20,2000,5.8,16,6,10,5,1,8,25,17,7,0,7,3,19,14,0,Matches
281,Dodi Lukebakio,be BEL,"FW,MF",Hertha BSC,22,1997,20.6,21,14,13,5,3,9,20,11,14,1,13,12,33,8,0,Matches
282,Andreas Luthe,de GER,GK,Union Berlin,33,1987,30.8,1,1,1,0,0,1,3,2,1,0,1,0,1,8,3,Matches
283,Tim Maciejewski,de GER,FW,Union Berlin,19,2001,0.1,0,0,0,0,0,0,0,0,0,0,0,0,0,0,0,Matches
284,Luca Mack,de GER,MF,Stuttgart,20,2000,0.1,0,0,0,0,0,0,0,0,0,0,0,0,0,1,0,Matches
285,Mikail Maden,no NOR,FW,Schalke 04,18,2002,0.1,0,0,0,0,0,0,0,0,0,0,0,0,0,0,0,Matches
286,Arne Maier,de GER,MF,Arminia,21,1999,11.5,13,9,5,7,1,4,11,7,10,3,7,8,21,11,1,Matches
287,Arne Maier,de GER,MF,Hertha BSC,21,1999,0.3,1,1,0,1,0,0,1,1,0,0,0,0,1,0,0,Matches
288,Yunus Mallı,tr TUR,MF,Wolfsburg,28,1992,0.6,1,0,0,1,0,1,1,0,0,0,0,0,1,0,0,Matches
289,Orel Mangala,be BEL,MF,Stuttgart,22,1998,23.4,27,15,13,11,3,17,28,11,27,10,17,26,53,30,0,Matches
290,Omar Marmoush,eg EGY,FW,Wolfsburg,21,1999,0.0,0,0,0,0,0,0,0,0,0,0,0,0,0,0,0,Matches
291,Aarón Martín,es ESP,"DF,FW",Mainz 05,23,1997,2.9,3,2,2,1,0,2,4,2,1,0,1,2,5,2,0,Matches
292,Javi Martínez,es ESP,"DF,MF",Bayern Munich,31,1988,5.2,10,5,4,4,2,7,9,2,8,4,4,13,23,19,0,Matches
293,Josep Martinez,es ESP,GK,RB Leipzig,22,1998,1.0,0,0,0,0,0,0,0,0,0,0,0,0,0,0,0,Matches
294,Omar Mascarell,gq EQG,MF,Schalke 04,27,1993,19.6,41,24,15,19,7,21,54,33,40,14,26,37,78,32,1,Matches
295,Roberto Massimo,de GER,"DF,FW",Stuttgart,19,2000,8.4,21,11,13,5,3,11,24,13,5,1,4,11,32,13,0,Matches
296,Jean-Philippe Mateta,fr FRA,FW,Mainz 05,23,1997,11.1,6,3,1,3,2,0,3,3,3,1,2,4,10,6,0,Matches
297,Rabbi Matondo,wls WAL,"FW,MF",Schalke 04,19,2000,2.4,3,2,0,3,0,2,3,1,1,0,1,1,4,1,0,Matches
298,Henning Matriciani,de GER,DF,Schalke 04,20,2000,0.3,1,1,1,0,0,1,1,0,1,0,1,0,1,1,0,Matches
299,Konstantinos Mavropanos,gr GRE,DF,Stuttgart,22,1997,16.3,42,29,29,12,1,27,46,19,25,10,15,59,101,66,1,Matches
300,Eric Maxim Choupo-Moting,cm CMR,"FW,MF",Bayern Munich,31,1989,9.1,8,2,0,5,3,1,4,3,6,0,6,2,10,7,0,Matches
Rk,Player,Nation,Pos,Squad,Age,Born,90s,Tkl,TklW,Def 3rd,Mid 3rd,Att 3rd,Tkl,Att,Lost,Blocks,Sh,Pass,Int,Tkl+Int,Clr,Err,Matches
301,Kevin Mbabu,ch SUI,DF,Wolfsburg,25,1995,18.2,51,33,27,17,7,24,35,11,28,7,21,22,73,59,1,Matches
302,Jean-Manuel Mbom,de GER,"MF,DF",Werder Bremen,20,2000,12.9,19,13,14,3,2,8,27,19,17,6,11,13,32,27,0,Matches
303,Nathan de Medina,be BEL,DF,Arminia,22,1997,7.1,16,10,9,6,1,3,10,7,12,2,10,11,27,22,0,Matches
304,Joshua Mees,de GER,FW,Union Berlin,24,1996,0.1,0,0,0,0,0,0,0,0,0,0,0,0,0,0,0,Matches
305,Admir Mehmedi,ch SUI,"MF,FW",Wolfsburg,29,1991,9.1,17,9,6,7,4,6,16,10,7,0,7,5,22,1,0,Matches
306,Hamza Mendyl,ma MAR,"FW,DF",Schalke 04,22,1997,1.1,2,2,2,0,0,0,2,2,2,0,2,0,2,2,0,Matches
307,Levent Mercan,de GER,FW,Schalke 04,19,2000,0.1,0,0,0,0,0,0,0,0,0,0,0,0,0,0,0,Matches
308,Jorge Meré,es ESP,DF,Köln,23,1997,14.4,13,6,9,3,1,6,13,7,14,11,3,15,28,63,0,Matches
309,Thomas Meunier,be BEL,DF,Dortmund,28,1991,16.4,30,21,19,6,5,20,29,9,16,6,10,18,48,29,2,Matches
310,Max Meyer,de GER,MF,Köln,24,1995,3.9,7,4,3,3,1,4,8,4,4,1,3,3,10,1,0,Matches
311,Jonas Michelbrink,de GER,MF,Hertha BSC,19,2001,0.4,0,0,0,0,0,0,0,0,0,0,0,0,0,0,0,Matches
312,Maximilian Mittelstädt,de GER,"DF,FW",Hertha BSC,23,1997,20.0,66,39,42,21,3,35,72,37,34,5,29,55,121,61,1,Matches
313,Anthony Modeste,fr FRA,FW,Köln,32,1988,2.5,2,0,0,2,0,0,1,1,0,0,0,0,2,2,0,Matches
314,Kevin Möhwald,de GER,MF,Werder Bremen,27,1993,17.3,15,9,9,5,1,4,18,14,10,3,7,32,47,19,2,Matches
315,Niklas Moisander,fi FIN,DF,Werder Bremen,34,1985,13.6,14,11,11,3,0,8,14,6,15,8,7,22,36,61,0,Matches
316,Alkhaly Momo Cissé,gn GUI,"FW,DF",Stuttgart,17,2002,0.4,1,1,1,0,0,0,0,0,1,0,1,0,1,0,0,Matches
317,Jan Morávek,cz CZE,MF,Augsburg,30,1989,3.0,5,3,4,1,0,1,8,7,3,0,3,7,12,2,0,Matches
318,Mateu Morey,es ESP,DF,Dortmund,20,2000,9.2,13,7,4,7,2,9,12,3,6,1,5,18,31,7,1,Matches
319,Youssoufa Moukoko,de GER,"FW,MF",Dortmund,15,2004,4.7,3,2,1,1,1,0,0,0,3,0,3,0,3,2,0,Matches
320,Nordi Mukiele,fr FRA,DF,RB Leipzig,22,1997,18.6,44,30,14,28,2,21,37,16,33,1,32,23,67,33,2,Matches
321,Florian Müller,de GER,GK,Freiburg,22,1997,31.0,0,0,0,0,0,0,3,3,1,0,1,2,2,10,1,Matches
322,Sebastian Müller,de GER,"MF,DF",Arminia,19,2001,0.0,0,0,0,0,0,0,0,0,0,0,0,0,0,0,0,Matches
323,Thomas Müller,de GER,MF,Bayern Munich,30,1989,29.7,49,22,11,23,15,24,73,49,43,3,40,21,70,18,1,Matches
324,Petar Musa,hr CRO,FW,Union Berlin,22,1998,7.9,12,8,3,6,3,4,8,4,10,0,10,4,16,5,0,Matches
325,Jamal Musiala,de GER,"FW,MF",Bayern Munich,17,2003,9.8,20,12,5,7,8,7,22,15,17,2,15,14,34,3,0,Matches
Rk,Player,Nation,Pos,Squad,Age,Born,90s,Tkl,TklW,Def 3rd,Mid 3rd,Att 3rd,Tkl,Att,Lost,Blocks,Sh,Pass,Int,Tkl+Int,Clr,Err,Matches
326,Shkodran Mustafi,de GER,DF,Schalke 04,28,1992,11.5,16,5,15,1,0,3,12,9,20,15,5,32,48,76,1,Matches
327,Phillipp Mwene,at AUT,"DF,MF",Mainz 05,26,1994,18.6,36,23,21,11,4,19,38,19,26,3,23,24,60,33,0,Matches
328,Obite N'Dicka,ci CIV,DF,Eint Frankfurt,20,1999,22.7,31,23,16,15,0,16,28,12,27,6,21,47,78,85,0,Matches
329,Matija Nastasić,rs SRB,DF,Schalke 04,27,1993,13.6,11,7,9,2,0,9,16,7,22,18,4,26,37,51,1,Matches
330,Paul Nebel,de GER,"MF,FW",Mainz 05,17,2002,0.6,1,1,0,1,0,0,1,1,0,0,0,2,3,0,0,Matches
331,Luca Netz,de GER,"DF,FW",Hertha BSC,17,2003,3.4,14,8,12,2,0,6,17,11,3,0,3,6,20,8,0,Matches
332,Manuel Neuer,de GER,GK,Bayern Munich,34,1986,33.0,0,0,0,0,0,0,1,1,0,0,0,2,2,12,3,Matches
333,Florian Neuhaus,de GER,MF,Gladbach,23,1997,29.1,48,28,19,26,3,19,63,44,35,7,28,50,98,20,1,Matches
334,Jessic Ngankam,de GER,FW,Hertha BSC,20,2000,3.3,5,2,1,2,2,1,3,2,6,1,5,0,5,1,0,Matches
335,Moussa Niakhate,sn SEN,DF,Mainz 05,24,1996,31.8,42,22,28,13,1,14,29,15,31,15,16,49,91,79,0,Matches
336,Tanguy Nianzou,fr FRA,"DF,FW",Bayern Munich,18,2002,1.3,3,1,3,0,0,1,1,0,0,0,0,3,6,1,0,Matches
337,Florian Niederlechner,de GER,FW,Augsburg,29,1990,19.3,7,5,1,4,2,0,10,10,8,3,5,10,17,18,0,Matches
338,Joakim Nilsson,se SWE,DF,Arminia,26,1994,24.0,36,24,23,12,1,14,23,9,29,22,7,39,75,111,0,Matches
339,Christopher Nkunku,fr FRA,"FW,MF",RB Leipzig,22,1997,21.0,16,11,3,7,6,8,18,10,27,1,26,9,25,14,0,Matches
340,Håvard Nordtveit,no NOR,DF,Hoffenheim,30,1990,7.8,6,2,5,1,0,6,8,2,4,2,2,13,19,42,0,Matches
341,Alexander Nübel,de GER,GK,Bayern Munich,23,1996,1.0,0,0,0,0,0,0,0,0,0,0,0,0,0,1,0,Matches
342,Kasim Nuhu,gh GHA,DF,Hoffenheim,25,1995,11.0,13,7,9,4,0,6,10,4,8,3,5,15,28,38,0,Matches
343,Bastian Oczipka,de GER,"DF,FW",Schalke 04,31,1989,21.4,33,20,22,10,1,7,21,14,22,4,18,24,57,41,0,Matches
344,Masaya Okugawa,jp JPN,MF,Arminia,24,1996,10.2,17,8,5,11,1,6,14,8,17,2,15,8,25,5,0,Matches
345,Dani Olmo,es ESP,MF,RB Leipzig,22,1998,24.4,23,14,6,13,4,4,23,19,15,0,15,13,36,21,0,Matches
346,Karim Onisiwo,at AUT,"FW,MF",Mainz 05,28,1992,20.5,31,20,7,15,9,14,23,9,20,1,19,5,36,12,0,Matches
347,Willi Orban,hu HUN,DF,RB Leipzig,27,1992,26.3,40,26,19,15,6,23,37,14,29,20,9,40,80,74,0,Matches
348,Stefan Ortega,de GER,GK,Arminia,27,1992,34.0,2,1,2,0,0,2,6,4,0,0,0,0,2,12,3,Matches
349,Yuya Osako,jp JPN,"MF,FW",Werder Bremen,30,1990,8.5,12,8,2,5,5,2,9,7,6,1,5,5,17,7,0,Matches
350,Paulo Otávio,br BRA,DF,Wolfsburg,25,1994,19.3,60,40,32,22,6,34,62,28,51,7,44,42,102,59,0,Matches
Rk,Player,Nation,Pos,Squad,Age,Born,90s,Tkl,TklW,Def 3rd,Mid 3rd,Att 3rd,Tkl,Att,Lost,Blocks,Sh,Pass,Int,Tkl+Int,Clr,Err,Matches
351,Reece Oxford,eng ENG,DF,Augsburg,21,1998,15.1,26,18,15,11,0,10,17,7,28,22,6,29,55,89,0,Matches
352,Salih Özcan,tr TUR,MF,Köln,22,1998,15.2,21,13,11,10,0,12,33,21,11,2,9,20,41,14,1,Matches
353,Levin Öztunalı,de GER,"DF,FW",Mainz 05,24,1996,8.4,24,18,14,8,2,8,17,9,15,0,15,15,39,16,0,Matches
354,Gonçalo Paciência,pt POR,FW,Schalke 04,25,1994,8.3,8,3,4,1,3,4,16,12,4,1,3,1,9,3,0,Matches
355,Exequiel Palacios,ar ARG,MF,Leverkusen,21,1998,6.4,31,17,12,16,3,17,30,13,13,0,13,12,43,7,0,Matches
356,Merveille Papela,de GER,DF,Mainz 05,19,2001,0.0,0,0,0,0,0,0,1,1,0,0,0,0,0,0,0,Matches
357,Felix Passlack,de GER,DF,Dortmund,22,1998,4.0,9,6,4,2,3,4,8,4,11,1,10,3,12,2,0,Matches
358,Paulinho,br BRA,FW,Leverkusen,20,2000,0.7,0,0,0,0,0,0,0,0,0,0,0,0,0,0,0,Matches
359,Benjamin Pavard,fr FRA,DF,Bayern Munich,24,1996,21.6,44,27,20,16,8,23,40,17,29,5,24,48,92,31,1,Matches
360,Jiří Pavlenka,cz CZE,GK,Werder Bremen,28,1992,34.0,2,0,2,0,0,2,2,0,0,0,0,1,3,17,4,Matches
361,Vasileios Pavlidis,gr GRE,FW,Schalke 04,17,2002,0.0,0,0,0,0,0,0,0,0,0,0,0,0,0,0,0,Matches
362,Mads Pedersen,dk DEN,DF,Augsburg,23,1996,9.9,25,16,20,3,2,10,22,12,13,3,10,15,40,32,0,Matches
363,Peter Pekarík,sk SVK,DF,Hertha BSC,33,1986,18.8,24,18,17,7,0,17,31,14,19,8,11,27,51,41,0,Matches
364,Philipp Pentke,de GER,GK,Hoffenheim,35,1985,3.0,0,0,0,0,0,0,0,0,0,0,0,0,0,0,0,Matches
365,Pavao Pervan,at AUT,GK,Wolfsburg,32,1987,2.0,0,0,0,0,0,0,0,0,0,0,0,0,0,1,0,Matches
366,Nils Petersen,de GER,FW,Freiburg,31,1988,14.5,11,7,2,6,3,3,21,18,25,1,24,9,20,28,0,Matches
367,Lukas Petkov,bg BUL,MF,Augsburg,19,2000,0.0,0,0,0,0,0,0,0,0,0,0,0,0,0,0,0,Matches
368,Maximilian Philipp,de GER,MF,Wolfsburg,26,1994,12.3,15,6,3,6,6,5,21,16,17,0,17,6,21,3,0,Matches
369,Krzysztof Piątek,pl POL,FW,Hertha BSC,25,1995,18.1,9,4,1,7,1,3,22,19,11,0,11,6,15,14,0,Matches
370,Amos Pieper,de GER,DF,Arminia,22,1998,29.8,58,32,39,17,2,20,33,13,48,35,13,66,124,160,3,Matches
371,Łukasz Piszczek,pl POL,DF,Dortmund,35,1985,5.1,10,7,6,4,0,5,12,7,5,1,4,5,15,12,0,Matches
372,Marvin Plattenhardt,de GER,DF,Hertha BSC,28,1992,11.9,15,10,6,7,2,5,9,4,9,1,8,1,16,19,1,Matches
373,Alassane Pléa,fr FRA,FW,Gladbach,27,1993,20.0,19,9,4,10,5,5,20,15,1,0,1,5,24,7,0,Matches
374,Joel Pohjanpalo,fi FIN,FW,Union Berlin,25,1994,9.5,5,1,0,3,2,1,6,5,1,0,1,1,6,12,0,Matches
375,Joel Pohjanpalo,fi FIN,MF,Leverkusen,25,1994,0.1,0,0,0,0,0,0,0,0,0,0,0,0,0,0,0,Matches
Rk,Player,Nation,Pos,Squad,Age,Born,90s,Tkl,TklW,Def 3rd,Mid 3rd,Att 3rd,Tkl,Att,Lost,Blocks,Sh,Pass,Int,Tkl+Int,Clr,Err,Matches
376,Marin Pongračić,hr CRO,DF,Wolfsburg,22,1997,6.4,13,9,9,3,1,6,8,2,12,5,7,11,24,27,0,Matches
377,Stefan Posch,at AUT,DF,Hoffenheim,23,1997,23.5,52,24,29,17,6,27,47,20,27,8,19,37,89,73,1,Matches
378,Yussuf Poulsen,dk DEN,FW,RB Leipzig,26,1994,15.0,10,6,1,6,3,1,17,16,16,0,16,6,16,13,0,Matches
379,Manuel Prietl,at AUT,MF,Arminia,28,1991,28.0,65,44,33,28,4,12,73,61,34,7,27,45,110,24,0,Matches
380,Grischa Prömel,de GER,MF,Union Berlin,25,1995,20.2,39,23,14,23,2,18,34,16,20,2,18,24,63,22,0,Matches
381,Robin Quaison,se SWE,"FW,MF",Mainz 05,26,1993,16.4,14,6,3,6,5,7,14,7,10,0,10,13,27,10,0,Matches
382,Nemanja Radonjić,rs SRB,"FW,MF",Hertha BSC,24,1996,6.8,5,3,2,2,1,1,5,4,1,0,1,2,7,1,0,Matches
383,Benito Raman,be BEL,"FW,MF",Schalke 04,25,1994,13.8,19,13,11,6,2,6,29,23,11,0,11,5,24,5,0,Matches
384,Milot Rashica,xk KVX,"FW,MF",Werder Bremen,24,1996,16.2,24,12,11,11,2,12,23,11,7,0,7,4,28,6,0,Matches
385,Daishawn Redan,nl NED,"FW,MF",Hertha BSC,19,2001,1.1,0,0,0,0,0,0,0,0,1,0,1,0,0,0,0,Matches
386,Reinier,br BRA,"MF,FW",Dortmund,18,2002,2.9,9,4,6,1,2,2,4,2,4,1,3,2,11,0,0,Matches
387,Rocco Reitz,de GER,MF,Gladbach,18,2002,0.7,3,2,0,3,0,2,2,0,3,1,2,1,4,1,0,Matches
388,Marco Reus,de GER,"MF,FW",Dortmund,31,1989,25.3,33,16,9,16,8,9,33,24,22,2,20,14,47,13,0,Matches
389,Elvis Rexhbeçaj,xk KVX,"MF,FW",Köln,22,1997,20.4,53,32,17,27,9,19,53,34,32,7,25,26,79,18,0,Matches
390,Gio Reyna,us USA,"MF,FW",Dortmund,17,2002,22.0,24,13,9,8,7,9,25,16,14,1,13,10,34,11,0,Matches
391,Chris Richards,us USA,DF,Hoffenheim,20,2000,10.5,19,8,12,6,1,10,16,6,13,4,9,21,40,40,1,Matches
392,Chris Richards,us USA,DF,Bayern Munich,20,2000,1.0,0,0,0,0,0,0,0,0,0,0,0,1,1,1,0,Matches
393,Marco Richter,de GER,"FW,MF",Augsburg,22,1997,15.7,17,9,3,12,2,7,23,16,10,0,10,6,23,9,0,Matches
394,Marc Roca,es ESP,MF,Bayern Munich,23,1996,2.0,2,2,0,0,2,0,4,4,4,1,3,2,4,1,0,Matches
395,Sebastian Rode,de GER,MF,Eint Frankfurt,29,1990,18.1,44,25,21,16,7,14,46,32,30,3,27,47,91,18,0,Matches
396,Jérôme Roussillon,fr FRA,DF,Wolfsburg,27,1993,13.7,24,12,14,8,2,11,20,9,10,1,9,19,43,28,0,Matches
397,Sebastian Rudy,de GER,"MF,FW",Hoffenheim,30,1990,18.6,35,26,15,15,5,16,45,29,24,4,20,13,48,21,1,Matches
398,Sebastian Rudy,de GER,DF,Schalke 04,30,1990,2.0,4,2,2,0,2,4,7,3,6,4,2,1,5,4,0,Matches
399,Georginio Rutter,fr FRA,FW,Hoffenheim,18,2002,2.7,4,4,2,2,0,1,2,1,2,0,2,0,4,2,0,Matches
400,Julian Ryerson,no NOR,"DF,MF",Union Berlin,22,1997,11.9,22,15,4,14,4,12,15,3,13,0,13,11,33,17,0,Matches
Rk,Player,Nation,Pos,Squad,Age,Born,90s,Tkl,TklW,Def 3rd,Mid 3rd,Att 3rd,Tkl,Att,Lost,Blocks,Sh,Pass,Int,Tkl+Int,Clr,Err,Matches
401,Frederik Rønnow,dk DEN,GK,Schalke 04,27,1992,10.5,0,0,0,0,0,0,0,0,0,0,0,1,1,9,1,Matches
402,Victor Sá,br BRA,FW,Wolfsburg,26,1994,5.2,9,6,2,6,1,6,11,5,11,0,11,8,17,2,0,Matches
403,Marcel Sabitzer,at AUT,MF,RB Leipzig,26,1994,22.5,29,21,12,16,1,12,37,25,7,2,5,35,64,27,0,Matches
404,Roland Sallai,hu HUN,"MF,FW",Freiburg,23,1997,18.5,18,14,7,9,2,5,13,8,11,1,10,11,29,8,0,Matches
405,Lazar Samardzic,rs SRB,MF,RB Leipzig,18,2002,2.2,10,7,4,6,0,5,13,8,6,0,6,2,12,1,0,Matches
406,Diadie Samassékou,ml MLI,MF,Hoffenheim,24,1996,28.5,71,41,22,42,7,33,90,57,41,12,29,78,149,50,0,Matches
407,Jadon Sancho,eng ENG,"FW,MF",Dortmund,20,2000,22.9,18,11,4,10,4,7,16,9,20,1,19,16,34,9,0,Matches
408,Leroy Sané,de GER,"FW,MF",Bayern Munich,24,1996,20.1,18,10,2,10,6,13,30,17,23,1,22,9,27,8,1,Matches
409,Salif Sané,sn SEN,DF,Schalke 04,29,1990,11.9,17,9,9,7,1,13,23,10,25,13,12,25,42,66,0,Matches
410,Mohamed Sankoh,nl NED,MF,Stuttgart,16,2003,0.2,0,0,0,0,0,0,0,0,1,0,1,0,0,0,0,Matches
411,Baptiste Santamaria,fr FRA,MF,Freiburg,25,1995,24.5,51,38,19,24,8,20,54,34,36,7,29,52,103,34,1,Matches
412,Josh Sargent,us USA,"FW,MF",Werder Bremen,20,2000,27.8,32,19,13,13,6,13,27,14,39,4,35,17,49,36,0,Matches
413,Bouna Sarr,sn SEN,DF,Bayern Munich,28,1992,5.0,9,8,4,3,2,3,6,3,7,0,7,10,19,7,1,Matches
414,Patrik Schick,cz CZE,FW,Leverkusen,24,1996,20.7,7,2,0,5,2,1,4,3,5,2,3,3,10,20,0,Matches
415,Sven Schipplock,de GER,"FW,MF",Arminia,31,1988,8.3,15,8,7,6,2,6,27,21,13,2,11,6,21,8,0,Matches
416,Xaver Schlager,at AUT,MF,Wolfsburg,22,1997,29.2,66,40,20,38,8,22,68,46,50,6,44,54,120,38,0,Matches
417,Keven Schlotterbeck,de GER,DF,Freiburg,23,1997,18.4,31,10,16,15,0,10,23,13,26,18,8,36,67,89,2,Matches
418,Nico Schlotterbeck,de GER,DF,Union Berlin,20,1999,14.3,34,19,14,19,1,18,28,10,13,6,7,31,65,29,1,Matches
419,Jonathan Schmid,fr FRA,"MF,DF",Freiburg,30,1990,26.6,37,19,17,13,7,16,30,14,26,10,16,28,65,38,0,Matches
420,Romano Schmid,at AUT,"MF,FW",Werder Bremen,20,2000,13.1,22,16,8,10,4,8,35,27,21,0,21,8,30,6,0,Matches
421,Benno Schmitz,de GER,DF,Köln,25,1994,4.6,14,7,6,7,1,7,13,6,8,2,6,6,20,7,0,Matches
422,Alessandro Schöpf,at AUT,"FW,MF",Schalke 04,26,1994,10.5,11,9,3,7,1,1,6,5,15,1,14,6,17,6,0,Matches
423,Nico Schulz,de GER,DF,Dortmund,27,1993,6.8,9,6,4,3,2,2,11,9,12,4,8,6,15,10,0,Matches
424,Alexander Schwolow,de GER,GK,Hertha BSC,28,1992,26.0,0,0,0,0,0,0,0,0,1,0,1,0,0,6,0,Matches
425,Christopher Scott,de GER,"MF,FW",Bayern Munich,18,2002,0.4,2,1,0,1,1,2,2,0,0,0,0,0,2,1,0,Matches
Rk,Player,Nation,Pos,Squad,Age,Born,90s,Tkl,TklW,Def 3rd,Mid 3rd,Att 3rd,Tkl,Att,Lost,Blocks,Sh,Pass,Int,Tkl+Int,Clr,Err,Matches
426,Davie Selke,de GER,FW,Werder Bremen,25,1995,9.0,3,2,1,1,1,0,6,6,3,2,1,1,4,7,0,Matches
427,Suat Serdar,de GER,MF,Schalke 04,23,1997,21.7,55,35,18,33,4,17,52,35,29,4,25,23,78,21,0,Matches
428,Ryan Sessegnon,eng ENG,"DF,FW",Hoffenheim,20,2000,17.5,47,25,26,13,8,15,34,19,26,3,23,30,77,46,0,Matches
429,Nils Seufert,de GER,"MF,FW",Arminia,23,1997,3.8,12,9,2,5,5,2,8,6,3,1,2,5,17,6,0,Matches
430,Tim Siersleben,de GER,DF,Wolfsburg,20,2000,0.4,2,2,2,0,0,1,1,0,1,0,1,0,2,0,0,Matches
431,André Silva,pt POR,FW,Eint Frankfurt,24,1995,30.7,11,2,0,7,4,6,13,7,11,1,10,3,14,15,0,Matches
432,Jóan Símun Edmundsson,fo FRO,"FW,MF",Arminia,29,1991,0.6,0,0,0,0,0,0,0,0,1,0,1,1,1,0,0,Matches
433,Daley Sinkgraven,nl NED,DF,Leverkusen,25,1995,17.4,32,17,13,16,3,18,35,17,22,5,17,23,55,23,0,Matches
434,Tobias Sippel,de GER,GK,Gladbach,32,1988,3.8,0,0,0,0,0,0,0,0,0,0,0,1,1,4,0,Matches
435,Ellyes Skhiri,tn TUN,MF,Köln,25,1995,30.9,83,48,44,31,8,33,65,32,49,13,36,82,165,38,2,Matches
436,Robert Skov,dk DEN,"FW,MF",Hoffenheim,24,1996,12.9,19,10,9,7,3,7,16,9,9,2,7,15,34,10,1,Matches
437,Steven Skrzybski,de GER,"FW,DF",Schalke 04,27,1992,4.7,5,4,0,5,0,1,7,6,13,1,12,5,10,1,1,Matches
438,Yann Sommer,ch SUI,GK,Gladbach,31,1988,30.1,1,1,1,0,0,1,1,0,0,0,0,2,3,9,2,Matches
439,Borna Sosa,hr CRO,"DF,FW",Stuttgart,22,1998,22.7,14,10,6,6,2,8,25,17,23,4,19,31,45,74,0,Matches
440,Cebio Soukou,bj BEN,"FW,MF",Arminia,27,1992,5.1,12,8,5,5,2,6,11,5,3,0,3,3,15,4,0,Matches
441,Djibril Sow,ch SUI,MF,Eint Frankfurt,23,1997,24.2,58,33,19,32,7,18,41,23,31,8,23,51,109,17,0,Matches
442,Jerry St. Juste,nl NED,DF,Mainz 05,23,1996,32.0,65,38,37,26,2,20,36,16,46,27,19,64,129,82,1,Matches
443,Benjamin Stambouli,fr FRA,"DF,MF",Schalke 04,29,1990,21.7,45,29,24,18,3,15,37,22,42,14,28,49,94,45,1,Matches
444,Josip Stanišić,hr CRO,DF,Bayern Munich,20,2000,1.0,2,2,1,1,0,1,1,0,3,0,3,2,4,2,0,Matches
445,Niklas Stark,de GER,"DF,MF",Hertha BSC,25,1995,31.0,49,28,20,27,2,13,31,18,43,16,27,42,91,101,0,Matches
446,Renato Steffen,ch SUI,"FW,MF",Wolfsburg,28,1991,17.4,24,15,6,12,6,13,24,11,21,2,19,22,46,15,0,Matches
447,Pascal Stenzel,de GER,DF,Stuttgart,24,1996,14.2,33,14,15,17,1,22,50,28,19,4,15,26,59,39,1,Matches
448,Lars Stindl,de GER,"MF,FW",Gladbach,31,1988,21.8,24,17,3,16,5,7,32,25,26,3,23,13,37,14,0,Matches
449,Kevin Stöger,at AUT,"MF,FW",Mainz 05,26,1993,6.0,12,6,2,9,1,5,16,11,5,0,5,6,18,4,0,Matches
450,Tobias Strobl,de GER,MF,Augsburg,30,1990,20.5,21,10,12,9,0,10,30,20,21,8,13,28,49,27,0,Matches
Rk,Player,Nation,Pos,Squad,Age,Born,90s,Tkl,TklW,Def 3rd,Mid 3rd,Att 3rd,Tkl,Att,Lost,Blocks,Sh,Pass,Int,Tkl+Int,Clr,Err,Matches
451,Marek Suchý,cz CZE,DF,Augsburg,32,1988,3.4,4,2,1,3,0,1,2,1,3,3,0,4,8,9,0,Matches
452,Niklas Süle,de GER,DF,Bayern Munich,24,1995,16.7,32,21,15,14,3,13,21,8,24,12,12,21,53,36,1,Matches
453,Ádám Szalai,hu HUN,FW,Mainz 05,32,1987,8.1,7,6,3,2,2,2,8,6,4,1,3,2,9,4,0,Matches
454,Frederik Sørensen,dk DEN,DF,Köln,28,1992,1.1,2,1,0,2,0,1,1,0,2,0,2,0,2,0,0,Matches
455,Alexander Sørloth,no NOR,FW,RB Leipzig,24,1995,16.0,7,5,0,5,2,2,14,12,13,2,11,3,10,13,0,Matches
456,Jonathan Tah,de GER,DF,Leverkusen,24,1996,24.7,30,17,19,9,2,11,21,10,19,12,7,33,63,89,1,Matches
457,Edmond Tapsoba,bf BFA,DF,Leverkusen,21,1999,29.5,54,28,35,18,1,21,45,24,55,29,26,48,102,96,0,Matches
458,Niklas Tauer,de GER,"MF,DF",Mainz 05,19,2001,0.8,1,1,0,1,0,1,2,1,3,1,2,3,4,1,0,Matches
459,Lino Tempelmann,de GER,MF,Freiburg,21,1999,3.0,5,3,2,2,1,0,4,4,6,1,5,2,7,6,0,Matches
460,Cedric Teuchert,de GER,"FW,MF",Union Berlin,23,1997,8.4,7,5,2,4,1,3,16,13,12,0,12,5,12,6,0,Matches
461,Malick Thiaw,de GER,DF,Schalke 04,18,2001,16.1,42,27,24,17,1,15,26,11,17,12,5,33,75,70,0,Matches
462,Jan Thielmann,de GER,"FW,MF",Köln,18,2002,11.4,11,6,1,8,2,5,9,4,10,1,9,9,20,2,0,Matches
463,Erik Thommy,de GER,"MF,DF",Stuttgart,25,1994,3.5,3,1,0,3,0,0,3,3,3,0,3,3,6,4,0,Matches
464,Marcus Thuram,fr FRA,"FW,MF",Gladbach,22,1997,19.2,24,14,9,10,5,10,23,13,27,4,23,15,39,13,1,Matches
465,Steffen Tigges,de GER,"FW,DF",Dortmund,22,1998,0.6,4,4,0,1,3,2,3,1,1,0,1,0,4,1,0,Matches
466,Guus Til,nl NED,FW,Freiburg,22,1997,1.4,4,3,2,1,1,2,3,1,2,0,2,2,6,2,0,Matches
467,Corentin Tolisso,fr FRA,MF,Bayern Munich,25,1994,8.7,19,19,4,11,4,9,29,20,15,2,13,6,25,8,0,Matches
468,Ömer Toprak,tr TUR,DF,Werder Bremen,31,1989,21.6,23,16,15,6,2,12,24,12,27,16,11,36,59,115,1,Matches
469,Jordan Torunarigha,de GER,DF,Hertha BSC,22,1997,10.8,7,4,7,0,0,5,8,3,8,2,6,15,22,54,1,Matches
470,Almamy Touré,ml MLI,DF,Eint Frankfurt,24,1996,7.8,18,12,8,7,3,10,14,4,5,1,4,8,26,22,0,Matches
471,Lucas Tousart,fr FRA,MF,Hertha BSC,23,1997,23.2,33,18,16,15,2,13,27,14,33,6,27,40,73,52,0,Matches
472,Ibrahima Traoré,gn GUI,"FW,DF",Gladbach,32,1988,1.1,4,1,1,2,1,0,0,0,2,0,2,0,4,0,0,Matches
473,Kevin Trapp,de GER,GK,Eint Frankfurt,30,1990,33.0,0,0,0,0,0,0,1,1,1,0,1,3,3,11,3,Matches
474,Christopher Trimmel,at AUT,"DF,FW",Union Berlin,33,1987,28.6,50,25,28,18,4,28,54,26,32,7,25,50,100,99,0,Matches
475,Tuta,br BRA,DF,Eint Frankfurt,21,1999,16.2,35,20,22,13,0,24,43,19,19,2,17,29,64,53,0,Matches
Rk,Player,Nation,Pos,Squad,Age,Born,90s,Tkl,TklW,Def 3rd,Mid 3rd,Att 3rd,Tkl,Att,Lost,Blocks,Sh,Pass,Int,Tkl+Int,Clr,Err,Matches
476,Dayot Upamecano,fr FRA,DF,RB Leipzig,21,1998,25.9,37,30,18,19,0,14,20,6,25,14,11,33,70,74,2,Matches
477,Mark Uth,de GER,"FW,MF",Schalke 04,28,1991,16.6,25,13,13,10,2,5,23,18,21,0,21,5,30,10,0,Matches
478,Ruben Vargas,ch SUI,"MF,FW",Augsburg,21,1998,17.9,18,12,6,9,3,1,16,15,26,2,24,18,36,27,0,Matches
479,Miloš Veljković,rs SRB,DF,Werder Bremen,24,1995,19.1,24,14,17,6,1,15,31,16,22,9,13,29,53,94,1,Matches
480,Michel Vlap,nl NED,"MF,FW",Arminia,23,1997,4.1,1,1,0,1,0,0,8,8,4,0,4,5,6,3,0,Matches
481,Andreas Voglsammer,de GER,"FW,MF",Arminia,28,1992,11.1,12,8,6,6,0,8,17,9,11,0,11,3,15,11,0,Matches
482,Kevin Vogt,de GER,DF,Hoffenheim,28,1991,20.5,18,12,11,6,1,12,21,9,21,12,9,16,34,71,0,Matches
483,Wout Weghorst,nl NED,FW,Wolfsburg,27,1992,32.7,13,8,2,8,3,4,20,16,17,3,14,4,17,26,0,Matches
484,Mitchell Weiser,de GER,DF,Leverkusen,26,1994,2.5,4,1,1,2,1,2,4,2,1,0,1,3,7,4,0,Matches
485,Wendell,br BRA,DF,Leverkusen,27,1993,16.2,53,35,27,18,8,23,49,26,26,3,23,25,78,39,1,Matches
486,Oscar Wendt,se SWE,DF,Gladbach,34,1985,13.9,12,6,2,9,1,4,12,8,18,4,14,14,26,23,0,Matches
487,William,br BRA,"MF,FW",Wolfsburg,25,1995,0.0,0,0,0,0,0,0,0,0,0,0,0,0,0,0,0,Matches
488,William,br BRA,"DF,FW",Schalke 04,25,1995,5.3,14,10,10,4,0,5,15,10,16,5,11,11,25,15,1,Matches
489,Marten Winkler,de GER,FW,Hertha BSC,17,2002,0.0,0,0,0,0,0,0,0,0,0,0,0,0,0,0,0,Matches
490,Florian Wirtz,de GER,MF,Leverkusen,17,2003,24.7,35,18,8,22,5,11,37,26,27,1,26,9,44,8,0,Matches
491,Axel Witsel,be BEL,MF,Dortmund,31,1989,12.6,18,12,6,11,1,8,16,8,13,3,10,22,40,13,0,Matches
492,Hannes Wolf,at AUT,"MF,FW",Gladbach,21,1999,15.3,26,13,8,10,8,8,36,28,18,1,17,9,35,4,0,Matches
493,Marius Wolf,de GER,"MF,DF",Köln,25,1995,28.3,35,19,19,13,3,13,38,25,29,3,26,28,63,47,1,Matches
494,Nick Woltemade,de GER,"MF,FW",Werder Bremen,18,2002,1.6,3,2,1,1,1,2,4,2,1,0,1,0,3,0,0,Matches
495,Jeong Woo-yeong,kr KOR,"FW,MF",Freiburg,20,1999,9.1,9,5,1,6,2,2,11,9,8,1,7,11,20,11,0,Matches
496,Joscha Wosz,de GER,DF,RB Leipzig,18,2002,0.4,1,1,1,0,0,0,0,0,1,0,1,1,2,0,0,Matches
497,Reinhold Yabo,de GER,"MF,FW",Arminia,28,1992,7.2,5,2,2,2,1,2,9,7,6,1,5,4,9,1,0,Matches
498,Amin Younes,de GER,MF,Eint Frankfurt,26,1993,15.5,25,14,8,10,7,6,32,26,19,1,18,13,38,4,0,Matches
499,Dan-Axel Zagadou,fr FRA,DF,Dortmund,21,1999,3.1,2,2,2,0,0,0,0,0,3,2,1,6,8,13,0,Matches
500,Denis Zakaria,ch SUI,"MF,DF",Gladbach,23,1996,15.8,30,15,12,15,3,11,20,9,20,7,13,23,53,29,1,Matches
Rk,Player,Nation,Pos,Squad,Age,Born,90s,Tkl,TklW,Def 3rd,Mid 3rd,Att 3rd,Tkl,Att,Lost,Blocks,Sh,Pass,Int,Tkl+Int,Clr,Err,Matches
501,Deyovaisio Zeefuik,nl NED,"DF,FW",Hertha BSC,22,1998,10.1,13,9,8,3,2,8,19,11,15,3,12,12,25,36,0,Matches
502,Robin Zentner,de GER,GK,Mainz 05,25,1994,31.0,1,1,1,0,0,1,3,2,0,0,0,3,4,9,2,Matches
503,Ron-Robert Zieler,de GER,GK,Köln,31,1989,0.6,0,0,0,0,0,0,0,0,0,0,0,0,0,0,0,Matches
504,Joshua Zirkzee,nl NED,FW,Bayern Munich,19,2001,1.0,1,0,0,1,0,1,2,1,0,0,0,0,1,0,0,Matches
505,Steven Zuber,ch SUI,"DF,MF",Eint Frankfurt,28,1991,6.5,24,12,8,13,3,8,16,8,4,1,3,4,28,1,0,Matches
