rk,player,nation,pos,squad,age,born,90s,tkl,tklw,def_3rd,mid_3rd,att_3rd,tkl_challe,att,lost,blocks,sh,pass,int,tkl_int,clr,err,matches
1,Liel Abada,il ISR,FW,Charlotte,22,2001,18.2,10,8,2,4,4,5,16,11,10,0,10,5,15,4,0,Matches
2,Jose Casas de Abadal,us USA,"FW,DF",Inter Miami,23,2000,0.3,2,1,0,1,1,0,1,1,0,0,0,0,2,0,0,Matches
3,Luis Abram,pe PER,DF,Atlanta Utd,27,1996,12.2,8,5,4,1,3,3,8,5,11,9,2,9,17,50,1,Matches
4,Lalas Abubakar,gh GHA,DF,Colorado Rapids,29,1994,14.2,11,8,8,3,0,6,11,5,15,14,1,19,30,60,0,Matches
5,Kellyn Acosta,us USA,MF,Chicago Fire,28,1995,25.6,47,34,19,22,6,18,49,31,20,3,17,30,77,12,1,Matches
6,Luciano Acosta,ar ARG,MF,FC Cincinnati,29,1994,30.0,39,25,12,21,6,18,35,17,27,1,26,14,53,5,0,Matches
7,Jordan Adebayo-Smith,ng NGA,"FW,MF",Minnesota Utd,24,2000,2.8,5,3,5,0,0,0,2,2,4,0,4,2,7,1,0,Matches
8,Sam Adekugbe,ca CAN,"DF,MF",Vancouver W'caps,29,1995,8.3,5,2,2,2,1,3,5,2,5,3,2,5,10,19,0,Matches
9,Samuel Adeniran,us USA,FW,Philadelphia Union,25,1998,1.5,6,4,3,2,1,3,3,0,1,0,1,3,9,0,0,Matches
10,Samuel Adeniran,us USA,"FW,MF",St. Louis,25,1998,6.6,3,1,2,0,1,0,0,0,3,1,2,2,5,6,0,Matches
11,Leonardo Afonso,br BRA,"FW,MF",Inter Miami,22,2001,2.7,8,6,5,2,1,2,7,5,2,0,2,6,14,2,0,Matches
12,Stephen Afrifa,ca CAN,FW,Sporting KC,22,2001,8.8,19,6,10,8,1,10,22,12,20,0,20,2,21,5,0,Matches
13,William Agada,ng NGA,FW,Sporting KC,24,1999,19.2,12,5,1,5,6,1,3,2,7,1,6,5,17,5,1,Matches
14,London Aghedo,us USA,DF,FC Cincinnati,23,2000,0.1,0,0,0,0,0,0,1,1,0,0,0,1,1,0,0,Matches
15,Daniel Aguirre,us USA,"MF,FW",LA Galaxy,24,1999,1.2,5,1,3,1,1,2,5,3,0,0,0,1,6,3,0,Matches
16,Patrick Agyemang,us USA,FW,Charlotte,23,2000,20.4,14,8,1,3,10,6,13,7,6,1,5,1,15,13,0,Matches
17,Ali Ahmed,ca CAN,"MF,DF",Vancouver W'caps,23,2000,15.0,28,17,12,14,2,15,35,20,20,0,20,24,52,16,0,Matches
18,Forster Ajago,gh GHA,FW,Nashville SC,22,2001,4.2,8,3,2,6,0,4,6,2,4,0,4,4,12,4,0,Matches
19,Carlos Akapo,gq EQG,DF,SJ Earthquakes,30,1993,17.8,52,26,31,13,8,24,45,21,18,5,13,32,84,69,0,Matches
20,Matai Akinmboni,us USA,DF,D.C. United,17,2006,4.9,10,7,5,4,1,5,6,1,7,4,3,10,20,17,0,Matches
21,Ayo Akinola,ca CAN,"FW,MF",Toronto FC,24,2000,1.0,0,0,0,0,0,0,1,1,0,0,0,1,1,0,0,Matches
22,Jordi Alba,es ESP,DF,Inter Miami,34,1989,24.8,28,17,13,11,4,14,34,20,20,7,13,15,43,39,2,Matches
23,Noah Allen,gr GRE,DF,Inter Miami,19,2004,10.3,24,15,20,3,1,12,19,7,18,8,10,9,33,34,1,Matches
24,Rasmus Alm,se SWE,"FW,MF",St. Louis,28,1995,9.3,19,13,6,9,4,12,21,9,13,0,13,6,25,7,0,Matches
25,Thiago Almada,ar ARG,"MF,FW",Atlanta Utd,22,2001,15.5,18,9,9,5,4,7,20,13,5,0,5,1,19,5,1,Matches
Rk,Player,Nation,Pos,Squad,Age,Born,90s,Tkl,TklW,Def 3rd,Mid 3rd,Att 3rd,Tkl,Att,Lost,Blocks,Sh,Pass,Int,Tkl+Int,Clr,Err,Matches
26,Fernando Álvarez,co COL,DF,CF Montréal,20,2003,23.8,30,21,21,9,0,21,30,9,23,13,10,32,62,87,0,Matches
27,Pedro Amador,pt POR,DF,Atlanta Utd,25,1998,9.0,16,11,9,5,2,9,19,10,19,4,15,13,29,33,0,Matches
28,Frankie Amaya,us USA,MF,NY Red Bulls,23,2000,17.9,34,24,9,19,6,13,34,21,19,4,15,24,58,23,0,Matches
29,Malte Amundsen,dk DEN,DF,Columbus Crew,25,1998,25.5,48,27,32,14,2,30,50,20,29,10,19,48,96,63,1,Matches
30,Markus Anderson,us USA,"MF,FW",Philadelphia Union,20,2003,1.1,0,0,0,0,0,0,2,2,2,0,2,1,1,2,0,Matches
31,Sebastian Anderson,us USA,DF,Colorado Rapids,21,2002,5.6,6,5,3,3,0,5,17,12,5,1,4,6,12,20,0,Matches
32,José Andrés Martínez,ve VEN,MF,Philadelphia Union,29,1994,11.3,27,13,11,13,3,12,23,11,9,5,4,15,42,7,1,Matches
33,Tomas Ángel,co COL,"FW,MF",LAFC,20,2003,0.6,1,1,0,0,1,0,3,3,0,0,0,0,1,0,0,Matches
34,Iván Angulo,co COL,"FW,MF",Orlando City,24,1999,30.7,47,29,21,19,7,13,29,16,22,2,20,19,66,15,0,Matches
35,Eugene Ansah,gh GHA,"FW,MF",FC Dallas,29,1994,4.8,5,5,2,3,0,1,1,0,2,0,2,2,7,4,0,Matches
36,Conner Antley,us USA,DF,D.C. United,28,1995,4.8,16,10,10,5,1,8,13,5,8,3,5,6,22,17,0,Matches
37,Antony,br BRA,"FW,MF",Portland Timbers,22,2001,21.0,52,38,23,22,7,20,43,23,21,1,20,19,71,17,0,Matches
38,Brian Anunga,cm CMR,MF,Nashville SC,27,1996,16.1,43,24,21,17,5,18,32,14,23,4,19,28,71,15,0,Matches
39,Cristian Arango,co COL,"FW,MF",Real Salt Lake,28,1995,25.4,19,12,5,8,6,8,19,11,19,1,18,3,22,3,0,Matches
40,César Araujo,uy URU,MF,Orlando City,22,2001,26.9,64,38,28,26,10,35,77,42,41,8,33,29,93,22,0,Matches
41,Miguel Araujo,pe PER,DF,Portland Timbers,29,1994,17.1,31,18,18,12,1,13,20,7,24,16,8,23,54,73,0,Matches
42,Scott Arfield,ca CAN,"MF,FW",Charlotte,35,1988,4.2,2,1,1,1,0,1,3,2,5,0,5,1,3,2,0,Matches
43,Max Arfsten,us USA,DF,Columbus Crew,22,2001,21.8,41,24,16,19,6,25,50,25,23,2,21,14,55,33,0,Matches
44,Allan Arigoni,ch SUI,DF,Chicago Fire,25,1998,23.3,38,28,20,11,7,24,37,13,35,5,30,19,57,48,0,Matches
45,Daniel Armando Ríos,mx MEX,FW,Atlanta Utd,28,1995,15.1,11,7,2,8,1,3,10,7,14,2,12,1,12,15,0,Matches
46,Stuart Armstrong,sct SCO,"MF,FW",Vancouver W'caps,31,1992,1.4,1,0,1,0,0,0,1,1,1,1,0,0,1,2,0,Matches
47,Xavier Arreaga,ec ECU,DF,NE Revolution,29,1994,21.5,45,24,33,12,0,30,38,8,28,11,17,39,84,112,2,Matches
48,Xavier Arreaga,ec ECU,DF,Seattle Sounders,29,1994,2.8,4,3,2,2,0,2,5,3,5,3,2,6,10,7,1,Matches
49,Kervin Arriaga,hn HON,"DF,MF",Minnesota Utd,26,1998,9.8,16,14,11,5,0,9,17,8,14,7,7,9,25,40,0,Matches
50,Paul Arriola,us USA,"DF,MF",FC Dallas,28,1995,27.3,41,25,25,12,4,20,54,34,28,3,25,10,51,32,0,Matches
Rk,Player,Nation,Pos,Squad,Age,Born,90s,Tkl,TklW,Def 3rd,Mid 3rd,Att 3rd,Tkl,Att,Lost,Blocks,Sh,Pass,Int,Tkl+Int,Clr,Err,Matches
51,Artur,br BRA,MF,Houston Dynamo,27,1996,33.8,82,57,38,32,12,44,76,32,35,9,26,34,116,55,3,Matches
52,Yamil Asad,ar ARG,DF,FC Cincinnati,29,1994,8.9,19,13,12,6,1,13,22,9,16,2,14,6,25,7,1,Matches
53,Dairon Asprilla,co COL,"FW,DF",Portland Timbers,31,1992,7.6,11,2,6,4,1,5,14,9,5,0,5,5,16,13,0,Matches
54,Joshua Atencio,us USA,MF,Seattle Sounders,22,2002,11.9,37,19,14,15,8,19,40,21,27,4,23,25,62,17,1,Matches
55,Eduard Atuesta,co COL,MF,LAFC,26,1997,24.3,43,20,23,13,7,23,58,35,25,4,21,41,84,13,2,Matches
56,Julián Aude,ar ARG,DF,LA Galaxy,20,2003,18.8,49,30,33,14,2,33,62,29,31,7,24,21,70,64,1,Matches
57,Tomás Avilés,ar ARG,DF,Inter Miami,19,2004,24.4,48,29,36,10,2,17,35,18,28,15,13,38,86,72,4,Matches
58,Chidozie Awaziem,ng NGA,DF,FC Cincinnati,27,1997,5.9,4,3,1,3,0,2,3,1,6,2,4,5,9,15,0,Matches
59,David Ayala,ar ARG,MF,Portland Timbers,21,2002,16.3,51,29,28,18,5,21,51,30,25,3,22,32,83,35,1,Matches
60,Hugo Bacharach,es ESP,DF,Minnesota Utd,22,2001,1.0,2,1,0,2,0,1,2,1,0,0,0,3,5,2,0,Matches
61,Dominique Badji,sn SEN,"MF,FW",D.C. United,31,1992,3.3,0,0,0,0,0,0,2,2,3,0,3,2,2,3,0,Matches
62,Corey Baird,us USA,"FW,MF",FC Cincinnati,28,1996,10.6,10,5,8,2,0,4,11,7,5,0,5,3,13,6,0,Matches
63,Esmir Bajraktarevic,ba BIH,"FW,MF",NE Revolution,18,2005,22.0,33,20,9,17,7,10,28,18,18,1,17,5,38,11,0,Matches
64,Cody Baker,us USA,"DF,MF",Seattle Sounders,20,2004,5.3,16,14,9,5,2,10,12,2,4,1,3,4,20,14,0,Matches
65,Reed Baker-Whiting,us USA,"DF,FW",Seattle Sounders,18,2005,8.7,26,13,14,8,4,15,22,7,16,1,15,15,41,20,1,Matches
66,Monsef Bakrar,dz ALG,FW,NYCFC,23,2001,15.0,19,10,3,5,11,9,15,6,24,1,23,3,22,10,0,Matches
67,Michael Baldisimo,ph PHI,MF,SJ Earthquakes,23,2000,0.3,4,0,1,3,0,2,4,2,0,0,0,2,6,2,0,Matches
68,Fidel Barajas,mx MEX,FW,Real Salt Lake,17,2006,6.3,5,3,2,1,2,1,4,3,2,0,2,1,6,2,0,Matches
69,Tai Baribo,il ISR,FW,Philadelphia Union,26,1998,15.7,24,14,5,13,6,10,22,12,12,0,12,7,31,3,0,Matches
70,Tom Barlow,us USA,"FW,MF",Chicago Fire,28,1995,8.3,7,5,2,3,2,3,9,6,5,1,4,3,10,6,0,Matches
71,Luis Barraza,us USA,GK,NYCFC,27,1996,0.9,0,0,0,0,0,0,0,0,0,0,0,0,0,0,0,Matches
72,Lucas Bartlett,us USA,DF,D.C. United,26,1997,30.4,34,22,20,14,0,18,30,12,45,24,21,35,69,117,1,Matches
73,Ethan Bartlow,us USA,DF,Houston Dynamo,23,2000,9.5,18,12,14,3,1,12,15,3,20,12,8,4,22,39,0,Matches
74,Cole Bassett,us USA,"MF,FW",Colorado Rapids,22,2001,28.5,66,34,26,32,8,37,79,42,33,4,29,19,85,25,2,Matches
75,Amine Bassi,fr FRA,MF,Houston Dynamo,26,1997,28.1,18,11,1,10,7,6,20,14,17,0,17,7,25,7,0,Matches
Rk,Player,Nation,Pos,Squad,Age,Born,90s,Tkl,TklW,Def 3rd,Mid 3rd,Att 3rd,Tkl,Att,Lost,Blocks,Sh,Pass,Int,Tkl+Int,Clr,Err,Matches
76,Zorhan Bassong,ca CAN,"DF,MF",Sporting KC,24,1999,13.9,37,28,22,12,3,16,25,9,18,4,14,13,50,26,0,Matches
77,Josh Bauer,us USA,DF,Nashville SC,25,1998,20.7,36,25,27,7,2,20,30,10,24,17,7,22,58,67,1,Matches
78,Tanner Beason,us USA,DF,SJ Earthquakes,26,1997,18.1,18,7,15,3,0,10,15,5,31,23,8,17,35,104,0,Matches
79,Adam Beaudry,us USA,GK,Colorado Rapids,17,2006,1.0,0,0,0,0,0,0,0,0,0,0,0,0,0,1,0,Matches
80,Gavin Beavers,us USA,GK,Real Salt Lake,18,2005,11.0,0,0,0,0,0,0,0,0,0,0,0,0,0,5,0,Matches
81,Simon Becher,us USA,FW,St. Louis,24,1999,6.1,4,4,1,2,1,2,4,2,3,0,3,2,6,3,0,Matches
82,Alejandro Bedoya,us USA,MF,Philadelphia Union,36,1987,16.2,35,20,10,19,6,14,24,10,15,1,14,16,51,18,0,Matches
83,Jon Bell,jm JAM,DF,Seattle Sounders,26,1997,5.4,8,3,4,3,1,4,6,2,9,6,3,7,15,25,0,Matches
84,Matthew Bell,jm JAM,FW,Real Salt Lake,21,2002,0.2,1,1,0,1,0,1,1,0,1,0,1,0,1,0,0,Matches
85,Ben Bender,us USA,"MF,FW",Charlotte,22,2001,2.2,2,0,2,0,0,0,2,2,2,0,2,0,2,1,0,Matches
86,Christian Benteke,be BEL,FW,D.C. United,33,1990,28.8,6,5,1,3,2,2,8,6,14,4,10,2,8,34,0,Matches
87,Nimfasha Berchimas,us USA,"FW,MF",Charlotte,15,2008,0.3,1,0,1,0,0,1,1,0,2,0,2,0,1,0,0,Matches
88,Sebastian Berhalter,us USA,"MF,DF",Vancouver W'caps,22,2001,20.7,51,27,15,27,9,22,47,25,35,8,27,21,72,34,2,Matches
89,Federico Bernardeschi,it ITA,"DF,MF",Toronto FC,29,1994,27.3,24,15,10,7,7,16,31,15,15,3,12,22,46,17,0,Matches
90,Miguel Berry,es ESP,FW,LA Galaxy,26,1997,9.2,9,2,2,3,4,1,3,2,9,2,7,1,10,12,0,Matches
91,Pep Biel,es ESP,"FW,MF",Charlotte,27,1996,6.8,6,4,3,2,1,2,9,7,8,0,8,8,14,1,0,Matches
92,Alessandro Biello,ca CAN,MF,CF Montréal,17,2006,0.2,1,1,0,1,0,1,1,0,0,0,0,1,2,0,0,Matches
93,Steve Birnbaum,us USA,DF,D.C. United,33,1991,3.8,2,1,1,1,0,0,3,3,4,4,0,4,6,14,0,Matches
94,Guilherme Biro,br BRA,DF,Austin,23,2000,25.4,49,30,25,14,10,27,41,14,34,12,22,25,74,58,0,Matches
95,Tristan Blackmon,us USA,DF,Vancouver W'caps,27,1996,21.0,11,8,8,3,0,5,6,1,18,10,8,20,31,88,0,Matches
96,Andre Blake,jm JAM,GK,Philadelphia Union,33,1990,12.4,2,1,2,0,0,2,2,0,0,0,0,0,2,2,1,Matches
97,Latif Blessing,gh GHA,"FW,MF",Houston Dynamo,27,1996,11.0,18,14,7,9,2,3,14,11,7,0,7,9,27,8,1,Matches
98,Njabulo Blom,za RSA,MF,St. Louis,24,1999,9.7,16,12,6,8,2,8,18,10,9,2,7,16,32,3,1,Matches
99,Emmanuel Boateng,gh GHA,FW,NE Revolution,30,1994,7.8,14,7,6,6,2,3,6,3,14,1,13,8,22,6,0,Matches
100,Isaac Boehmer,us USA,GK,Vancouver W'caps,22,2001,1.0,0,0,0,0,0,0,1,1,0,0,0,0,0,0,0,Matches
Rk,Player,Nation,Pos,Squad,Age,Born,90s,Tkl,TklW,Def 3rd,Mid 3rd,Att 3rd,Tkl,Att,Lost,Blocks,Sh,Pass,Int,Tkl+Int,Clr,Err,Matches
101,Mateusz Bogusz,pl POL,FW,LAFC,22,2001,29.0,37,21,13,14,10,13,40,27,8,0,8,10,47,8,0,Matches
102,Moïse Bombito,ca CAN,DF,Colorado Rapids,23,2000,17.2,32,20,23,8,1,18,24,6,14,10,4,20,52,70,1,Matches
103,Alex Bono,us USA,GK,D.C. United,29,1994,29.0,2,0,2,0,0,2,3,1,0,0,0,0,2,17,1,Matches
104,Shanyder Borgelin,ht HAI,"FW,MF",Inter Miami,22,2001,1.5,2,2,1,1,0,0,1,1,0,0,0,0,2,3,0,Matches
105,Dylan Borrero,co COL,"FW,MF",NE Revolution,22,2002,10.5,5,5,2,1,2,2,8,6,8,0,8,11,16,5,0,Matches
106,Denis Bouanga,ga GAB,FW,LAFC,29,1994,30.6,32,20,10,6,16,12,33,21,24,0,24,8,40,13,0,Matches
107,Ousseni Bouda,bf BFA,FW,SJ Earthquakes,23,2000,4.2,3,2,0,2,1,2,3,1,2,0,2,1,4,7,0,Matches
108,Aaron Boupendza,ga GAB,"FW,MF",FC Cincinnati,27,1996,6.1,4,2,0,3,1,1,7,6,4,2,2,3,7,6,0,Matches
109,Giuseppe Bovalina,au AUS,"DF,FW",Vancouver W'caps,19,2004,1.9,3,2,2,1,0,2,2,0,0,0,0,0,3,5,0,Matches
110,Michael Boxall,nz NZL,DF,Minnesota Utd,35,1988,31.5,30,16,21,6,3,18,28,10,40,24,16,28,58,155,2,Matches
111,Tyler Boyd,us USA,"FW,MF",Nashville SC,29,1994,12.6,14,12,5,6,3,10,23,13,11,1,10,5,19,6,0,Matches
112,Chris Brady,us USA,GK,Chicago Fire,19,2004,33.0,0,0,0,0,0,0,2,2,0,0,0,0,0,20,4,Matches
113,Alejandro Bran,cr CRC,MF,Minnesota Utd,22,2001,4.8,7,3,2,4,1,4,9,5,7,1,6,5,12,3,0,Matches
114,Claudio Bravo,ar ARG,DF,Portland Timbers,26,1997,17.7,61,37,34,19,8,33,70,37,44,9,35,26,87,51,1,Matches
115,David Brekalo,si SVN,DF,Orlando City,25,1998,12.6,19,4,11,8,0,13,18,5,12,5,7,18,37,41,0,Matches
116,Luke Brennan,us USA,"FW,DF",Atlanta Utd,18,2005,1.7,1,1,0,1,0,1,2,1,2,0,2,0,1,0,0,Matches
117,Sebastian Breza,ca CAN,GK,CF Montréal,25,1998,1.0,0,0,0,0,0,0,0,0,0,0,0,0,0,1,0,Matches
118,Yannick Bright,it ITA,MF,Inter Miami,22,2001,15.6,49,34,18,25,6,21,46,25,31,13,18,32,81,36,0,Matches
119,Andrew Brody,us USA,DF,Real Salt Lake,28,1995,23.4,20,16,13,7,0,9,24,15,20,11,9,27,47,55,1,Matches
120,Brandt Bronico,us USA,MF,Charlotte,28,1995,19.3,27,15,13,8,6,12,28,16,22,6,16,13,40,24,0,Matches
121,Lachlan Brook,au AUS,FW,Real Salt Lake,22,2001,2.6,4,1,1,2,1,1,4,3,1,1,0,4,8,3,0,Matches
122,Javain Brown,jm JAM,DF,Vancouver W'caps,24,1999,10.8,14,9,8,6,0,10,12,2,14,8,6,10,24,37,1,Matches
123,Javain Brown,jm JAM,DF,Real Salt Lake,24,1999,3.7,5,3,2,3,0,2,3,1,4,2,2,3,8,24,0,Matches
124,Gastón Brugman,uy URU,MF,LA Galaxy,31,1992,13.2,38,18,21,13,4,21,32,11,24,12,12,30,68,23,0,Matches
125,Pavel Bucha,cz CZE,MF,FC Cincinnati,25,1998,32.4,55,34,15,34,6,34,66,32,46,13,33,40,95,23,2,Matches
Rk,Player,Nation,Pos,Squad,Age,Born,90s,Tkl,TklW,Def 3rd,Mid 3rd,Att 3rd,Tkl,Att,Lost,Blocks,Sh,Pass,Int,Tkl+Int,Clr,Err,Matches
126,Noel Buck,eng ENG,"MF,FW",NE Revolution,18,2005,6.0,11,4,5,5,1,4,5,1,7,3,4,3,14,4,0,Matches
127,Dawid Bugaj,pl POL,DF,CF Montréal,19,2004,1.8,3,1,0,3,0,1,1,0,2,1,1,0,3,6,0,Matches
128,Osman Bukari,gh GHA,"FW,MF",Austin,25,1998,6.8,7,3,3,3,1,3,8,5,7,1,6,3,10,3,0,Matches
129,Teal Bunbury,us USA,FW,Nashville SC,33,1990,12.8,11,4,7,4,0,3,8,5,7,1,6,8,19,11,0,Matches
130,Cory Burke,jm JAM,FW,NY Red Bulls,32,1991,3.3,7,4,1,3,3,1,3,2,4,0,4,1,8,6,0,Matches
131,Roman Bürki,ch SUI,GK,St. Louis,33,1990,31.3,0,0,0,0,0,0,1,1,0,0,0,0,0,9,5,Matches
132,Evan Bush,us USA,GK,Columbus Crew,37,1986,1.4,0,0,0,0,0,0,0,0,0,0,0,0,0,0,0,Matches
133,Sergio Busquets,es ESP,"MF,DF",Inter Miami,35,1988,27.6,72,45,35,30,7,47,84,37,45,15,30,30,102,44,6,Matches
134,Brandon Bye,us USA,DF,NE Revolution,28,1995,8.7,5,1,0,3,2,2,12,10,10,5,5,13,18,27,0,Matches
135,Nathan Byrne,eng ENG,DF,Charlotte,31,1992,31.0,31,16,22,5,4,20,33,13,24,11,13,25,56,80,2,Matches
136,Kevin Cabral,fr FRA,"FW,MF",Colorado Rapids,24,1999,14.5,15,7,6,6,3,6,21,15,17,2,15,12,27,16,1,Matches
137,Martín Cáceres,uy URU,DF,LA Galaxy,36,1987,11.9,13,8,12,0,1,6,8,2,12,10,2,10,23,47,0,Matches
138,Deiber Caicedo,co COL,"FW,DF",Vancouver W'caps,23,2000,1.4,2,1,0,1,1,2,2,0,1,0,1,1,3,0,0,Matches
139,Noel Caliskan,de GER,MF,Real Salt Lake,23,2000,2.2,6,3,0,5,1,4,5,1,3,1,2,5,11,3,0,Matches
140,Drake Callender,us USA,GK,Inter Miami,26,1997,32.0,2,1,2,0,0,1,1,0,0,0,0,1,3,15,5,Matches
141,Rudy Camacho,fr FRA,DF,Columbus Crew,32,1991,25.7,38,19,24,11,3,24,31,7,32,20,12,41,79,75,3,Matches
142,Brandon Cambridge,us USA,FW,Charlotte,21,2002,0.3,0,0,0,0,0,0,1,1,0,0,0,0,0,0,0,Matches
143,Leonardo Campana,ec ECU,FW,Inter Miami,23,2000,14.2,13,8,0,8,5,3,12,9,11,2,9,2,15,11,0,Matches
144,George Campbell,us USA,DF,CF Montréal,22,2001,24.4,36,26,26,8,2,21,33,12,36,21,15,36,72,95,4,Matches
145,Omar Campos,mx MEX,"DF,MF",LAFC,21,2002,17.9,25,12,21,3,1,18,41,23,13,1,12,30,55,41,0,Matches
146,Reggie Cannon,us USA,DF,Colorado Rapids,25,1998,3.8,4,0,3,1,0,2,3,1,3,2,1,4,8,9,0,Matches
147,Russell Canouse,us USA,"MF,DF",D.C. United,28,1995,0.2,2,2,2,0,0,0,0,0,1,1,0,1,3,0,0,Matches
148,Felipe Carballo,uy URU,MF,NY Red Bulls,27,1996,5.0,11,5,5,3,3,8,11,3,5,0,5,7,18,1,0,Matches
149,Nathan Cardoso,br BRA,DF,Seattle Sounders,28,1995,1.0,3,2,3,0,0,1,1,0,4,3,1,0,3,10,0,Matches
150,Wikelman Carmona,ve VEN,"MF,FW",NY Red Bulls,20,2003,17.7,53,36,30,14,9,21,39,18,32,2,30,15,68,13,1,Matches
Rk,Player,Nation,Pos,Squad,Age,Born,90s,Tkl,TklW,Def 3rd,Mid 3rd,Att 3rd,Tkl,Att,Lost,Blocks,Sh,Pass,Int,Tkl+Int,Clr,Err,Matches
151,Julián Carranza,ar ARG,FW,Philadelphia Union,23,2000,11.9,16,14,5,4,7,5,10,5,11,1,10,10,26,19,0,Matches
152,Adalberto Carrasquilla,pa PAN,"FW,MF",Houston Dynamo,25,1998,25.5,27,15,7,16,4,18,38,20,23,4,19,11,38,6,1,Matches
153,Wilder Cartagena,pe PER,"MF,DF",Orlando City,29,1994,24.4,76,48,30,38,8,37,65,28,30,9,21,20,96,42,1,Matches
154,Javier Casas,us USA,MF,Chicago Fire,20,2003,0.0,0,0,0,0,0,0,0,0,0,0,0,0,0,0,0,Matches
155,Julio Cascante,cr CRC,DF,Austin,30,1993,20.7,29,22,17,12,0,14,30,16,25,19,6,23,52,84,0,Matches
156,Robert Castellanos,us USA,DF,Sporting KC,25,1998,11.5,6,4,5,1,0,2,6,4,12,11,1,12,18,55,0,Matches
157,Roman Celentano,us USA,GK,FC Cincinnati,23,2000,30.0,0,0,0,0,0,0,3,3,0,0,0,0,0,12,2,Matches
158,Edwin Cerrillo,us USA,MF,LA Galaxy,23,2000,23.1,34,21,21,10,3,15,32,17,27,9,18,14,48,33,1,Matches
159,Dylan Chambost,fr FRA,"MF,FW",Columbus Crew,26,1997,6.1,9,5,3,4,2,2,4,2,10,1,9,5,14,5,0,Matches
160,Tomás Chancalay,ar ARG,FW,NE Revolution,25,1999,10.3,10,4,3,5,2,4,20,16,10,0,10,1,11,2,1,Matches
161,Maikel Chang,cu CUB,"FW,MF",Real Salt Lake,32,1991,4.1,9,7,4,5,0,5,12,7,10,0,10,3,12,7,0,Matches
162,Maxime Chanot,lu LUX,DF,LAFC,34,1989,14.8,20,15,15,5,0,11,19,8,26,21,5,24,44,79,0,Matches
163,Diego Chará,co COL,MF,Portland Timbers,37,1986,26.9,63,40,33,27,3,30,43,13,25,10,15,34,97,34,2,Matches
164,Gabriel Chaves,br BRA,FW,LA Galaxy,22,2001,30.3,38,25,17,15,6,13,36,23,26,3,23,20,58,8,0,Matches
165,Yevhen Cheberko,ua UKR,DF,Columbus Crew,26,1998,18.8,26,14,13,9,4,13,26,13,26,15,11,27,53,67,0,Matches
166,Mathieu Choiniere,ca CAN,MF,CF Montréal,24,1999,16.6,34,22,14,14,6,15,28,13,20,4,16,7,41,19,2,Matches
167,Léo Chú,br BRA,"FW,MF",Seattle Sounders,23,2000,7.9,19,10,10,6,3,2,6,4,10,0,10,4,23,2,0,Matches
168,Caden Clark,us USA,"DF,FW",Minnesota Utd,20,2003,11.5,31,20,15,12,4,13,25,12,24,6,18,15,46,14,1,Matches
169,Caden Clark,us USA,MF,CF Montréal,20,2003,7.4,15,11,5,8,2,7,9,2,8,1,7,0,15,5,0,Matches
170,Steve Clark,us USA,GK,Houston Dynamo,37,1986,30.8,1,1,1,0,0,1,1,0,0,0,0,0,1,13,2,Matches
171,Noah Cobb,us USA,DF,Atlanta Utd,18,2005,15.0,20,14,12,8,0,15,22,7,24,16,8,9,29,60,0,Matches
172,Matías Cóccaro,uy URU,"FW,MF",CF Montréal,26,1997,10.0,9,7,1,6,2,4,6,2,19,3,16,3,12,10,0,Matches
173,Alonso Coello,es ESP,MF,Toronto FC,24,1999,17.0,44,24,22,19,3,25,42,17,26,4,22,27,71,11,1,Matches
174,Josh Cohen,us USA,GK,Atlanta Utd,31,1992,2.3,0,0,0,0,0,0,0,0,0,0,0,0,0,0,0,Matches
175,Enzo Copetti,ar ARG,FW,Charlotte,28,1996,5.5,1,0,0,1,0,0,3,3,2,1,1,2,3,3,0,Matches
Rk,Player,Nation,Pos,Squad,Age,Born,90s,Tkl,TklW,Def 3rd,Mid 3rd,Att 3rd,Tkl,Att,Lost,Blocks,Sh,Pass,Int,Tkl+Int,Clr,Err,Matches
176,Gabriele Corbo,it ITA,DF,CF Montréal,24,2000,19.2,16,11,8,7,1,8,14,6,29,23,6,14,30,102,0,Matches
177,Carlos Coronel,py PAR,GK,NY Red Bulls,27,1996,27.0,0,0,0,0,0,0,3,3,0,0,0,0,0,21,2,Matches
178,Vitor Costa,br BRA,DF,SJ Earthquakes,29,1994,23.3,81,43,44,31,6,45,77,32,29,7,22,28,109,93,1,Matches
179,Ben Cremaschi,us USA,MF,Inter Miami,18,2005,12.7,19,15,8,9,2,9,25,16,14,3,11,16,35,12,0,Matches
180,Maxime Crépeau,ca CAN,GK,Portland Timbers,29,1994,19.5,1,1,1,0,0,1,2,1,0,0,0,1,2,14,3,Matches
181,Matt Crooks,eng ENG,MF,Real Salt Lake,30,1994,20.9,34,24,7,23,4,17,34,17,26,1,25,17,51,22,1,Matches
182,Andrés Cubas,py PAR,MF,Vancouver W'caps,27,1996,21.5,73,41,23,44,6,26,52,26,34,7,27,41,114,22,1,Matches
183,Cucho,co COL,"FW,MF",Columbus Crew,24,1999,23.5,30,18,7,8,15,10,18,8,21,1,20,12,42,7,0,Matches
184,Mauricio Cuevas,us USA,"DF,FW",LA Galaxy,20,2003,3.7,10,7,6,2,2,2,4,2,4,2,2,11,21,15,0,Matches
185,Hugo Cuypers,be BEL,FW,Chicago Fire,26,1997,29.1,37,25,6,20,11,12,51,39,39,4,35,10,47,29,0,Matches
186,Rafael Czichos,de GER,DF,Chicago Fire,33,1990,26.0,58,38,41,15,2,35,53,18,46,20,26,35,93,87,3,Matches
187,Cristián Dajome,co COL,"DF,FW",D.C. United,30,1994,22.5,43,29,17,21,5,22,49,27,31,5,26,15,58,27,0,Matches
188,Dagur Dan Þórhallsson,is ISL,DF,Orlando City,23,2000,26.8,47,31,28,10,9,22,40,18,13,6,7,21,68,56,1,Matches
189,Daniel,br BRA,GK,SJ Earthquakes,29,1994,12.0,0,0,0,0,0,0,1,1,0,0,0,0,0,7,0,Matches
190,Jesús Daniel Bueno,ve VEN,MF,Philadelphia Union,24,1999,6.9,17,13,7,8,2,9,22,13,7,0,7,11,28,2,0,Matches
191,Héctor David Martínez,py PAR,DF,Inter Miami,26,1998,3.1,7,6,6,1,0,3,6,3,4,1,3,8,15,17,0,Matches
192,Juan David Mosquera,co COL,DF,Portland Timbers,21,2002,30.9,52,36,34,13,5,24,61,37,28,6,22,20,72,51,1,Matches
193,Jesús David Murillo,co COL,DF,LAFC,29,1994,18.8,38,23,32,6,0,24,39,15,24,16,8,28,66,82,1,Matches
194,Jake Davis,us USA,"DF,MF",Sporting KC,22,2002,24.7,73,38,25,38,10,29,71,42,40,6,34,28,101,42,1,Matches
195,Sean Davis,us USA,MF,Nashville SC,30,1993,15.1,18,11,10,7,1,5,12,7,19,6,13,21,39,22,0,Matches
196,Pedro De la Vega,ar ARG,"FW,MF",Seattle Sounders,22,2001,7.2,14,10,2,10,2,6,14,8,9,2,7,0,14,2,0,Matches
197,Jonathan Dean,us USA,DF,Chicago Fire,26,1997,12.3,22,12,11,10,1,8,18,10,17,6,11,15,37,42,0,Matches
198,Brecht Dejaegere,be BEL,"FW,MF",Charlotte,32,1991,10.2,25,13,4,15,6,10,26,16,15,1,14,10,35,9,0,Matches
199,Marky Delgado,us USA,MF,LA Galaxy,28,1995,27.4,68,44,29,28,11,35,72,37,51,9,42,33,101,33,2,Matches
200,Patrickson Delgado,ec ECU,MF,FC Dallas,20,2003,12.9,24,17,8,10,6,10,24,14,17,2,15,22,46,13,1,Matches
Rk,Player,Nation,Pos,Squad,Age,Born,90s,Tkl,TklW,Def 3rd,Mid 3rd,Att 3rd,Tkl,Att,Lost,Blocks,Sh,Pass,Int,Tkl+Int,Clr,Err,Matches
201,Mikkel Desler,dk DEN,DF,Austin,28,1995,5.4,14,9,8,5,1,6,9,3,9,2,7,7,21,7,0,Matches
202,Lamine Diack,sn SEN,"FW,MF",Colorado Rapids,23,2000,0.2,3,2,3,0,0,1,1,0,0,0,0,2,5,0,0,Matches
203,Djibril Diani,fr FRA,MF,Charlotte,25,1998,19.8,49,30,18,24,7,23,44,21,35,5,30,26,75,17,0,Matches
204,Marcos Dias,br BRA,FW,NE Revolution,22,2001,0.0,0,0,0,0,0,0,0,0,0,0,0,0,0,0,0,Matches
205,Jefferson Díaz,co COL,DF,Minnesota Utd,23,2000,8.9,17,12,11,6,0,9,15,6,9,2,7,8,25,29,0,Matches
206,Ronald Donkor,ml MLI,"MF,DF",NY Red Bulls,19,2004,10.4,20,14,5,13,2,7,19,12,9,3,6,13,33,11,0,Matches
207,Christopher Donovan,us USA,"FW,MF",Philadelphia Union,23,2000,4.2,8,5,2,3,3,4,6,2,6,0,6,2,10,1,0,Matches
208,Griffin Dorsey,us USA,DF,Houston Dynamo,24,1999,29.5,38,22,19,15,4,19,36,17,15,5,10,18,56,55,0,Matches
209,C.J. dos Santos,us USA,GK,Inter Miami,23,2000,1.0,0,0,0,0,0,0,0,0,0,0,0,0,0,0,0,Matches
210,Hassani Dotson,us USA,MF,Minnesota Utd,26,1997,25.0,45,27,14,25,6,17,30,13,30,2,28,34,79,40,0,Matches
211,Sebastián Driussi,ar ARG,"MF,FW",Austin,27,1996,25.1,22,15,8,8,6,9,26,17,21,2,19,8,30,27,3,Matches
212,Erik Duenas,us USA,MF,LAFC,19,2004,4.3,13,8,5,6,2,9,17,8,1,0,1,9,22,4,0,Matches
213,Morris Duggan,de GER,DF,Minnesota Utd,23,2000,0.5,0,0,0,0,0,0,0,0,1,1,0,1,1,3,0,Matches
214,Bryce Duke,us USA,MF,CF Montréal,22,2001,23.8,33,22,10,17,6,14,35,21,22,2,20,19,52,14,1,Matches
215,Kyle Duncan,us USA,DF,NY Red Bulls,26,1997,14.3,30,25,16,9,5,20,30,10,20,3,17,19,49,32,0,Matches
216,Chris Durkin,us USA,MF,St. Louis,23,2000,25.1,67,43,26,28,13,37,59,22,37,5,32,39,106,36,1,Matches
217,Nikolas Dyhr,dk DEN,DF,St. Louis,22,2001,1.5,2,1,1,1,0,2,4,2,1,0,1,0,2,5,0,Matches
218,Jeremy Ebobisse,us USA,FW,SJ Earthquakes,26,1997,21.5,10,7,2,3,5,3,7,4,11,1,10,6,16,13,0,Matches
219,Daniel Edelman,us USA,MF,NY Red Bulls,20,2003,28.0,44,21,8,34,2,17,50,33,44,13,31,34,78,43,2,Matches
220,Earl Edwards Jr.,us USA,GK,NE Revolution,32,1992,1.0,0,0,0,0,0,0,0,0,0,0,0,0,0,1,1,Matches
221,Matthew Edwards,us USA,DF,Atlanta Utd,20,2003,0.0,0,0,0,0,0,0,0,0,0,0,0,0,0,0,0,Matches
222,Michael Edwards,us USA,DF,Colorado Rapids,23,2000,2.3,5,3,5,0,0,5,8,3,7,5,2,4,9,8,0,Matches
223,Raheem Edwards,ca CAN,"DF,MF",CF Montréal,28,1995,17.2,46,31,29,6,11,15,35,20,23,2,21,26,72,25,0,Matches
224,Noah Eile,se SWE,DF,NY Red Bulls,21,2002,26.9,32,21,17,15,0,16,23,7,21,13,8,50,82,107,1,Matches
225,Piero Elias,us USA,FW,NYCFC,21,2002,0.0,0,0,0,0,0,0,0,0,0,0,0,0,0,0,0,Matches
Rk,Player,Nation,Pos,Squad,Age,Born,90s,Tkl,TklW,Def 3rd,Mid 3rd,Att 3rd,Tkl,Att,Lost,Blocks,Sh,Pass,Int,Tkl+Int,Clr,Err,Matches
226,Jack Elliott,eng ENG,DF,Philadelphia Union,28,1995,26.6,47,26,34,13,0,25,36,11,49,31,18,36,83,115,1,Matches
227,Herbert Endeley,us USA,"MF,DF",FC Dallas,22,2001,1.3,1,1,1,0,0,1,1,0,1,0,1,1,2,3,0,Matches
228,Emeka Eneli,us USA,MF,Real Salt Lake,24,1999,29.6,54,35,19,30,5,25,57,32,46,10,36,52,106,25,0,Matches
229,Lawrence Ennali,de GER,FW,Houston Dynamo,21,2002,0.5,1,0,0,1,0,0,0,0,0,0,0,0,1,0,0,Matches
230,Boris Enow,cm CMR,MF,D.C. United,23,2000,3.4,8,6,3,4,1,2,4,2,6,2,4,1,9,9,0,Matches
231,Ramiro Enrique,ar ARG,FW,Orlando City,22,2001,12.0,5,1,4,1,0,0,5,5,10,1,9,3,8,15,0,Matches
232,Victor Enriquez,,MF,Portland Timbers,17,2006,0.1,0,0,0,0,0,0,0,0,1,0,1,0,0,0,0,Matches
233,Victor Eriksson,se SWE,DF,Minnesota Utd,23,2000,1.8,1,1,1,0,0,0,0,0,0,0,0,0,1,7,1,Matches
234,Franco Escobar,ar ARG,DF,Houston Dynamo,28,1995,20.2,77,47,37,30,10,45,68,23,28,6,22,27,104,43,0,Matches
235,Cristian Espinoza,ar ARG,"FW,MF",SJ Earthquakes,28,1995,33.0,40,21,11,16,13,15,56,41,38,1,37,18,58,31,0,Matches
236,Derrick Etienne,ht HAI,"MF,FW",Toronto FC,27,1996,18.3,11,10,2,6,3,5,12,7,17,3,14,7,18,11,0,Matches
237,Derrick Etienne,ht HAI,"FW,MF",Atlanta Utd,27,1996,0.3,1,1,1,0,0,1,1,0,0,0,0,2,3,0,0,Matches
238,Evander,br BRA,MF,Portland Timbers,25,1998,27.3,33,22,10,12,11,18,40,22,18,1,17,7,40,11,0,Matches
239,Diego Fagúndez,uy URU,"FW,MF",LA Galaxy,28,1995,18.6,17,9,9,5,3,8,19,11,13,1,12,5,22,10,0,Matches
240,Marco Farfan,us USA,DF,FC Dallas,25,1998,22.5,49,31,28,16,5,25,36,11,18,8,10,22,71,41,0,Matches
241,Bryant Farkarlun,lr LBR,FW,Austin,22,2001,0.1,0,0,0,0,0,0,0,0,0,0,0,0,0,0,0,Matches
242,Andrew Farrell,us USA,"DF,MF",NE Revolution,31,1992,6.1,8,7,6,2,0,5,7,2,7,6,1,3,11,12,0,Matches
243,Logan Farrington,us USA,"FW,MF",FC Dallas,22,2001,13.6,13,8,3,7,3,4,12,8,15,2,13,6,19,14,1,Matches
244,Mohamed Farsi,dz ALG,DF,Columbus Crew,24,1999,20.8,21,14,9,7,5,11,19,8,20,2,18,7,28,25,0,Matches
245,Felipe,br BRA,"MF,FW",Orlando City,33,1990,3.9,11,10,7,4,0,8,14,6,3,0,3,6,17,7,1,Matches
246,Joaquín Fernández,es ESP,DF,Sporting KC,27,1996,1.3,5,1,4,0,1,4,4,0,2,2,0,3,8,6,0,Matches
247,Julián Fernández,ar ARG,"FW,MF",NYCFC,20,2004,7.5,11,8,3,6,2,3,7,4,15,0,15,5,16,0,1,Matches
248,Omir Fernandez,us USA,"FW,MF",Colorado Rapids,24,1999,18.8,26,18,6,11,9,14,26,12,16,1,15,10,36,9,0,Matches
249,Jesús Ferreira,us USA,"MF,FW",FC Dallas,23,2000,14.7,18,12,12,5,1,7,16,9,8,1,7,5,23,11,0,Matches
250,Sebastián Ferreira,py PAR,FW,Houston Dynamo,25,1998,8.0,5,3,0,3,2,1,9,8,8,1,7,0,5,4,0,Matches
Rk,Player,Nation,Pos,Squad,Age,Born,90s,Tkl,TklW,Def 3rd,Mid 3rd,Att 3rd,Tkl,Att,Lost,Blocks,Sh,Pass,Int,Tkl+Int,Clr,Err,Matches
251,Ethan Finlay,us USA,"FW,MF",Austin,33,1990,9.2,13,6,4,4,5,7,15,8,7,1,6,1,14,9,0,Matches
252,Nicolas Firmino,us USA,"FW,MF",Atlanta Utd,23,2001,1.8,1,1,0,1,0,1,1,0,2,0,2,1,2,0,0,Matches
253,Leon Flach,us USA,MF,Philadelphia Union,22,2001,20.3,50,26,25,21,4,23,38,15,31,5,26,42,92,22,0,Matches
254,Kristian Fletcher,us USA,"FW,MF",D.C. United,18,2005,2.7,3,2,2,1,0,3,8,5,4,0,4,2,5,3,0,Matches
255,Nicolas Fleuriau,ca CAN,"DF,FW",Vancouver W'caps,21,2002,0.4,0,0,0,0,0,0,0,0,2,0,2,0,0,1,0,Matches
256,Deybi Flores,hn HON,MF,Toronto FC,27,1996,23.2,65,44,29,31,5,27,60,33,22,8,14,36,101,48,1,Matches
257,CJ Fodrey,us USA,"FW,MF",Austin,19,2004,2.2,5,2,1,2,2,1,4,3,1,0,1,1,6,1,0,Matches
258,Nathan Fogaça,br BRA,"FW,MF",Portland Timbers,24,1999,2.0,0,0,0,0,0,0,2,2,1,0,1,2,2,2,0,Matches
259,Andreu Fontàs,es ESP,DF,Sporting KC,34,1989,15.7,22,13,13,8,1,13,35,22,20,6,14,25,47,44,0,Matches
260,Emil Forsberg,se SWE,MF,NY Red Bulls,32,1991,15.1,13,10,1,6,6,4,16,12,7,1,6,4,17,4,0,Matches
261,Ajani Fortune,tt TRI,"MF,FW",Atlanta Utd,21,2002,14.5,27,21,12,12,3,12,20,8,13,5,8,17,44,16,0,Matches
262,Isaiah Foster,us USA,DF,FC Cincinnati,20,2003,0.0,0,0,0,0,0,0,0,0,0,0,0,0,0,0,0,Matches
263,Franco Fragapane,ar ARG,"MF,FW",Minnesota Utd,30,1993,9.2,11,6,1,6,4,5,18,13,5,0,5,3,14,3,0,Matches
264,Kobe Franklin,ca CAN,"DF,MF",Toronto FC,20,2003,7.9,5,4,1,2,2,4,9,5,7,1,6,4,9,19,0,Matches
265,Liam Fraser,ca CAN,MF,FC Dallas,25,1998,15.3,19,11,8,9,2,14,21,7,20,11,9,13,32,20,1,Matches
266,Ian Fray,jm JAM,DF,Inter Miami,21,2002,7.3,17,12,15,1,1,7,13,6,10,4,6,14,31,17,2,Matches
267,Carl Fred Sainté,ht HAI,MF,FC Dallas,21,2002,1.7,4,3,2,1,1,3,5,2,5,2,3,5,9,9,0,Matches
268,Wayne Frederick,tt TRI,MF,Colorado Rapids,19,2004,0.0,0,0,0,0,0,0,0,0,0,0,0,0,0,1,0,Matches
269,Alex Freeman,us USA,"DF,MF",Orlando City,19,2004,0.1,0,0,0,0,0,0,0,0,0,0,0,0,0,0,0,Matches
270,Matt Freese,us USA,GK,NYCFC,25,1998,33.1,2,1,2,0,0,2,5,3,1,0,1,0,2,11,6,Matches
271,Stefan Frei,ch SUI,GK,Seattle Sounders,37,1986,27.4,0,0,0,0,0,0,1,1,0,0,0,0,0,6,3,Matches
272,Nicolás Freire,ar ARG,DF,Inter Miami,29,1994,8.2,9,4,8,1,0,7,11,4,16,9,7,13,22,41,0,Matches
273,Malcolm Fry,us USA,FW,NE Revolution,18,2005,0.3,0,0,0,0,0,0,0,0,0,0,0,0,0,0,0,Matches
274,Julian Gaines,us USA,DF,Nashville SC,21,2002,2.5,6,5,3,2,1,5,5,0,2,1,1,7,13,7,0,Matches
275,McKinze Gaines,us USA,"FW,MF",Houston Dynamo,25,1998,1.7,5,4,4,1,0,2,2,0,3,0,3,1,6,0,0,Matches
Rk,Player,Nation,Pos,Squad,Age,Born,90s,Tkl,TklW,Def 3rd,Mid 3rd,Att 3rd,Tkl,Att,Lost,Blocks,Sh,Pass,Int,Tkl+Int,Clr,Err,Matches
276,McKinze Gaines,us USA,"MF,DF",Nashville SC,25,1998,1.4,1,1,0,1,0,0,2,2,0,0,0,0,1,0,0,Matches
277,Jon Gallagher,ie IRL,DF,Austin,27,1996,29.6,41,31,26,12,3,21,43,22,21,7,14,15,56,54,0,Matches
278,Pedro Gallese,pe PER,GK,Orlando City,33,1990,29.0,0,0,0,0,0,0,1,1,0,0,0,0,0,8,3,Matches
279,Jeremy Garay,sv SLV,FW,D.C. United,20,2003,0.1,1,1,1,0,0,0,0,0,0,0,0,1,2,0,0,Matches
280,Carlos Garcés,co COL,DF,LA Galaxy,22,2001,4.4,16,7,11,5,0,4,8,4,5,1,4,6,22,20,0,Matches
281,Chase Gasper,us USA,DF,Chicago Fire,28,1996,2.7,2,1,2,0,0,2,2,0,3,0,3,7,9,14,0,Matches
282,Ryan Gauld,sct SCO,"FW,MF",Vancouver W'caps,28,1995,27.3,60,34,12,33,15,23,46,23,31,0,31,7,67,12,1,Matches
283,Luka Gavran,ca CAN,GK,Toronto FC,23,2000,9.0,2,2,2,0,0,1,1,0,0,0,0,0,2,7,2,Matches
284,Dániel Gazdag,hu HUN,"MF,FW",Philadelphia Union,27,1996,27.8,32,20,8,17,7,8,25,17,15,1,14,8,40,7,0,Matches
285,Giorgos Giakoumakis,gr GRE,FW,Atlanta Utd,29,1994,8.0,9,7,0,7,2,6,8,2,6,1,5,3,12,10,0,Matches
286,Carles Gil,es ESP,MF,NE Revolution,31,1992,25.4,11,8,2,7,2,4,19,15,15,0,15,6,17,3,1,Matches
287,Nacho Gil,es ESP,"FW,MF",NE Revolution,28,1995,7.0,13,8,8,2,3,3,11,8,5,1,4,7,20,4,0,Matches
288,Gastón Giménez,py PAR,MF,Chicago Fire,32,1991,18.8,53,38,25,23,5,25,49,24,28,7,21,34,87,30,0,Matches
289,Nicholas Gioacchini,us USA,"FW,MF",FC Cincinnati,23,2000,4.8,5,5,2,2,1,2,6,4,7,1,6,2,7,0,0,Matches
290,Jake Girdwood-Reich,au AUS,"MF,FW",St. Louis,19,2004,1.7,4,3,3,1,0,2,5,3,4,1,3,2,6,1,0,Matches
291,Olivier Giroud,fr FRA,FW,LAFC,37,1986,6.7,3,2,1,1,1,1,3,2,5,1,4,1,4,7,0,Matches
292,Dennis Gjengaar,no NOR,"MF,FW",NY Red Bulls,19,2004,10.4,9,4,1,5,3,4,16,12,18,1,17,6,15,5,0,Matches
293,Justen Glad,us USA,DF,Real Salt Lake,26,1997,25.0,22,15,13,8,1,11,24,13,43,31,12,40,62,80,1,Matches
294,Omari Glasgow,gy GUY,MF,Chicago Fire,20,2003,0.4,1,1,0,1,0,1,1,0,2,1,1,0,1,0,0,Matches
295,Jakob Glesnes,no NOR,DF,Philadelphia Union,29,1994,31.2,52,24,41,10,1,34,60,26,44,30,14,47,99,124,1,Matches
296,Caden Glover,us USA,FW,St. Louis,16,2007,0.6,0,0,0,0,0,0,0,0,0,0,0,0,0,1,0,Matches
297,Aníbal Godoy,pa PAN,MF,Nashville SC,33,1990,16.6,33,22,12,21,0,16,27,11,16,3,13,33,66,9,1,Matches
298,Yeimar Gómez Andrade,co COL,DF,Seattle Sounders,31,1992,27.4,45,32,31,12,2,17,29,12,37,20,17,57,102,141,1,Matches
299,Carlos Gómez,co COL,FW,Real Salt Lake,21,2002,20.1,39,27,14,16,9,15,41,26,24,4,20,7,46,11,0,Matches
300,Diego Gómez,py PAR,"FW,MF",Inter Miami,20,2003,15.0,48,28,16,21,11,21,56,35,28,1,27,13,61,10,1,Matches
Rk,Player,Nation,Pos,Squad,Age,Born,90s,Tkl,TklW,Def 3rd,Mid 3rd,Att 3rd,Tkl,Att,Lost,Blocks,Sh,Pass,Int,Tkl+Int,Clr,Err,Matches
301,Nicksoen Gomis,fr FRA,DF,Toronto FC,21,2002,22.7,37,22,22,13,2,20,23,3,22,8,14,20,57,44,2,Matches
302,Diogo Gonçalves,pt POR,"MF,FW",Real Salt Lake,26,1997,6.1,9,4,0,6,3,1,7,6,4,0,4,2,11,1,0,Matches
303,Omar Gonzalez,us USA,DF,FC Dallas,35,1988,9.3,4,2,3,1,0,1,2,1,13,9,4,4,8,43,1,Matches
304,Zavier Gozo,us USA,FW,Real Salt Lake,16,2007,0.1,0,0,0,0,0,0,0,0,1,0,1,1,1,0,0,Matches
305,Tayvon Gray,jm JAM,DF,NYCFC,21,2002,18.2,37,20,20,11,6,24,35,11,24,5,19,29,66,39,0,Matches
306,Ján Greguš,sk SVK,MF,Houston Dynamo,33,1991,4.2,4,4,1,3,0,1,4,3,3,0,3,4,8,1,1,Matches
307,Julian Gressel,us USA,"MF,FW",Inter Miami,30,1993,26.0,27,15,9,13,5,10,32,22,17,4,13,12,39,13,2,Matches
308,Carlos Gruezo,ec ECU,MF,SJ Earthquakes,28,1995,21.9,53,27,22,29,2,21,45,24,18,1,17,28,81,38,2,Matches
309,Brian Gutiérrez,us USA,"MF,FW",Chicago Fire,20,2003,26.4,44,19,10,27,7,19,43,24,17,0,17,17,61,9,0,Matches
310,Andrew Gutman,us USA,DF,Chicago Fire,27,1996,8.1,21,16,13,7,1,8,15,7,6,2,4,9,30,20,2,Matches
311,Brad Guzan,us USA,GK,Atlanta Utd,39,1984,31.7,0,0,0,0,0,0,0,0,1,0,1,1,1,15,1,Matches
312,Justin Haak,us USA,"DF,MF",NYCFC,22,2001,8.7,13,11,5,7,1,8,16,8,17,6,11,15,28,20,0,Matches
313,Taha Habroune,us USA,MF,Columbus Crew,17,2006,1.0,3,2,0,2,1,2,4,2,6,1,5,1,4,2,0,Matches
314,Teenage Hadebe,zw ZIM,DF,FC Cincinnati,28,1995,2.1,3,3,1,1,1,1,2,1,6,1,5,5,8,5,0,Matches
315,Nicholas Hagen,gt GUA,GK,Columbus Crew,27,1996,3.6,0,0,0,0,0,0,0,0,0,0,0,0,0,2,2,Matches
316,Nick Hagglund,us USA,DF,FC Cincinnati,31,1992,5.1,5,5,4,1,0,4,5,1,4,2,2,9,14,23,0,Matches
317,Maren Haile-Selassie,ch SUI,"FW,MF",Chicago Fire,24,1999,22.6,14,12,5,5,4,8,23,15,19,1,18,9,23,7,0,Matches
318,Belal Halbouni,sy SYR,DF,Vancouver W'caps,24,1999,1.9,2,2,2,0,0,1,3,2,3,0,3,0,2,4,0,Matches
319,Julian Hall,us USA,"MF,FW",NY Red Bulls,15,2008,1.8,3,2,1,1,1,2,2,0,2,0,2,2,5,0,0,Matches
320,Michael Halliday,us USA,DF,Orlando City,21,2003,1.2,5,3,3,1,1,2,5,3,3,0,3,1,6,2,0,Matches
321,Bret Halsey,us USA,DF,FC Cincinnati,23,2000,5.4,12,9,4,4,4,6,9,3,8,1,7,2,14,5,0,Matches
322,Ian Harkes,us USA,MF,NE Revolution,28,1995,17.8,29,19,10,15,4,16,25,9,19,5,14,15,44,20,1,Matches
323,Cameron Harper,us USA,"MF,DF",NY Red Bulls,22,2001,15.8,13,10,7,2,4,8,18,10,13,1,12,7,20,14,0,Matches
324,Nathan Harriel,us USA,DF,Philadelphia Union,22,2001,26.4,65,39,23,28,14,31,46,15,50,15,35,39,104,93,1,Matches
325,Calvin Harris,eng ENG,FW,Colorado Rapids,23,2000,16.9,18,10,4,9,5,14,41,27,22,1,21,2,20,9,1,Matches
Rk,Player,Nation,Pos,Squad,Age,Born,90s,Tkl,TklW,Def 3rd,Mid 3rd,Att 3rd,Tkl,Att,Lost,Blocks,Sh,Pass,Int,Tkl+Int,Clr,Err,Matches
326,Marcel Hartel,de GER,"MF,FW",St. Louis,28,1996,9.0,11,7,5,5,1,5,12,7,5,2,3,6,17,11,0,Matches
327,Carlos Harvey,pa PAN,"DF,MF",Minnesota Utd,23,2000,11.6,25,17,13,10,2,11,19,8,14,8,6,17,42,40,0,Matches
328,Thomas Hasal,ca CAN,GK,LAFC,24,1999,1.0,0,0,0,0,0,0,0,0,0,0,0,0,0,0,0,Matches
329,Matt Hedges,us USA,DF,Austin,33,1990,9.7,6,2,5,1,0,5,7,2,14,10,4,10,16,57,0,Matches
330,Fabian Herbers,de GER,MF,Chicago Fire,30,1993,22.6,59,37,17,32,10,19,47,28,28,6,22,29,88,17,1,Matches
331,Jay Herdman,nz NZL,FW,Vancouver W'caps,19,2004,0.1,0,0,0,0,0,0,0,0,0,0,0,0,0,0,0,Matches
332,Felipe Hernandez,us USA,MF,Sporting KC,25,1998,4.2,4,1,2,2,0,1,5,4,10,1,9,2,6,1,0,Matches
333,Ronald Hernández,ve VEN,DF,Atlanta Utd,26,1997,7.9,11,4,7,4,0,6,11,5,3,2,1,10,21,20,0,Matches
334,Aaron Herrera,gt GUA,DF,D.C. United,26,1997,28.8,65,39,28,24,13,36,58,22,51,19,32,42,107,62,1,Matches
335,Héctor Herrera,mx MEX,MF,Houston Dynamo,33,1990,18.0,31,19,14,14,3,17,35,18,19,1,18,17,48,16,2,Matches
336,Marcelo Herrera,ar ARG,DF,Columbus Crew,25,1998,5.2,8,6,5,2,1,4,5,1,3,1,2,4,12,8,0,Matches
337,Bode Hidalgo,us USA,"DF,FW",Real Salt Lake,21,2002,16.2,38,30,25,13,0,22,35,13,22,9,13,17,55,44,0,Matches
338,Kyle Hiebert,ca CAN,DF,St. Louis,26,1997,15.2,28,19,16,9,3,19,28,9,21,12,9,17,45,63,0,Matches
339,Brendan Hines-Ike,us USA,DF,Austin,29,1994,24.7,24,15,15,7,2,11,20,9,38,32,6,8,32,85,1,Matches
340,Marino Hinestroza,co COL,"MF,FW",Columbus Crew,21,2002,3.9,6,6,0,4,2,1,6,5,4,1,3,1,7,0,0,Matches
341,Bongokuhle Hlongwane,za RSA,"FW,DF",Minnesota Utd,23,2000,21.3,27,13,10,14,3,11,23,12,32,7,25,11,38,25,0,Matches
342,Ryan Hollingshead,us USA,"DF,MF",LAFC,32,1991,24.5,63,44,40,17,6,37,57,20,31,8,23,40,103,63,0,Matches
343,Jackson Hopkins,us USA,MF,D.C. United,19,2004,10.6,21,13,8,12,1,12,26,14,10,0,10,2,23,19,0,Matches
344,Jannes Horn,de GER,DF,St. Louis,26,1997,6.2,6,5,1,4,1,3,7,4,9,3,6,1,7,15,0,Matches
345,Sebastien Ibeagha,us USA,DF,FC Dallas,32,1992,31.0,28,22,19,7,2,16,21,5,29,18,11,29,57,147,2,Matches
346,Aliyu Ibrahim,ng NGA,FW,Houston Dynamo,22,2002,29.4,37,26,13,10,14,15,36,21,23,1,22,13,50,20,0,Matches
347,Sunusi Ibrahim,ng NGA,"FW,MF",CF Montréal,21,2002,11.2,4,2,0,3,1,1,5,4,6,3,3,4,8,19,0,Matches
348,Tega Ikoba,us USA,"FW,MF",Portland Timbers,20,2003,0.1,0,0,0,0,0,0,0,0,0,0,0,0,0,0,0,Matches
349,Mitja Ilenič,si SVN,DF,NYCFC,19,2004,16.3,20,12,12,7,1,13,23,10,15,6,9,18,38,37,0,Matches
350,Asier Illarramendi,es ESP,MF,FC Dallas,33,1990,21.7,57,38,27,23,7,33,69,36,36,8,28,30,87,38,3,Matches
Rk,Player,Nation,Pos,Squad,Age,Born,90s,Tkl,TklW,Def 3rd,Mid 3rd,Att 3rd,Tkl,Att,Lost,Blocks,Sh,Pass,Int,Tkl+Int,Clr,Err,Matches
351,Bjørn Inge Utvik,no NOR,DF,Vancouver W'caps,27,1996,19.0,21,13,11,8,2,14,21,7,17,11,6,8,29,77,0,Matches
352,Lorenzo Insigne,it ITA,"MF,FW",Toronto FC,32,1991,15.0,11,8,5,3,3,4,13,9,14,0,14,8,19,1,0,Matches
353,Clint Irwin,us USA,GK,Minnesota Utd,34,1989,5.0,0,0,0,0,0,0,0,0,0,0,0,0,0,5,0,Matches
354,Aljaž Ivačič,si SVN,GK,NE Revolution,30,1993,25.0,1,1,1,0,0,1,1,0,0,0,0,0,1,11,1,Matches
355,Ousman Jabang,us USA,DF,CF Montréal,22,2001,0.0,2,2,2,0,0,1,1,0,1,0,1,0,2,0,0,Matches
356,Aziel Jackson,us USA,MF,Columbus Crew,22,2001,4.0,8,4,0,3,5,4,5,1,2,0,2,1,9,0,1,Matches
357,Aziel Jackson,us USA,"FW,MF",St. Louis,22,2001,8.9,15,9,5,7,3,5,13,8,8,0,8,6,21,4,0,Matches
358,Jacob Jackson,us USA,GK,SJ Earthquakes,23,2000,3.0,1,1,1,0,0,1,1,0,0,0,0,0,1,1,1,Matches
359,Robin Jansson,se SWE,DF,Orlando City,32,1991,29.6,20,12,14,5,1,10,21,11,35,23,12,31,51,93,0,Matches
360,Andres Jasson,us USA,"MF,FW",NYCFC,22,2002,1.7,8,5,6,1,1,3,5,2,1,0,1,1,9,5,0,Matches
361,Mohanad Jeahze,iq IRQ,MF,D.C. United,26,1997,0.0,0,0,0,0,0,0,0,0,0,0,0,0,0,0,0,Matches
362,Danley Jean-Jacques,ht HAI,MF,Philadelphia Union,23,2000,5.0,14,7,9,5,0,6,15,9,7,1,6,8,22,4,0,Matches
363,Hector Jiménez,us USA,DF,Austin,35,1988,6.4,7,4,4,1,2,3,12,9,10,2,8,10,17,13,0,Matches
364,Stiven Jimenez,us USA,MF,FC Cincinnati,16,2007,0.0,0,0,0,0,0,0,0,0,0,0,0,0,0,0,0,Matches
365,Levonte Johnson,ca CAN,"FW,MF",Vancouver W'caps,24,1999,7.4,8,7,7,1,0,4,7,3,6,0,6,2,10,2,0,Matches
366,Sean Johnson,us USA,GK,Toronto FC,34,1989,25.0,0,0,0,0,0,0,0,0,1,0,1,0,0,19,1,Matches
367,DeJuan Jones,us USA,DF,NE Revolution,26,1997,15.7,31,25,21,8,2,15,28,13,24,6,18,22,53,41,0,Matches
368,DeJuan Jones,us USA,DF,Columbus Crew,26,1997,4.5,7,6,5,2,0,7,10,3,5,1,4,5,12,6,0,Matches
369,Derrick Jones,us USA,MF,Columbus Crew,26,1997,5.3,14,8,6,8,0,9,10,1,3,0,3,5,19,8,0,Matches
370,Isaiah Jones,us USA,"MF,FW",Nashville SC,17,2006,0.1,1,1,0,1,0,0,0,0,0,0,0,0,1,0,1,Matches
371,Malachi Jones,sl SLE,FW,NYCFC,20,2003,5.4,15,10,2,9,4,4,6,2,8,1,7,3,18,7,0,Matches
372,Dejan Joveljić,rs SRB,FW,LA Galaxy,24,1999,21.4,10,8,3,1,6,4,11,7,10,1,9,1,11,22,0,Matches
373,Mykhi Joyner,us USA,FW,St. Louis,17,2006,0.5,1,0,1,0,0,1,2,1,3,0,3,0,1,0,0,Matches
374,Preston Judd,us USA,FW,SJ Earthquakes,24,1999,8.0,5,2,2,2,1,0,3,3,11,1,10,1,6,2,0,Matches
375,Anderson Julio,ec ECU,"FW,MF",Real Salt Lake,27,1996,15.5,8,6,1,2,5,2,15,13,11,0,11,7,15,13,0,Matches
Rk,Player,Nation,Pos,Squad,Age,Born,90s,Tkl,TklW,Def 3rd,Mid 3rd,Att 3rd,Tkl,Att,Lost,Blocks,Sh,Pass,Int,Tkl+Int,Clr,Err,Matches
376,Sam Junqua,us USA,DF,FC Dallas,27,1996,24.9,35,27,21,10,4,24,33,9,30,13,17,30,65,65,0,Matches
377,Sawyer Jura,us USA,DF,Portland Timbers,17,2006,0.0,1,0,0,1,0,0,0,0,0,0,0,0,1,0,0,Matches
378,Cyprian Kachwele,tz TAN,MF,Vancouver W'caps,18,2005,0.0,0,0,0,0,0,0,0,0,0,0,0,0,0,0,0,Matches
379,Kristijan Kahlina,hr CRO,GK,Charlotte,31,1992,34.0,0,0,0,0,0,0,0,0,0,0,0,1,1,24,2,Matches
380,Brent Kallman,us USA,DF,Nashville SC,33,1990,6.0,7,3,4,3,0,4,6,2,12,7,5,9,16,36,0,Matches
381,Kei Kamara,sl SLE,FW,LAFC,39,1984,11.2,9,5,2,5,2,6,10,4,7,4,3,0,9,17,0,Matches
382,Bernard Kamungo,us USA,"MF,FW",FC Dallas,22,2002,14.7,23,17,7,8,8,8,20,12,14,1,13,6,29,12,0,Matches
383,Alec Kann,us USA,GK,FC Cincinnati,33,1990,3.0,0,0,0,0,0,0,0,0,0,0,0,0,0,2,1,Matches
384,Alexandros Katranis,gr GRE,DF,Real Salt Lake,25,1998,22.2,46,26,19,23,4,21,40,19,31,7,24,23,69,36,0,Matches
385,Mark-Anthony Kaye,ca CAN,MF,NE Revolution,29,1994,15.5,52,31,22,25,5,27,50,23,33,5,28,15,67,16,1,Matches
386,Kipp Keller,us USA,DF,FC Cincinnati,23,2000,9.1,8,8,6,2,0,5,6,1,19,17,2,11,19,37,1,Matches
387,Kevin Kelsy,ve VEN,FW,FC Cincinnati,19,2004,13.8,6,4,2,2,2,2,2,0,14,0,14,5,11,8,0,Matches
388,Deandre Kerr,ca CAN,FW,Toronto FC,21,2002,11.0,8,8,1,5,2,2,4,2,4,0,4,3,11,4,0,Matches
389,Henry Kessler,us USA,DF,NE Revolution,25,1998,15.4,20,14,14,5,1,10,15,5,26,18,8,13,33,59,0,Matches
390,Henry Kessler,us USA,DF,St. Louis,25,1998,7.5,10,10,9,0,1,6,8,2,12,8,4,7,17,51,0,Matches
391,Hosei Kijima,jp JPN,"MF,FW",St. Louis,21,2002,8.7,20,11,5,11,4,7,15,8,18,1,17,12,32,7,0,Matches
392,Benjamin Kikanovic,us USA,"FW,DF",SJ Earthquakes,24,2000,13.9,32,18,22,8,2,20,35,15,19,4,15,8,40,27,0,Matches
393,Sota Kitahara,us USA,"DF,MF",Seattle Sounders,21,2003,1.6,3,1,2,0,1,2,3,1,0,0,0,1,4,3,0,Matches
394,Klauss,br BRA,FW,St. Louis,26,1997,21.8,21,12,4,8,9,9,21,12,15,1,14,4,25,23,0,Matches
395,John Klein,us USA,"FW,MF",St. Louis,24,1999,6.1,15,6,4,6,5,3,10,7,5,1,4,2,17,5,0,Matches
396,Mateusz Klich,pl POL,MF,D.C. United,33,1990,29.6,54,32,19,20,15,28,59,31,26,6,20,20,74,7,1,Matches
397,Jeorgio Kocevski,us USA,"MF,FW",Orlando City,21,2002,1.7,3,3,2,1,0,2,5,3,1,0,1,1,4,4,0,Matches
398,Žan Kolmanič,si SVN,"DF,FW",Austin,23,2000,6.0,10,9,7,1,2,3,5,2,1,1,0,2,12,20,0,Matches
399,Georgios Koutsias,gr GRE,"FW,MF",Chicago Fire,19,2004,9.0,11,8,3,5,3,3,10,7,1,0,1,1,12,2,0,Matches
400,Sebastian Kowalczyk,pl POL,"FW,MF",Houston Dynamo,25,1998,23.9,19,14,3,7,9,10,26,16,20,3,17,16,35,9,0,Matches
Rk,Player,Nation,Pos,Squad,Age,Born,90s,Tkl,TklW,Def 3rd,Mid 3rd,Att 3rd,Tkl,Att,Lost,Blocks,Sh,Pass,Int,Tkl+Int,Clr,Err,Matches
401,Damir Kreilach,hr CRO,FW,Vancouver W'caps,34,1989,5.2,1,1,0,1,0,1,3,2,2,0,2,3,4,6,0,Matches
402,Serhiy Kryvtsov,ua UKR,DF,Inter Miami,32,1991,15.4,13,9,9,4,0,9,20,11,31,23,8,20,33,68,1,Matches
403,Theodore Ku-Dipietro,us USA,"MF,FW",D.C. United,22,2002,20.7,29,21,8,15,6,6,20,14,19,1,18,13,42,9,0,Matches
404,Yuya Kubo,jp JPN,"FW,DF",FC Cincinnati,30,1993,26.6,55,32,22,23,10,25,44,19,22,3,19,19,74,22,1,Matches
405,Mathías Laborda,uy URU,DF,Vancouver W'caps,24,1999,21.7,38,25,31,6,1,23,46,23,28,10,18,32,70,65,1,Matches
406,Luca Langoni,ar ARG,FW,NE Revolution,21,2002,7.8,14,8,4,9,1,10,22,12,7,1,6,6,20,2,0,Matches
407,Lassi Lappalainen,fi FIN,"DF,MF",CF Montréal,25,1998,3.7,11,5,9,2,0,8,13,5,10,2,8,3,14,8,0,Matches
408,Oliver Larraz,us USA,MF,Colorado Rapids,22,2001,24.4,66,36,26,33,7,30,69,39,35,6,29,33,99,32,1,Matches
409,Richie Laryea,ca CAN,"DF,MF",Toronto FC,29,1995,10.0,19,11,14,5,0,10,12,2,9,1,8,6,25,11,0,Matches
410,Ariel Lassiter,cr CRC,"DF,MF",Chicago Fire,29,1994,4.9,4,3,1,1,2,3,4,1,2,0,2,3,7,2,2,Matches
411,Ariel Lassiter,cr CRC,"DF,MF",CF Montréal,29,1994,17.7,9,5,7,2,0,4,13,9,8,1,7,3,12,15,0,Matches
412,Randall Leal,cr CRC,MF,Nashville SC,27,1997,0.5,0,0,0,0,0,0,0,0,0,0,0,0,0,0,0,Matches
413,Tim Leibold,de GER,DF,Sporting KC,30,1993,24.5,61,38,37,13,11,36,66,30,27,4,23,28,89,30,2,Matches
414,Brooks Lennon,us USA,"DF,MF",Atlanta Utd,26,1997,32.8,51,31,29,17,5,28,48,20,27,9,18,39,90,98,0,Matches
415,Tucker Lepley,us USA,MF,LA Galaxy,22,2002,0.5,0,0,0,0,0,0,1,1,2,0,2,1,1,1,0,Matches
416,Jonathan Lewis,us USA,FW,Colorado Rapids,26,1997,8.4,17,11,8,6,3,5,10,5,7,0,7,1,18,4,0,Matches
417,Danny Leyva,us USA,MF,Seattle Sounders,20,2003,2.5,4,2,2,1,1,0,2,2,6,0,6,6,10,7,0,Matches
418,Nick Lima,us USA,DF,NE Revolution,29,1994,20.2,28,21,17,8,3,19,35,16,19,6,13,27,55,54,0,Matches
419,Jaylin Lindsey,us USA,DF,Charlotte,23,2000,3.4,13,6,9,4,0,6,9,3,3,1,2,2,15,6,0,Matches
420,Sebastian Lletget,us USA,MF,FC Dallas,31,1992,20.7,33,22,15,15,3,11,25,14,19,4,15,13,46,29,0,Matches
421,Hugo Lloris,fr FRA,GK,LAFC,37,1986,33.0,1,1,1,0,0,1,3,2,0,0,0,0,1,12,3,Matches
422,Saba Lobzhanidze,ge GEO,"FW,MF",Atlanta Utd,29,1994,27.3,20,15,6,9,5,7,28,21,23,4,19,17,37,9,0,Matches
423,Robin Lod,fi FIN,"MF,FW",Minnesota Utd,30,1993,26.5,45,31,11,26,8,20,36,16,16,2,14,16,61,15,0,Matches
424,Nicolás Lodeiro,uy URU,"MF,FW",Orlando City,34,1989,19.0,36,20,15,16,5,19,52,33,27,3,24,14,50,9,0,Matches
425,Jasper Löffelsend,de GER,MF,Colorado Rapids,26,1997,3.8,16,8,9,6,1,12,21,9,4,1,3,4,20,5,1,Matches
Rk,Player,Nation,Pos,Squad,Age,Born,90s,Tkl,TklW,Def 3rd,Mid 3rd,Att 3rd,Tkl,Att,Lost,Blocks,Sh,Pass,Int,Tkl+Int,Clr,Err,Matches
426,Aaron Long,us USA,DF,LAFC,31,1992,26.4,33,20,23,10,0,15,23,8,48,32,16,37,70,121,0,Matches
427,Kevin Long,ie IRL,DF,Toronto FC,33,1990,23.5,41,19,22,18,1,21,30,9,35,18,17,18,59,114,2,Matches
428,Matthew Longstaff,eng ENG,MF,Toronto FC,23,2000,24.7,47,27,13,25,9,16,36,20,27,7,20,12,59,25,0,Matches
429,Antino Lopez,us USA,MF,Seattle Sounders,21,2002,0.1,0,0,0,0,0,0,0,0,0,0,0,0,0,0,0,Matches
430,Hernán López Muñoz,ar ARG,"MF,FW",SJ Earthquakes,23,2000,20.2,51,32,11,26,14,13,42,29,14,0,14,16,67,7,1,Matches
431,Marvin Loría,cr CRC,MF,Portland Timbers,26,1997,0.0,0,0,0,0,0,0,0,0,0,0,0,0,0,0,0,Matches
432,Evan Louro,us USA,GK,FC Cincinnati,28,1996,1.0,0,0,0,0,0,0,0,0,0,0,0,0,0,0,0,Matches
433,Daniel Lovitz,us USA,DF,Nashville SC,32,1991,25.2,37,29,26,8,3,26,46,20,21,9,12,26,63,61,1,Matches
434,Damion Lowe,jm JAM,DF,Philadelphia Union,30,1993,10.7,19,18,7,9,3,13,19,6,23,9,14,19,38,51,0,Matches
435,Eduard Löwen,de GER,MF,St. Louis,27,1997,20.6,44,31,16,24,4,22,50,28,28,7,21,12,56,14,2,Matches
436,Diego Luna,us USA,FW,Real Salt Lake,20,2003,24.5,35,22,8,20,7,12,24,12,26,2,24,13,48,11,0,Matches
437,Benjamin Lundt,de GER,GK,St. Louis,28,1995,2.7,0,0,0,0,0,0,0,0,0,0,0,0,0,0,0,Matches
438,Jack Lynn,us USA,"FW,MF",Orlando City,24,2000,2.8,2,2,1,0,1,1,6,5,2,1,1,0,2,2,0,Matches
439,Larrys Mabiala,cd COD,DF,Portland Timbers,36,1987,0.5,0,0,0,0,0,0,0,0,2,1,1,0,0,1,1,Matches
440,Aimé Mabika,zm ZAM,DF,Toronto FC,25,1998,5.2,6,4,1,4,1,0,1,1,9,6,3,5,11,29,1,Matches
441,Zac MacMath,us USA,GK,Real Salt Lake,32,1991,23.0,0,0,0,0,0,0,0,0,0,0,0,2,2,13,7,Matches
442,Lukas MacNaughton,ca CAN,DF,Nashville SC,28,1995,4.6,6,4,6,0,0,2,5,3,5,4,1,4,10,24,0,Matches
443,Talles Magno,br BRA,"FW,MF",NYCFC,21,2002,0.8,5,5,3,2,0,3,4,1,0,0,0,0,5,3,0,Matches
444,Jack Maher,us USA,DF,Nashville SC,24,1999,27.0,31,21,24,7,0,22,30,8,40,28,12,28,59,111,0,Matches
445,Cassius Mailula,za RSA,"MF,DF",Toronto FC,22,2001,0.2,0,0,0,0,0,0,0,0,1,0,1,1,1,0,0,Matches
446,Adilson Malanda,fr FRA,DF,Charlotte,22,2001,32.0,38,23,29,7,2,27,38,11,46,33,13,34,72,154,2,Matches
447,Elias Manoel,br BRA,FW,NY Red Bulls,22,2001,17.2,6,2,0,3,3,3,15,12,12,1,11,6,12,4,0,Matches
448,Dominik Marczuk,pl POL,FW,Real Salt Lake,20,2003,5.0,8,7,3,5,0,4,7,3,2,0,2,2,10,8,1,Matches
449,Paul Marie,fr FRA,"DF,FW",SJ Earthquakes,28,1995,17.1,50,32,27,16,7,33,66,33,30,6,24,24,74,58,0,Matches
450,Anthony Markanich,ph PHI,"MF,DF",Minnesota Utd,24,1999,0.7,2,2,2,0,0,1,1,0,1,0,1,1,3,3,0,Matches
Rk,Player,Nation,Pos,Squad,Age,Born,90s,Tkl,TklW,Def 3rd,Mid 3rd,Att 3rd,Tkl,Att,Lost,Blocks,Sh,Pass,Int,Tkl+Int,Clr,Err,Matches
451,Anthony Markanich,ph PHI,DF,St. Louis,24,1999,14.6,36,18,18,14,4,17,35,18,27,5,22,26,62,52,1,Matches
452,Idan Markovich,il ISR,FW,Charlotte,19,2004,0.2,0,0,0,0,0,0,1,1,0,0,0,0,0,0,0,Matches
453,Marlon,br BRA,DF,LAFC,28,1995,1.4,7,4,6,1,0,1,1,0,2,1,1,0,7,4,0,Matches
454,Jahkeele Marshall-Rutty,ca CAN,"DF,MF",Toronto FC,19,2004,11.5,15,12,9,3,3,9,14,5,11,1,10,8,23,19,0,Matches
455,Jahkeele Marshall-Rutty,ca CAN,"DF,MF",CF Montréal,19,2004,7.2,12,10,9,2,1,8,12,4,14,3,11,7,19,8,0,Matches
456,Alonso Martínez,cr CRC,FW,NYCFC,25,1998,16.5,11,4,2,5,4,3,9,6,6,2,4,10,21,4,0,Matches
457,David Martínez,ve VEN,"FW,MF",LAFC,17,2006,5.1,7,6,1,3,3,1,7,6,3,0,3,4,11,4,0,Matches
458,Josef Martínez,ve VEN,"FW,MF",CF Montréal,30,1993,15.3,4,2,2,2,0,1,4,3,5,1,4,1,5,12,0,Matches
459,Luís Martins,pt POR,"DF,MF",Vancouver W'caps,31,1992,8.6,8,6,5,2,1,5,10,5,7,1,6,8,16,10,0,Matches
460,Thiago Martins,br BRA,DF,NYCFC,28,1995,31.0,18,10,12,6,0,9,17,8,36,19,17,24,42,126,2,Matches
461,Alexandru Mățan,ro ROU,MF,Columbus Crew,24,1999,16.0,30,18,16,10,4,11,20,9,7,0,7,6,36,5,0,Matches
462,Jimmy Maurer,us USA,GK,FC Dallas,35,1988,4.0,1,1,1,0,0,1,2,1,0,0,0,0,1,4,0,Matches
463,Andreas Maxsø,dk DEN,DF,Colorado Rapids,29,1994,34.0,27,14,20,7,0,15,24,9,43,34,9,24,51,152,0,Matches
464,Olivier Mbaizo,cm CMR,DF,Philadelphia Union,26,1997,12.3,15,11,8,4,3,10,18,8,11,5,6,12,27,20,0,Matches
465,John McCarthy,us USA,GK,LA Galaxy,31,1992,32.0,0,0,0,0,0,0,0,0,0,0,0,0,0,13,3,Matches
466,Dax McCarty,us USA,MF,Atlanta Utd,36,1987,10.2,28,15,14,12,2,17,27,10,4,0,4,13,41,13,0,Matches
467,Christian McFarlane,eng ENG,"DF,MF",NYCFC,17,2007,4.0,11,10,4,5,2,6,11,5,5,2,3,5,16,8,0,Matches
468,Jack McGlynn,us USA,MF,Philadelphia Union,20,2003,25.7,47,30,22,18,7,23,43,20,28,3,25,12,59,22,0,Matches
469,Zac McGraw,ca CAN,DF,Portland Timbers,26,1997,9.5,12,9,6,5,1,8,12,4,20,14,6,10,22,70,1,Matches
470,Duncan McGuire,us USA,FW,Orlando City,22,2001,17.8,8,5,1,6,1,2,23,21,11,1,10,4,12,17,0,Matches
471,Thomas McNamara,us USA,"FW,MF",NE Revolution,32,1991,2.3,1,1,0,1,0,1,3,2,0,0,0,0,1,0,0,Matches
472,Brendan McSorley,us USA,FW,St. Louis,21,2002,0.1,0,0,0,0,0,0,0,0,0,0,0,0,0,0,0,Matches
473,Christopher McVey,se SWE,DF,D.C. United,26,1997,23.8,32,18,18,12,2,19,34,15,36,22,14,37,69,75,0,Matches
474,Ryan Meara,us USA,GK,NY Red Bulls,33,1990,7.0,0,0,0,0,0,0,0,0,0,0,0,0,0,4,0,Matches
475,Tim Melia,us USA,GK,Sporting KC,37,1986,28.0,0,0,0,0,0,0,0,0,0,0,0,1,1,13,3,Matches
Rk,Player,Nation,Pos,Squad,Age,Born,90s,Tkl,TklW,Def 3rd,Mid 3rd,Att 3rd,Tkl,Att,Lost,Blocks,Sh,Pass,Int,Tkl+Int,Clr,Err,Matches
476,Jonathan Mensah,gh GHA,"DF,FW",NE Revolution,33,1990,3.0,3,3,3,0,0,2,2,0,7,7,0,3,6,11,0,Matches
477,Loïc Mesanvi,tg TOG,"FW,MF",Minnesota Utd,20,2003,0.7,1,1,0,0,1,0,0,0,2,0,2,0,1,1,0,Matches
478,Lionel Messi,ar ARG,"FW,MF",Inter Miami,36,1987,16.5,15,6,0,6,9,5,9,4,4,0,4,2,17,0,0,Matches
479,Matt Miazga,us USA,DF,FC Cincinnati,28,1995,15.7,23,11,19,3,1,12,18,6,18,13,5,12,35,76,1,Matches
480,Micael,br BRA,DF,Houston Dynamo,23,2000,30.8,47,31,40,7,0,28,46,18,33,27,6,35,82,138,1,Matches
481,Benji Michel,us USA,"FW,MF",Real Salt Lake,26,1997,0.4,0,0,0,0,0,0,0,0,0,0,0,0,0,1,0,Matches
482,Novak Mićović,rs SRB,GK,LA Galaxy,22,2001,2.0,0,0,0,0,0,0,0,0,0,0,0,0,0,1,0,Matches
483,Djordje Mihailovic,us USA,MF,Colorado Rapids,25,1998,27.5,19,17,2,8,9,11,30,19,20,2,18,16,35,12,0,Matches
484,Jovan Mijatović,rs SRB,"FW,MF",NYCFC,18,2005,3.0,0,0,0,0,0,0,1,1,2,0,2,0,0,1,0,Matches
485,Eric Miller,us USA,DF,Portland Timbers,31,1993,11.2,18,14,3,10,5,7,7,0,13,6,7,11,29,33,0,Matches
486,Kamal Miller,ca CAN,DF,Portland Timbers,26,1997,21.8,20,12,17,2,1,17,23,6,27,18,9,22,42,87,3,Matches
487,Peyton Miller,us USA,DF,NE Revolution,16,2007,7.6,11,8,5,6,0,7,11,4,15,7,8,11,22,26,0,Matches
488,Tyler Miller,us USA,GK,D.C. United,30,1993,5.0,0,0,0,0,0,0,0,0,1,0,1,0,0,5,1,Matches
489,Georgi Minoungou,bf BFA,FW,Seattle Sounders,21,2002,4.1,8,6,3,2,3,5,8,3,3,0,3,1,9,0,0,Matches
490,Aleksei Miranchuk,ru RUS,"MF,FW",Atlanta Utd,28,1995,8.3,6,4,2,2,2,2,6,4,5,1,4,2,8,3,0,Matches
491,Roald Mitchell,us USA,FW,NY Red Bulls,21,2003,0.2,0,0,0,0,0,0,0,0,1,1,0,0,0,1,0,Matches
492,Shakur Mohammed,gh GHA,"MF,FW",Orlando City,20,2003,0.1,0,0,0,0,0,0,0,0,0,0,0,0,0,0,0,Matches
493,Shaq Moore,us USA,DF,Nashville SC,27,1996,18.6,30,19,20,9,1,18,33,15,18,5,13,15,45,48,0,Matches
494,Felipe Mora,cl CHI,FW,Portland Timbers,30,1993,21.0,5,1,1,2,2,2,5,3,10,3,7,6,11,15,0,Matches
495,Alfredo Morales,us USA,MF,SJ Earthquakes,33,1990,7.2,16,8,7,9,0,4,7,3,4,1,3,4,20,10,0,Matches
496,Efrain Morales,bo BOL,DF,Atlanta Utd,19,2004,2.7,3,1,2,1,0,2,3,1,2,2,0,3,6,15,0,Matches
497,Maximiliano Moralez,ar ARG,"MF,FW",NYCFC,36,1987,10.0,13,8,1,5,7,3,12,9,5,0,5,8,21,2,0,Matches
498,Steven Moreira,cv CPV,DF,Columbus Crew,29,1994,23.4,25,16,15,8,2,15,27,12,24,6,18,15,40,43,2,Matches
499,Junior Moreno,ve VEN,"MF,FW",Houston Dynamo,30,1993,0.2,0,0,0,0,0,0,0,0,0,0,0,0,0,0,0,Matches
500,Santiago Moreno,co COL,"FW,MF",Portland Timbers,23,2000,27.1,56,35,14,23,19,20,46,26,39,3,36,23,79,7,0,Matches
Rk,Player,Nation,Pos,Squad,Age,Born,90s,Tkl,TklW,Def 3rd,Mid 3rd,Att 3rd,Tkl,Att,Lost,Blocks,Sh,Pass,Int,Tkl+Int,Clr,Err,Matches
501,Lewis Morgan,sct SCO,"FW,MF",NY Red Bulls,27,1996,26.8,22,16,10,5,7,4,14,10,17,2,15,5,27,18,0,Matches
502,Aidan Morris,us USA,MF,Columbus Crew,22,2001,14.2,51,33,19,27,5,25,35,10,26,4,22,23,74,9,2,Matches
503,Jordan Morris,us USA,FW,Seattle Sounders,29,1994,31.0,21,11,8,7,6,11,16,5,12,2,10,6,27,17,0,Matches
504,Edwin Mosquera,co COL,"FW,MF",Atlanta Utd,22,2001,7.0,10,8,4,4,2,2,9,7,4,0,4,5,15,2,1,Matches
505,Jean Mota,br BRA,MF,Inter Miami,30,1993,0.3,0,0,0,0,0,0,0,0,0,0,0,0,0,0,0,Matches
506,Cole Mrowka,us USA,MF,Columbus Crew,17,2006,0.0,0,0,0,0,0,0,0,0,0,0,0,0,0,0,0,Matches
507,Chris Mueller,us USA,"FW,MF",Chicago Fire,27,1996,15.0,18,10,11,5,2,12,26,14,13,0,13,14,32,10,0,Matches
508,Hany Mukhtar,de GER,"MF,FW",Nashville SC,28,1995,30.5,32,18,9,20,3,12,34,22,21,0,21,8,40,4,1,Matches
509,Luis Müller,de GER,"FW,MF",LAFC,22,2001,0.1,0,0,0,0,0,0,0,0,0,0,0,1,1,1,0,Matches
510,Daniel Munie,us USA,DF,SJ Earthquakes,23,2000,12.4,9,6,8,1,0,5,12,7,24,14,10,12,21,58,1,Matches
511,Luis Muriel,co COL,"FW,MF",Orlando City,32,1991,17.6,25,18,5,7,13,12,28,16,8,0,8,3,28,7,0,Matches
512,Ian Murphy,us USA,DF,FC Cincinnati,24,2000,25.4,39,28,19,17,3,16,25,9,29,12,17,30,69,66,1,Matches
513,Jacob Murrell,us USA,"FW,MF",D.C. United,19,2004,9.8,5,3,3,1,1,2,13,11,6,1,5,2,7,19,0,Matches
514,Petar Musa,hr CRO,FW,FC Dallas,25,1998,25.5,12,6,3,7,2,2,15,13,21,3,18,9,21,30,1,Matches
515,Daniel Musovski,us USA,"FW,MF",Seattle Sounders,28,1995,5.7,12,7,4,7,1,3,7,4,4,1,3,1,13,4,0,Matches
516,Alex Muyl,us USA,"FW,DF",Nashville SC,28,1995,25.6,42,29,15,17,10,15,38,23,28,3,25,22,64,22,0,Matches
517,Tristan Muyumba,fr FRA,MF,Atlanta Utd,26,1997,23.5,71,50,35,31,5,34,55,21,25,5,20,22,93,25,0,Matches
518,Darlington Nagbe,us USA,MF,Columbus Crew,33,1990,26.1,27,15,7,18,2,10,22,12,20,5,15,8,35,17,0,Matches
519,Federico Navarro,ar ARG,MF,Chicago Fire,23,2000,7.5,30,18,14,13,3,12,17,5,11,4,7,15,45,16,1,Matches
520,Rafael Navarro,br BRA,FW,Colorado Rapids,23,2000,30.8,55,35,11,32,12,14,36,22,49,4,45,8,63,14,0,Matches
521,Logan Ndenbe,be BEL,DF,Sporting KC,23,2000,2.7,5,3,2,0,3,1,2,1,2,0,2,5,10,3,0,Matches
522,Jalen Neal,us USA,DF,LA Galaxy,20,2003,15.4,24,13,12,12,0,11,19,8,15,13,2,15,39,53,1,Matches
523,Dylan Nealis,us USA,DF,NY Red Bulls,25,1998,25.9,58,38,30,22,6,31,58,27,41,4,37,22,80,73,0,Matches
524,Sean Nealis,us USA,DF,NY Red Bulls,27,1997,24.8,32,18,24,8,0,21,35,14,26,16,10,28,60,93,1,Matches
525,Franco Negri,ar ARG,DF,Inter Miami,28,1995,8.8,22,17,16,3,3,18,27,9,13,3,10,15,37,25,0,Matches
Rk,Player,Nation,Pos,Squad,Age,Born,90s,Tkl,TklW,Def 3rd,Mid 3rd,Att 3rd,Tkl,Att,Lost,Blocks,Sh,Pass,Int,Tkl+Int,Clr,Err,Matches
526,John Nelson,us USA,DF,LA Galaxy,25,1998,13.0,23,14,6,15,2,10,16,6,12,3,9,15,38,44,1,Matches
527,Jake Nerwinski,us USA,DF,St. Louis,29,1994,6.2,9,3,5,3,1,5,7,2,13,8,5,10,19,19,1,Matches
528,Serge Ngoma,us USA,"MF,FW",NY Red Bulls,18,2005,1.3,0,0,0,0,0,0,1,1,1,0,1,0,0,1,1,Matches
529,Joakim Nilsson,se SWE,DF,St. Louis,29,1994,13.5,29,19,17,11,1,20,37,17,15,6,9,26,55,70,1,Matches
530,Nolan Norris,us USA,MF,FC Dallas,18,2005,2.2,4,1,3,1,0,2,2,0,2,1,1,2,6,7,0,Matches
531,Tsiki Ntsabeleng,za RSA,"MF,FW",FC Dallas,25,1998,12.1,23,16,7,14,2,8,16,8,9,1,8,9,32,6,0,Matches
532,Obinna Nwobodo,ng NGA,MF,FC Cincinnati,27,1996,27.3,65,42,29,32,4,23,47,24,30,12,18,52,117,29,1,Matches
533,Moses Nyeman,us USA,MF,Minnesota Utd,20,2003,1.5,4,1,2,2,0,1,4,3,3,0,3,4,8,1,0,Matches
534,Lewis O'Brien,eng ENG,MF,LAFC,25,1998,8.7,18,11,6,10,2,7,18,11,9,5,4,15,33,13,0,Matches
535,Aidan O'Connor,us USA,DF,NY Red Bulls,22,2001,0.2,2,0,2,0,0,1,1,0,0,0,0,1,3,1,0,Matches
536,Rory O'Driscoll,us USA,"FW,MF",Minnesota Utd,23,2000,0.0,0,0,0,0,0,0,0,0,0,0,0,0,0,0,0,Matches
537,Shane O'Neill,us USA,DF,Toronto FC,30,1993,12.6,24,15,16,8,0,12,18,6,14,6,8,16,40,41,0,Matches
538,Kevin O'Toole,us USA,DF,NYCFC,25,1998,26.6,53,36,32,15,6,30,50,20,36,8,28,29,82,68,0,Matches
539,Jáder Obrian,co COL,"FW,MF",Austin,28,1995,25.0,29,12,13,10,6,14,42,28,38,2,36,12,41,9,0,Matches
540,Édier Ocampo,co COL,"DF,FW",Vancouver W'caps,20,2003,2.0,4,3,2,2,0,2,2,0,0,0,0,3,7,2,0,Matches
541,Agustin Ojeda,ar ARG,FW,NYCFC,19,2004,10.3,14,11,5,7,2,7,11,4,6,0,6,5,19,4,0,Matches
542,Braian Ojeda,py PAR,MF,Real Salt Lake,23,2000,29.9,47,32,14,25,8,17,43,26,22,4,18,32,79,38,3,Matches
543,Martín Ojeda,ar ARG,"MF,FW",Orlando City,25,1998,21.2,18,9,6,5,7,3,14,11,17,1,16,8,26,6,1,Matches
544,Cristian Olivera,uy URU,"FW,MF",LAFC,21,2002,19.0,33,23,11,13,9,15,47,32,21,1,20,7,40,6,0,Matches
545,Christopher Olney,us USA,MF,Philadelphia Union,17,2006,0.2,0,0,0,0,0,0,1,1,0,0,0,1,1,0,0,Matches
546,Tani Oluwaseyi,ca CAN,"FW,MF",Minnesota Utd,23,2000,12.0,8,6,2,3,3,2,9,7,14,3,11,5,13,8,0,Matches
547,Wyatt Omsberg,us USA,DF,Chicago Fire,28,1995,9.3,9,6,6,3,0,5,8,3,7,5,2,20,29,53,0,Matches
548,Kwadwo Opoku,gh GHA,"MF,FW",CF Montréal,22,2001,5.8,1,0,1,0,0,0,7,7,1,0,1,1,2,4,0,Matches
549,Nathan Ordaz,sv SLV,"FW,MF",LAFC,20,2004,4.2,5,2,4,0,1,2,4,2,4,0,4,1,6,1,0,Matches
550,Luca Orellano,ar ARG,"DF,FW",FC Cincinnati,23,2000,29.4,38,23,25,7,6,21,45,24,26,1,25,10,48,29,3,Matches
Rk,Player,Nation,Pos,Squad,Age,Born,90s,Tkl,TklW,Def 3rd,Mid 3rd,Att 3rd,Tkl,Att,Lost,Blocks,Sh,Pass,Int,Tkl+Int,Clr,Err,Matches
551,Jonathan Osorio,ca CAN,"MF,FW",Toronto FC,31,1992,20.6,23,17,9,12,2,8,20,12,20,2,18,10,33,15,0,Matches
552,Tomáš Ostrák,cz CZE,MF,St. Louis,23,2000,7.7,13,6,3,5,5,5,17,12,11,1,10,10,23,7,0,Matches
553,Javier Otero,ve VEN,GK,Orlando City,21,2002,0.7,0,0,0,0,0,0,0,0,0,0,0,0,0,0,0,Matches
554,Bryan Oviedo,cr CRC,DF,Real Salt Lake,33,1990,7.1,10,8,6,4,0,6,10,4,7,4,3,12,22,10,0,Matches
555,Prince Owusu,de GER,FW,Toronto FC,27,1997,20.4,28,11,5,13,10,9,17,8,20,1,19,9,37,23,0,Matches
556,Devin Padelford,us USA,DF,Minnesota Utd,21,2003,17.7,35,23,24,9,2,23,35,12,13,1,12,28,63,63,1,Matches
557,Maarten Paes,id IDN,GK,FC Dallas,25,1998,30.0,0,0,0,0,0,0,0,0,0,0,0,0,0,15,6,Matches
558,Joseph Paintsil,gh GHA,FW,LA Galaxy,25,1998,25.5,21,11,7,8,6,7,14,7,17,3,14,7,28,15,0,Matches
559,Nelson Palacio,co COL,MF,Real Salt Lake,22,2001,8.3,15,6,8,7,0,6,18,12,7,1,6,11,26,18,0,Matches
560,Sergi Palencia,es ESP,"DF,MF",LAFC,27,1996,25.4,85,56,46,34,5,47,63,16,29,9,20,29,114,52,0,Matches
561,Jack Panayotou,us USA,"FW,MF",NE Revolution,19,2004,2.9,4,2,1,2,1,4,7,3,3,0,3,0,4,2,0,Matches
562,Elliot Panicco,us USA,GK,Nashville SC,27,1996,4.8,0,0,0,0,0,0,0,0,0,0,0,0,0,0,1,Matches
563,James Pantemis,ca CAN,GK,Portland Timbers,26,1997,14.5,0,0,0,0,0,0,0,0,1,0,1,1,1,17,1,Matches
564,Cristhian Paredes,py PAR,MF,Portland Timbers,25,1998,15.0,33,20,12,17,4,15,40,25,25,6,19,24,57,26,0,Matches
565,Isaiah Parente,us USA,MF,LA Galaxy,23,2000,0.5,0,0,0,0,0,0,1,1,0,0,0,1,1,0,0,Matches
566,Tim Parker,us USA,DF,NE Revolution,30,1993,4.4,9,7,8,1,0,5,8,3,4,2,2,1,10,22,0,Matches
567,Tim Parker,us USA,DF,St. Louis,30,1993,19.9,20,16,13,5,2,11,15,4,21,16,5,20,40,55,0,Matches
568,Keaton Parks,us USA,MF,NYCFC,26,1997,27.8,50,35,12,29,9,26,57,31,27,5,22,15,65,41,0,Matches
569,Jamie Paterson,eng ENG,"FW,MF",Charlotte,32,1991,0.5,1,1,0,1,0,1,2,1,0,0,0,1,2,0,0,Matches
570,João Paulo Mior,br BRA,MF,Seattle Sounders,32,1991,14.2,24,15,12,8,4,10,27,17,19,4,15,28,52,19,1,Matches
571,Tom Pearce,eng ENG,DF,CF Montréal,25,1998,2.8,3,1,2,1,0,1,3,2,0,0,0,4,7,9,0,Matches
572,João Pedro,br BRA,DF,Charlotte,20,2003,5.1,9,7,5,2,2,4,12,8,4,1,3,5,14,13,0,Matches
573,Amahl Pellegrino,no NOR,FW,SJ Earthquakes,33,1990,19.2,23,11,7,12,4,14,26,12,16,1,15,15,38,13,1,Matches
574,Matti Peltola,fi FIN,"MF,DF",D.C. United,21,2002,24.6,69,49,31,29,9,39,62,23,33,13,20,40,109,36,3,Matches
575,Andrés Perea,us USA,MF,NYCFC,23,2000,13.4,30,15,13,13,4,18,36,18,18,1,17,19,49,21,0,Matches
Rk,Player,Nation,Pos,Squad,Age,Born,90s,Tkl,TklW,Def 3rd,Mid 3rd,Att 3rd,Tkl,Att,Lost,Blocks,Sh,Pass,Int,Tkl+Int,Clr,Err,Matches
576,Daniel Pereira,ve VEN,MF,Austin,23,2000,22.6,27,13,10,11,6,11,33,22,29,7,22,25,52,16,2,Matches
577,Joaquín Pereyra,ar ARG,"MF,FW",Minnesota Utd,25,1998,4.5,9,6,2,4,3,1,9,8,7,1,6,3,12,3,0,Matches
578,Jonathan Perez,mx MEX,"MF,FW",Nashville SC,21,2003,2.6,6,3,5,0,1,2,5,3,1,0,1,1,7,2,0,Matches
579,Jonathan Perez,mx MEX,"FW,MF",LA Galaxy,21,2003,1.5,3,3,1,2,0,3,5,2,1,0,1,0,3,3,0,Matches
580,Nikola Petković,rs SRB,MF,Charlotte,20,2003,5.6,9,5,2,4,3,4,8,4,6,1,5,4,13,2,0,Matches
581,Luca Petrasso,ca CAN,"MF,FW",Orlando City,23,2000,0.3,0,0,0,0,0,0,0,0,1,0,1,0,0,1,0,Matches
582,Raoul Petretta,it ITA,DF,Toronto FC,26,1997,21.1,34,21,19,14,1,19,33,14,30,9,21,30,64,44,1,Matches
583,Fafà Picault,ht HAI,"FW,MF",Vancouver W'caps,32,1991,18.6,19,12,4,9,6,5,19,14,20,3,17,14,33,15,0,Matches
584,Kayden Pierre,us USA,DF,Sporting KC,20,2003,5.0,10,8,5,3,2,6,8,2,4,2,2,6,16,12,0,Matches
585,Samuel Piette,ca CAN,MF,CF Montréal,29,1994,23.7,55,36,25,24,6,30,58,28,29,8,21,24,79,35,0,Matches
586,Mauricio Pineda,us USA,"DF,MF",Chicago Fire,26,1997,12.8,16,9,12,4,0,11,19,8,18,6,12,8,24,34,1,Matches
587,Malik Pinto,us USA,"MF,FW",FC Cincinnati,21,2002,1.7,11,10,6,5,0,5,8,3,4,0,4,1,12,1,0,Matches
588,Gabriel Pirani,br BRA,"MF,FW",D.C. United,21,2002,14.9,19,11,5,10,4,7,16,9,9,0,9,4,23,3,0,Matches
589,Matt Polster,us USA,MF,NE Revolution,30,1993,29.3,43,28,22,18,3,22,43,21,26,8,18,47,90,33,0,Matches
590,Célio Pompeu,br BRA,"FW,MF",St. Louis,24,1999,13.8,26,16,7,11,8,15,30,15,20,1,19,8,34,8,0,Matches
591,Paxton Pomykal,us USA,MF,FC Dallas,24,1999,0.1,1,0,1,0,0,0,0,0,0,0,0,0,1,0,0,Matches
592,Ezequiel Ponce,ar ARG,FW,Houston Dynamo,26,1997,8.2,3,1,0,2,1,1,1,0,2,0,2,1,4,5,0,Matches
593,Tomas Pondeca,us USA,MF,FC Dallas,22,2001,1.3,2,1,0,1,1,0,3,3,0,0,0,1,3,0,0,Matches
594,Alvas Powell,jm JAM,DF,FC Cincinnati,29,1994,8.7,24,20,12,9,3,15,21,6,6,3,3,10,34,22,0,Matches
595,Ralph Priso-Mbongue,ca CAN,MF,Vancouver W'caps,21,2002,5.3,16,7,7,8,1,8,13,5,8,4,4,9,25,6,0,Matches
596,Andrew Privett,us USA,DF,Charlotte,23,2000,29.8,36,24,29,6,1,18,27,9,46,31,15,15,51,129,4,Matches
597,Riqui Puig,es ESP,MF,LA Galaxy,24,1999,28.2,20,15,9,6,5,6,31,25,19,3,16,14,34,3,1,Matches
598,Teemu Pukki,fi FIN,FW,Minnesota Utd,33,1990,10.4,4,0,0,2,2,2,8,6,15,2,13,2,6,2,0,Matches
599,Alan Pulido,mx MEX,"FW,MF",Sporting KC,32,1991,21.7,15,6,0,10,5,2,10,8,3,0,3,6,21,7,0,Matches
600,John Pulskamp,us USA,GK,Sporting KC,22,2001,6.0,1,0,1,0,0,1,1,0,0,0,0,0,1,2,0,Matches
Rk,Player,Nation,Pos,Squad,Age,Born,90s,Tkl,TklW,Def 3rd,Mid 3rd,Att 3rd,Tkl,Att,Lost,Blocks,Sh,Pass,Int,Tkl+Int,Clr,Err,Matches
601,Philip Quinton,us USA,DF,Columbus Crew,24,1999,1.0,0,0,0,0,0,0,0,0,1,1,0,0,0,3,0,Matches
602,Philip Quinton,us USA,DF,Real Salt Lake,24,1999,13.6,21,13,7,12,2,15,24,9,30,12,18,9,30,62,2,Matches
603,Nemanja Radoja,rs SRB,MF,Sporting KC,30,1993,23.6,43,26,18,24,1,21,37,16,24,4,20,20,63,28,1,Matches
604,Jeremy Rafanello,us USA,MF,Philadelphia Union,23,2000,3.6,4,3,0,3,1,2,7,5,4,0,4,1,5,5,0,Matches
605,Jackson Ragen,us USA,DF,Seattle Sounders,25,1998,32.2,30,19,17,12,1,13,21,8,34,21,13,27,57,125,3,Matches
606,Brooklyn Raines,us USA,"MF,FW",Houston Dynamo,18,2005,4.7,9,8,4,5,0,2,3,1,6,1,5,1,10,2,1,Matches
607,Alonso Ramírez,mx MEX,MF,Austin,22,2001,0.3,0,0,0,0,0,0,0,0,0,0,0,1,1,0,0,Matches
608,Anthony Ramirez,us USA,MF,FC Dallas,18,2005,0.0,0,0,0,0,0,0,0,0,0,0,0,0,0,0,0,Matches
609,Christian Ramirez,us USA,"MF,FW",Columbus Crew,32,1991,15.9,2,1,1,0,1,1,2,1,2,1,1,1,3,14,0,Matches
610,Rubén Ramos,us USA,"FW,MF",LA Galaxy,17,2007,0.2,0,0,0,0,0,0,0,0,0,0,0,0,0,0,0,Matches
611,Ryan Raposo,ca CAN,"DF,MF",Vancouver W'caps,24,1999,17.6,33,17,22,7,4,17,23,6,16,10,6,19,52,22,0,Matches
612,Henrich Ravas,sk SVK,GK,NE Revolution,26,1997,8.0,0,0,0,0,0,0,1,1,1,0,1,0,0,1,2,Matches
613,Tim Ream,us USA,DF,Charlotte,36,1987,8.8,4,3,3,1,0,1,3,2,14,8,6,9,13,33,0,Matches
614,Federico Redondo,ar ARG,MF,Inter Miami,21,2003,12.4,37,17,12,20,5,15,27,12,11,2,9,8,45,4,0,Matches
615,Jayden Reid,us USA,DF,St. Louis,22,2001,8.1,16,8,9,6,1,6,10,4,15,1,14,12,28,21,0,Matches
616,Marco Reus,de GER,MF,LA Galaxy,34,1989,4.0,2,2,0,1,1,1,6,5,1,0,1,4,6,1,0,Matches
617,Andrés Reyes,co COL,DF,NY Red Bulls,24,1999,16.6,23,11,18,4,1,16,31,15,40,19,21,19,42,67,1,Matches
618,Justin Reynolds,us USA,DF,Chicago Fire,19,2004,2.5,2,0,1,1,0,1,2,1,4,1,3,5,7,0,0,Matches
619,Emanuel Reynoso,ar ARG,MF,Minnesota Utd,28,1995,0.3,1,1,1,0,0,0,0,0,0,0,0,0,1,0,0,Matches
620,Spencer Richey,us USA,GK,Chicago Fire,31,1992,1.0,0,0,0,0,0,0,0,0,0,0,0,0,0,1,1,Matches
621,Will Richmond,us USA,FW,SJ Earthquakes,23,2000,0.0,0,0,0,0,0,0,0,0,0,0,0,0,0,0,0,Matches
622,Andrew Rick,us USA,GK,Philadelphia Union,18,2006,6.0,1,0,1,0,0,1,1,0,0,0,0,0,1,4,0,Matches
623,Jamar Ricketts,us USA,MF,SJ Earthquakes,22,2001,0.4,2,2,1,1,0,1,3,2,0,0,0,0,2,2,0,Matches
624,Kalani Rienzi,us USA,"DF,FW",Seattle Sounders,21,2002,0.1,2,0,2,0,0,2,3,1,0,0,0,0,2,1,0,Matches
625,Emiliano Rigoni,ar ARG,FW,Austin,30,1993,7.8,8,4,5,2,1,6,10,4,10,5,5,4,12,10,0,Matches
Rk,Player,Nation,Pos,Squad,Age,Born,90s,Tkl,TklW,Def 3rd,Mid 3rd,Att 3rd,Tkl,Att,Lost,Blocks,Sh,Pass,Int,Tkl+Int,Clr,Err,Matches
626,Alexander Ring,fi FIN,MF,Austin,32,1991,28.8,48,28,27,14,7,15,64,49,33,17,16,31,79,46,1,Matches
627,Birk Risa,no NOR,DF,NYCFC,25,1998,23.9,18,12,12,6,0,12,20,8,24,19,5,19,37,87,3,Matches
628,Miles Robinson,us USA,DF,FC Cincinnati,26,1997,24.8,48,34,23,21,4,22,28,6,29,12,17,28,76,92,0,Matches
629,Stian Rode Gregersen,no NOR,DF,Atlanta Utd,28,1995,19.6,39,24,33,6,0,19,29,10,29,17,12,18,57,80,1,Matches
630,Rodrigues,br BRA,DF,SJ Earthquakes,26,1997,30.6,57,32,47,9,1,40,75,35,40,24,16,45,102,141,1,Matches
631,Jonathan Rodríguez,uy URU,FW,Portland Timbers,30,1993,27.0,19,12,6,10,3,8,22,14,15,1,14,6,25,24,0,Matches
632,Martín Rodríguez,cl CHI,MF,D.C. United,29,1994,14.0,35,21,15,18,2,19,35,16,15,2,13,24,59,18,1,Matches
633,Memo Rodriguez,us USA,MF,Sporting KC,28,1995,17.9,50,24,15,24,11,23,51,28,17,2,15,21,71,10,0,Matches
634,Santiago Rodríguez,uy URU,"FW,MF",NYCFC,24,2000,31.0,43,31,14,19,10,16,41,25,27,1,26,14,57,8,1,Matches
635,Matías Rojas,py PAR,"MF,FW",Inter Miami,28,1995,8.9,16,9,7,7,2,5,13,8,11,1,10,5,21,2,0,Matches
636,Alex Roldan,sv SLV,DF,Seattle Sounders,27,1996,25.4,45,32,23,16,6,24,45,21,41,11,30,23,68,53,1,Matches
637,Cristian Roldan,us USA,"MF,FW",Seattle Sounders,28,1995,31.5,71,45,29,33,9,39,64,25,43,8,35,24,95,38,0,Matches
638,Kage Romanshyn,us USA,FW,Minnesota Utd,18,2005,0.1,0,0,0,0,0,0,0,0,0,0,0,0,0,0,0,Matches
639,Abraham Romero,mx MEX,GK,Columbus Crew,25,1998,1.5,0,0,0,0,0,0,0,0,0,0,0,0,0,0,0,Matches
640,David Romney,us USA,DF,NE Revolution,30,1993,24.6,27,11,16,10,1,16,24,8,47,30,17,17,44,151,0,Matches
641,Connor Ronan,ie IRL,MF,Colorado Rapids,25,1998,20.1,36,18,15,15,6,22,56,34,21,4,17,25,61,19,0,Matches
642,Joseph Rosales,hn HON,"DF,MF",Minnesota Utd,23,2000,26.7,74,45,45,23,6,41,65,24,29,4,25,53,127,51,0,Matches
643,Keegan Rosenberry,us USA,DF,Colorado Rapids,30,1993,29.1,35,22,20,12,3,25,38,13,38,16,22,41,76,82,0,Matches
644,Daniel Rosero,co COL,DF,Sporting KC,30,1993,21.0,25,18,17,8,0,11,18,7,21,13,8,24,49,95,1,Matches
645,Diego Rossi,uy URU,"MF,FW",Columbus Crew,25,1998,29.2,8,3,1,4,3,2,18,16,19,0,19,9,17,7,0,Matches
646,Sigurd Rosted,no NOR,DF,Toronto FC,29,1994,19.5,30,14,16,13,1,20,29,9,20,10,10,30,60,47,1,Matches
647,Paul Rothrock,us USA,FW,Seattle Sounders,25,1999,14.6,17,14,6,10,1,8,15,7,15,1,14,10,27,11,0,Matches
648,Ruan,br BRA,"DF,MF",FC Dallas,28,1995,4.7,6,4,5,1,0,3,7,4,4,1,3,2,8,3,0,Matches
649,Ruan,br BRA,"DF,MF",CF Montréal,28,1995,22.1,18,14,10,5,3,4,16,12,17,3,14,10,28,33,1,Matches
650,Diego Rubio,cl CHI,FW,Austin,30,1993,20.9,26,16,12,9,5,14,34,20,22,2,20,7,33,7,0,Matches
Rk,Player,Nation,Pos,Squad,Age,Born,90s,Tkl,TklW,Def 3rd,Mid 3rd,Att 3rd,Tkl,Att,Lost,Blocks,Sh,Pass,Int,Tkl+Int,Clr,Err,Matches
651,Raúl Ruidíaz,pe PER,FW,Seattle Sounders,33,1990,15.0,8,5,2,3,3,3,7,4,11,2,9,1,9,6,0,Matches
652,David Ruíz,hn HON,"MF,DF",Inter Miami,19,2004,12.1,31,26,17,13,1,15,36,21,15,4,11,16,47,12,1,Matches
653,Pablo Ruíz,ar ARG,"MF,FW",Real Salt Lake,25,1998,1.9,0,0,0,0,0,0,2,2,2,0,2,1,1,0,0,Matches
654,Albert Rusnák,sk SVK,MF,Seattle Sounders,29,1994,28.1,15,11,3,8,4,6,17,11,11,0,11,18,33,6,0,Matches
655,Johnny Russell,sct SCO,FW,Sporting KC,33,1990,19.2,36,24,16,10,10,18,31,13,27,2,25,10,46,13,0,Matches
656,Jacen Russell-Rowe,ca CAN,"MF,FW",Columbus Crew,21,2002,11.5,9,5,2,4,3,4,8,4,6,0,6,3,12,2,0,Matches
657,Ryan Sailor,us USA,DF,Inter Miami,25,1998,3.5,4,3,4,0,0,3,3,0,4,4,0,4,8,16,1,Matches
658,Nathan Saliba,ca CAN,MF,CF Montréal,19,2004,18.3,42,19,14,24,4,20,37,17,18,7,11,10,52,31,0,Matches
659,Dániel Sallói,hu HUN,FW,Sporting KC,27,1996,23.6,24,11,6,13,5,11,15,4,23,0,23,10,34,14,0,Matches
660,Tobias Salquist,dk DEN,DF,Chicago Fire,28,1995,10.2,9,5,7,2,0,7,10,3,9,9,0,11,20,50,1,Matches
661,Ilie Sánchez,es ESP,MF,LAFC,33,1990,24.0,43,27,23,13,7,22,45,23,33,19,14,48,91,44,0,Matches
662,James Sands,us USA,MF,NYCFC,23,2000,28.4,81,54,28,44,9,34,51,17,44,14,30,45,126,52,1,Matches
663,William Sands,us USA,DF,NE Revolution,23,2000,4.8,9,6,6,3,0,5,6,1,7,3,4,5,14,19,0,Matches
664,William Sands,us USA,DF,Columbus Crew,23,2000,2.8,6,3,2,3,1,2,4,2,3,0,3,2,8,3,0,Matches
665,Jeong Sangbin,kr KOR,"FW,MF",Minnesota Utd,21,2002,24.1,18,12,10,5,3,10,28,18,16,1,15,11,29,14,1,Matches
666,Sergio Santos Gomes,br BRA,FW,FC Cincinnati,29,1994,10.3,18,10,5,4,9,5,14,9,8,0,8,5,23,11,1,Matches
667,Pedro Santos,pt POR,"DF,MF",D.C. United,35,1988,20.0,71,44,38,23,10,36,67,31,33,4,29,27,98,65,0,Matches
668,Rafael Santos,br BRA,DF,Orlando City,25,1998,23.0,34,17,16,11,7,20,42,22,18,3,15,22,56,50,1,Matches
669,Hayden Sargis,us USA,DF,D.C. United,21,2002,0.3,0,0,0,0,0,0,0,0,1,1,0,1,1,2,0,Matches
670,Nick Scardina,us USA,FW,Charlotte,22,2001,0.0,0,0,0,0,0,0,0,0,0,0,0,0,0,0,0,Matches
671,Rodrigo Schlegel,ar ARG,DF,Orlando City,26,1997,25.5,41,25,28,10,3,25,36,11,29,10,19,26,67,85,2,Matches
672,Tate Schmitt,us USA,DF,Houston Dynamo,26,1997,4.8,7,6,6,1,0,5,8,3,5,1,4,5,12,9,1,Matches
673,David Schnegg,at AUT,DF,D.C. United,25,1998,1.3,5,1,3,1,1,5,7,2,2,0,2,3,8,1,0,Matches
674,Alessandro Schöpf,at AUT,"MF,DF",Vancouver W'caps,29,1994,21.5,23,17,11,9,3,10,28,18,21,3,18,18,41,22,0,Matches
675,Patrick Schulte,us USA,GK,Columbus Crew,22,2001,27.0,1,0,1,0,0,1,2,1,0,0,0,0,1,4,5,Matches
Rk,Player,Nation,Pos,Squad,Age,Born,90s,Tkl,TklW,Def 3rd,Mid 3rd,Att 3rd,Tkl,Att,Lost,Blocks,Sh,Pass,Int,Tkl+Int,Clr,Err,Matches
676,Tarik Scott,us USA,FW,FC Dallas,18,2005,0.6,2,1,0,1,1,1,1,0,2,0,2,1,3,0,0,Matches
677,Dante Sealy,tt TRI,"DF,MF",FC Dallas,20,2003,9.6,14,8,5,5,4,8,12,4,5,1,4,12,26,15,0,Matches
678,Gabe Segal,us USA,FW,Houston Dynamo,22,2001,2.2,3,2,0,3,0,1,3,2,1,0,1,0,3,2,0,Matches
679,Eddie Segura,co COL,"DF,MF",LAFC,26,1997,15.0,17,8,12,5,0,10,21,11,23,11,12,21,38,52,3,Matches
680,Amar Sejdic,us USA,MF,Nashville SC,27,1996,3.4,9,6,3,6,0,5,9,4,5,2,3,6,15,3,2,Matches
681,Oliver Semmle,de GER,GK,Philadelphia Union,25,1998,15.6,1,0,1,0,0,1,1,0,0,0,0,0,1,7,0,Matches
682,Brandon Servania,us USA,MF,Toronto FC,24,1999,0.7,3,2,1,1,1,1,1,0,0,0,0,0,3,2,0,Matches
683,Jacob Shaffelburg,ca CAN,"FW,DF",Nashville SC,24,1999,15.7,17,10,3,9,5,8,21,13,30,2,28,12,29,8,0,Matches
684,Xherdan Shaqiri,ch SUI,"MF,FW",Chicago Fire,32,1991,8.2,3,1,1,2,0,2,6,4,2,0,2,1,4,1,0,Matches
685,Charles Sharp,us USA,"FW,MF",Toronto FC,22,2001,0.3,0,0,0,0,0,0,0,0,1,0,1,1,1,1,0,Matches
686,Samuel Shashoua,eng ENG,"MF,FW",Minnesota Utd,24,1999,0.2,0,0,0,0,0,0,0,0,0,0,0,0,0,0,0,Matches
687,Khiry Shelton,us USA,DF,Sporting KC,30,1993,11.5,25,14,15,9,1,9,20,11,13,1,12,18,43,21,1,Matches
688,Show,ao ANG,MF,FC Dallas,24,1999,5.5,11,6,3,6,2,2,8,6,7,0,7,8,19,6,0,Matches
689,Marcelo Silva,uy URU,DF,Real Salt Lake,34,1989,2.0,2,2,2,0,0,1,3,2,2,2,0,2,4,16,0,Matches
690,Tommy Silva,us USA,DF,Real Salt Lake,21,2002,0.2,0,0,0,0,0,0,0,0,0,0,0,2,2,3,0,Matches
691,Xande Silva,pt POR,"FW,MF",Atlanta Utd,26,1997,16.1,24,18,5,10,9,12,26,14,19,1,18,8,32,7,0,Matches
692,Jonathan Sirois,ca CAN,GK,CF Montréal,22,2001,33.0,2,1,2,0,0,2,3,1,0,0,0,0,2,26,4,Matches
693,Jack Skahan,us USA,"MF,FW",SJ Earthquakes,25,1998,9.6,6,3,2,3,1,4,12,8,10,0,10,1,7,4,1,Matches
694,Joseph Skinner,us USA,FW,Nashville SC,20,2003,0.1,1,0,0,1,0,0,2,2,1,0,1,0,1,0,0,Matches
695,Bartosz Slisz,pl POL,MF,Atlanta Utd,24,1999,26.6,53,26,25,23,5,21,48,27,31,12,19,36,89,38,2,Matches
696,Tyger Smalls,,FW,Charlotte,21,2002,2.5,9,7,3,3,3,2,9,7,7,1,6,2,11,3,0,Matches
697,Alec Smir,us USA,GK,Minnesota Utd,24,1999,3.0,0,0,0,0,0,0,0,0,0,0,0,0,0,5,0,Matches
698,Brad Smith,au AUS,"FW,DF",Houston Dynamo,29,1994,4.5,7,3,5,1,1,3,9,6,4,1,3,1,8,8,0,Matches
699,Kyle Smith,us USA,"DF,MF",Orlando City,32,1992,12.8,22,6,15,6,1,12,22,10,15,3,12,9,31,40,0,Matches
700,Mohammed Sofo,gh GHA,MF,NY Red Bulls,19,2004,0.3,1,1,0,1,0,0,1,1,1,0,1,0,1,0,0,Matches
Rk,Player,Nation,Pos,Squad,Age,Born,90s,Tkl,TklW,Def 3rd,Mid 3rd,Att 3rd,Tkl,Att,Lost,Blocks,Sh,Pass,Int,Tkl+Int,Clr,Err,Matches
701,Joaquin Sosa,uy URU,DF,CF Montréal,22,2002,14.1,37,24,20,14,3,25,35,10,18,5,13,17,54,40,0,Matches
702,Arnaud Souquet,fr FRA,DF,Chicago Fire,31,1992,20.8,39,29,24,12,3,21,35,14,27,8,19,27,66,48,0,Matches
703,Ryan Spaulding,us USA,"DF,MF",NE Revolution,25,1998,5.0,15,6,6,6,3,8,11,3,8,2,6,7,22,14,0,Matches
704,Tyrese Spicer,tt TRI,"DF,MF",Toronto FC,23,2000,11.8,27,21,14,7,6,5,13,8,26,2,24,11,38,16,1,Matches
705,Dayne St. Clair,ca CAN,GK,Minnesota Utd,26,1997,26.0,3,2,3,0,0,3,6,3,1,0,1,0,3,16,1,Matches
706,Mason Stajduhar,us USA,GK,Orlando City,26,1997,4.3,0,0,0,0,0,0,1,1,0,0,0,0,0,1,0,Matches
707,Zack Steffen,us USA,GK,Colorado Rapids,28,1995,33.0,3,0,3,0,0,3,4,1,0,0,0,0,3,24,2,Matches
708,Daniel Steres,us USA,DF,Houston Dynamo,33,1990,13.0,28,21,18,8,2,17,22,5,10,3,7,9,37,35,1,Matches
709,Kimani Stewart-Baynes,ca CAN,"FW,MF",Colorado Rapids,19,2005,1.6,7,3,1,5,1,4,6,2,2,1,1,2,9,1,0,Matches
710,Jared Stroud,us USA,"MF,FW",D.C. United,27,1996,27.7,42,27,18,18,6,26,56,30,24,1,23,14,56,13,1,Matches
711,Peter Stroud,us USA,MF,NY Red Bulls,21,2002,9.4,23,14,8,11,4,13,22,9,12,2,10,8,31,14,0,Matches
712,Brad Stuver,us USA,GK,Austin,32,1991,34.0,0,0,0,0,0,0,4,4,0,0,0,1,1,20,2,Matches
713,Luis Suárez,uy URU,FW,Inter Miami,37,1987,21.3,3,2,1,1,1,0,5,5,4,2,2,3,6,12,0,Matches
714,Cavan Sullivan,us USA,"MF,FW",Philadelphia Union,14,2009,0.1,1,1,1,0,0,0,0,0,0,0,0,0,1,0,0,Matches
715,Quinn Sullivan,us USA,"MF,FW",Philadelphia Union,19,2004,26.7,34,18,9,16,9,11,40,29,32,1,31,9,43,17,0,Matches
716,Lawson Sunderland,us USA,MF,Inter Miami,22,2001,2.1,4,3,1,3,0,1,4,3,6,1,5,3,7,1,0,Matches
717,Finn Surman,nz NZL,DF,Portland Timbers,20,2003,1.0,0,0,0,0,0,0,1,1,3,2,1,1,1,2,0,Matches
718,Sam Surridge,eng ENG,FW,Nashville SC,25,1998,26.5,23,15,12,9,2,8,17,9,14,1,13,6,29,27,0,Matches
719,Oleksandr Svatok,ua UKR,DF,Austin,29,1994,4.5,4,2,3,1,0,2,5,3,6,5,1,9,13,13,0,Matches
720,Erik Sviatchenko,dk DEN,DF,Houston Dynamo,32,1991,27.0,25,17,17,6,2,14,19,5,22,18,4,26,51,93,3,Matches
721,Karol Świderski,pl POL,FW,Charlotte,27,1997,5.9,5,3,0,0,5,1,5,4,2,1,1,3,8,3,0,Matches
722,Nkosi Tafari,us USA,DF,FC Dallas,26,1997,25.0,27,22,18,6,3,13,18,5,26,21,5,22,49,96,1,Matches
723,Yohei Takaoka,jp JPN,GK,Vancouver W'caps,27,1996,33.0,0,0,0,0,0,0,0,0,0,0,0,0,0,9,3,Matches
724,Strahinja Tanasijević,rs SRB,DF,NYCFC,26,1997,11.0,11,7,6,4,1,4,7,3,15,8,7,11,22,44,0,Matches
725,Miguel Tapias,mx MEX,DF,Minnesota Utd,27,1997,23.2,28,21,19,8,1,20,32,12,24,12,12,22,50,105,1,Matches
Rk,Player,Nation,Pos,Squad,Age,Born,90s,Tkl,TklW,Def 3rd,Mid 3rd,Att 3rd,Tkl,Att,Lost,Blocks,Sh,Pass,Int,Tkl+Int,Clr,Err,Matches
726,Andrew Tarbell,us USA,GK,Houston Dynamo,30,1993,3.2,0,0,0,0,0,0,0,0,0,0,0,0,0,2,0,Matches
727,Iuri Tavares,cv CPV,FW,Charlotte,22,2001,10.0,22,12,6,9,7,9,17,8,24,5,19,5,27,18,0,Matches
728,D.J. Taylor,us USA,"DF,MF",Minnesota Utd,26,1997,16.5,38,27,24,10,4,24,37,13,12,2,10,32,70,54,0,Matches
729,Robert Taylor,fi FIN,"FW,MF",Inter Miami,29,1994,18.3,14,9,5,4,5,3,16,13,15,0,15,11,25,6,0,Matches
730,Carlos Terán,co COL,DF,Chicago Fire,23,2000,13.5,27,20,15,11,1,14,17,3,22,12,10,28,55,45,1,Matches
731,Cedric Teuchert,de GER,"MF,FW",St. Louis,27,1997,8.4,13,10,0,11,2,4,13,9,10,1,9,2,15,3,0,Matches
732,Dylan Teves,us USA,"MF,FW",Seattle Sounders,23,2000,1.0,3,2,1,2,0,2,3,1,1,0,1,0,3,1,0,Matches
733,Jamal Thiaré,sn SEN,FW,Atlanta Utd,30,1993,12.7,7,5,2,5,0,1,7,6,4,1,3,2,9,18,0,Matches
734,Andrew Thomas,ru RUS,GK,Seattle Sounders,25,1998,6.6,0,0,0,0,0,0,1,1,0,0,0,0,0,3,0,Matches
735,Erik Thommy,de GER,"MF,FW",Sporting KC,29,1994,25.8,32,23,6,17,9,16,33,17,31,3,28,13,45,13,1,Matches
736,Kosi Thompson,ca CAN,"MF,DF",Toronto FC,21,2003,12.3,28,16,18,7,3,18,25,7,27,6,21,8,36,26,1,Matches
737,Tommy Thompson,us USA,"DF,FW",SJ Earthquakes,28,1995,1.0,4,2,1,3,0,2,4,2,0,0,0,2,6,4,0,Matches
738,Timmy Tillman,de GER,MF,LAFC,25,1999,27.5,72,48,27,29,16,33,65,32,34,10,24,34,106,27,0,Matches
739,John Tolkin,us USA,DF,NY Red Bulls,21,2002,26.5,44,29,24,14,6,17,32,15,35,4,31,29,73,45,2,Matches
740,Nouhou Tolo,cm CMR,DF,Seattle Sounders,26,1997,24.5,35,24,24,9,2,21,35,14,26,12,14,31,66,80,0,Matches
741,Ervin Torres,us USA,MF,Austin,16,2007,0.1,0,0,0,0,0,0,0,0,0,0,0,0,0,0,0,Matches
742,Facundo Torres,uy URU,"FW,MF",Orlando City,23,2000,29.3,29,15,12,7,10,17,30,13,24,1,23,13,42,12,0,Matches
743,Tomas Totland,no NOR,DF,St. Louis,25,1998,27.6,57,28,26,25,6,41,65,24,37,12,25,45,102,82,1,Matches
744,Mason Toye,us USA,"FW,MF",Portland Timbers,25,1998,1.6,0,0,0,0,0,0,1,1,2,2,0,0,0,1,0,Matches
745,Mason Toye,us USA,"FW,MF",CF Montréal,25,1998,5.3,0,0,0,0,0,0,3,3,5,1,4,4,4,4,0,Matches
746,Wil Trapp,us USA,MF,Minnesota Utd,31,1993,25.5,54,30,23,23,8,26,48,22,25,10,15,25,79,30,0,Matches
747,Jackson Travis,us USA,DF,Colorado Rapids,19,2004,5.4,11,8,7,2,2,5,9,4,11,3,8,3,14,13,0,Matches
748,Niko Tsakiris,us USA,MF,SJ Earthquakes,18,2005,16.3,27,17,13,10,4,14,32,18,21,5,16,13,40,20,0,Matches
749,Yutaro Tsukada,jp JPN,FW,Orlando City,22,2001,0.2,1,1,1,0,0,1,1,0,0,0,0,0,1,0,0,Matches
750,Garrison Tubbs,us USA,DF,D.C. United,21,2002,6.1,17,8,10,6,1,11,12,1,6,3,3,6,23,16,0,Matches
Rk,Player,Nation,Pos,Squad,Age,Born,90s,Tkl,TklW,Def 3rd,Mid 3rd,Att 3rd,Tkl,Att,Lost,Blocks,Sh,Pass,Int,Tkl+Int,Clr,Err,Matches
751,Bill Tuiloma,nz NZL,DF,Charlotte,28,1995,2.2,1,1,0,1,0,1,1,0,2,1,1,1,2,9,0,Matches
752,Ema Twumasi,gh GHA,DF,FC Dallas,26,1997,13.1,25,16,15,8,2,14,24,10,11,5,6,5,30,29,1,Matches
753,Marinos Tzionis,cy CYP,"FW,MF",Sporting KC,22,2001,3.1,6,3,0,2,4,0,1,1,6,1,5,3,9,2,0,Matches
754,Mikael Uhre,dk DEN,FW,Philadelphia Union,29,1994,22.3,25,14,4,11,10,11,22,11,15,2,13,4,29,17,0,Matches
755,Jere Uronen,fi FIN,DF,Charlotte,29,1994,23.7,44,26,24,15,5,31,49,18,33,9,24,28,72,65,0,Matches
756,Júnior Urso,br BRA,MF,Charlotte,34,1989,11.4,29,17,6,20,3,10,22,12,12,4,8,13,42,18,0,Matches
757,Óscar Ustari,ar ARG,GK,Inter Miami,37,1986,1.0,0,0,0,0,0,0,0,0,0,0,0,0,0,0,0,Matches
758,Leo Väisänen,fi FIN,DF,Austin,26,1997,9.2,15,9,11,4,0,9,11,2,13,10,3,6,21,40,1,Matches
759,Jhojan Valencia,co COL,MF,Austin,27,1996,16.0,36,23,16,16,4,13,31,18,16,6,10,14,50,30,1,Matches
760,Omar Valencia,pa PAN,MF,NY Red Bulls,19,2004,0.0,1,1,0,1,0,1,1,0,0,0,0,0,1,1,0,Matches
761,Zarek Valentin,pr PUR,"DF,MF",Minnesota Utd,32,1991,0.4,0,0,0,0,0,0,0,0,1,0,1,0,0,3,0,Matches
762,Gerardo Valenzuela,us USA,"MF,FW",FC Cincinnati,19,2004,10.7,23,16,3,14,6,10,21,11,14,2,12,4,27,11,0,Matches
763,Jefferson Valverde,ec ECU,DF,Houston Dynamo,24,1999,0.1,0,0,0,0,0,0,1,1,0,0,0,0,0,0,0,Matches
764,Dante Vanzeir,be BEL,FW,NY Red Bulls,25,1998,23.1,16,8,1,5,10,6,12,6,12,0,12,7,23,6,0,Matches
765,Alenis Vargas,hn HON,FW,Sporting KC,20,2003,7.0,7,4,1,2,4,4,12,8,2,1,1,3,10,4,0,Matches
766,Kerwin Vargas,co COL,FW,Charlotte,22,2002,27.3,27,15,11,12,4,15,20,5,24,2,22,11,38,37,0,Matches
767,Obed Vargas,mx MEX,"MF,FW",Seattle Sounders,18,2005,28.2,68,41,22,32,14,22,42,20,51,20,31,36,104,36,2,Matches
768,Indiana Vassilev,us USA,"MF,FW",St. Louis,22,2001,20.4,26,16,5,15,6,12,39,27,29,1,28,7,33,10,0,Matches
769,Alan Velasco,ar ARG,"FW,MF",FC Dallas,21,2002,4.1,5,4,0,5,0,1,7,6,4,0,4,4,9,1,0,Matches
770,Brayan Vera,co COL,DF,Real Salt Lake,25,1999,23.4,38,23,25,12,1,15,24,9,39,24,15,14,52,75,0,Matches
771,Oscar Verhoeven,us USA,DF,SJ Earthquakes,17,2006,4.5,6,4,4,1,1,5,7,2,3,2,1,6,12,23,0,Matches
772,Ranko Veselinović,rs SRB,DF,Vancouver W'caps,24,1999,30.7,23,16,19,3,1,12,21,9,40,22,18,16,39,178,1,Matches
773,Jules-Anthony Vilsaint,ca CAN,"MF,FW",CF Montréal,21,2003,9.3,10,5,3,7,0,5,7,2,5,1,4,3,13,6,0,Matches
774,Sam Vines,us USA,DF,Colorado Rapids,24,1999,24.1,30,17,21,5,4,25,40,15,28,7,21,24,54,48,1,Matches
775,Pedro Vite,ec ECU,MF,Vancouver W'caps,21,2002,22.4,41,32,16,20,5,14,34,20,21,5,16,29,70,12,1,Matches
Rk,Player,Nation,Pos,Squad,Age,Born,90s,Tkl,TklW,Def 3rd,Mid 3rd,Att 3rd,Tkl,Att,Lost,Blocks,Sh,Pass,Int,Tkl+Int,Clr,Err,Matches
776,Robert Voloder,ba BIH,DF,Sporting KC,22,2001,19.6,32,20,20,9,3,13,24,11,31,13,18,27,59,69,2,Matches
777,Giacomo Vrioni,al ALB,FW,NE Revolution,25,1998,24.8,12,9,3,3,6,4,10,6,6,0,6,1,13,5,0,Matches
778,Kai Wagner,de GER,DF,Philadelphia Union,26,1997,32.3,59,38,41,14,4,34,55,21,39,16,23,38,97,64,0,Matches
779,Rémi Walter,fr FRA,MF,Sporting KC,28,1995,14.2,24,14,9,11,4,13,18,5,6,2,4,11,35,16,0,Matches
780,Victor Wanyama,ke KEN,MF,CF Montréal,32,1991,4.5,8,6,1,6,1,5,12,7,4,2,2,5,13,10,0,Matches
781,Taylor Washington,us USA,DF,Nashville SC,30,1993,8.4,18,14,12,3,3,11,22,11,8,4,4,8,26,22,0,Matches
782,Joel Waterman,ca CAN,DF,CF Montréal,28,1996,23.6,29,18,21,6,2,16,24,8,34,26,8,43,72,91,1,Matches
783,Akil Watts,us USA,"DF,MF",St. Louis,23,2000,10.7,39,31,18,11,10,20,29,9,29,9,20,7,46,15,1,Matches
784,Patrick Weah,lr LBR,FW,Minnesota Utd,20,2003,0.4,0,0,0,0,0,0,0,0,1,1,0,0,0,0,0,Matches
785,Marcelo Weigandt,ar ARG,"DF,MF",Inter Miami,24,2000,22.2,56,37,38,15,3,37,68,31,33,8,25,16,72,58,0,Matches
786,Michael Wentzel,de GER,DF,St. Louis,21,2002,1.9,3,1,2,1,0,1,4,3,2,1,1,0,3,15,0,Matches
787,Ashley Westwood,eng ENG,MF,Charlotte,33,1990,33.0,20,9,10,8,2,7,18,11,17,8,9,26,46,45,1,Matches
788,Brian White,us USA,FW,Vancouver W'caps,27,1996,27.2,13,7,3,4,6,4,12,8,17,4,13,8,21,45,0,Matches
789,Caleb Wiley,us USA,DF,Atlanta Utd,19,2004,20.9,32,24,23,7,2,21,37,16,30,9,21,25,57,60,0,Matches
790,Derrick Williams,ie IRL,DF,Atlanta Utd,31,1993,25.1,31,21,16,15,0,15,23,8,41,28,13,25,56,116,2,Matches
791,Eryk Williamson,us USA,MF,Portland Timbers,26,1997,11.9,18,11,6,9,3,4,13,9,9,4,5,14,32,6,0,Matches
792,Joe Willis,us USA,GK,Nashville SC,35,1988,29.2,1,1,1,0,0,1,3,2,0,0,0,1,2,7,1,Matches
793,Bruno Wilson,pt POR,DF,SJ Earthquakes,27,1996,11.6,7,4,6,1,0,3,6,3,20,17,3,20,27,63,0,Matches
794,Henry Wingo,us USA,DF,Toronto FC,28,1995,1.9,2,2,1,1,0,0,0,0,2,0,2,0,2,1,1,Matches
795,Hannes Wolf,at AUT,"FW,MF",NYCFC,24,1999,28.4,50,29,17,20,13,24,64,40,35,0,35,7,57,7,1,Matches
796,Owen Wolff,us USA,"FW,MF",Austin,19,2004,19.8,27,16,12,8,7,15,25,10,20,7,13,6,33,30,0,Matches
797,Tyler Wolff,us USA,"FW,MF",Atlanta Utd,20,2003,5.3,15,8,6,7,2,8,18,10,15,1,14,5,20,3,0,Matches
798,Bobby Wood,us USA,FW,NE Revolution,31,1992,6.2,5,4,0,3,2,1,2,1,1,0,1,1,6,6,0,Matches
799,Miki Yamane,jp JPN,DF,LA Galaxy,30,1993,32.5,58,38,36,19,3,37,70,33,35,11,24,34,92,99,2,Matches
800,Dominik Yankov,bg BUL,"MF,FW",CF Montréal,23,2000,7.8,11,4,4,4,3,5,15,10,10,0,10,2,13,2,0,Matches
Rk,Player,Nation,Pos,Squad,Age,Born,90s,Tkl,TklW,Def 3rd,Mid 3rd,Att 3rd,Tkl,Att,Lost,Blocks,Sh,Pass,Int,Tkl+Int,Clr,Err,Matches
801,Darren Yapi,us USA,FW,Colorado Rapids,19,2004,8.3,17,9,3,7,7,5,11,6,7,0,7,3,20,5,0,Matches
802,William Yarbrough,us USA,GK,SJ Earthquakes,34,1989,19.0,0,0,0,0,0,0,0,0,0,0,0,0,0,8,1,Matches
803,Joshua Yaro,gh GHA,DF,St. Louis,29,1994,8.6,10,8,8,2,0,7,7,0,17,12,5,14,24,36,1,Matches
804,Patrick Yazbek,au AUS,MF,Nashville SC,21,2002,4.2,11,7,6,3,2,3,11,8,6,3,3,5,16,7,0,Matches
805,Dru Yearwood,eng ENG,MF,Nashville SC,23,2000,16.8,40,26,23,12,5,18,47,29,31,2,29,20,60,16,0,Matches
806,Kelvin Yeboah,it ITA,FW,Minnesota Utd,23,2000,7.9,1,1,1,0,0,0,3,3,4,1,3,1,2,5,0,Matches
807,Yaw Yeboah,gh GHA,"DF,MF",Columbus Crew,26,1997,11.7,12,3,7,1,4,9,22,13,7,0,7,9,21,7,0,Matches
808,DeAndre Yedlin,us USA,DF,Inter Miami,30,1993,3.0,6,2,3,3,0,3,7,4,4,1,3,7,13,11,0,Matches
809,DeAndre Yedlin,us USA,DF,FC Cincinnati,30,1993,24.4,48,26,25,18,5,25,45,20,30,8,22,27,75,48,2,Matches
810,Maya Yoshida,jp JPN,DF,LA Galaxy,35,1988,33.7,24,14,14,9,1,12,23,11,51,38,13,51,75,156,4,Matches
811,Jackson Yueill,us USA,MF,SJ Earthquakes,26,1997,27.2,42,22,9,29,4,19,40,21,13,2,11,26,68,39,1,Matches
812,Alhassan Yusuf,ng NGA,MF,NE Revolution,23,2000,5.0,17,7,6,10,1,13,17,4,6,2,4,9,26,4,0,Matches
813,Gyasi Zardes,us USA,FW,Austin,32,1991,13.2,17,13,9,7,1,7,10,3,8,2,6,6,23,20,1,Matches
814,Eriq Zavaleta,sv SLV,DF,LA Galaxy,31,1992,1.8,3,2,3,0,0,2,2,0,3,3,0,2,5,9,0,Matches
815,Sean Zawadzki,us USA,"MF,DF",Columbus Crew,23,2000,20.8,54,32,24,22,8,25,41,16,24,5,19,29,83,40,1,Matches
816,Walker Zimmerman,us USA,DF,Nashville SC,30,1993,21.4,25,14,16,7,2,15,24,9,24,16,8,42,67,117,0,Matches
817,Rida Zouhir,ca CAN,"MF,DF",CF Montréal,20,2003,2.0,5,3,1,2,2,2,3,1,2,0,2,2,7,0,0,Matches
818,Dario Župarić,ba BIH,DF,Portland Timbers,31,1992,24.7,49,30,36,11,2,25,37,12,41,21,20,38,87,122,1,Matches
819,Nökkvi Þórisson,is ISL,"FW,MF",St. Louis,24,1999,13.2,15,9,5,6,4,5,17,12,13,2,11,6,21,16,0,Matches
