round,wk,day,date,time,home,xg,score,xg_1,away,attendance,venue,referee,match_report,notes
Regular Season,1,Wed,2024-02-21,20:00 (02:00),Inter Miami,1.4,2–0,0.8,Real Salt Lake,21137,Chase Stadium,,Match Report,
Regular Season,1,Sat,2024-02-24,13:45 (22:45),LAFC,1.5,2–1,1.8,Seattle Sounders,22214,BMO Stadium,,Match Report,
Regular Season,1,Sat,2024-02-24,14:00 (20:00),Columbus Crew,1.8,1–0,0.5,Atlanta Utd,20406,Lower.com Field,,Match Report,
Regular Season,1,Sun,2024-02-25,14:30 (20:30),FC Cincinnati,0.9,0–0,0.5,Toronto FC,25513,TQL Stadium,,Match Report,
Regular Season,1,Sun,2024-02-25,16:00 (23:00),Nashville SC,0.1,0–0,1.4,NY Red Bulls,30109,Geodis Park,,Match Report,
Regular Season,1,Sat,2024-02-24,19:30 (02:30),Austin,1.1,1–2,3.0,Minnesota Utd,20738,Q2 Stadium,,Match Report,
Regular Season,1,Sat,2024-02-24,19:30 (01:30),Orlando City,0.9,0–0,1.0,CF Montréal,24249,Inter&Co Stadium,,Match Report,
Regular Season,1,Sat,2024-02-24,19:30 (04:30),Portland Timbers,0.5,4–1,1.2,Colorado Rapids,21411,Providence Park,,Match Report,
Regular Season,1,Sat,2024-02-24,19:30 (02:30),Houston Dynamo,1.0,1–1,0.2,Sporting KC,18818,Shell Energy Stadium,,Match Report,
Regular Season,1,Sat,2024-02-24,19:30 (01:30),Philadelphia Union,2.1,2–2,1.6,Chicago Fire,18734,Subaru Park,,Match Report,
Regular Season,1,Sat,2024-02-24,19:30 (02:30),FC Dallas,1.0,2–1,0.9,SJ Earthquakes,19096,Toyota Stadium,,Match Report,
Regular Season,1,Sat,2024-02-24,19:30 (02:30),St. Louis,0.7,1–1,1.7,Real Salt Lake,22423,Energizer Park,,Match Report,
Regular Season,1,Sat,2024-02-24,19:30 (01:30),D.C. United,4.5,3–1,0.8,NE Revolution,19215,Audi Field,,Match Report,
Regular Season,1,Sat,2024-02-24,19:30 (01:30),Charlotte,2.0,1–0,0.5,NYCFC,62291,Bank of America Stadium,,Match Report,
Regular Season,1,Sun,2024-02-25,18:00 (03:00),LA Galaxy,3.2,1–1,0.6,Inter Miami,27642,Dignity Health Sports Park,,Match Report,
Regular Season,2,Sat,2024-03-02,12:00 (20:00),Real Salt Lake,2.3,3–0,0.7,LAFC,19509,America First Field,,Match Report,
Regular Season,2,Sat,2024-03-02,13:00 (20:00),Minnesota Utd,0.8,1–1,1.4,Columbus Crew,19906,Allianz Field,,Match Report,
Regular Season,2,Sat,2024-03-02,16:30 (22:30),Inter Miami,2.8,5–0,0.8,Orlando City,21352,Chase Stadium,,Match Report,
Regular Season,2,Sun,2024-03-03,14:00 (20:00),NE Revolution,1.8,0–1,0.7,Toronto FC,29293,Gillette Stadium,,Match Report,
Regular Season,2,Sat,2024-03-02,16:30 (01:30),Vancouver W'caps,1.0,1–1,1.3,Charlotte,29624,BC Place Stadium,,Match Report,
Regular Season,2,Sat,2024-03-02,19:30 (02:30),Houston Dynamo,1.2,1–2,1.0,NY Red Bulls,16516,Shell Energy Stadium,,Match Report,
Regular Season,2,Sat,2024-03-02,19:30 (02:30),Chicago Fire,1.0,1–2,0.9,FC Cincinnati,26592,Soldier Field,,Match Report,
Regular Season,2,Sat,2024-03-02,19:30 (02:30),St. Louis,0.8,2–0,0.5,NYCFC,22423,Energizer Park,,Match Report,
Regular Season,2,Sat,2024-03-02,19:30 (02:30),FC Dallas,0.9,1–2,1.3,CF Montréal,19096,Toyota Stadium,,Match Report,
Regular Season,2,Sat,2024-03-02,19:30 (04:30),Portland Timbers,0.8,2–2,2.0,D.C. United,20221,Providence Park,,Match Report,
Regular Season,2,Sat,2024-03-02,19:30 (02:30),Sporting KC,0.9,1–1,0.5,Philadelphia Union,19942,Children's Mercy Park,,Match Report,
Regular Season,2,Sat,2024-03-02,19:30 (04:30),Seattle Sounders,1.2,0–0,0.0,Austin,30067,Lumen Field,,Match Report,
Regular Season,2,Sat,2024-03-02,19:30 (03:30),Colorado Rapids,0.6,1–1,1.5,Nashville SC,16223,Dick's Sporting Goods Park,,Match Report,
Regular Season,2,Sat,2024-03-02,19:30 (04:30),SJ Earthquakes,0.8,1–3,1.6,LA Galaxy,18000,PayPal Park,,Match Report,
Regular Season,3,Sat,2024-03-09,14:00 (20:00),Toronto FC,0.5,1–0,0.9,Charlotte,26345,BMO Field,,Match Report,
Regular Season,3,Sat,2024-03-09,14:00 (20:00),NYCFC,1.3,1–2,0.9,Portland Timbers,24774,Yankee Stadium,,Match Report,
Regular Season,3,Sun,2024-03-10,14:00 (20:00),Nashville SC,1.3,2–2,1.9,LA Galaxy,28316,Geodis Park,,Match Report,
Regular Season,3,Sun,2024-03-10,15:00 (20:00),FC Cincinnati,1.7,0–0,0.5,D.C. United,25513,TQL Stadium,,Match Report,
Regular Season,3,Sun,2024-03-10,17:00 (22:00),Inter Miami,2.7,2–3,2.0,CF Montréal,21212,Chase Stadium,,Match Report,
Regular Season,3,Sat,2024-03-09,19:30 (04:30),SJ Earthquakes,0.6,0–2,0.7,Vancouver W'caps,16045,PayPal Park,,Match Report,
Regular Season,3,Sat,2024-03-09,19:30 (03:30),Real Salt Lake,1.4,1–2,1.6,Colorado Rapids,20147,America First Field,,Match Report,
Regular Season,3,Sat,2024-03-09,19:30 (02:30),Austin,1.0,2–2,2.0,St. Louis,20738,Q2 Stadium,,Match Report,
Regular Season,3,Sat,2024-03-09,19:30 (01:30),Columbus Crew,1.3,2–1,1.9,Chicago Fire,20327,Lower.com Field,,Match Report,
Regular Season,3,Sat,2024-03-09,19:30 (01:30),Orlando City,4.1,2–3,1.4,Minnesota Utd,23025,Inter&Co Stadium,,Match Report,
Regular Season,3,Sat,2024-03-09,19:30 (01:30),Atlanta Utd,3.2,4–1,0.7,NE Revolution,67727,Mercedes-Benz Stadium,,Match Report,
Regular Season,3,Sat,2024-03-09,19:30 (01:30),NY Red Bulls,2.0,2–1,0.7,FC Dallas,19284,Sports Illustrated Stadium,,Match Report,
Regular Season,3,Sat,2024-03-09,19:30 (04:30),LAFC,1.5,0–0,0.6,Sporting KC,22175,BMO Stadium,,Match Report,
Regular Season,4,Sat,2024-03-16,12:30 (20:30),Seattle Sounders,1.1,1–1,2.3,Colorado Rapids,30036,Lumen Field,,Match Report,
Regular Season,4,Sat,2024-03-16,13:00 (19:00),Chicago Fire,2.2,4–3,3.0,CF Montréal,14874,Soldier Field,,Match Report,
Regular Season,4,Sat,2024-03-16,14:00 (19:00),D.C. United,1.4,1–3,2.3,Inter Miami,19365,Audi Field,,Match Report,
Regular Season,4,Sat,2024-03-16,19:30 (00:30),Columbus Crew,2.0,3–0,0.3,NY Red Bulls,20314,Lower.com Field,,Match Report,
Regular Season,4,Sat,2024-03-16,19:30 (00:30),NYCFC,1.4,2–1,1.3,Toronto FC,18623,Yankee Stadium,,Match Report,
Regular Season,4,Sun,2024-03-17,14:00 (19:00),NE Revolution,1.2,1–2,1.0,FC Cincinnati,14557,Gillette Stadium,,Match Report,
Regular Season,4,Sun,2024-03-17,19:00 (00:00),Atlanta Utd,0.8,2–0,0.5,Orlando City,42631,Mercedes-Benz Stadium,,Match Report,
Regular Season,4,Sat,2024-03-16,19:30 (01:30),Houston Dynamo,1.1,1–0,1.5,Portland Timbers,16003,Shell Energy Stadium,,Match Report,
Regular Season,4,Sat,2024-03-16,19:30 (01:30),Nashville SC,0.9,2–1,1.3,Charlotte,28008,Geodis Park,,Match Report,
Regular Season,4,Sat,2024-03-16,19:30 (01:30),Austin,1.2,2–2,2.4,Philadelphia Union,20738,Q2 Stadium,,Match Report,
Regular Season,4,Sat,2024-03-16,19:30 (01:30),Sporting KC,1.0,2–1,1.3,SJ Earthquakes,18219,Children's Mercy Park,,Match Report,
Regular Season,4,Sat,2024-03-16,19:30 (01:30),Minnesota Utd,0.8,2–0,1.6,LAFC,19315,Allianz Field,Kyle Johnston,Match Report,
Regular Season,4,Sat,2024-03-16,19:30 (03:30),LA Galaxy,2.5,3–3,2.1,St. Louis,25174,Dignity Health Sports Park,,Match Report,
Regular Season,4,Sat,2024-03-16,19:30 (01:30),FC Dallas,1.0,1–3,1.2,Vancouver W'caps,19096,Toyota Stadium,,Match Report,
Regular Season,5,Sat,2024-03-23,14:00 (19:00),NE Revolution,1.5,1–1,0.9,Chicago Fire,15269,Gillette Stadium,,Match Report,
Regular Season,5,Sat,2024-03-23,14:00 (19:00),NY Red Bulls,1.2,4–0,0.3,Inter Miami,25219,Sports Illustrated Stadium,,Match Report,
Regular Season,5,Sat,2024-03-23,16:30 (00:30),Vancouver W'caps,0.6,1–2,0.9,Real Salt Lake,22178,BC Place Stadium,,Match Report,
Regular Season,5,Sat,2024-03-23,19:30 (00:30),Charlotte,1.7,2–0,0.9,Columbus Crew,30104,Bank of America Stadium,,Match Report,
Regular Season,5,Sat,2024-03-23,19:30 (00:30),Orlando City,1.9,2–0,0.2,Austin,20985,Inter&Co Stadium,,Match Report,
Regular Season,5,Sat,2024-03-23,19:30 (00:30),FC Cincinnati,1.5,1–0,0.5,NYCFC,24282,TQL Stadium,,Match Report,
Regular Season,5,Sat,2024-03-23,19:30 (00:30),Toronto FC,2.4,2–0,0.4,Atlanta Utd,25768,BMO Field,,Match Report,
Regular Season,5,Sat,2024-03-23,19:30 (03:30),SJ Earthquakes,2.2,3–2,1.4,Seattle Sounders,16109,PayPal Park,,Match Report,
Regular Season,5,Sat,2024-03-23,19:30 (02:30),Colorado Rapids,0.7,0–1,0.8,Houston Dynamo,13432,Dick's Sporting Goods Park,,Match Report,
Regular Season,5,Sat,2024-03-23,19:30 (01:30),Sporting KC,2.5,2–3,1.9,LA Galaxy,18102,Children's Mercy Park,,Match Report,
Regular Season,5,Sat,2024-03-23,19:30 (03:30),Portland Timbers,1.8,1–3,1.9,Philadelphia Union,23046,Providence Park,,Match Report,
Regular Season,5,Sat,2024-03-23,19:30 (03:30),LAFC,4.8,5–0,0.5,Nashville SC,22000,BMO Stadium,,Match Report,
Regular Season,5,Sat,2024-03-23,19:30 (01:30),St. Louis,2.0,2–2,1.9,D.C. United,22423,Energizer Park,,Match Report,
Regular Season,6,Sat,2024-03-30,14:00 (21:00),Colorado Rapids,1.6,3–2,1.1,LAFC,14386,Dick's Sporting Goods Park,,Match Report,
Regular Season,6,Sat,2024-03-30,14:00 (19:00),Philadelphia Union,2.1,2–0,0.6,Minnesota Utd,19047,Subaru Park,,Match Report,
Regular Season,6,Sat,2024-03-30,19:30 (00:30),Inter Miami,2.1,1–1,1.1,NYCFC,21550,Chase Stadium,,Match Report,
Regular Season,6,Sat,2024-03-30,19:30 (00:30),Charlotte,2.3,1–1,1.6,FC Cincinnati,30043,Bank of America Stadium,,Match Report,
Regular Season,6,Sat,2024-03-30,19:30 (00:30),D.C. United,2.1,1–0,0.8,CF Montréal,18402,Audi Field,,Match Report,
Regular Season,6,Sat,2024-03-30,19:30 (00:30),Toronto FC,1.4,1–3,1.2,Sporting KC,24382,BMO Field,,Match Report,
Regular Season,6,Sat,2024-03-30,19:30 (00:30),Orlando City,0.7,1–1,1.8,NY Red Bulls,23859,Inter&Co Stadium,,Match Report,
Regular Season,6,Sun,2024-03-31,15:30 (21:30),Atlanta Utd,2.7,3–0,0.7,Chicago Fire,42525,Mercedes-Benz Stadium,,Match Report,
Regular Season,6,Sat,2024-03-30,19:30 (04:30),LA Galaxy,0.8,1–0,1.7,Seattle Sounders,22736,Dignity Health Sports Park,,Match Report,
Regular Season,6,Sat,2024-03-30,19:30 (03:30),Real Salt Lake,1.8,3–1,0.5,St. Louis,19357,America First Field,,Match Report,
Regular Season,6,Sat,2024-03-30,19:30 (01:30),Austin,1.5,2–1,0.7,FC Dallas,20738,Q2 Stadium,,Match Report,
Regular Season,6,Sat,2024-03-30,19:30 (04:30),Vancouver W'caps,2.4,3–2,1.1,Portland Timbers,24693,BC Place Stadium,,Match Report,
Regular Season,6,Sat,2024-03-30,19:30 (01:30),Houston Dynamo,0.8,2–1,0.2,SJ Earthquakes,16184,Shell Energy Stadium,,Match Report,
Regular Season,6,Sat,2024-03-30,19:30 (01:30),Nashville SC,1.7,2–2,1.4,Columbus Crew,28613,Geodis Park,,Match Report,
Regular Season,7,Sat,2024-04-06,16:30 (01:30),Vancouver W'caps,2.5,4–0,0.7,Toronto FC,24678,BC Place Stadium,,Match Report,
Regular Season,7,Sat,2024-04-06,16:45 (01:45),LAFC,3.6,2–1,1.0,LA Galaxy,22321,BMO Stadium,,Match Report,
Regular Season,7,Sat,2024-04-06,19:30 (01:30),Columbus Crew,0.6,1–1,1.9,D.C. United,20740,Lower.com Field,,Match Report,
Regular Season,7,Sat,2024-04-06,19:30 (01:30),FC Cincinnati,0.7,1–2,1.2,NY Red Bulls,25513,TQL Stadium,,Match Report,
Regular Season,7,Sat,2024-04-06,19:30 (01:30),Inter Miami,1.0,2–2,1.2,Colorado Rapids,20868,Chase Stadium,,Match Report,
Regular Season,7,Sat,2024-04-06,19:30 (01:30),NE Revolution,1.1,1–0,0.6,Charlotte,22196,Gillette Stadium,,Match Report,
Regular Season,7,Sat,2024-04-06,19:30 (01:30),NYCFC,2.4,1–1,1.9,Atlanta Utd,21497,Citi Field,,Match Report,
Regular Season,7,Sun,2024-04-07,12:45 (19:45),Sporting KC,2.6,3–3,2.1,Portland Timbers,17424,Children's Mercy Park,,Match Report,
Regular Season,7,Sat,2024-04-06,19:30 (02:30),Minnesota Utd,1.9,1–1,1.0,Real Salt Lake,18652,Allianz Field,,Match Report,
Regular Season,7,Sat,2024-04-06,19:30 (04:30),Seattle Sounders,3.6,5–0,0.5,CF Montréal,30013,Lumen Field,,Match Report,
Regular Season,7,Sat,2024-04-06,19:30 (02:30),Austin,1.9,4–3,2.7,SJ Earthquakes,20738,Q2 Stadium,,Match Report,
Regular Season,7,Sat,2024-04-06,19:30 (02:30),Nashville SC,1.7,1–2,1.9,Philadelphia Union,27739,Geodis Park,,Match Report,
Regular Season,7,Sat,2024-04-06,19:30 (02:30),Chicago Fire,1.4,2–1,1.0,Houston Dynamo,18844,Soldier Field,,Match Report,
Regular Season,7,Sat,2024-04-06,19:30 (02:30),St. Louis,1.9,0–0,1.3,FC Dallas,22423,Energizer Park,,Match Report,
Regular Season,8,Sat,2024-04-13,13:45 (22:45),Portland Timbers,1.4,2–2,1.7,LAFC,23245,Providence Park,,Match Report,
Regular Season,8,Sat,2024-04-13,19:30 (01:30),NY Red Bulls,1.4,0–0,0.6,Chicago Fire,17501,Sports Illustrated Stadium,,Match Report,
Regular Season,8,Sat,2024-04-13,19:30 (01:30),CF Montréal,1.1,2–1,1.0,FC Cincinnati,19619,Stade Saputo,,Match Report,
Regular Season,8,Sat,2024-04-13,19:30 (01:30),D.C. United,1.5,2–3,1.8,Orlando City,18615,Audi Field,,Match Report,
Regular Season,8,Sat,2024-04-13,19:30 (01:30),NYCFC,2.5,2–0,0.4,NE Revolution,20744,Yankee Stadium,,Match Report,
Regular Season,8,Sat,2024-04-13,19:30 (01:30),Charlotte,1.0,3–2,1.8,Toronto FC,31414,Bank of America Stadium,,Match Report,
Regular Season,8,Sun,2024-04-14,14:30 (20:30),Atlanta Utd,1.6,2–2,1.1,Philadelphia Union,42763,Mercedes-Benz Stadium,,Match Report,
Regular Season,8,Sun,2024-04-14,15:45 (22:45),St. Louis,1.5,1–0,0.3,Austin,22423,Energizer Park,,Match Report,
Regular Season,8,Sat,2024-04-13,19:30 (04:30),Vancouver W'caps,2.4,1–3,2.4,LA Galaxy,25026,BC Place Stadium,,Match Report,
Regular Season,8,Sat,2024-04-13,19:30 (02:30),FC Dallas,0.8,0–0,1.0,Seattle Sounders,19096,Toyota Stadium,,Match Report,
Regular Season,8,Sat,2024-04-13,19:30 (04:30),SJ Earthquakes,2.2,0–3,1.8,Colorado Rapids,14232,PayPal Park,,Match Report,
Regular Season,8,Sat,2024-04-13,19:30 (02:30),Minnesota Utd,2.3,1–2,0.4,Houston Dynamo,19658,Allianz Field,,Match Report,
Regular Season,8,Sat,2024-04-13,19:30 (03:30),Real Salt Lake,1.8,0–0,0.6,Columbus Crew,20033,America First Field,,Match Report,
Regular Season,8,Sat,2024-04-13,19:30 (02:30),Sporting KC,0.6,2–3,0.9,Inter Miami,72610,GEHA Field at Arrowhead Stadium,,Match Report,
Regular Season,9,Sat,2024-04-20,19:30 (01:30),Atlanta Utd,1.9,1–2,2.0,FC Cincinnati,42600,Mercedes-Benz Stadium,,Match Report,
Regular Season,9,Sat,2024-04-20,19:30 (01:30),Inter Miami,2.6,3–1,2.4,Nashville SC,21398,Chase Stadium,,Match Report,
Regular Season,9,Sat,2024-04-20,19:30 (01:30),Columbus Crew,1.5,2–2,0.6,Portland Timbers,20740,Lower.com Field,,Match Report,
Regular Season,9,Sat,2024-04-20,19:30 (01:30),Toronto FC,1.5,1–0,1.5,NE Revolution,24108,BMO Field,,Match Report,
Regular Season,9,Sat,2024-04-20,19:30 (01:30),CF Montréal,1.5,2–2,1.5,Orlando City,19619,Stade Saputo,,Match Report,
Regular Season,9,Sat,2024-04-20,19:30 (01:30),NYCFC,3.0,2–0,0.6,D.C. United,21073,Citi Field,,Match Report,
Regular Season,9,Sun,2024-04-21,18:00 (00:00),Charlotte,0.9,0–3,1.7,Minnesota Utd,27021,Bank of America Stadium,,Match Report,
Regular Season,9,Sat,2024-04-20,19:30 (04:30),LAFC,1.5,2–2,1.0,NY Red Bulls,22122,BMO Stadium,,Match Report,
Regular Season,9,Sat,2024-04-20,19:30 (02:30),Chicago Fire,1.2,0–4,1.8,Real Salt Lake,14247,Soldier Field,,Match Report,
Regular Season,9,Sat,2024-04-20,19:30 (02:30),Sporting KC,1.3,3–3,1.9,St. Louis,19637,Children's Mercy Park,,Match Report,
Regular Season,9,Sat,2024-04-20,19:30 (04:30),Seattle Sounders,0.6,0–2,2.0,Vancouver W'caps,30550,Lumen Field,,Match Report,
Regular Season,9,Sat,2024-04-20,19:30 (03:30),Colorado Rapids,1.8,2–1,1.0,FC Dallas,7492,Dick's Sporting Goods Park,,Match Report,
Regular Season,9,Sat,2024-04-20,19:30 (02:30),Houston Dynamo,1.5,0–1,0.8,Austin,20115,Shell Energy Stadium,,Match Report,
Regular Season,9,Sun,2024-04-21,17:15 (02:15),LA Galaxy,2.4,4–3,1.8,SJ Earthquakes,25335,Dignity Health Sports Park,,Match Report,
Regular Season,10,Sat,2024-04-27,12:45 (19:45),Austin,1.1,2–0,0.5,LA Galaxy,20738,Q2 Stadium,,Match Report,
Regular Season,10,Sat,2024-04-27,19:30 (01:30),NY Red Bulls,1.2,1–1,1.0,Vancouver W'caps,17525,Sports Illustrated Stadium,,Match Report,
Regular Season,10,Sat,2024-04-27,19:30 (01:30),Columbus Crew,1.5,0–0,0.6,CF Montréal,20927,Lower.com Field,,Match Report,
Regular Season,10,Sat,2024-04-27,19:30 (01:30),Philadelphia Union,1.8,1–2,0.5,Real Salt Lake,19048,Subaru Park,,Match Report,
Regular Season,10,Sat,2024-04-27,19:30 (01:30),NE Revolution,0.4,1–4,2.8,Inter Miami,65612,Gillette Stadium,,Match Report,
Regular Season,10,Sat,2024-04-27,19:30 (01:30),NYCFC,1.4,2–1,1.1,Charlotte,20119,Yankee Stadium,,Match Report,
Regular Season,10,Sat,2024-04-27,19:30 (01:30),D.C. United,1.9,2–1,1.4,Seattle Sounders,18223,Audi Field,,Match Report,
Regular Season,10,Sat,2024-04-27,19:30 (01:30),Orlando City,0.9,1–2,1.5,Toronto FC,21689,Inter&Co Stadium,,Match Report,
Regular Season,10,Sat,2024-04-27,19:30 (01:30),FC Cincinnati,2.1,2–1,0.7,Colorado Rapids,25513,TQL Stadium,,Match Report,
Regular Season,10,Sat,2024-04-27,19:30 (02:30),Chicago Fire,1.0,0–0,1.3,Atlanta Utd,18236,Soldier Field,,Match Report,
Regular Season,10,Sat,2024-04-27,19:30 (02:30),Minnesota Utd,2.3,2–1,1.4,Sporting KC,19712,Allianz Field,,Match Report,
Regular Season,10,Sat,2024-04-27,19:30 (02:30),Nashville SC,1.0,1–1,1.2,SJ Earthquakes,28984,Geodis Park,,Match Report,
Regular Season,10,Sat,2024-04-27,19:30 (04:30),LAFC,1.2,3–2,0.8,Portland Timbers,22032,BMO Stadium,,Match Report,
Regular Season,10,Sat,2024-04-27,19:30 (02:30),FC Dallas,2.3,2–0,0.1,Houston Dynamo,19096,Toyota Stadium,,Match Report,
Regular Season,3,Tue,2024-04-30,19:30 (01:30),Philadelphia Union,1.2,2–3,2.2,Seattle Sounders,18525,Subaru Park,,Match Report,
Regular Season,11,Sat,2024-05-04,16:30 (01:30),SJ Earthquakes,1.5,3–1,1.9,LAFC,43774,Levi's Stadium,,Match Report,
Regular Season,11,Sat,2024-05-04,19:30 (01:30),Toronto FC,1.4,3–1,0.4,FC Dallas,24257,BMO Field,,Match Report,
Regular Season,11,Sat,2024-05-04,19:30 (01:30),D.C. United,1.1,2–2,0.6,Philadelphia Union,17237,Audi Field,,Match Report,
Regular Season,11,Sat,2024-05-04,19:30 (01:30),Inter Miami,2.8,6–2,1.5,NY Red Bulls,21488,Chase Stadium,,Match Report,
Regular Season,11,Sat,2024-05-04,19:30 (01:30),Charlotte,1.4,2–0,0.4,Portland Timbers,27495,Bank of America Stadium,,Match Report,
Regular Season,11,Sat,2024-05-04,19:30 (01:30),Atlanta Utd,1.7,1–2,0.5,Minnesota Utd,43338,Mercedes-Benz Stadium,,Match Report,
Regular Season,11,Sat,2024-05-04,19:30 (01:30),Orlando City,0.7,0–1,1.0,FC Cincinnati,21218,Inter&Co Stadium,,Match Report,
Regular Season,11,Sun,2024-05-05,15:45 (00:45),Seattle Sounders,1.5,0–0,0.4,LA Galaxy,31102,Lumen Field,,Match Report,
Regular Season,11,Sun,2024-05-05,16:00 (22:00),NYCFC,1.3,0–2,0.6,Colorado Rapids,19456,Citi Field,,Match Report,
Regular Season,11,Sat,2024-05-04,19:30 (03:30),Real Salt Lake,0.9,1–0,0.3,Sporting KC,20001,America First Field,,Match Report,
Regular Season,11,Sat,2024-05-04,19:30 (02:30),Chicago Fire,1.1,0–1,0.9,NE Revolution,18379,Soldier Field,,Match Report,
Regular Season,11,Sat,2024-05-04,19:30 (04:30),Vancouver W'caps,1.2,0–0,0.3,Austin,32465,BC Place Stadium,,Match Report,
Regular Season,11,Sat,2024-05-04,19:30 (02:30),Nashville SC,2.7,4–1,0.8,CF Montréal,28600,Geodis Park,,Match Report,
Regular Season,11,Sat,2024-05-04,19:30 (02:30),Houston Dynamo,1.3,0–0,1.0,St. Louis,22039,Shell Energy Stadium,,Match Report,
Regular Season,12,Sat,2024-05-11,19:30 (01:30),Philadelphia Union,3.7,2–3,1.2,Orlando City,19028,Subaru Park,,Match Report,
Regular Season,12,Sat,2024-05-11,19:30 (01:30),NY Red Bulls,3.4,4–2,1.2,NE Revolution,17525,Sports Illustrated Stadium,Jon Freemon,Match Report,
Regular Season,12,Sat,2024-05-11,19:30 (01:30),Atlanta Utd,1.3,2–3,2.3,D.C. United,42822,Mercedes-Benz Stadium,,Match Report,
Regular Season,12,Sat,2024-05-11,19:30 (01:30),Toronto FC,1.9,2–3,2.4,NYCFC,26925,BMO Field,,Match Report,
Regular Season,12,Sat,2024-05-11,19:30 (01:30),CF Montréal,1.3,2–3,1.2,Inter Miami,19619,Stade Saputo,,Match Report,
Regular Season,12,Sat,2024-05-11,19:30 (01:30),Charlotte,0.4,1–0,0.1,Nashville SC,36319,Bank of America Stadium,,Match Report,
Regular Season,12,Sat,2024-05-11,19:45 (01:45),Columbus Crew,0.8,1–2,1.2,FC Cincinnati,20900,Lower.com Field,,Match Report,
Regular Season,12,Sun,2024-05-12,13:45 (22:45),Portland Timbers,0.7,1–2,0.4,Seattle Sounders,25218,Providence Park,,Match Report,
Regular Season,12,Sat,2024-05-11,19:30 (04:30),LA Galaxy,2.8,2–2,1.4,Real Salt Lake,25220,Dignity Health Sports Park,,Match Report,
Regular Season,12,Sat,2024-05-11,19:30 (02:30),FC Dallas,1.4,2–1,2.1,Austin,19069,Toyota Stadium,,Match Report,
Regular Season,12,Sat,2024-05-11,19:30 (02:30),Sporting KC,0.7,1–2,1.3,Houston Dynamo,18562,Children's Mercy Park,,Match Report,
Regular Season,12,Sat,2024-05-11,19:30 (02:30),St. Louis,2.3,3–1,1.0,Chicago Fire,22500,Energizer Park,,Match Report,
Regular Season,12,Sat,2024-05-11,19:30 (03:30),Colorado Rapids,1.9,2–3,1.1,SJ Earthquakes,15557,Dick's Sporting Goods Park,,Match Report,
Regular Season,12,Sat,2024-05-11,19:30 (04:30),LAFC,3.8,3–0,0.4,Vancouver W'caps,22099,BMO Stadium,,Match Report,
Regular Season,13,Wed,2024-05-15,19:30 (01:30),FC Cincinnati,1.1,1–0,0.5,Atlanta Utd,24593,TQL Stadium,,Match Report,
Regular Season,13,Wed,2024-05-15,19:30 (01:30),D.C. United,2.8,1–4,2.3,NY Red Bulls,17417,Audi Field,,Match Report,
Regular Season,13,Wed,2024-05-15,19:30 (01:30),Philadelphia Union,2.1,1–2,1.3,NYCFC,18531,Subaru Park,,Match Report,
Regular Season,13,Wed,2024-05-15,19:30 (01:30),Orlando City,0.7,0–0,0.6,Inter Miami,25046,Inter&Co Stadium,,Match Report,
Regular Season,13,Wed,2024-05-15,19:30 (01:30),CF Montréal,1.8,1–3,2.5,Columbus Crew,19619,Stade Saputo,,Match Report,
Regular Season,13,Wed,2024-05-15,19:30 (02:30),Austin,1.4,1–0,1.3,Houston Dynamo,20738,Q2 Stadium,,Match Report,
Regular Season,13,Wed,2024-05-15,19:30 (02:30),Minnesota Utd,2.5,2–2,1.0,LA Galaxy,18722,Allianz Field,,Match Report,
Regular Season,13,Wed,2024-05-15,19:30 (03:30),Real Salt Lake,2.1,2–0,0.5,Seattle Sounders,19268,America First Field,Ismir Pekmic,Match Report,
Regular Season,13,Wed,2024-05-15,19:30 (02:30),Chicago Fire,1.0,0–1,0.5,Charlotte,12806,Soldier Field,,Match Report,
Regular Season,13,Wed,2024-05-15,19:30 (04:30),Portland Timbers,2.8,4–2,1.0,SJ Earthquakes,19113,Providence Park,Pierre-Luc Lauziere,Match Report,
Regular Season,13,Wed,2024-05-15,19:30 (02:30),Nashville SC,0.8,2–0,0.4,Toronto FC,27868,Geodis Park,,Match Report,
Regular Season,13,Wed,2024-05-15,19:30 (03:30),Colorado Rapids,2.4,1–0,0.7,Vancouver W'caps,11190,Dick's Sporting Goods Park,,Match Report,
Regular Season,13,Wed,2024-05-15,19:30 (02:30),St. Louis,1.2,0–2,1.7,LAFC,22423,Energizer Park,Joe Dickerson,Match Report,
Regular Season,14,Sat,2024-05-18,12:45 (19:45),Nashville SC,1.4,1–1,0.7,Atlanta Utd,28377,Geodis Park,,Match Report,
Regular Season,14,Sat,2024-05-18,19:30 (01:30),Charlotte,1.2,0–0,1.5,LA Galaxy,29099,Bank of America Stadium,,Match Report,
Regular Season,14,Sat,2024-05-18,19:30 (01:30),NYCFC,1.2,2–1,1.0,NY Red Bulls,30731,Citi Field,,Match Report,
Regular Season,14,Sat,2024-05-18,19:30 (01:30),Toronto FC,3.2,5–1,2.1,CF Montréal,28261,BMO Field,,Match Report,
Regular Season,14,Sat,2024-05-18,19:30 (01:30),FC Cincinnati,3.0,3–1,0.6,St. Louis,25512,TQL Stadium,,Match Report,
Regular Season,14,Sat,2024-05-18,19:30 (01:30),NE Revolution,1.4,0–3,2.2,Philadelphia Union,34947,Gillette Stadium,,Match Report,
Regular Season,14,Sat,2024-05-18,19:30 (01:30),Inter Miami,1.1,1–0,1.1,D.C. United,21318,Chase Stadium,,Match Report,
Regular Season,14,Sat,2024-05-18,19:30 (02:30),Chicago Fire,1.3,1–3,0.9,Columbus Crew,23319,Soldier Field,,Match Report,
Regular Season,14,Sat,2024-05-18,19:30 (03:30),Real Salt Lake,2.3,5–3,2.4,Colorado Rapids,20213,America First Field,,Match Report,
Regular Season,14,Sat,2024-05-18,19:30 (04:30),SJ Earthquakes,0.6,0–1,1.8,Orlando City,14172,PayPal Park,,Match Report,
Regular Season,14,Sat,2024-05-18,19:30 (02:30),Austin,2.4,3–2,1.0,Sporting KC,20738,Q2 Stadium,,Match Report,
Regular Season,14,Sat,2024-05-18,19:30 (02:30),Minnesota Utd,2.3,2–1,1.4,Portland Timbers,19735,Allianz Field,,Match Report,
Regular Season,14,Sat,2024-05-18,19:30 (02:30),Houston Dynamo,0.8,1–1,0.8,FC Dallas,19284,Shell Energy Stadium,,Match Report,
Regular Season,14,Sat,2024-05-18,19:30 (04:30),Seattle Sounders,1.0,1–1,1.0,Vancouver W'caps,30102,Lumen Field,,Match Report,
Regular Season,15,Sat,2024-05-25,19:30 (01:30),CF Montréal,1.2,0–0,0.8,Nashville SC,19619,Stade Saputo,,Match Report,
Regular Season,15,Sat,2024-05-25,19:30 (01:30),Charlotte,1.0,0–0,0.9,Philadelphia Union,32232,Bank of America Stadium,,Match Report,
Regular Season,15,Sat,2024-05-25,19:30 (01:30),NE Revolution,0.7,0–1,1.5,NYCFC,26625,Gillette Stadium,,Match Report,
Regular Season,15,Sat,2024-05-25,19:30 (01:30),Orlando City,1.3,0–2,2.2,Columbus Crew,21726,Inter&Co Stadium,,Match Report,
Regular Season,15,Sat,2024-05-25,19:30 (01:30),Toronto FC,1.3,3–4,1.5,FC Cincinnati,27941,BMO Field,,Match Report,
Regular Season,15,Sat,2024-05-25,19:30 (01:30),Atlanta Utd,1.3,0–1,0.9,LAFC,43128,Mercedes-Benz Stadium,,Match Report,
Regular Season,15,Sat,2024-05-25,19:30 (01:30),D.C. United,1.2,1–1,0.9,Chicago Fire,19081,Audi Field,,Match Report,
Regular Season,15,Sat,2024-05-25,19:30 (03:30),Colorado Rapids,3.3,3–3,1.9,Minnesota Utd,16201,Dick's Sporting Goods Park,,Match Report,
Regular Season,15,Sat,2024-05-25,19:30 (04:30),LA Galaxy,1.1,2–1,1.9,Houston Dynamo,21707,Dignity Health Sports Park,,Match Report,
Regular Season,15,Sat,2024-05-25,19:30 (04:30),Portland Timbers,2.1,2–1,0.2,Sporting KC,22848,Providence Park,,Match Report,
Regular Season,15,Sat,2024-05-25,19:30 (04:30),SJ Earthquakes,3.3,1–1,0.6,Austin,13744,PayPal Park,,Match Report,
Regular Season,15,Sat,2024-05-25,19:30 (02:30),St. Louis,1.5,1–2,1.3,Seattle Sounders,22500,Energizer Park,,Match Report,
Regular Season,15,Sat,2024-05-25,19:30 (04:30),Vancouver W'caps,2.2,1–2,1.3,Inter Miami,51035,BC Place Stadium,,Match Report,
Regular Season,15,Sat,2024-05-25,19:30 (02:30),FC Dallas,1.6,3–3,3.1,Real Salt Lake,19096,Toyota Stadium,,Match Report,
Regular Season,16,Wed,2024-05-29,19:30 (01:30),NY Red Bulls,1.4,3–1,0.6,Charlotte,16516,Sports Illustrated Stadium,Chris Penso,Match Report,
Regular Season,16,Wed,2024-05-29,19:30 (01:30),Inter Miami,0.7,1–3,3.5,Atlanta Utd,21326,Chase Stadium,,Match Report,
Regular Season,16,Wed,2024-05-29,19:30 (01:30),FC Cincinnati,1.3,0–2,1.0,Nashville SC,25513,TQL Stadium,,Match Report,
Regular Season,16,Wed,2024-05-29,19:30 (01:30),CF Montréal,2.4,4–2,1.4,D.C. United,19619,Stade Saputo,,Match Report,
Regular Season,16,Wed,2024-05-29,19:30 (01:30),Philadelphia Union,0.7,0–0,1.2,Toronto FC,18535,Subaru Park,,Match Report,
Regular Season,16,Wed,2024-05-29,19:30 (02:30),Sporting KC,0.8,1–2,1.8,Vancouver W'caps,17046,Children's Mercy Park,,Match Report,
Regular Season,16,Wed,2024-05-29,19:30 (02:30),Chicago Fire,1.0,1–1,0.8,Orlando City,11372,Soldier Field,,Match Report,
Regular Season,16,Wed,2024-05-29,19:30 (02:30),Austin,2.2,0–2,1.7,Portland Timbers,20738,Q2 Stadium,,Match Report,
Regular Season,16,Wed,2024-05-29,19:30 (02:30),Houston Dynamo,2.3,3–1,1.7,Colorado Rapids,15237,Shell Energy Stadium,,Match Report,
Regular Season,16,Wed,2024-05-29,19:30 (04:30),Seattle Sounders,0.8,1–1,1.3,Real Salt Lake,29244,Lumen Field,,Match Report,
Regular Season,16,Wed,2024-05-29,19:30 (04:30),LA Galaxy,3.6,3–1,0.6,FC Dallas,19505,Dignity Health Sports Park,,Match Report,
Regular Season,16,Wed,2024-05-29,19:45 (04:45),LAFC,2.3,2–0,0.2,Minnesota Utd,22010,BMO Stadium,,Match Report,
Regular Season,17,Fri,2024-05-31,19:30 (01:30),NYCFC,2.7,5–1,1.0,SJ Earthquakes,20188,Yankee Stadium,,Match Report,
Regular Season,17,Sat,2024-06-01,19:30 (01:30),Inter Miami,2.6,3–3,1.6,St. Louis,20793,Chase Stadium,,Match Report,
Regular Season,17,Sat,2024-06-01,19:30 (01:30),Philadelphia Union,2.7,2–2,1.1,CF Montréal,19026,Subaru Park,,Match Report,
Regular Season,17,Sat,2024-06-01,19:30 (01:30),D.C. United,2.9,2–2,0.8,Toronto FC,19215,Audi Field,,Match Report,
Regular Season,17,Sat,2024-06-01,19:30 (01:30),NY Red Bulls,0.8,1–0,0.4,Orlando City,18039,Sports Illustrated Stadium,,Match Report,
Regular Season,17,Sun,2024-06-02,16:45 (22:45),Atlanta Utd,2.1,2–3,1.0,Charlotte,61209,Mercedes-Benz Stadium,,Match Report,
Regular Season,17,Sat,2024-06-01,19:30 (03:30),Real Salt Lake,3.8,5–1,1.3,Austin,21078,America First Field,,Match Report,
Regular Season,17,Sat,2024-06-01,19:30 (02:30),Chicago Fire,1.0,2–1,1.5,LA Galaxy,25237,Soldier Field,,Match Report,
Regular Season,17,Sat,2024-06-01,19:30 (02:30),Minnesota Utd,1.6,3–1,0.7,Sporting KC,19738,Allianz Field,,Match Report,
Regular Season,17,Sat,2024-06-01,19:30 (04:30),Vancouver W'caps,2.3,2–1,1.5,Colorado Rapids,22979,BC Place Stadium,,Match Report,
Regular Season,17,Sat,2024-06-01,19:30 (02:30),Nashville SC,3.2,1–2,0.7,NE Revolution,26842,Geodis Park,,Match Report,
Regular Season,17,Sat,2024-06-01,19:30 (04:30),LAFC,1.5,1–0,0.4,FC Dallas,22105,BMO Stadium,,Match Report,
Regular Season,17,Sat,2024-06-01,19:30 (04:30),Portland Timbers,1.7,2–2,1.0,Houston Dynamo,21214,Providence Park,,Match Report,
Regular Season,18,Sat,2024-06-08,19:30 (01:30),NE Revolution,0.9,1–0,1.1,NY Red Bulls,29288,Gillette Stadium,,Match Report,
Regular Season,18,Sat,2024-06-08,19:30 (02:30),St. Louis,1.1,0–0,0.6,Portland Timbers,22500,Energizer Park,,Match Report,
Regular Season,18,Sat,2024-06-08,19:30 (02:30),Sporting KC,0.7,2–1,1.1,Seattle Sounders,18177,Children's Mercy Park,,Match Report,
Regular Season,18,Sat,2024-06-08,19:30 (02:30),Minnesota Utd,0.6,1–1,0.3,FC Dallas,19759,Allianz Field,,Match Report,
Regular Season,19,Sat,2024-06-15,19:30 (01:30),Orlando City,2.0,1–3,2.2,LAFC,22563,Inter&Co Stadium,,Match Report,
Regular Season,19,Sat,2024-06-15,19:30 (01:30),Philadelphia Union,1.9,1–2,1.2,Inter Miami,19513,Subaru Park,,Match Report,
Regular Season,19,Sat,2024-06-15,19:30 (01:30),CF Montréal,1.1,0–0,0.9,Real Salt Lake,19619,Stade Saputo,,Match Report,
Regular Season,19,Sat,2024-06-15,19:30 (01:30),Atlanta Utd,1.8,2–2,1.5,Houston Dynamo,42630,Mercedes-Benz Stadium,,Match Report,
Regular Season,19,Sat,2024-06-15,19:30 (01:30),Charlotte,1.7,1–0,0.2,D.C. United,30468,Bank of America Stadium,,Match Report,
Regular Season,19,Sat,2024-06-15,19:30 (01:30),NE Revolution,1.0,3–2,0.7,Vancouver W'caps,27078,Gillette Stadium,,Match Report,
Regular Season,19,Sat,2024-06-15,19:30 (01:30),Toronto FC,0.9,1–4,1.1,Chicago Fire,28303,BMO Field,,Match Report,
Regular Season,19,Sat,2024-06-15,19:30 (01:30),NY Red Bulls,1.9,0–0,0.3,Nashville SC,18039,Sports Illustrated Stadium,Guido Gonzalez Jr.,Match Report,
Regular Season,19,Fri,2024-06-14,20:40 (02:40),NYCFC,2.2,2–3,3.6,Columbus Crew,20622,Yankee Stadium,,Match Report,
Regular Season,19,Sat,2024-06-15,19:30 (04:30),Seattle Sounders,2.2,2–0,0.2,Minnesota Utd,31026,Lumen Field,,Match Report,
Regular Season,19,Sat,2024-06-15,19:30 (04:30),SJ Earthquakes,2.9,2–4,1.9,FC Cincinnati,14182,PayPal Park,,Match Report,
Regular Season,19,Sat,2024-06-15,19:30 (02:30),FC Dallas,1.3,2–0,1.6,St. Louis,19096,Toyota Stadium,,Match Report,
Regular Season,19,Sat,2024-06-15,19:30 (04:30),LA Galaxy,3.2,4–2,2.6,Sporting KC,19096,Dignity Health Sports Park,,Match Report,
Regular Season,19,Sat,2024-06-15,19:30 (03:30),Colorado Rapids,1.0,2–0,0.6,Austin,17433,Dick's Sporting Goods Park,,Match Report,
Regular Season,20,Wed,2024-06-19,19:30 (01:30),Inter Miami,1.1,2–1,1.6,Columbus Crew,19939,Chase Stadium,,Match Report,
Regular Season,20,Wed,2024-06-19,19:30 (01:30),Toronto FC,1.9,1–2,0.8,Nashville SC,23361,BMO Field,,Match Report,
Regular Season,20,Wed,2024-06-19,19:30 (01:30),D.C. United,1.2,0–1,0.9,Atlanta Utd,15899,Audi Field,,Match Report,
Regular Season,20,Wed,2024-06-19,19:30 (01:30),Charlotte,0.9,2–2,1.9,Orlando City,28301,Bank of America Stadium,,Match Report,
Regular Season,20,Wed,2024-06-19,19:30 (01:30),CF Montréal,2.0,2–2,2.4,NY Red Bulls,19619,Stade Saputo,,Match Report,
Regular Season,20,Wed,2024-06-19,19:45 (01:45),FC Cincinnati,2.2,4–3,1.2,Philadelphia Union,24795,TQL Stadium,,Match Report,
Regular Season,20,Wed,2024-06-19,19:30 (02:30),Houston Dynamo,3.2,2–2,1.0,Seattle Sounders,15096,Shell Energy Stadium,,Match Report,
Regular Season,20,Wed,2024-06-19,19:30 (02:30),Sporting KC,2.7,3–4,2.7,Real Salt Lake,16414,Children's Mercy Park,,Match Report,
Regular Season,20,Wed,2024-06-19,19:30 (04:30),SJ Earthquakes,1.4,1–2,2.2,Portland Timbers,12122,PayPal Park,,Match Report,
Regular Season,20,Wed,2024-06-19,19:30 (02:30),St. Louis,1.7,0–3,3.4,Colorado Rapids,22500,Energizer Park,,Match Report,
Regular Season,20,Wed,2024-06-19,19:30 (02:30),Austin,0.3,1–1,1.0,LAFC,20738,Q2 Stadium,,Match Report,
Regular Season,20,Wed,2024-06-19,19:30 (02:30),FC Dallas,1.7,5–3,3.2,Minnesota Utd,19096,Toyota Stadium,,Match Report,
Regular Season,20,Wed,2024-06-19,19:30 (04:30),LA Galaxy,1.7,2–0,0.8,NYCFC,20043,Dignity Health Sports Park,,Match Report,
Regular Season,21,Sat,2024-06-22,19:30 (01:30),FC Cincinnati,1.2,1–2,0.5,NE Revolution,25513,TQL Stadium,,Match Report,
Regular Season,21,Sat,2024-06-22,19:30 (01:30),Philadelphia Union,1.0,0–2,2.6,Charlotte,18762,Subaru Park,,Match Report,
Regular Season,21,Sat,2024-06-22,19:30 (01:30),Columbus Crew,2.0,4–0,0.2,Sporting KC,20818,Lower.com Field,,Match Report,
Regular Season,21,Sat,2024-06-22,19:30 (01:30),D.C. United,1.6,1–4,2.1,Houston Dynamo,17993,Audi Field,,Match Report,
Regular Season,21,Sat,2024-06-22,19:30 (01:30),NY Red Bulls,1.6,3–0,0.2,Toronto FC,25189,Sports Illustrated Stadium,,Match Report,
Regular Season,21,Sat,2024-06-22,19:30 (01:30),Orlando City,2.3,4–2,3.0,Chicago Fire,22038,Inter&Co Stadium,,Match Report,
Regular Season,21,Sat,2024-06-22,19:30 (02:30),Nashville SC,1.3,1–0,1.3,NYCFC,29663,Geodis Park,,Match Report,
Regular Season,21,Sat,2024-06-22,19:30 (04:30),Portland Timbers,1.5,2–0,0.8,Vancouver W'caps,22471,Providence Park,,Match Report,
Regular Season,21,Sat,2024-06-22,19:30 (03:30),Colorado Rapids,3.1,4–1,0.3,CF Montréal,15583,Dick's Sporting Goods Park,,Match Report,
Regular Season,21,Sat,2024-06-22,19:30 (02:30),Minnesota Utd,0.6,0–1,0.6,Austin,19746,Allianz Field,,Match Report,
Regular Season,21,Sat,2024-06-22,19:30 (02:30),St. Louis,1.1,1–1,1.5,Atlanta Utd,22500,Energizer Park,,Match Report,
Regular Season,21,Sat,2024-06-22,19:30 (04:30),Seattle Sounders,2.0,3–2,0.8,FC Dallas,30093,Lumen Field,,Match Report,
Regular Season,21,Sat,2024-06-22,19:30 (04:30),LAFC,3.0,6–2,1.3,SJ Earthquakes,22146,BMO Stadium,,Match Report,
Regular Season,21,Sat,2024-06-22,19:30 (03:30),Real Salt Lake,1.0,0–1,0.8,LA Galaxy,21570,America First Field,,Match Report,
Regular Season,22,Fri,2024-06-28,19:30 (01:30),NYCFC,1.8,4–2,1.2,Orlando City,21447,Yankee Stadium,,Match Report,
Regular Season,22,Sat,2024-06-29,19:30 (01:30),Atlanta Utd,1.3,2–1,1.2,Toronto FC,42568,Mercedes-Benz Stadium,,Match Report,
Regular Season,22,Sat,2024-06-29,19:30 (01:30),NE Revolution,1.4,1–5,2.6,Columbus Crew,25004,Gillette Stadium,,Match Report,
Regular Season,22,Sat,2024-06-29,19:30 (01:30),CF Montréal,2.1,4–2,0.9,Philadelphia Union,19619,Stade Saputo,,Match Report,
Regular Season,22,Sat,2024-06-29,19:30 (01:30),NY Red Bulls,1.8,2–2,0.6,D.C. United,18315,Sports Illustrated Stadium,,Match Report,
Regular Season,22,Sat,2024-06-29,19:30 (02:30),Sporting KC,1.8,2–0,0.5,Austin,18722,Children's Mercy Park,,Match Report,
Regular Season,22,Sat,2024-06-29,19:30 (04:30),SJ Earthquakes,1.9,0–3,2.3,LA Galaxy,40844,Stanford Stadium,,Match Report,
Regular Season,22,Sat,2024-06-29,19:30 (04:30),Portland Timbers,4.0,3–2,1.7,Minnesota Utd,22227,Providence Park,,Match Report,
Regular Season,22,Sat,2024-06-29,19:30 (04:30),Seattle Sounders,2.3,2–1,1.7,Chicago Fire,30045,Lumen Field,,Match Report,
Regular Season,22,Sat,2024-06-29,19:30 (02:30),Houston Dynamo,1.4,1–0,1.0,Charlotte,15321,Shell Energy Stadium,,Match Report,
Regular Season,22,Sat,2024-06-29,19:30 (02:30),Nashville SC,1.4,1–2,0.9,Inter Miami,30109,Geodis Park,,Match Report,
Regular Season,22,Sat,2024-06-29,19:30 (04:30),LAFC,2.8,3–0,0.7,Colorado Rapids,22019,BMO Stadium,,Match Report,
Regular Season,22,Sat,2024-06-29,19:30 (04:30),Vancouver W'caps,1.5,4–3,1.9,St. Louis,24662,BC Place Stadium,,Match Report,
Regular Season,22,Sat,2024-06-29,19:30 (02:30),FC Dallas,1.0,0–1,1.1,FC Cincinnati,19096,Toyota Stadium,,Match Report,
Regular Season,23,Wed,2024-07-03,19:30 (01:30),Toronto FC,1.1,1–2,1.3,Orlando City,23877,BMO Field,,Match Report,
Regular Season,23,Wed,2024-07-03,19:30 (01:30),Charlotte,1.5,1–2,1.7,Inter Miami,47218,Bank of America Stadium,,Match Report,
Regular Season,23,Wed,2024-07-03,19:30 (01:30),NYCFC,2.6,2–0,0.9,CF Montréal,18209,Citi Field,,Match Report,
Regular Season,23,Wed,2024-07-03,19:30 (01:30),D.C. United,1.1,2–3,1.3,FC Cincinnati,16716,Audi Field,,Match Report,
Regular Season,23,Wed,2024-07-03,19:45 (01:45),NE Revolution,1.4,2–1,1.9,Atlanta Utd,20171,Gillette Stadium,,Match Report,
Regular Season,23,Wed,2024-07-03,19:30 (02:30),Chicago Fire,3.2,4–3,1.3,Philadelphia Union,19453,Soldier Field,,Match Report,
Regular Season,23,Wed,2024-07-03,19:30 (03:30),Real Salt Lake,3.6,3–2,0.7,Houston Dynamo,21522,America First Field,,Match Report,
Regular Season,23,Wed,2024-07-03,19:30 (02:30),St. Louis,3.3,2–0,0.3,SJ Earthquakes,22500,Energizer Park,,Match Report,
Regular Season,23,Wed,2024-07-03,19:30 (02:30),Minnesota Utd,2.9,1–3,1.4,Vancouver W'caps,19684,Allianz Field,,Match Report,
Regular Season,23,Wed,2024-07-03,20:45 (02:45),Columbus Crew,2.3,2–0,0.8,Nashville SC,20411,Lower.com Field,,Match Report,
Regular Season,23,Thu,2024-07-04,19:30 (02:30),FC Dallas,1.2,3–2,1.5,Portland Timbers,19096,Toyota Stadium,,Match Report,
Regular Season,23,Thu,2024-07-04,19:30 (03:30),Colorado Rapids,2.5,2–1,1.3,Sporting KC,18183,Dick's Sporting Goods Park,,Match Report,
Regular Season,23,Thu,2024-07-04,19:40 (04:40),LA Galaxy,0.9,1–2,2.5,LAFC,70076,Rose Bowl,,Match Report,
Regular Season,24,Sat,2024-07-06,19:30 (01:30),CF Montréal,0.9,1–1,1.4,Vancouver W'caps,19619,Stade Saputo,,Match Report,
Regular Season,24,Sat,2024-07-06,19:30 (01:30),Columbus Crew,2.0,4–0,0.4,Toronto FC,20547,Lower.com Field,,Match Report,
Regular Season,24,Sat,2024-07-06,19:30 (01:30),FC Cincinnati,3.7,6–1,1.2,Inter Miami,25513,TQL Stadium,,Match Report,
Regular Season,24,Sat,2024-07-06,19:30 (01:30),Orlando City,2.3,5–0,0.3,D.C. United,22561,Inter&Co Stadium,,Match Report,
Regular Season,24,Sat,2024-07-06,19:30 (01:30),Philadelphia Union,2.5,0–0,3.1,NY Red Bulls,18915,Subaru Park,,Match Report,
Regular Season,24,Sat,2024-07-06,19:30 (04:30),Seattle Sounders,0.8,2–0,0.7,NE Revolution,30017,Lumen Field,,Match Report,
Regular Season,24,Sat,2024-07-06,19:30 (03:30),Real Salt Lake,1.7,5–2,1.3,Atlanta Utd,20396,America First Field,,Match Report,
Regular Season,24,Sat,2024-07-06,20:55 (03:55),Austin,1.1,2–1,2.3,NYCFC,20738,Q2 Stadium,,Match Report,
Regular Season,24,Sun,2024-07-07,17:30 (02:30),SJ Earthquakes,1.3,1–0,1.3,Chicago Fire,10104,PayPal Park,,Match Report,
Regular Season,24,Sun,2024-07-07,19:30 (02:30),Sporting KC,2.3,3–2,1.8,FC Dallas,17457,Children's Mercy Park,,Match Report,
Regular Season,24,Sun,2024-07-07,19:30 (04:30),LA Galaxy,2.5,2–1,1.2,Minnesota Utd,20043,Dignity Health Sports Park,,Match Report,
Regular Season,24,Sun,2024-07-07,19:30 (04:30),Portland Timbers,3.2,4–1,2.1,Nashville SC,20616,Providence Park,,Match Report,
Regular Season,24,Sun,2024-07-07,19:30 (03:30),Colorado Rapids,2.1,4–1,1.0,St. Louis,16331,Dick's Sporting Goods Park,,Match Report,
Regular Season,25,Sat,2024-07-13,19:30 (01:30),FC Cincinnati,2.1,1–3,1.7,Charlotte,25513,TQL Stadium,,Match Report,
Regular Season,25,Sat,2024-07-13,19:30 (01:30),Toronto FC,0.9,2–1,1.0,Philadelphia Union,25880,BMO Field,,Match Report,
Regular Season,25,Sat,2024-07-13,19:30 (01:30),D.C. United,2.1,2–1,0.7,Nashville SC,16803,Audi Field,Filip Dujic,Match Report,
Regular Season,25,Sat,2024-07-13,19:30 (01:30),NE Revolution,1.0,1–3,1.2,Orlando City,24193,Gillette Stadium,,Match Report,
Regular Season,25,Sat,2024-07-13,19:30 (01:30),CF Montréal,2.1,1–0,0.4,Atlanta Utd,19619,Stade Saputo,Ted Unkel,Match Report,
Regular Season,25,Sat,2024-07-13,19:25 (04:25),Portland Timbers,1.6,3–0,0.6,Real Salt Lake,23014,Providence Park,,Match Report,
Regular Season,25,Sat,2024-07-13,19:30 (04:30),SJ Earthquakes,0.7,1–2,0.9,Sporting KC,12034,PayPal Park,,Match Report,
Regular Season,25,Sat,2024-07-13,19:30 (02:30),FC Dallas,1.3,2–0,0.4,LA Galaxy,19096,Toyota Stadium,,Match Report,
Regular Season,25,Sat,2024-07-13,19:30 (04:30),LAFC,1.3,1–5,2.1,Columbus Crew,22127,BMO Stadium,,Match Report,
Regular Season,25,Sat,2024-07-13,19:30 (02:30),Austin,0.6,0–1,0.8,Seattle Sounders,20738,Q2 Stadium,,Match Report,
Regular Season,25,Sat,2024-07-13,19:30 (02:30),Chicago Fire,0.9,0–0,0.8,NYCFC,25179,Soldier Field,Rosendo Mendoza,Match Report,
Regular Season,25,Sat,2024-07-13,19:30 (02:30),St. Louis,1.3,1–4,2.7,Vancouver W'caps,22500,Energizer Park,Pierre-Luc Lauziere,Match Report,
Regular Season,25,Sat,2024-07-13,19:30 (03:30),Colorado Rapids,1.9,1–1,1.6,NY Red Bulls,15387,Dick's Sporting Goods Park,Tim Ford,Match Report,
Regular Season,25,Sat,2024-07-13,20:27 (03:27),Houston Dynamo,0.9,1–1,0.6,Minnesota Utd,17142,Shell Energy Stadium,Jon Freemon,Match Report,
Regular Season,26,Wed,2024-07-17,19:30 (01:30),Atlanta Utd,1.4,2–2,1.5,NYCFC,42524,Mercedes-Benz Stadium,,Match Report,
Regular Season,26,Wed,2024-07-17,19:30 (01:30),Philadelphia Union,2.3,5–1,0.1,NE Revolution,18554,Subaru Park,Rubiel Vazquez,Match Report,
Regular Season,26,Wed,2024-07-17,19:30 (01:30),Inter Miami,1.4,3–1,0.8,Toronto FC,20120,Chase Stadium,Jair Marrufo,Match Report,
Regular Season,26,Wed,2024-07-17,19:30 (01:30),Columbus Crew,1.8,1–1,2.1,Charlotte,20793,Lower.com Field,,Match Report,
Regular Season,26,Wed,2024-07-17,19:30 (01:30),FC Cincinnati,1.5,0–1,1.6,Chicago Fire,25513,TQL Stadium,,Match Report,
Regular Season,26,Wed,2024-07-17,19:30 (01:30),NY Red Bulls,1.9,2–2,1.3,CF Montréal,15128,Sports Illustrated Stadium,,Match Report,
Regular Season,26,Wed,2024-07-17,19:30 (04:30),Seattle Sounders,1.7,2–0,0.7,St. Louis,30032,Lumen Field,,Match Report,
Regular Season,26,Wed,2024-07-17,19:30 (04:30),SJ Earthquakes,0.7,0–1,1.3,Houston Dynamo,12177,PayPal Park,,Match Report,
Regular Season,26,Wed,2024-07-17,19:30 (02:30),Minnesota Utd,0.6,2–3,1.3,D.C. United,19742,Allianz Field,,Match Report,
Regular Season,26,Wed,2024-07-17,19:30 (04:30),Vancouver W'caps,1.3,2–1,1.3,Sporting KC,23198,BC Place Stadium,Marcos de Oliveira,Match Report,
Regular Season,26,Wed,2024-07-17,19:30 (02:30),Nashville SC,0.3,0–3,1.3,Orlando City,29070,Geodis Park,Pierre-Luc Lauziere,Match Report,
Regular Season,26,Wed,2024-07-17,19:30 (04:30),LA Galaxy,2.0,3–2,2.3,Colorado Rapids,19488,Dignity Health Sports Park,,Match Report,
Regular Season,26,Wed,2024-07-17,19:30 (02:30),FC Dallas,2.1,3–1,0.7,Austin,20500,Toyota Stadium,Armando Villarreal,Match Report,
Regular Season,26,Wed,2024-07-17,19:45 (04:45),LAFC,0.8,1–1,1.4,Real Salt Lake,19488,BMO Stadium,Guido Gonzalez Jr.,Match Report,
Regular Season,27,Sat,2024-07-20,19:30 (01:30),Philadelphia Union,4.3,3–0,1.7,Nashville SC,18962,Subaru Park,,Match Report,
Regular Season,27,Sat,2024-07-20,19:30 (01:30),Inter Miami,2.3,2–1,0.7,Chicago Fire,20318,Chase Stadium,Marcos de Oliveira,Match Report,
Regular Season,27,Sat,2024-07-20,19:30 (01:30),Atlanta Utd,2.0,2–1,1.8,Columbus Crew,42601,Mercedes-Benz Stadium,Rosendo Mendoza,Match Report,
Regular Season,27,Sat,2024-07-20,19:30 (01:30),NE Revolution,1.0,1–1,1.2,FC Dallas,28260,Gillette Stadium,,Match Report,
Regular Season,27,Sat,2024-07-20,19:30 (01:30),NY Red Bulls,1.9,3–1,0.5,FC Cincinnati,19828,Sports Illustrated Stadium,Ted Unkel,Match Report,
Regular Season,27,Sat,2024-07-20,19:30 (01:30),Orlando City,0.6,1–1,1.3,NYCFC,22827,Inter&Co Stadium,Joe Dickerson,Match Report,
Regular Season,27,Sat,2024-07-20,19:30 (01:30),CF Montréal,1.2,0–1,1.2,Toronto FC,19619,Stade Saputo,Armando Villarreal,Match Report,
Regular Season,27,Sat,2024-07-20,19:30 (04:30),Vancouver W'caps,3.3,3–4,1.2,Houston Dynamo,24114,BC Place Stadium,,Match Report,
Regular Season,27,Sat,2024-07-20,19:30 (03:30),Colorado Rapids,2.2,3–2,0.7,Real Salt Lake,18096,Dick's Sporting Goods Park,Ramy Touchan,Match Report,
Regular Season,27,Sat,2024-07-20,19:30 (02:30),Sporting KC,2.2,1–1,0.8,St. Louis,19876,Children's Mercy Park,,Match Report,
Regular Season,27,Sat,2024-07-20,19:30 (04:30),Seattle Sounders,1.9,0–3,1.6,LAFC,32905,Lumen Field,Allen Chapman,Match Report,
Regular Season,27,Sat,2024-07-20,19:30 (02:30),Austin,1.8,2–2,2.3,Charlotte,20738,Q2 Stadium,Jon Freemon,Match Report,
Regular Season,27,Sat,2024-07-20,19:30 (02:30),Minnesota Utd,1.8,2–0,1.4,SJ Earthquakes,19679,Allianz Field,Ismir Pekmic,Match Report,
Regular Season,27,Sat,2024-07-20,19:45 (04:45),LA Galaxy,1.8,3–2,1.2,Portland Timbers,23568,Dignity Health Sports Park,Serhiy Boyko,Match Report,
Regular Season,28,Sat,2024-08-24,17:45 (00:45),Minnesota Utd,2.1,2–3,1.5,Seattle Sounders,19751,Allianz Field,,Match Report,
Regular Season,28,Sat,2024-08-24,19:30 (01:30),NYCFC,1.3,2–2,1.6,Chicago Fire,24428,Citi Field,,Match Report,
Regular Season,28,Sat,2024-08-24,19:30 (01:30),Charlotte,1.2,1–1,2.1,NY Red Bulls,31320,Bank of America Stadium,Drew Fischer,Match Report,
Regular Season,28,Sat,2024-08-24,19:30 (01:30),Inter Miami,0.5,2–0,1.4,FC Cincinnati,20106,Chase Stadium,,Match Report,
Regular Season,28,Sat,2024-08-24,19:30 (01:30),D.C. United,1.4,3–4,2.6,FC Dallas,17766,Audi Field,Serhiy Boyko,Match Report,
Regular Season,28,Sat,2024-08-24,19:30 (01:30),CF Montréal,0.9,0–5,2.3,NE Revolution,19619,Stade Saputo,,Match Report,
Regular Season,28,Sat,2024-08-24,19:30 (04:30),Portland Timbers,4.2,4–4,1.5,St. Louis,22583,Providence Park,Ramy Touchan,Match Report,
Regular Season,28,Sat,2024-08-24,19:30 (02:30),Nashville SC,1.9,0–2,2.1,Austin,28876,Geodis Park,Rosendo Mendoza,Match Report,
Regular Season,28,Sat,2024-08-24,19:30 (03:30),Real Salt Lake,0.7,0–2,2.0,SJ Earthquakes,21015,America First Field,,Match Report,
Regular Season,28,Sat,2024-08-24,19:30 (02:30),Sporting KC,1.1,3–0,1.3,Orlando City,17383,Children's Mercy Park,Tim Ford,Match Report,
Regular Season,28,Sat,2024-08-24,19:30 (04:30),LA Galaxy,4.1,2–0,1.0,Atlanta Utd,25174,Dignity Health Sports Park,,Match Report,
Regular Season,28,Sat,2024-08-24,19:30 (02:30),Houston Dynamo,1.2,0–1,0.6,Toronto FC,16640,Shell Energy Stadium,Ted Unkel,Match Report,
Regular Season,28,Wed,2024-08-28,19:30 (01:30),Philadelphia Union,1.2,0–1,1.3,Columbus Crew,18513,Subaru Park,Ismir Pekmic,Match Report,
Regular Season,29,Sat,2024-08-31,19:30 (01:30),NY Red Bulls,1.6,0–2,2.4,Philadelphia Union,19951,Sports Illustrated Stadium,Jair Marrufo,Match Report,
Regular Season,29,Sat,2024-08-31,19:30 (01:30),Toronto FC,0.6,1–3,1.7,D.C. United,28489,BMO Field,Marcos de Oliveira,Match Report,
Regular Season,29,Sat,2024-08-31,19:30 (01:30),Charlotte,0.9,0–1,1.8,Atlanta Utd,59900,Bank of America Stadium,Alexis Da Silva,Match Report,
Regular Season,29,Sat,2024-08-31,19:30 (01:30),Orlando City,2.0,3–0,1.9,Nashville SC,22853,Inter&Co Stadium,Victor Rivas,Match Report,
Regular Season,29,Sat,2024-08-31,19:30 (01:30),Columbus Crew,2.9,4–2,1.7,NYCFC,20618,Lower.com Field,Ted Unkel,Match Report,
Regular Season,29,Sat,2024-08-31,19:30 (01:30),FC Cincinnati,1.0,4–1,1.1,CF Montréal,25513,TQL Stadium,Jon Freemon,Match Report,
Regular Season,29,Sun,2024-09-01,13:45 (20:45),St. Louis,0.7,2–1,0.7,LA Galaxy,22423,Energizer Park,Joe Dickerson,Match Report,
Regular Season,29,Sat,2024-08-31,19:30 (04:30),Portland Timbers,1.1,1–0,0.8,Seattle Sounders,25218,Providence Park,Lukasz Szpala,Match Report,
Regular Season,29,Sat,2024-08-31,19:30 (02:30),Chicago Fire,1.4,1–4,2.2,Inter Miami,55385,Soldier Field,Pierre-Luc Lauziere,Match Report,
Regular Season,29,Sat,2024-08-31,19:30 (04:30),LAFC,1.0,0–2,2.0,Houston Dynamo,22176,BMO Stadium,Armando Villarreal,Match Report,
Regular Season,29,Sat,2024-08-31,19:30 (03:30),Real Salt Lake,2.6,2–0,0.7,NE Revolution,20475,America First Field,Fotis Bazakos,Match Report,
Regular Season,29,Sat,2024-08-31,19:30 (04:30),SJ Earthquakes,0.6,1–2,2.0,Minnesota Utd,15122,PayPal Park,Sergii Demianchuk,Match Report,
Regular Season,29,Sat,2024-08-31,19:30 (02:30),Austin,0.6,0–1,0.9,Vancouver W'caps,20738,Q2 Stadium,Mark Allatin,Match Report,
Regular Season,29,Sat,2024-08-31,19:30 (02:30),FC Dallas,2.6,2–3,2.2,Colorado Rapids,19096,Toyota Stadium,Ricardo Montero,Match Report,
Regular Season,17,Sat,2024-09-07,19:30 (01:30),Columbus Crew,0.4,0–4,2.0,Seattle Sounders,20523,Lower.com Field,Rosendo Mendoza,Match Report,
Regular Season,30,Sat,2024-09-07,19:30 (01:30),NY Red Bulls,1.4,1–1,0.9,Sporting KC,17708,Sports Illustrated Stadium,Ramy Touchan,Match Report,
Regular Season,30,Sat,2024-09-07,19:30 (01:30),NE Revolution,0.9,2–2,1.5,St. Louis,30512,Gillette Stadium,Tim Ford,Match Report,
Regular Season,24,Sat,2024-09-07,19:30 (02:30),Houston Dynamo,1.1,0–0,0.3,LAFC,19776,Shell Energy Stadium,Guido Gonzalez Jr.,Match Report,
Regular Season,30,Sat,2024-09-07,19:30 (02:30),Chicago Fire,0.5,1–2,0.9,D.C. United,16426,SeatGeek Stadium,Fotis Bazakos,Match Report,
Regular Season,30,Sat,2024-09-07,19:30 (04:30),Vancouver W'caps,1.8,0–0,0.7,FC Dallas,23188,BC Place Stadium,Allen Chapman,Match Report,
Regular Season,31,Sat,2024-09-14,19:30 (01:30),Orlando City,2.1,3–0,1.2,NE Revolution,22062,Inter&Co Stadium,Tori Penso,Match Report,
Regular Season,31,Sat,2024-09-14,19:30 (01:30),Toronto FC,1.1,2–1,3.3,Austin,25538,BMO Field,Chris Penso,Match Report,
Regular Season,31,Sat,2024-09-14,19:30 (01:30),D.C. United,1.3,1–1,1.2,NYCFC,19215,Audi Field,Ramy Touchan,Match Report,
Regular Season,31,Sat,2024-09-14,19:30 (01:30),CF Montréal,1.3,2–1,1.2,Charlotte,19619,Stade Saputo,Rubiel Vazquez,Match Report,
Regular Season,31,Sat,2024-09-14,19:30 (01:30),FC Cincinnati,0.3,0–0,1.3,Columbus Crew,25513,TQL Stadium,Joe Dickerson,Match Report,
Regular Season,31,Sat,2024-09-14,19:30 (01:30),Inter Miami,1.0,3–1,1.9,Philadelphia Union,20915,Chase Stadium,Serhiy Boyko,Match Report,
Regular Season,31,Sat,2024-09-14,19:30 (01:30),Atlanta Utd,0.5,0–2,1.1,Nashville SC,43330,Mercedes-Benz Stadium,Armando Villarreal,Match Report,
Regular Season,31,Sun,2024-09-15,16:15 (01:15),Seattle Sounders,2.9,2–0,0.7,Sporting KC,31898,Lumen Field,Drew Fischer,Match Report,
Regular Season,31,Sat,2024-09-14,19:30 (04:30),Vancouver W'caps,2.8,2–0,1.0,SJ Earthquakes,21309,BC Place Stadium,Lukasz Szpala,Match Report,
Regular Season,31,Sat,2024-09-14,19:30 (02:30),Houston Dynamo,1.5,4–1,0.8,Real Salt Lake,15862,Shell Energy Stadium,Jon Freemon,Match Report,
Regular Season,31,Sat,2024-09-14,19:30 (02:30),St. Louis,1.5,1–3,2.3,Minnesota Utd,22423,Energizer Park,Marcos de Oliveira,Match Report,
Regular Season,31,Sat,2024-09-14,19:30 (02:30),Chicago Fire,2.1,2–1,1.5,NY Red Bulls,22188,Soldier Field,Mark Allatin,Match Report,
Regular Season,31,Sat,2024-09-14,19:30 (04:30),LA Galaxy,2.7,4–2,1.6,LAFC,25174,Dignity Health Sports Park,Ted Unkel,Match Report,
Regular Season,31,Sat,2024-09-14,19:30 (03:30),Colorado Rapids,1.3,2–1,2.1,Portland Timbers,16038,Dick's Sporting Goods Park,Filip Dujic,Match Report,
Regular Season,32,Wed,2024-09-18,19:30 (01:30),NE Revolution,1.5,2–2,0.4,CF Montréal,18019,Gillette Stadium,Elijio Arreguin,Match Report,
Regular Season,32,Wed,2024-09-18,19:30 (01:30),Atlanta Utd,2.1,2–2,1.8,Inter Miami,67795,Mercedes-Benz Stadium,Rosendo Mendoza,Match Report,
Regular Season,32,Wed,2024-09-18,19:30 (01:30),Toronto FC,0.9,0–2,1.1,Columbus Crew,21355,BMO Field,Guido Gonzalez Jr.,Match Report,
Regular Season,32,Wed,2024-09-18,19:30 (01:30),NYCFC,3.1,1–5,1.7,Philadelphia Union,19153,Yankee Stadium,Pierre-Luc Lauziere,Match Report,
Regular Season,32,Wed,2024-09-18,19:30 (04:30),LAFC,0.8,1–1,0.7,Austin,22153,BMO Stadium,Allen Chapman,Match Report,
Regular Season,32,Wed,2024-09-18,19:30 (02:30),Houston Dynamo,1.3,1–1,1.1,Vancouver W'caps,14282,Shell Energy Stadium,Alexis Da Silva,Match Report,
Regular Season,32,Wed,2024-09-18,19:30 (02:30),Nashville SC,0.3,1–0,0.5,Chicago Fire,27967,Geodis Park,Rubiel Vazquez,Match Report,
Regular Season,32,Wed,2024-09-18,19:30 (02:30),Sporting KC,2.7,4–1,0.8,Colorado Rapids,14826,Children's Mercy Park,Fotis Bazakos,Match Report,
Regular Season,32,Wed,2024-09-18,19:30 (04:30),Portland Timbers,3.0,4–2,2.3,LA Galaxy,23165,Providence Park,Tim Ford,Match Report,
Regular Season,32,Wed,2024-09-18,19:30 (04:30),Seattle Sounders,0.9,2–2,0.9,SJ Earthquakes,29326,Lumen Field,Victor Rivas,Match Report,
Regular Season,32,Wed,2024-09-18,19:30 (03:30),Real Salt Lake,2.2,3–2,2.3,FC Dallas,19436,America First Field,Sergii Demianchuk,Match Report,
Regular Season,32,Wed,2024-09-18,19:30 (02:30),Minnesota Utd,1.5,1–2,1.3,FC Cincinnati,19649,Allianz Field,Drew Fischer,Match Report,
Regular Season,32,Wed,2024-09-18,20:15 (02:15),Orlando City,1.3,2–0,0.2,Charlotte,22902,Inter&Co Stadium,Marcos de Oliveira,Match Report,
Regular Season,33,Sat,2024-09-21,14:00 (20:00),NYCFC,1.1,1–1,0.8,Inter Miami,44738,Yankee Stadium,Jon Freemon,Match Report,
Regular Season,33,Sat,2024-09-21,16:00 (22:00),Charlotte,2.1,4–0,1.2,NE Revolution,29022,Bank of America Stadium,Mark Allatin,Match Report,
Regular Season,33,Sat,2024-09-21,19:30 (01:30),CF Montréal,1.2,2–0,0.7,Chicago Fire,19619,Stade Saputo,Lukasz Szpala,Match Report,
Regular Season,33,Sat,2024-09-21,19:30 (01:30),Columbus Crew,2.1,4–3,2.4,Orlando City,20868,Lower.com Field,Serhiy Boyko,Match Report,
Regular Season,33,Sat,2024-09-21,19:30 (01:30),NY Red Bulls,3.3,2–2,1.7,Atlanta Utd,19751,Sports Illustrated Stadium,Chris Penso,Match Report,
Regular Season,33,Sun,2024-09-22,18:15 (00:15),Philadelphia Union,3.5,4–0,0.8,D.C. United,18823,Subaru Park,Filip Dujic,Match Report,
Regular Season,33,Sat,2024-09-21,19:30 (02:30),Nashville SC,0.7,2–2,0.8,FC Cincinnati,27976,Geodis Park,Pierre-Luc Lauziere,Match Report,
Regular Season,33,Sat,2024-09-21,19:30 (02:30),Sporting KC,1.8,0–2,1.2,Minnesota Utd,17328,Children's Mercy Park,Ismir Pekmic,Match Report,
Regular Season,33,Sat,2024-09-21,19:30 (03:30),Real Salt Lake,2.1,3–3,0.5,Portland Timbers,20778,America First Field,Tori Penso,Match Report,
Regular Season,33,Sat,2024-09-21,19:30 (02:30),FC Dallas,1.2,3–1,0.8,LAFC,19096,Toyota Stadium,Alexis Da Silva,Match Report,
Regular Season,33,Sat,2024-09-21,19:30 (04:30),LA Galaxy,1.7,4–2,1.4,Vancouver W'caps,25387,Dignity Health Sports Park,Jair Marrufo,Match Report,
Regular Season,33,Sat,2024-09-21,19:30 (04:30),SJ Earthquakes,1.2,1–2,1.7,St. Louis,15112,PayPal Park,Ricardo Montero,Match Report,
Regular Season,33,Sat,2024-09-21,19:30 (02:30),Austin,1.9,0–1,1.1,Houston Dynamo,20738,Q2 Stadium,Victor Rivas,Match Report,
Regular Season,33,Sat,2024-09-21,19:30 (03:30),Colorado Rapids,2.7,2–0,1.0,Toronto FC,15896,Dick's Sporting Goods Park,Rosendo Mendoza,Match Report,
Regular Season,34,Sat,2024-09-28,19:30 (01:30),CF Montréal,2.3,3–0,1.1,SJ Earthquakes,19619,Stade Saputo,Armando Villarreal,Match Report,
Regular Season,34,Sat,2024-09-28,19:30 (01:30),Philadelphia Union,0.9,1–1,1.4,Atlanta Utd,18837,Subaru Park,Fotis Bazakos,Match Report,
Regular Season,34,Sat,2024-09-28,19:30 (01:30),NE Revolution,0.9,1–0,0.9,Nashville SC,42312,Gillette Stadium,Marcos de Oliveira,Match Report,
Regular Season,34,Sat,2024-09-28,19:30 (01:30),Inter Miami,3.0,1–1,1.3,Charlotte,21374,Chase Stadium,Ramy Touchan,Match Report,
Regular Season,34,Sat,2024-09-28,19:30 (01:30),FC Cincinnati,1.3,1–2,1.4,LAFC,24728,TQL Stadium,Ismir Pekmic,Match Report,
Regular Season,34,Sat,2024-09-28,19:30 (01:30),NY Red Bulls,1.5,1–5,2.2,NYCFC,25291,Sports Illustrated Stadium,Tori Penso,Match Report,
Regular Season,34,Sat,2024-09-28,19:30 (01:30),D.C. United,2.5,2–2,1.5,Columbus Crew,17806,Audi Field,Rubiel Vazquez,Match Report,
Regular Season,34,Sat,2024-09-28,19:30 (02:30),Austin,1.9,2–2,2.1,Real Salt Lake,20738,Q2 Stadium,Lukasz Szpala,Match Report,
Regular Season,34,Sat,2024-09-28,19:30 (02:30),FC Dallas,1.5,1–3,1.5,Orlando City,19096,Toyota Stadium,Jair Marrufo,Match Report,
Regular Season,34,Sat,2024-09-28,19:30 (04:30),Vancouver W'caps,1.0,1–1,0.5,Portland Timbers,25902,BC Place Stadium,Joe Dickerson,Match Report,
Regular Season,34,Sat,2024-09-28,19:30 (02:30),St. Louis,1.2,3–1,1.3,Sporting KC,22423,Energizer Park,Guido Gonzalez Jr.,Match Report,
Regular Season,34,Sat,2024-09-28,19:30 (04:30),Seattle Sounders,1.3,1–0,0.3,Houston Dynamo,30015,Lumen Field,Allen Chapman,Match Report,
Regular Season,34,Sat,2024-09-28,19:30 (02:30),Chicago Fire,0.9,1–1,1.2,Toronto FC,16097,SeatGeek Stadium,Ricardo Montero,Match Report,
Regular Season,34,Sat,2024-09-28,19:30 (02:30),Minnesota Utd,1.2,3–0,0.5,Colorado Rapids,19814,Allianz Field,Lorenzo Hernandez,Match Report,
Regular Season,35,Wed,2024-10-02,19:30 (01:30),Charlotte,3.1,4–3,1.8,Chicago Fire,26899,Bank of America Stadium,Serhiy Boyko,Match Report,
Regular Season,35,Wed,2024-10-02,19:30 (01:30),NYCFC,1.5,3–2,1.5,FC Cincinnati,10785,Sports Illustrated Stadium,Guido Gonzalez Jr.,Match Report,
Regular Season,35,Wed,2024-10-02,19:30 (01:30),Atlanta Utd,1.7,1–2,1.0,CF Montréal,42501,Mercedes-Benz Stadium,Ted Unkel,Match Report,
Regular Season,35,Wed,2024-10-02,19:30 (01:30),Orlando City,2.2,2–1,2.2,Philadelphia Union,23027,Inter&Co Stadium,Armando Villarreal,Match Report,
Regular Season,35,Wed,2024-10-02,19:30 (01:30),Toronto FC,1.7,1–4,2.2,NY Red Bulls,21575,BMO Field,Filip Dujic,Match Report,
Regular Season,35,Wed,2024-10-02,19:45 (01:45),Columbus Crew,1.9,2–3,1.2,Inter Miami,20815,Lower.com Field,Drew Fischer,Match Report,
Regular Season,35,Wed,2024-10-02,19:30 (03:30),Colorado Rapids,0.8,1–3,2.1,LA Galaxy,15196,Dick's Sporting Goods Park,Pierre-Luc Lauziere,Match Report,
Regular Season,35,Wed,2024-10-02,19:30 (02:30),Nashville SC,2.8,3–4,2.8,D.C. United,28863,Geodis Park,Lukasz Szpala,Match Report,
Regular Season,35,Wed,2024-10-02,19:30 (04:30),SJ Earthquakes,2.0,3–2,1.3,FC Dallas,13414,PayPal Park,Lorenzo Hernandez,Match Report,
Regular Season,35,Wed,2024-10-02,19:30 (04:30),Portland Timbers,2.4,0–1,0.4,Austin,22461,Providence Park,Alexis Da Silva,Match Report,
Regular Season,35,Wed,2024-10-02,19:30 (03:30),Real Salt Lake,1.1,0–0,0.8,Minnesota Utd,19346,America First Field,Ricardo Montero,Match Report,
Regular Season,35,Wed,2024-10-02,19:30 (04:30),Vancouver W'caps,1.0,0–3,1.7,Seattle Sounders,17361,BC Place Stadium,Chris Penso,Match Report,
Regular Season,35,Wed,2024-10-02,19:30 (02:30),Houston Dynamo,2.3,2–1,2.7,NE Revolution,15356,Shell Energy Stadium,Fotis Bazakos,Match Report,
Regular Season,35,Wed,2024-10-02,19:30 (04:30),LAFC,2.2,1–0,0.4,St. Louis,22064,BMO Stadium,Victor Rivas,Match Report,
Regular Season,36,Sat,2024-10-05,16:00 (22:00),Toronto FC,0.9,0–1,0.3,Inter Miami,30217,BMO Field,Joe Dickerson,Match Report,
Regular Season,36,Sat,2024-10-05,16:30 (01:30),Vancouver W'caps,0.5,0–1,2.3,Minnesota Utd,21349,BC Place Stadium,Ramy Touchan,Match Report,
Regular Season,36,Sat,2024-10-05,19:30 (01:30),NE Revolution,0.6,1–2,0.9,D.C. United,44110,Gillette Stadium,Alexis Da Silva,Match Report,
Regular Season,36,Sat,2024-10-05,19:30 (01:30),Columbus Crew,1.3,3–2,1.0,Philadelphia Union,20788,Lower.com Field,Allen Chapman,Match Report,
Regular Season,36,Sat,2024-10-05,19:30 (01:30),FC Cincinnati,1.2,1–3,2.1,Orlando City,24468,TQL Stadium,Filip Dujic,Match Report,
Regular Season,36,Sat,2024-10-05,19:30 (01:30),Atlanta Utd,2.0,2–1,0.5,NY Red Bulls,43428,Mercedes-Benz Stadium,Ismir Pekmic,Match Report,
Regular Season,36,Sat,2024-10-05,19:30 (01:30),Charlotte,1.7,2–0,0.5,CF Montréal,38259,Bank of America Stadium,Victor Rivas,Match Report,
Regular Season,36,Sun,2024-10-06,16:00 (01:00),Portland Timbers,1.8,0–0,1.5,FC Dallas,24169,Providence Park,Armando Villarreal,Match Report,
Regular Season,36,Sun,2024-10-06,16:00 (22:00),NYCFC,1.3,3–1,2.3,Nashville SC,13409,Sports Illustrated Stadium,Serhiy Boyko,Match Report,
Regular Season,36,Sat,2024-10-05,19:30 (04:30),LA Galaxy,2.1,2–1,1.0,Austin,26574,Dignity Health Sports Park,Ted Unkel,Match Report,
Regular Season,36,Sat,2024-10-05,19:30 (03:30),Colorado Rapids,0.9,0–1,1.7,Seattle Sounders,18096,Dick's Sporting Goods Park,Tim Ford,Match Report,
Regular Season,36,Sat,2024-10-05,19:30 (04:30),SJ Earthquakes,0.7,0–1,1.3,Real Salt Lake,16322,PayPal Park,Mark Allatin,Match Report,
Regular Season,36,Sat,2024-10-05,19:30 (02:30),St. Louis,1.5,3–0,1.4,Houston Dynamo,22423,Energizer Park,Tori Penso,Match Report,
Regular Season,36,Sat,2024-10-05,19:30 (02:30),Sporting KC,0.7,0–3,2.1,LAFC,18554,Children's Mercy Park,Marcos de Oliveira,Match Report,
Regular Season,16,Sat,2024-10-12,19:30 (01:30),Columbus Crew,3.3,4–0,0.3,NE Revolution,20439,Lower.com Field,Filip Dujic,Match Report,
Regular Season,28,Sun,2024-10-13,16:30 (01:30),Vancouver W'caps,1.1,1–2,0.9,LAFC,30303,BC Place Stadium,Drew Fischer,Match Report,
Regular Season,37,Sat,2024-10-19,17:00 (00:00),Chicago Fire,1.4,0–3,2.3,Nashville SC,23942,Soldier Field,Jon Freemon,Match Report,
Regular Season,37,Sat,2024-10-19,18:00 (00:00),NY Red Bulls,2.3,2–3,1.7,Columbus Crew,24515,Sports Illustrated Stadium,Guido Gonzalez Jr.,Match Report,
Regular Season,37,Sat,2024-10-19,18:00 (00:00),CF Montréal,0.9,2–0,1.7,NYCFC,19619,Stade Saputo,Allen Chapman,Match Report,
Regular Season,37,Sat,2024-10-19,18:00 (00:00),Philadelphia Union,0.8,1–2,1.5,FC Cincinnati,19016,Subaru Park,Joe Dickerson,Match Report,
Regular Season,37,Sat,2024-10-19,18:00 (00:00),Inter Miami,3.6,6–2,2.2,NE Revolution,21429,Chase Stadium,Alexis Da Silva,Match Report,
Regular Season,37,Sat,2024-10-19,18:00 (00:00),D.C. United,0.8,0–3,2.1,Charlotte,19365,Audi Field,Jair Marrufo,Match Report,
Regular Season,37,Sat,2024-10-19,18:00 (00:00),Orlando City,1.5,1–2,1.4,Atlanta Utd,25046,Inter&Co Stadium,Rubiel Vazquez,Match Report,
Regular Season,37,Sat,2024-10-19,18:00 (03:00),Seattle Sounders,1.3,1–1,0.6,Portland Timbers,36341,Lumen Field,Ismir Pekmic,Match Report,
Regular Season,37,Sat,2024-10-19,18:00 (03:00),LAFC,1.8,3–1,1.4,SJ Earthquakes,22137,BMO Stadium,Pierre-Luc Lauziere,Match Report,
Regular Season,37,Sat,2024-10-19,19:00 (03:00),Real Salt Lake,1.1,2–1,1.3,Vancouver W'caps,20359,America First Field,Armando Villarreal,Match Report,
Regular Season,37,Sat,2024-10-19,20:00 (03:00),FC Dallas,0.5,2–1,1.6,Sporting KC,19096,Toyota Stadium,Katja Koroleva,Match Report,
Regular Season,37,Sat,2024-10-19,20:00 (03:00),Austin,2.2,3–2,1.7,Colorado Rapids,20738,Q2 Stadium,Chris Penso,Match Report,
Regular Season,37,Sat,2024-10-19,20:00 (03:00),Minnesota Utd,2.6,4–1,0.7,St. Louis,19881,Allianz Field,Lukasz Szpala,Match Report,
Regular Season,37,Sat,2024-10-19,20:00 (03:00),Houston Dynamo,0.9,2–1,2.4,LA Galaxy,20800,Shell Energy Stadium,Rosendo Mendoza,Match Report,
Wild Card Round,,Tue,2024-10-22,19:30 (01:30),CF Montréal,1.6,(4) 2–2 (5),1.3,Atlanta Utd,16566,Stade Saputo,Joe Dickerson,Match Report,Atlanta Utd won on penalty kicks following normal time
Wild Card Round,,Wed,2024-10-23,19:30 (04:30),Vancouver W'caps,2.3,5–0,0.7,Portland Timbers,19143,Providence Park,Rubiel Vazquez,Match Report,
Round One,,Fri,2024-10-25,20:30 (02:30),Inter Miami,3.3,2–1,1.0,Atlanta Utd,20673,Chase Stadium,Allen Chapman,Match Report,
Round One,,Sun,2024-10-27,19:30 (00:30),Orlando City,1.6,2–0,0.8,Charlotte,17787,Inter&Co Stadium,Drew Fischer,Match Report,
Round One,,Sat,2024-10-26,20:00 (04:00),LA Galaxy,2.4,5–0,0.0,Colorado Rapids,24537,Dignity Health Sports Park,Lukasz Szpala,Match Report,
Round One,,Sun,2024-10-27,18:45 (02:45),LAFC,1.6,2–1,1.1,Vancouver W'caps,22298,BMO Stadium,Jair Marrufo,Match Report,
Round One,,Mon,2024-10-28,18:45 (23:45),FC Cincinnati,3.3,1–0,0.3,NYCFC,21413,TQL Stadium,Serhiy Boyko,Match Report,
Round One,,Mon,2024-10-28,17:50 (01:50),Seattle Sounders,1.0,(5) 0–0 (4),0.5,Houston Dynamo,30026,Lumen Field,Ted Unkel,Match Report,
Round One,,Tue,2024-10-29,18:45 (23:45),Columbus Crew,1.1,0–1,0.9,NY Red Bulls,19050,Lower.com Field,Tim Ford,Match Report,
Round One,,Tue,2024-10-29,18:50 (01:50),Real Salt Lake,1.3,(4) 0–0 (5),1.2,Minnesota Utd,19195,America First Field,Pierre-Luc Lauziere,Match Report,
Round One,,Fri,2024-11-01,19:30 (00:30),Charlotte,1.2,(3) 0–0 (1),0.3,Orlando City,40238,Bank of America Stadium,Guido Gonzalez Jr.,Match Report,
Round One,,Sat,2024-11-02,17:00 (22:00),NYCFC,2.7,3–1,1.5,FC Cincinnati,19585,Citi Field,Ismir Pekmic,Match Report,
Round One,,Sat,2024-11-02,19:00 (00:00),Atlanta Utd,1.4,2–1,1.5,Inter Miami,68455,Mercedes-Benz Stadium,Rubiel Vazquez,Match Report,
Round One,,Fri,2024-11-01,19:30 (02:30),Colorado Rapids,0.4,1–4,1.7,LA Galaxy,16010,Dick's Sporting Goods Park,Victor Rivas,Match Report,
Round One,,Sun,2024-11-03,16:30 (22:30),NY Red Bulls,2.0,(5) 2–2 (4),2.1,Columbus Crew,20936,Sports Illustrated Stadium,Filip Dujic,Match Report,
Round One,,Sun,2024-11-03,17:30 (00:30),Houston Dynamo,1.6,(6) 1–1 (7),0.9,Seattle Sounders,18859,Shell Energy Stadium,Armando Villarreal,Match Report,
Round One,,Sat,2024-11-02,20:00 (02:00),Minnesota Utd,1.7,(3) 1–1 (1),0.8,Real Salt Lake,19912,Allianz Field,Tori Penso,Match Report,
Round One,,Sun,2024-11-03,17:45 (02:45),Vancouver W'caps,1.3,3–0,1.2,LAFC,20695,BC Place Stadium,Rosendo Mendoza,Match Report,
Round One,,Sat,2024-11-09,16:00 (22:00),FC Cincinnati,1.2,(5) 0–0 (6),0.3,NYCFC,22487,TQL Stadium,Drew Fischer,Match Report,
Round One,,Sat,2024-11-09,18:00 (00:00),Orlando City,2.4,(4) 1–1 (1),0.6,Charlotte,20021,Inter&Co Stadium,Ismir Pekmic,Match Report,
Round One,,Fri,2024-11-08,19:30 (04:30),LAFC,0.8,1–0,0.6,Vancouver W'caps,22220,BMO Stadium,Joe Dickerson,Match Report,
Round One,,Sat,2024-11-09,20:00 (02:00),Inter Miami,2.8,2–3,1.9,Atlanta Utd,20813,Chase Stadium,Lukasz Szpala,Match Report,
Conference Semifinals,,Sat,2024-11-23,17:30 (23:30),NYCFC,2.8,0–2,1.0,NY Red Bulls,24891,Citi Field,Allen Chapman,Match Report,
Conference Semifinals,,Sun,2024-11-24,15:15 (00:15),LA Galaxy,4.1,6–2,1.5,Minnesota Utd,26192,Dignity Health Sports Park,Rosendo Mendoza,Match Report,
Conference Semifinals,,Sun,2024-11-24,15:30 (21:30),Orlando City,1.4,1–0,0.3,Atlanta Utd,25046,Inter&Co Stadium,Armando Villarreal,Match Report,
Round,Wk,Day,Date,Time,Home,xG,Score,xG,Away,Attendance,Venue,Referee,Match Report,Notes
Conference Semifinals,,Sat,2024-11-23,19:30 (04:30),LAFC,1.8,1–2,0.9,Seattle Sounders,22301,BMO Stadium,Guido Gonzalez Jr.,Match Report,Required Extra Time
Conference Finals,,Sat,2024-11-30,19:00 (04:00),LA Galaxy,0.8,1–0,0.4,Seattle Sounders,26327,Dignity Health Sports Park,Drew Fischer,Match Report,
Conference Finals,,Sat,2024-11-30,19:30 (01:30),Orlando City,0.9,0–1,0.8,NY Red Bulls,25046,Inter&Co Stadium,Rosendo Mendoza,Match Report,
MLS Cup,,Sat,2024-12-07,13:00 (22:00),LA Galaxy,2.1,2–1,1.1,NY Red Bulls,26812,Dignity Health Sports Park,Guido Gonzalez Jr.,Match Report,
