rk,player,nation,pos,squad,age,born,90s,tkl,tklw,def_3rd,mid_3rd,att_3rd,tkl_challe,att,lost,blocks,sh,pass,int,tkl_int,clr,err,matches
1,Luis Abram,pe PER,DF,Granada,25,1996,6.2,6,3,3,3,0,2,4,2,6,5,1,5,11,37,1,Matches
2,Marcos Acuña,ar ARG,DF,Sevilla,29,1991,25.1,50,29,27,14,9,30,46,16,22,5,17,14,64,25,1,Matches
3,Martin Agirregabiria,es ESP,DF,Alavés,25,1996,18.0,34,22,17,11,6,18,37,19,20,3,17,25,59,38,0,Matches
4,Julen Agirrezabala,es ESP,GK,Athletic Club,20,2000,4.0,0,0,0,0,0,0,0,0,0,0,0,0,0,2,0,Matches
5,Sergio Agüero,ar ARG,FW,Barcelona,33,1988,1.7,1,1,0,0,1,0,2,2,0,0,0,0,1,0,0,Matches
6,Álvaro Aguirre,es ESP,FW,Rayo Vallecano,21,2000,0.1,0,0,0,0,0,0,0,0,0,0,0,0,0,0,0,Matches
7,Joseph Aidoo,gh GHA,DF,Celta Vigo,25,1995,29.3,39,26,28,10,1,17,31,14,23,13,10,38,77,96,3,Matches
8,Carlos Akapo,gq EQG,DF,Cádiz,28,1993,20.5,43,31,26,15,2,21,37,16,26,7,19,51,94,61,0,Matches
9,Ilias Akhomach,ma MAR,FW,Barcelona,17,2004,1.4,2,0,0,1,1,0,0,0,0,0,0,0,2,0,0,Matches
10,Paul Akouokou,ci CIV,MF,Betis,23,1997,5.7,14,9,5,7,2,8,12,4,6,0,6,11,25,6,0,Matches
11,David Alaba,at AUT,DF,Real Madrid,29,1992,29.4,23,13,15,6,2,9,19,10,26,15,11,22,45,70,1,Matches
12,Tomás Alarcón,cl CHI,MF,Cádiz,22,1999,15.8,31,20,17,10,4,10,31,21,19,7,12,30,61,31,0,Matches
13,Jordi Alba,es ESP,DF,Barcelona,32,1989,29.4,47,34,12,26,9,27,47,20,26,6,20,33,80,41,1,Matches
14,Raúl Albiol,es ESP,DF,Villarreal,35,1985,27.4,26,15,20,5,1,14,18,4,24,15,9,21,47,126,1,Matches
15,Paco Alcácer,es ESP,FW,Villarreal,27,1993,8.7,9,3,2,4,3,1,5,4,7,0,7,6,15,1,0,Matches
16,Rubén Alcaraz,es ESP,MF,Cádiz,30,1991,12.3,41,20,14,24,3,22,45,23,10,2,8,13,54,14,0,Matches
17,Omar Alderete,py PAR,DF,Valencia,24,1996,26.7,53,34,34,17,2,34,53,19,30,18,12,35,88,153,0,Matches
18,Iván Alejo,es ESP,"MF,FW",Cádiz,26,1995,11.8,33,15,21,10,2,15,44,29,12,0,12,8,41,17,0,Matches
19,Carles Aleñá,es ESP,MF,Getafe,23,1998,25.8,27,19,11,13,3,9,48,39,21,2,19,15,42,16,0,Matches
20,Hugo Álvarez,es ESP,FW,Celta Vigo,18,2003,0.1,1,0,1,0,0,0,0,0,0,0,0,0,1,1,0,Matches
21,Yeray Álvarez,es ESP,DF,Athletic Club,26,1995,20.7,24,14,15,8,1,10,18,8,21,16,5,45,69,97,0,Matches
22,Dani Alves,br BRA,DF,Barcelona,38,1983,12.2,30,19,13,13,4,14,26,12,10,3,7,11,41,10,2,Matches
23,Emmanuel Amankwaa Akurugu,gh GHA,DF,Getafe,19,2001,0.9,0,0,0,0,0,0,2,2,1,0,1,0,0,0,0,Matches
24,Amath,sn SEN,"FW,MF",Mallorca,25,1996,9.8,21,11,11,6,4,7,17,10,12,0,12,7,28,7,0,Matches
25,Florin Andone,ro ROU,FW,Cádiz,28,1993,2.0,1,1,1,0,0,0,1,1,2,0,2,0,1,1,0,Matches
Rk,Player,Nation,Pos,Squad,Age,Born,90s,Tkl,TklW,Def 3rd,Mid 3rd,Att 3rd,Tkl,Att,Lost,Blocks,Sh,Pass,Int,Tkl+Int,Clr,Err,Matches
26,Marcos André,br BRA,"FW,MF",Valencia,24,1996,10.8,15,11,4,6,5,5,16,11,15,0,15,7,22,13,0,Matches
27,José Ángel,es ESP,DF,Osasuna,31,1989,12.0,20,13,9,9,2,9,14,5,6,1,5,10,30,21,0,Matches
28,Josep Antoni Gayá,es ESP,DF,Mallorca,21,2000,0.6,0,0,0,0,0,0,0,0,1,0,1,1,1,3,1,Matches
29,Mauro Arambarri,uy URU,MF,Getafe,25,1995,29.6,62,37,19,32,11,20,68,48,35,5,30,32,94,18,0,Matches
30,Néstor Araujo,mx MEX,DF,Celta Vigo,29,1991,29.1,22,14,17,5,0,9,21,12,17,10,7,27,49,105,2,Matches
31,Ronald Araújo,uy URU,DF,Barcelona,22,1999,25.2,41,23,29,12,0,21,25,4,37,20,17,23,64,66,1,Matches
32,Jesús Areso,es ESP,DF,Osasuna,22,1999,2.1,3,3,2,1,0,0,2,2,0,0,0,0,3,2,1,Matches
33,Matias Arezo,uy URU,"FW,MF",Granada,18,2002,1.8,5,3,2,1,2,4,9,5,1,0,1,1,6,1,0,Matches
34,Santiago Arias,co COL,DF,Granada,29,1992,4.9,12,5,8,3,1,4,9,5,8,4,4,5,17,10,0,Matches
35,Santiago Arzamendia,py PAR,MF,Cádiz,23,1998,5.2,14,6,6,5,3,6,13,7,6,0,6,4,18,7,0,Matches
36,Sergio Asenjo,es ESP,GK,Villarreal,32,1989,6.0,0,0,0,0,0,0,1,1,0,0,0,1,1,6,0,Matches
37,Alejandro Asensio,es ESP,FW,Rayo Vallecano,20,2000,0.1,0,0,0,0,0,0,0,0,0,0,0,0,0,0,0,Matches
38,Marco Asensio,es ESP,"FW,MF",Real Madrid,25,1996,19.2,12,8,6,4,2,4,18,14,8,1,7,12,24,6,1,Matches
39,Iago Aspas,es ESP,FW,Celta Vigo,33,1987,34.3,14,7,1,5,8,4,24,20,23,2,21,11,25,19,0,Matches
40,Pierre-Emerick Aubameyang,ga GAB,FW,Barcelona,32,1989,12.0,2,2,0,1,1,0,5,5,9,1,8,2,4,4,0,Matches
41,Ludwig Augustinsson,se SWE,"DF,FW",Sevilla,27,1994,8.8,18,14,11,3,4,8,13,5,10,3,7,5,23,21,0,Matches
42,Serge Aurier,ci CIV,DF,Villarreal,28,1992,11.2,14,9,11,2,1,4,7,3,14,7,7,11,25,25,0,Matches
43,Ezequiel Ávila,ar ARG,"FW,MF",Osasuna,27,1994,20.8,17,7,6,7,4,7,21,14,14,2,12,13,30,15,1,Matches
44,Iddrisu Baba,gh GHA,MF,Mallorca,25,1996,21.5,57,30,31,23,3,25,43,18,19,5,14,24,81,34,1,Matches
45,Carlos Bacca,co COL,FW,Granada,34,1986,5.7,4,4,2,0,2,0,3,3,5,0,5,1,5,5,0,Matches
46,Édgar Badía,es ESP,GK,Elche,29,1992,24.0,0,0,0,0,0,0,0,0,0,0,0,0,0,16,2,Matches
47,Miguel Baeza,es ESP,DF,Celta Vigo,21,2000,0.0,0,0,0,0,0,0,0,0,0,0,0,0,0,0,0,Matches
48,Alejandro Balde,es ESP,"DF,FW",Barcelona,17,2003,2.1,2,1,1,0,1,0,0,0,2,2,0,1,3,1,0,Matches
49,Gareth Bale,wls WAL,FW,Real Madrid,32,1989,3.1,2,1,1,0,1,1,4,3,2,0,2,2,4,1,0,Matches
50,Mikel Balenziaga,es ESP,DF,Athletic Club,33,1988,22.5,33,24,15,15,3,25,43,18,27,4,23,21,54,79,0,Matches
Rk,Player,Nation,Pos,Squad,Age,Born,90s,Tkl,TklW,Def 3rd,Mid 3rd,Att 3rd,Tkl,Att,Lost,Blocks,Sh,Pass,Int,Tkl+Int,Clr,Err,Matches
51,Iván Balliu,al ALB,DF,Rayo Vallecano,29,1992,35.0,45,22,25,11,9,19,31,12,24,5,19,39,84,64,0,Matches
52,Barbero,es ESP,"FW,MF",Osasuna,22,1998,0.2,0,0,0,0,0,0,0,0,0,0,0,0,0,1,0,Matches
53,Barcia,es ESP,DF,Granada,20,2000,0.8,0,0,0,0,0,0,0,0,1,1,0,1,1,0,1,Matches
54,Enis Bardhi,mk MKD,"MF,FW",Levante,26,1995,18.9,29,12,12,14,3,12,35,23,13,2,11,10,39,7,0,Matches
55,Keidi Bare,al ALB,MF,Espanyol,23,1997,16.5,27,17,14,12,1,11,31,20,20,10,10,15,42,26,1,Matches
56,Kike Barja,es ESP,"MF,FW",Osasuna,24,1997,9.6,15,11,4,7,4,8,22,14,10,1,9,9,24,4,0,Matches
57,Antonio Barragán,es ESP,DF,Elche,34,1987,11.3,21,14,13,7,1,11,17,6,5,3,2,17,38,34,0,Matches
58,Ander Barrenetxea,es ESP,"FW,MF",Real Sociedad,19,2001,6.1,15,10,9,6,0,8,18,10,7,0,7,2,17,2,0,Matches
59,Marc Bartra,es ESP,DF,Betis,30,1991,22.1,39,14,18,17,4,19,35,16,39,22,17,33,72,105,1,Matches
60,Álvaro Bastida,es ESP,MF,Cádiz,17,2004,2.2,7,4,2,4,1,4,5,1,1,0,1,3,10,1,0,Matches
61,Rodrigo Battaglia,ar ARG,MF,Mallorca,30,1991,13.1,32,16,13,19,0,15,30,15,21,10,11,10,42,36,0,Matches
62,Jon Bautista,es ESP,MF,Real Sociedad,26,1995,0.5,3,0,0,3,0,0,1,1,1,0,1,1,4,1,0,Matches
63,Bebé,cv CPV,FW,Rayo Vallecano,31,1990,9.6,6,5,1,3,2,4,16,12,18,0,18,3,9,6,0,Matches
64,Héctor Bellerín,es ESP,DF,Betis,26,1995,22.0,52,32,29,20,3,31,44,13,11,2,9,23,75,57,1,Matches
65,Fran Beltrán,es ESP,MF,Celta Vigo,22,1999,28.9,56,41,27,23,6,28,68,40,29,5,24,32,88,39,0,Matches
66,Darío Benedetto,ar ARG,"FW,MF",Elche,31,1990,6.6,5,1,2,2,1,3,6,3,4,0,4,1,6,1,0,Matches
67,Iker Benito,es ESP,"FW,MF",Osasuna,18,2002,1.3,2,1,1,0,1,0,1,1,2,0,2,0,2,2,0,Matches
68,Pedro Benito,es ESP,FW,Cádiz,21,2000,0.3,0,0,0,0,0,0,1,1,0,0,0,0,0,0,0,Matches
69,Karim Benzema,fr FRA,FW,Real Madrid,33,1987,28.8,11,9,5,3,3,2,9,7,10,0,10,4,15,13,0,Matches
70,Yuri Berchiche,es ESP,DF,Athletic Club,31,1990,11.3,25,11,10,11,4,7,14,7,19,6,13,13,38,25,0,Matches
71,Álex Berenguer,es ESP,MF,Athletic Club,26,1995,24.1,45,26,23,14,8,11,51,40,40,2,38,16,61,20,0,Matches
72,Pedro Bigas,es ESP,DF,Elche,30,1990,17.2,24,10,16,8,0,9,20,11,21,16,5,18,42,77,1,Matches
73,Antonio Blanco,es ESP,MF,Real Madrid,21,2000,0.3,2,0,1,1,0,0,0,0,1,1,0,1,3,0,0,Matches
74,Yassine Bounou,ma MAR,GK,Sevilla,30,1991,31.0,0,0,0,0,0,0,0,0,0,0,0,0,0,11,1,Matches
75,Lucas Boyé,ar ARG,FW,Elche,25,1996,19.0,27,13,5,15,7,9,24,15,24,1,23,2,29,23,0,Matches
Rk,Player,Nation,Pos,Squad,Age,Born,90s,Tkl,TklW,Def 3rd,Mid 3rd,Att 3rd,Tkl,Att,Lost,Blocks,Sh,Pass,Int,Tkl+Int,Clr,Err,Matches
76,Martin Braithwaite,dk DEN,FW,Barcelona,30,1991,2.6,1,1,0,0,1,0,0,0,2,0,2,1,2,1,0,Matches
77,Darko Brašanac,rs SRB,MF,Osasuna,29,1992,26.7,35,22,19,14,2,14,40,26,25,8,17,25,60,15,0,Matches
78,Claudio Bravo,cl CHI,GK,Betis,38,1983,16.2,0,0,0,0,0,0,0,0,0,0,0,0,0,6,2,Matches
79,Yan Brice Eteki,cm CMR,MF,Granada,23,1997,3.8,6,3,3,2,1,3,7,4,7,3,4,4,10,6,1,Matches
80,Ante Budimir,hr CRO,FW,Osasuna,30,1991,19.3,24,10,3,15,6,6,19,13,22,4,18,3,27,16,0,Matches
81,Sergio Busquets,es ESP,MF,Barcelona,33,1988,35.5,93,49,31,48,14,46,83,37,44,8,36,45,138,31,0,Matches
82,Adrián Butzke,es ESP,FW,Granada,22,1999,0.0,0,0,0,0,0,0,0,0,0,0,0,0,0,0,0,Matches
83,Erick Cabaco,uy URU,DF,Getafe,26,1995,4.5,2,1,1,1,0,2,5,3,5,2,3,4,6,10,0,Matches
84,Leandro Cabrera,uy URU,DF,Espanyol,30,1991,37.0,37,24,27,10,0,21,34,13,32,23,9,44,81,222,2,Matches
85,Martín Cáceres,uy URU,DF,Levante,34,1987,7.4,2,2,2,0,0,1,5,4,2,2,0,11,13,16,1,Matches
86,Cala,es ESP,DF,Cádiz,31,1989,10.5,9,4,9,0,0,8,17,9,12,6,6,12,21,56,0,Matches
87,Calderón,es ESP,DF,Betis,21,2000,0.7,2,0,1,0,1,1,3,2,0,0,0,0,2,2,0,Matches
88,Fernando Calero,es ESP,DF,Espanyol,25,1995,12.1,17,10,12,5,0,8,13,5,7,2,5,16,33,63,1,Matches
89,Víctor Camarasa,es ESP,"MF,FW",Betis,27,1994,1.2,2,1,1,1,0,0,1,1,2,1,1,2,4,2,0,Matches
90,Eduardo Camavinga,fr FRA,MF,Real Madrid,18,2002,13.7,52,35,22,20,10,20,38,18,20,2,18,17,69,14,1,Matches
91,José Campaña,es ESP,MF,Levante,28,1993,15.8,27,16,13,10,4,12,32,20,13,2,11,21,48,19,1,Matches
92,Sergio Canales,es ESP,"FW,MF",Betis,30,1991,31.0,24,14,8,12,4,10,35,25,16,1,15,10,34,12,0,Matches
93,Álex Cantero,es ESP,"FW,MF",Levante,21,2000,6.8,6,4,2,3,1,1,8,7,2,0,2,1,7,0,0,Matches
94,Ander Capa,es ESP,DF,Athletic Club,29,1992,0.0,0,0,0,0,0,0,0,0,0,0,0,0,0,0,0,Matches
95,Étienne Capoue,fr FRA,MF,Villarreal,33,1988,25.4,44,26,18,23,3,15,28,13,17,5,12,35,79,51,0,Matches
96,Isaac Carcelen,es ESP,"DF,MF",Cádiz,28,1993,17.2,43,29,29,12,2,28,56,28,25,6,19,34,77,42,0,Matches
97,Dani Cárdenas,es ESP,GK,Levante,24,1997,24.0,1,1,1,0,0,0,3,3,0,0,0,1,2,19,0,Matches
98,Carlo,es ESP,MF,Villarreal,20,2001,0.1,0,0,0,0,0,0,0,0,0,0,0,0,0,0,0,Matches
99,Diego Carlos,br BRA,DF,Sevilla,28,1993,32.9,35,24,20,13,2,16,24,8,48,33,15,24,59,120,5,Matches
100,Carmona,es ESP,DF,Sevilla,19,2002,0.3,0,0,0,0,0,0,0,0,0,0,0,1,1,0,0,Matches
Rk,Player,Nation,Pos,Squad,Age,Born,90s,Tkl,TklW,Def 3rd,Mid 3rd,Att 3rd,Tkl,Att,Lost,Blocks,Sh,Pass,Int,Tkl+Int,Clr,Err,Matches
101,Yannick Carrasco,be BEL,"FW,MF",Atlético Madrid,27,1993,28.7,34,19,16,12,6,19,44,25,26,5,21,19,53,12,2,Matches
102,Guido Carrillo,ar ARG,FW,Elche,30,1991,13.0,7,4,2,4,1,3,13,10,9,2,7,1,8,27,0,Matches
103,Dani Carvajal,es ESP,DF,Real Madrid,29,1992,17.2,43,28,21,15,7,15,26,11,22,8,14,20,63,38,2,Matches
104,William Carvalho,pt POR,MF,Betis,29,1992,20.1,49,33,20,25,4,15,40,25,18,7,11,16,65,20,0,Matches
105,Casemiro,br BRA,MF,Real Madrid,29,1992,28.5,79,51,45,30,4,30,67,37,65,19,46,38,117,65,3,Matches
106,Kiko Casilla,es ESP,GK,Elche,34,1986,14.0,0,0,0,0,0,0,1,1,0,0,0,1,1,2,2,Matches
107,Catena,es ESP,DF,Rayo Vallecano,26,1994,36.0,39,23,24,15,0,25,42,17,26,19,7,30,69,168,3,Matches
108,Dani Ceballos,es ESP,MF,Real Madrid,24,1996,3.1,7,5,4,3,0,1,5,4,8,2,6,4,11,2,0,Matches
109,Franco Cervi,ar ARG,MF,Celta Vigo,27,1994,20.0,73,41,35,22,16,33,77,44,38,2,36,21,94,19,0,Matches
110,Chapela,es ESP,"MF,FW",Cádiz,22,1999,4.4,4,2,1,0,3,2,4,2,6,1,5,4,8,5,0,Matches
111,Chema,es ESP,MF,Getafe,29,1992,0.5,0,0,0,0,0,0,1,1,0,0,0,0,0,0,0,Matches
112,Denis Cheryshev,ru RUS,"MF,FW",Valencia,30,1990,6.3,14,5,6,1,7,6,15,9,9,1,8,9,23,9,0,Matches
113,Samuel Chukwueze,ng NGA,"MF,FW",Villarreal,22,1999,14.8,13,9,6,5,2,3,6,3,7,0,7,5,18,4,0,Matches
114,Víctor Chust,es ESP,DF,Cádiz,21,2000,20.3,19,10,14,4,1,11,17,6,20,8,12,16,35,87,0,Matches
115,Jasper Cillessen,nl NED,GK,Valencia,32,1989,16.2,0,0,0,0,0,0,1,1,0,0,0,1,1,6,0,Matches
116,Pathé Ciss,sn SEN,MF,Rayo Vallecano,27,1994,12.2,31,15,20,8,3,12,26,14,16,6,10,30,61,27,0,Matches
117,Carlos Clerc,es ESP,DF,Levante,29,1992,16.8,35,17,21,10,4,7,19,12,8,3,5,26,61,32,1,Matches
118,Coke,es ESP,DF,Levante,34,1987,1.3,3,2,1,1,1,3,4,1,1,0,1,2,5,7,0,Matches
119,Álex Collado,es ESP,"MF,FW",Granada,22,1999,11.3,27,12,6,16,5,12,31,19,28,2,26,6,33,11,0,Matches
120,Eray Cömert,ch SUI,DF,Valencia,23,1998,4.5,5,3,4,1,0,3,6,3,3,2,1,2,7,6,0,Matches
121,Santi Comesaña,es ESP,MF,Rayo Vallecano,24,1996,29.8,87,56,45,33,9,40,104,64,46,6,40,33,120,30,0,Matches
122,Diego Conde,es ESP,GK,Getafe,22,1998,0.1,0,0,0,0,0,0,0,0,0,0,0,0,0,0,0,Matches
123,Francis Coquelin,fr FRA,MF,Villarreal,30,1991,9.2,26,17,9,11,6,11,20,9,15,5,10,19,45,11,0,Matches
124,Jesús Corona,mx MEX,"FW,DF",Sevilla,28,1993,12.9,12,7,7,5,0,3,6,3,4,0,4,8,20,6,0,Matches
125,Ángel Correa,ar ARG,"FW,MF",Atlético Madrid,26,1995,20.6,16,8,5,10,1,7,29,22,25,2,23,10,26,4,0,Matches
Rk,Player,Nation,Pos,Squad,Age,Born,90s,Tkl,TklW,Def 3rd,Mid 3rd,Att 3rd,Tkl,Att,Lost,Blocks,Sh,Pass,Int,Tkl+Int,Clr,Err,Matches
126,Thierry Correia,pt POR,DF,Valencia,22,1999,15.7,35,23,26,6,3,14,29,15,20,5,15,19,54,27,0,Matches
127,Hélder Costa,ao ANG,"MF,FW",Valencia,27,1994,12.4,27,16,11,9,7,14,41,27,12,1,11,3,30,9,0,Matches
128,Jaume Costa,es ESP,DF,Mallorca,33,1988,20.3,35,26,23,7,5,23,31,8,22,7,15,23,58,55,0,Matches
129,Thibaut Courtois,be BEL,GK,Real Madrid,29,1992,36.0,1,0,1,0,0,1,2,1,0,0,0,0,1,9,1,Matches
130,Philippe Coutinho,br BRA,"MF,FW",Barcelona,29,1992,5.6,6,3,3,3,0,3,11,8,3,0,3,4,10,3,0,Matches
131,Cristo,es ESP,DF,Real Sociedad,21,2000,0.2,0,0,0,0,0,0,0,0,0,0,0,0,0,0,0,Matches
132,Juan Cruz Armada,es ESP,DF,Osasuna,29,1992,21.5,28,21,15,12,1,8,16,8,15,12,3,16,44,58,1,Matches
133,Marc Cucurella,es ESP,"MF,DF",Getafe,23,1998,0.3,0,0,0,0,0,0,0,0,0,0,0,0,0,0,0,Matches
134,Jorge Cuenca,es ESP,DF,Getafe,21,1999,29.8,46,32,30,15,1,21,28,7,29,14,15,39,85,155,0,Matches
135,Matheus Cunha,br BRA,FW,Atlético Madrid,22,1999,11.8,19,12,3,11,5,5,20,15,18,2,16,6,25,9,0,Matches
136,Arnaut Danjuma,nl NED,FW,Villarreal,24,1997,16.4,7,6,3,0,4,2,4,2,5,0,5,2,9,3,0,Matches
137,Sergi Darder,es ESP,MF,Espanyol,27,1993,34.7,45,22,16,19,10,18,54,36,16,1,15,26,71,32,1,Matches
138,Rodrigo De Paul,ar ARG,MF,Atlético Madrid,27,1994,23.9,55,30,22,25,8,30,60,30,24,3,21,21,76,17,2,Matches
139,Thomas Delaney,dk DEN,MF,Sevilla,29,1991,17.2,41,24,17,21,3,16,30,14,19,10,9,13,54,35,0,Matches
140,Ousmane Dembélé,fr FRA,FW,Barcelona,24,1997,15.7,24,16,6,10,8,7,23,16,8,0,8,8,32,3,0,Matches
141,Yusuf Demir,at AUT,FW,Barcelona,18,2003,2.1,3,1,1,1,1,2,5,3,1,0,1,2,5,1,0,Matches
142,Sergiño Dest,us USA,"DF,FW",Barcelona,20,2000,16.8,32,15,21,10,1,13,18,5,22,4,18,2,34,18,0,Matches
143,Boulaye Dia,sn SEN,FW,Villarreal,24,1996,14.1,8,6,3,4,1,2,5,3,6,1,5,5,13,4,0,Matches
144,Mouctar Diakhaby,gn GUI,DF,Valencia,24,1996,21.6,35,24,18,15,2,13,23,10,29,17,12,30,65,87,3,Matches
145,Javier Díaz,es ESP,GK,Sevilla,24,1997,1.0,0,0,0,0,0,0,0,0,0,0,0,0,0,0,0,Matches
146,Víctor Díaz,es ESP,DF,Granada,33,1988,16.7,23,15,14,9,0,12,25,13,19,11,8,17,40,71,1,Matches
147,Landry Dimata,be BEL,"FW,MF",Espanyol,23,1997,6.0,2,2,1,1,0,1,4,3,0,0,0,1,3,7,0,Matches
148,Stole Dimitrievski,mk MKD,GK,Rayo Vallecano,27,1993,30.8,0,0,0,0,0,0,0,0,0,0,0,1,1,14,3,Matches
149,Matías Dituro,ar ARG,GK,Celta Vigo,34,1987,38.0,0,0,0,0,0,0,0,0,0,0,0,0,0,10,5,Matches
150,Djené,tg TOG,DF,Getafe,29,1991,34.6,44,26,24,16,4,23,34,11,24,5,19,59,103,109,2,Matches
Rk,Player,Nation,Pos,Squad,Age,Born,90s,Tkl,TklW,Def 3rd,Mid 3rd,Att 3rd,Tkl,Att,Lost,Blocks,Sh,Pass,Int,Tkl+Int,Clr,Err,Matches
151,Naïs Djouahra,fr FRA,"FW,MF",Real Sociedad,21,1999,2.4,7,3,2,2,3,4,8,4,3,0,3,2,9,2,0,Matches
152,Marko Dmitrović,rs SRB,GK,Sevilla,29,1992,6.0,0,0,0,0,0,0,0,0,0,0,0,0,0,3,1,Matches
153,Jaume Doménech,es ESP,GK,Valencia,30,1990,3.8,0,0,0,0,0,0,0,0,0,0,0,0,0,3,1,Matches
154,Carlos Dominguez,es ESP,DF,Celta Vigo,20,2001,3.8,4,1,4,0,0,4,6,2,2,1,1,4,8,21,0,Matches
155,Mario Dominguez,es ESP,FW,Valencia,17,2004,0.3,0,0,0,0,0,0,0,0,0,0,0,0,0,1,0,Matches
156,John Donald,es ESP,DF,Elche,20,2000,2.0,7,4,4,2,1,5,8,3,5,3,2,3,10,3,0,Matches
157,Domingos Duarte,pt POR,DF,Granada,26,1995,18.7,18,14,9,9,0,6,11,5,27,20,7,22,40,82,0,Matches
158,Óscar Duarte,cr CRC,DF,Levante,32,1989,19.7,18,8,12,6,0,8,23,15,18,9,9,24,42,102,0,Matches
159,Rubén Duarte,es ESP,DF,Alavés,25,1995,29.1,76,47,43,27,6,43,85,42,40,6,34,57,133,82,0,Matches
160,Unai Dufur,es ESP,DF,Osasuna,22,1999,1.0,0,0,0,0,0,0,0,0,1,0,1,4,4,4,0,Matches
161,Hugo Duro,es ESP,"DF,MF",Getafe,21,1999,0.1,0,0,0,0,0,0,0,0,0,0,0,0,0,0,0,Matches
162,Hugo Duro,es ESP,"FW,MF",Valencia,21,1999,20.4,25,19,11,13,1,15,38,23,24,2,22,4,29,20,1,Matches
163,Aritz Elustondo,es ESP,DF,Real Sociedad,27,1994,23.4,21,14,16,5,0,10,20,10,19,13,6,29,50,86,0,Matches
164,Adri Embarba,es ESP,"FW,MF",Espanyol,29,1992,22.1,44,29,22,15,7,26,69,43,35,3,32,19,63,30,0,Matches
165,Emerson,br BRA,DF,Barcelona,22,1999,1.0,3,3,2,1,0,1,2,1,1,0,1,2,5,1,0,Matches
166,Youssef En-Nesyri,ma MAR,FW,Sevilla,24,1997,14.2,10,5,5,2,3,4,11,7,9,1,8,4,14,18,0,Matches
167,Gonzalo Escalante,ar ARG,MF,Alavés,28,1993,14.4,30,14,9,20,1,13,34,21,27,2,25,21,51,28,0,Matches
168,Aarón Escandell,es ESP,GK,Granada,25,1995,3.2,0,0,0,0,0,0,1,1,0,0,0,0,0,4,0,Matches
169,Sergio Escudero,es ESP,"DF,MF",Granada,31,1989,15.9,46,24,25,17,4,26,54,28,18,3,15,26,72,35,0,Matches
170,Alfonso Espino,uy URU,DF,Cádiz,29,1992,37.0,107,63,58,39,10,44,112,68,45,10,35,54,161,87,1,Matches
171,Estanis,es ESP,FW,Barcelona,17,2003,0.1,1,1,0,1,0,1,1,0,0,0,0,0,1,0,0,Matches
172,Pervis Estupiñán,ec ECU,DF,Villarreal,23,1998,17.5,36,22,20,11,5,17,24,7,13,5,8,25,61,29,2,Matches
173,Abde Ezzalzouli,ma MAR,FW,Barcelona,19,2001,6.4,17,9,9,5,3,5,8,3,3,0,3,9,26,0,0,Matches
174,Radamel Falcao,co COL,FW,Rayo Vallecano,35,1986,9.3,2,1,0,1,1,1,4,3,4,1,3,2,4,11,0,Matches
175,Fali,es ESP,"DF,MF",Cádiz,27,1993,20.0,32,19,24,8,0,17,32,15,26,16,10,24,56,82,0,Matches
Rk,Player,Nation,Pos,Squad,Age,Born,90s,Tkl,TklW,Def 3rd,Mid 3rd,Att 3rd,Tkl,Att,Lost,Blocks,Sh,Pass,Int,Tkl+Int,Clr,Err,Matches
176,Omar Faraj,ps PLE,FW,Levante,19,2002,0.0,1,0,1,0,0,1,1,0,0,0,0,0,1,0,0,Matches
177,Ansu Fati,es ESP,FW,Barcelona,18,2002,3.7,3,2,0,2,1,1,1,0,4,0,4,1,4,0,0,Matches
178,Aleix Febas,es ESP,MF,Mallorca,25,1996,1.3,4,1,0,4,0,2,4,2,0,0,0,0,4,0,0,Matches
179,Nabil Fekir,fr FRA,MF,Betis,28,1993,31.0,43,29,5,25,13,7,36,29,14,0,14,7,50,7,0,Matches
180,Felipe,br BRA,DF,Atlético Madrid,32,1989,16.7,20,15,11,8,1,8,18,10,17,11,6,28,48,77,0,Matches
181,João Félix,pt POR,"FW,MF",Atlético Madrid,21,1999,14.0,5,2,1,4,0,1,5,4,4,1,3,7,12,8,0,Matches
182,Aitor Fernández,es ESP,GK,Levante,30,1991,13.0,2,1,2,0,0,2,2,0,0,0,0,0,2,7,0,Matches
183,Álex Fernández,es ESP,MF,Cádiz,28,1992,22.8,47,31,22,17,8,21,61,40,30,7,23,30,77,31,0,Matches
184,Fernando,br BRA,"MF,DF",Sevilla,34,1987,20.6,24,17,14,9,1,12,33,21,21,13,8,29,53,32,2,Matches
185,Fidel,es ESP,MF,Elche,31,1989,25.1,44,23,18,17,9,14,57,43,9,1,8,7,51,20,0,Matches
186,José Fontán,es ESP,DF,Celta Vigo,21,2000,3.1,5,3,3,2,0,1,5,4,3,1,2,10,15,10,0,Matches
187,Dimitri Foulquier,fr FRA,DF,Granada,28,1993,2.0,0,0,0,0,0,0,1,1,2,1,1,1,1,2,0,Matches
188,Dimitri Foulquier,fr FRA,DF,Valencia,28,1993,26.0,36,17,17,15,4,21,34,13,19,3,16,29,65,49,0,Matches
189,Juan Foyth,ar ARG,DF,Villarreal,23,1998,21.4,69,49,35,28,6,35,47,12,29,7,22,20,89,50,0,Matches
190,Enric Franquesa,es ESP,"DF,FW",Levante,24,1997,6.9,5,3,4,0,1,0,1,1,4,0,4,7,12,11,0,Matches
191,Jorge de Frutos,es ESP,"MF,FW",Levante,24,1997,19.6,33,15,14,11,8,10,51,41,11,1,10,12,45,13,0,Matches
192,Javi Galán,es ESP,DF,Celta Vigo,26,1994,36.6,108,66,60,37,11,42,99,57,48,8,40,45,153,52,0,Matches
193,Iñigo Ruiz de Galarreta,es ESP,MF,Mallorca,27,1993,15.3,40,21,14,21,5,14,30,16,16,2,14,20,60,21,0,Matches
194,Thiago Galhardo,br BRA,"FW,MF",Celta Vigo,32,1989,12.8,12,6,3,3,6,2,12,10,15,2,13,6,18,9,0,Matches
195,Álvaro García,es ESP,"FW,MF",Rayo Vallecano,28,1992,33.3,42,23,15,18,9,8,35,27,27,3,24,42,84,24,0,Matches
196,Dani García,es ESP,MF,Athletic Club,31,1990,24.2,36,22,15,17,4,14,47,33,27,10,17,24,60,41,1,Matches
197,David García,es ESP,DF,Osasuna,27,1994,34.5,28,14,15,11,2,12,22,10,27,21,6,52,80,168,0,Matches
198,Eric García,es ESP,DF,Barcelona,20,2001,22.7,27,18,13,13,1,11,26,15,22,12,10,44,71,53,3,Matches
199,Fran Garcia,es ESP,DF,Rayo Vallecano,21,1999,33.6,60,35,44,12,4,39,73,34,34,8,26,45,105,53,0,Matches
200,Joan García,es ESP,GK,Espanyol,20,2001,1.2,0,0,0,0,0,0,0,0,0,0,0,1,1,1,2,Matches
Rk,Player,Nation,Pos,Squad,Age,Born,90s,Tkl,TklW,Def 3rd,Mid 3rd,Att 3rd,Tkl,Att,Lost,Blocks,Sh,Pass,Int,Tkl+Int,Clr,Err,Matches
201,Manu García,es ESP,MF,Alavés,23,1998,12.0,18,9,6,9,3,9,27,18,8,2,6,13,31,4,0,Matches
202,Raúl García,es ESP,FW,Athletic Club,35,1986,20.0,27,17,6,11,10,8,36,28,30,4,26,9,36,21,0,Matches
203,Rubén García,es ESP,"MF,FW",Osasuna,28,1993,26.4,43,26,12,23,8,16,49,33,31,4,27,24,67,16,0,Matches
204,Saúl García,es ESP,MF,Alavés,26,1994,0.0,1,1,1,0,0,0,0,0,0,0,0,0,1,0,0,Matches
205,Unai García,es ESP,DF,Osasuna,29,1992,15.6,21,12,14,6,1,14,17,3,19,11,8,22,43,78,0,Matches
206,Mario Gaspar,es ESP,DF,Villarreal,30,1990,6.9,10,4,2,5,3,6,10,4,6,3,3,6,16,15,0,Matches
207,Gavi,es ESP,"MF,FW",Barcelona,16,2004,25.7,38,18,13,18,7,9,33,24,36,0,36,25,63,13,0,Matches
208,Bryan Gil,es ESP,"MF,FW",Valencia,20,2001,8.4,13,8,6,3,4,2,13,11,13,0,13,1,14,4,0,Matches
209,Óscar Gil,es ESP,DF,Espanyol,24,1997,18.8,52,35,27,20,5,25,46,21,33,9,24,19,71,33,2,Matches
210,Mario Gila,es ESP,DF,Real Madrid,20,2000,0.3,1,0,1,0,0,0,1,1,0,0,0,1,2,1,0,Matches
211,Dani Gómez,es ESP,FW,Levante,23,1998,11.8,7,4,3,2,2,4,12,8,3,0,3,3,10,5,0,Matches
212,Maxi Gómez,uy URU,FW,Valencia,24,1996,21.7,5,3,1,2,2,5,8,3,5,1,4,3,8,22,0,Matches
213,Moi Gómez,es ESP,"MF,FW",Villarreal,27,1994,14.3,15,7,8,3,4,5,17,12,5,0,5,6,21,6,0,Matches
214,Papu Gómez,ar ARG,"FW,MF",Sevilla,33,1988,19.8,19,11,9,5,5,9,35,26,15,2,13,7,26,12,2,Matches
215,Sergi Gómez,es ESP,DF,Espanyol,29,1992,30.2,33,24,29,3,1,18,27,9,33,23,10,40,73,125,2,Matches
216,Victor Gomez,es ESP,DF,Espanyol,21,2000,0.0,0,0,0,0,0,0,0,0,0,0,0,0,0,0,0,Matches
217,Maxime Gonalons,fr FRA,MF,Granada,32,1989,17.2,43,28,17,22,4,14,39,25,33,10,23,18,61,29,0,Matches
218,Diego González,es ESP,DF,Elche,26,1995,19.9,25,16,18,7,0,9,16,7,21,13,8,19,44,87,0,Matches
219,Édgar González,es ESP,DF,Betis,24,1997,16.3,25,19,15,8,2,17,24,7,17,11,6,23,48,82,0,Matches
220,Giovanni González,uy URU,DF,Mallorca,26,1994,4.1,9,3,4,4,1,3,5,2,7,2,5,4,13,14,0,Matches
221,Nicolás González,es ESP,MF,Barcelona,19,2002,12.4,31,20,5,23,3,11,27,16,12,0,12,6,37,12,0,Matches
222,Peter González,do DOM,"MF,DF",Real Madrid,19,2002,0.3,0,0,0,0,0,0,0,0,0,0,0,1,1,0,0,Matches
223,Roberto González,es ESP,"FW,MF",Betis,20,2001,1.5,5,4,3,2,0,4,6,2,5,0,5,1,6,1,0,Matches
224,Gori,es ESP,MF,Espanyol,19,2002,0.1,0,0,0,0,0,0,0,0,2,0,2,0,0,0,0,Matches
225,Andoni Gorosabel,es ESP,DF,Real Sociedad,24,1996,25.4,47,31,32,9,6,25,47,22,16,3,13,18,65,49,0,Matches
Rk,Player,Nation,Pos,Squad,Age,Born,90s,Tkl,TklW,Def 3rd,Mid 3rd,Att 3rd,Tkl,Att,Lost,Blocks,Sh,Pass,Int,Tkl+Int,Clr,Err,Matches
226,Jaume Grau,es ESP,MF,Osasuna,24,1997,0.0,1,1,1,0,0,0,1,1,0,0,0,0,1,0,0,Matches
227,Dominik Greif,sk SVK,GK,Mallorca,24,1997,1.0,0,0,0,0,0,0,0,0,0,0,0,0,0,0,0,Matches
228,Clément Grenier,fr FRA,MF,Mallorca,30,1991,0.7,0,0,0,0,0,0,0,0,1,1,0,0,0,1,0,Matches
229,Antoine Griezmann,fr FRA,FW,Barcelona,30,1991,2.9,13,5,3,10,0,2,6,4,4,0,4,3,16,5,0,Matches
230,Antoine Griezmann,fr FRA,"FW,MF",Atlético Madrid,30,1991,18.8,30,14,11,15,4,12,32,20,18,1,17,7,37,18,0,Matches
231,Andrés Guardado,mx MEX,MF,Betis,34,1986,15.5,30,13,12,17,1,13,34,21,18,4,14,21,51,29,1,Matches
232,Sergi Guardiola,es ESP,FW,Rayo Vallecano,30,1991,19.0,10,9,3,5,2,1,21,20,14,2,12,4,14,17,0,Matches
233,Nemanja Gudelj,rs SRB,"DF,MF",Sevilla,29,1991,11.6,16,7,10,4,2,5,8,3,14,9,5,22,38,37,0,Matches
234,Gonçalo Guedes,pt POR,"FW,MF",Valencia,24,1996,29.0,21,14,6,7,8,2,22,20,14,0,14,9,30,1,0,Matches
235,Ander Guevara,es ESP,MF,Real Sociedad,24,1997,9.6,18,13,6,10,2,10,17,7,12,6,6,12,30,8,0,Matches
236,John Guidetti,se SWE,"FW,MF",Alavés,29,1992,3.1,2,1,0,0,2,0,1,1,1,0,1,0,2,0,0,Matches
237,Hugo Guillamón,es ESP,"MF,DF",Valencia,21,2000,26.2,43,27,20,16,7,18,44,26,26,10,16,30,73,53,1,Matches
238,Gerard Gumbau,es ESP,MF,Elche,26,1994,21.0,46,19,22,19,5,22,51,29,18,4,14,23,69,25,0,Matches
239,Jon Guridi,es ESP,MF,Real Sociedad,26,1995,2.3,5,3,2,3,0,1,4,3,3,1,2,3,8,4,0,Matches
240,Raúl Guti,es ESP,MF,Elche,24,1996,18.1,25,15,7,14,4,10,30,20,9,3,6,25,50,7,0,Matches
241,Marcos Mauro López Gutiérrez,ar ARG,DF,Cádiz,30,1991,1.5,1,0,0,1,0,0,2,2,2,1,1,1,2,9,0,Matches
242,Miguel Gutiérrez,es ESP,DF,Real Madrid,20,2001,2.9,7,5,5,0,2,3,5,2,0,0,0,2,9,2,0,Matches
243,Munir El Haddadi,ma MAR,"FW,MF",Sevilla,25,1995,5.3,8,4,1,6,1,2,8,6,7,1,6,5,13,2,0,Matches
244,Varazdat Haroyan,am ARM,DF,Cádiz,28,1992,16.0,31,21,20,10,1,19,29,10,22,12,10,15,46,62,0,Matches
245,Eden Hazard,be BEL,"FW,MF",Real Madrid,30,1991,8.0,6,3,3,2,1,3,7,4,3,0,3,2,8,0,0,Matches
246,Kike Hermoso,es ESP,DF,Betis,21,1999,1.0,2,1,2,0,0,2,2,0,2,1,1,0,2,5,1,Matches
247,Mario Hermoso,es ESP,DF,Atlético Madrid,26,1995,20.7,30,15,23,4,3,20,38,18,18,3,15,29,59,49,2,Matches
248,Aridane Hernández,es ESP,DF,Osasuna,32,1989,12.9,12,9,10,2,0,3,13,10,11,9,2,20,32,71,0,Matches
249,Luis Hernández,es ESP,DF,Cádiz,32,1989,15.2,9,5,9,0,0,5,8,3,5,3,2,16,25,34,0,Matches
250,Mario Hernández,es ESP,"DF,FW",Rayo Vallecano,22,1999,4.4,10,4,7,3,0,5,9,4,1,0,1,4,14,7,0,Matches
Rk,Player,Nation,Pos,Squad,Age,Born,90s,Tkl,TklW,Def 3rd,Mid 3rd,Att 3rd,Tkl,Att,Lost,Blocks,Sh,Pass,Int,Tkl+Int,Clr,Err,Matches
251,Héctor Herrera,mx MEX,MF,Atlético Madrid,31,1990,9.5,16,8,11,4,1,7,20,13,13,2,11,12,28,16,0,Matches
252,Sergio Herrera,es ESP,GK,Osasuna,28,1993,36.0,3,2,3,0,0,3,6,3,1,0,1,1,4,18,0,Matches
253,Yangel Herrera,ve VEN,MF,Espanyol,23,1998,18.3,41,31,19,19,3,18,39,21,27,5,22,19,60,33,1,Matches
254,Matthew Hoppe,us USA,"FW,MF",Mallorca,20,2001,1.5,1,0,0,0,1,0,3,3,0,0,0,0,1,0,0,Matches
255,Robert Ibáñez,es ESP,"MF,FW",Osasuna,28,1993,1.0,3,3,2,0,1,1,2,1,1,0,1,1,4,1,0,Matches
256,Vicente Iborra,es ESP,MF,Villarreal,33,1988,11.5,19,10,9,7,3,12,24,12,11,5,6,11,30,27,1,Matches
257,Oussama Idrissi,ma MAR,"MF,FW",Sevilla,25,1996,1.4,1,0,0,1,0,0,1,1,1,0,1,1,2,1,0,Matches
258,Oussama Idrissi,ma MAR,MF,Cádiz,25,1996,10.0,8,4,3,4,1,4,15,11,8,0,8,3,11,5,0,Matches
259,Iglesias,es ESP,DF,Getafe,23,1998,8.0,19,10,11,8,0,7,17,10,8,2,6,10,29,28,0,Matches
260,Borja Iglesias,es ESP,FW,Betis,28,1993,17.5,6,4,1,2,3,0,8,8,11,1,10,4,10,7,0,Matches
261,Asier Illarramendi,es ESP,MF,Real Sociedad,31,1990,4.2,9,5,5,3,1,1,10,9,5,1,4,4,13,12,0,Matches
262,Nikita Iosifov,ru RUS,MF,Villarreal,20,2001,0.0,0,0,0,0,0,0,0,0,0,0,0,0,0,0,0,Matches
263,Alexander Isak,se SWE,FW,Real Sociedad,21,1999,23.8,7,4,1,3,3,2,12,10,14,2,12,3,10,10,0,Matches
264,Isco,es ESP,"MF,FW",Real Madrid,29,1992,3.7,9,5,4,4,1,5,12,7,1,0,1,2,11,1,0,Matches
265,Nicolas Jackson,sn SEN,"FW,MF",Villarreal,20,2001,1.8,2,0,1,0,1,0,0,0,0,0,0,1,3,1,0,Matches
266,Jakub Jankto,cz CZE,"DF,MF",Getafe,25,1996,6.5,11,7,5,5,1,10,17,7,4,0,4,4,15,7,0,Matches
267,Adnan Januzaj,be BEL,"FW,MF",Real Sociedad,26,1995,18.1,17,11,5,8,4,9,24,15,15,3,12,12,29,15,0,Matches
268,Jason,es ESP,"MF,FW",Alavés,27,1994,7.5,11,7,6,4,1,7,20,13,7,0,7,7,18,5,0,Matches
269,Jason,es ESP,"MF,DF",Valencia,27,1994,0.8,4,1,2,1,1,0,1,1,2,0,2,1,5,1,0,Matches
270,Luis Javier Suárez,co COL,FW,Granada,23,1997,31.6,26,14,9,9,8,8,27,19,25,3,22,6,32,23,0,Matches
271,Álvaro Jiménez,es ESP,"MF,FW",Cádiz,26,1995,2.6,6,3,3,2,1,4,7,3,3,0,3,3,9,0,0,Matches
272,Joaquín,es ESP,"FW,MF",Betis,40,1981,5.2,6,2,4,2,0,3,8,5,5,2,3,3,9,10,0,Matches
273,Jofre,es ESP,"MF,DF",Espanyol,20,2001,0.2,1,1,0,0,1,1,1,0,0,0,0,0,1,0,0,Matches
274,Frenkie de Jong,nl NED,MF,Barcelona,24,1997,27.5,35,19,12,18,5,12,23,11,19,5,14,20,55,16,0,Matches
275,Luuk de Jong,nl NED,FW,Barcelona,30,1990,7.3,9,7,1,5,3,1,2,1,4,0,4,0,9,12,0,Matches
Rk,Player,Nation,Pos,Squad,Age,Born,90s,Tkl,TklW,Def 3rd,Mid 3rd,Att 3rd,Tkl,Att,Lost,Blocks,Sh,Pass,Int,Tkl+Int,Clr,Err,Matches
276,Joan Jordán,es ESP,MF,Sevilla,27,1994,27.9,61,30,22,31,8,28,65,37,27,6,21,30,91,18,1,Matches
277,Josan,es ESP,"DF,MF",Elche,31,1989,13.5,36,22,23,9,4,26,44,18,11,4,7,10,46,21,0,Matches
278,Willian José,br BRA,FW,Betis,29,1991,17.8,15,13,2,10,3,2,8,6,10,2,8,3,18,16,0,Matches
279,Joselu,es ESP,FW,Alavés,31,1990,34.7,16,11,1,9,6,7,25,18,21,4,17,7,23,45,0,Matches
280,Josema,es ESP,DF,Elche,25,1996,2.0,3,2,1,1,1,0,2,2,1,1,0,0,3,11,0,Matches
281,Luka Jović,rs SRB,FW,Real Madrid,23,1997,4.1,1,1,0,1,0,0,1,1,3,0,3,1,2,4,0,Matches
282,Miguel Juan Llambrich,es ESP,DF,Espanyol,25,1996,0.8,2,2,1,1,0,0,0,0,1,0,1,0,2,5,0,Matches
283,José Juan Macías,mx MEX,"FW,MF",Getafe,21,1999,2.2,1,0,0,0,1,0,1,1,1,0,1,1,2,0,0,Matches
284,Juanmi,es ESP,FW,Betis,28,1993,23.7,39,25,11,19,9,19,49,30,24,1,23,9,48,10,1,Matches
285,Lago Junior,ci CIV,"FW,MF",Mallorca,30,1990,2.0,3,2,3,0,0,3,5,2,0,0,0,2,5,2,0,Matches
286,Vinicius Júnior,br BRA,FW,Real Madrid,21,2000,29.9,46,24,23,19,4,15,50,35,25,0,25,6,52,6,0,Matches
287,Ferran Jutglà,es ESP,FW,Barcelona,22,1999,3.3,2,1,0,1,1,0,1,1,2,0,2,1,3,1,0,Matches
288,Jens Jønsson,dk DEN,MF,Cádiz,28,1993,14.5,40,29,22,17,1,17,35,18,17,7,10,34,74,32,0,Matches
289,Lee Kang-in,kr KOR,"MF,FW",Mallorca,20,2001,15.7,13,6,2,9,2,5,29,24,11,1,10,5,18,7,0,Matches
290,Kiké,es ESP,FW,Osasuna,31,1989,20.7,11,7,3,4,4,3,23,20,10,1,9,3,14,12,0,Matches
291,Koba Koindredi,fr FRA,MF,Valencia,19,2001,2.0,4,3,2,1,1,2,6,4,3,0,3,4,8,5,0,Matches
292,Koke,es ESP,MF,Atlético Madrid,29,1992,27.9,55,30,19,29,7,26,63,37,21,5,16,24,79,31,1,Matches
293,Luca Koleosho,it ITA,FW,Espanyol,16,2004,0.0,0,0,0,0,0,0,0,0,0,0,0,0,0,0,0,Matches
294,Geoffrey Kondogbia,cf CTA,"MF,DF",Atlético Madrid,28,1993,20.9,74,44,25,40,9,21,49,28,16,5,11,44,118,24,0,Matches
295,Jules Koundé,fr FRA,DF,Sevilla,22,1998,30.4,40,17,27,10,3,18,28,10,33,18,15,21,61,101,2,Matches
296,Toni Kroos,de GER,MF,Real Madrid,31,1990,23.4,34,26,13,17,4,14,36,22,16,3,13,12,46,13,1,Matches
297,Takefusa Kubo,jp JPN,"FW,MF",Mallorca,20,2001,17.8,31,19,12,14,5,10,24,14,24,3,21,8,39,4,0,Matches
298,Víctor Laguardia,es ESP,DF,Alavés,31,1989,33.8,29,16,21,8,0,19,30,11,36,24,12,27,56,151,1,Matches
299,Diego Lainez,mx MEX,FW,Betis,21,2000,1.6,1,1,0,1,0,0,3,3,3,0,3,1,2,0,0,Matches
300,Érik Lamela,ar ARG,"FW,MF",Sevilla,29,1992,11.3,31,18,12,14,5,10,29,19,11,0,11,5,36,3,0,Matches
Rk,Player,Nation,Pos,Squad,Age,Born,90s,Tkl,TklW,Def 3rd,Mid 3rd,Att 3rd,Tkl,Att,Lost,Blocks,Sh,Pass,Int,Tkl+Int,Clr,Err,Matches
301,Juanmi Latasa,es ESP,FW,Real Madrid,20,2001,0.1,0,0,0,0,0,0,0,0,0,0,0,0,0,0,0,Matches
302,Toni Lato,es ESP,DF,Valencia,23,1997,6.6,17,12,12,3,2,9,16,7,6,0,6,8,25,14,0,Matches
303,Robin Le Normand,es ESP,DF,Real Sociedad,24,1996,37.0,49,32,36,8,5,28,36,8,34,22,12,48,97,125,0,Matches
304,Jeremías Ledesma,ar ARG,GK,Cádiz,28,1993,38.0,3,1,3,0,0,3,4,1,0,0,0,1,4,21,4,Matches
305,Wu Lei,cn CHN,"FW,MF",Espanyol,29,1991,5.3,3,2,1,2,0,3,8,5,4,0,4,4,7,3,0,Matches
306,Florian Lejeune,fr FRA,DF,Alavés,30,1991,30.0,33,24,22,10,1,12,20,8,30,19,11,31,64,158,0,Matches
307,Iñigo Lekue,es ESP,DF,Athletic Club,28,1993,21.4,32,23,16,12,4,22,44,22,37,12,25,23,55,63,0,Matches
308,Thomas Lemar,fr FRA,MF,Atlético Madrid,25,1995,16.0,24,14,9,12,3,8,23,15,18,0,18,8,32,11,0,Matches
309,Ruben Lendinez,es ESP,DF,Valencia,18,2003,1.5,3,3,1,2,0,3,8,5,4,0,4,2,5,6,0,Matches
310,Clément Lenglet,fr FRA,DF,Barcelona,26,1995,9.2,20,11,11,7,2,8,13,5,7,3,4,13,33,21,0,Matches
311,Javier Llabrés,es ESP,"FW,MF",Mallorca,18,2002,1.5,2,1,0,1,1,1,2,1,1,0,1,0,2,0,0,Matches
312,Marcos Llorente,es ESP,"MF,DF",Atlético Madrid,26,1995,27.2,51,23,25,22,4,28,43,15,33,10,23,27,78,44,0,Matches
313,Giovani Lo Celso,ar ARG,"FW,MF",Villarreal,25,1996,11.0,22,12,8,10,4,9,22,13,4,0,4,5,27,3,0,Matches
314,Julen Lobete,es ESP,"FW,MF",Real Sociedad,20,2000,3.2,4,3,3,0,1,1,2,1,6,1,5,1,5,1,0,Matches
315,Renan Lodi,br BRA,DF,Atlético Madrid,23,1998,13.1,31,18,14,13,4,11,27,16,22,4,18,13,44,19,1,Matches
316,David López,es ESP,"MF,DF",Espanyol,31,1989,8.3,18,13,9,8,1,9,16,7,10,8,2,10,28,25,2,Matches
317,Diego López,es ESP,GK,Espanyol,39,1981,35.3,0,0,0,0,0,0,2,2,0,0,0,1,1,21,1,Matches
318,Javi López,es ESP,DF,Alavés,19,2002,5.1,8,6,6,2,0,4,6,2,7,1,6,4,12,15,0,Matches
319,Unai López,es ESP,MF,Rayo Vallecano,25,1995,12.9,19,9,6,10,3,10,33,23,7,0,7,10,29,8,1,Matches
320,Mamadou Loum,sn SEN,MF,Alavés,24,1996,25.7,49,22,26,22,1,17,45,28,30,11,19,37,86,68,1,Matches
321,Anthony Lozano,hn HON,"FW,MF",Cádiz,28,1993,18.6,8,4,2,3,3,5,18,13,16,2,14,2,10,7,0,Matches
322,Florentino Luís,pt POR,MF,Getafe,21,1999,11.0,42,25,22,17,3,17,35,18,21,2,19,21,63,11,1,Matches
323,José Luis Gayà,es ESP,DF,Valencia,26,1995,20.8,35,21,24,10,1,16,34,18,17,3,14,19,54,37,0,Matches
324,José Luis Morales,es ESP,"FW,MF",Levante,34,1987,30.2,27,17,6,9,12,12,42,30,29,0,29,4,31,7,0,Matches
325,Luismi,es ESP,"FW,MF",Sevilla,20,2001,0.1,0,0,0,0,0,0,0,0,0,0,0,0,0,0,0,Matches
Rk,Player,Nation,Pos,Squad,Age,Born,90s,Tkl,TklW,Def 3rd,Mid 3rd,Att 3rd,Tkl,Att,Lost,Blocks,Sh,Pass,Int,Tkl+Int,Clr,Err,Matches
326,Andriy Lunin,ua UKR,GK,Real Madrid,22,1999,2.0,0,0,0,0,0,0,0,0,0,0,0,0,0,2,0,Matches
327,Darwin Machís,ve VEN,"MF,FW",Granada,28,1993,15.3,23,13,11,8,4,9,23,14,10,0,10,15,38,17,0,Matches
328,Pablo Maffeo,es ESP,DF,Mallorca,24,1997,32.7,84,47,48,28,8,38,69,31,30,13,17,46,130,74,0,Matches
329,Nemanja Maksimović,rs SRB,MF,Getafe,26,1995,32.6,56,32,24,26,6,18,49,31,42,13,29,71,127,41,0,Matches
330,Hugo Mallo,es ESP,DF,Celta Vigo,30,1991,20.3,45,25,24,19,2,16,31,15,23,9,14,20,65,53,0,Matches
331,Mickael Malsa,mq MTQ,MF,Levante,25,1995,12.7,37,17,16,18,3,15,42,27,20,8,12,18,55,15,0,Matches
332,Giorgi Mamardashvili,ge GEO,GK,Valencia,20,2000,18.0,0,0,0,0,0,0,0,0,0,0,0,0,0,6,1,Matches
333,Reinildo Mandava,mz MOZ,DF,Atlético Madrid,27,1994,14.4,45,25,30,14,1,22,30,8,18,9,9,21,66,38,0,Matches
334,Aïssa Mandi,dz ALG,DF,Villarreal,29,1991,15.3,11,5,2,8,1,3,6,3,17,14,3,13,24,49,3,Matches
335,Nikola Maraš,rs SRB,DF,Rayo Vallecano,25,1995,11.6,13,9,12,1,0,9,15,6,17,13,4,15,28,51,0,Matches
336,Marcelo,br BRA,DF,Real Madrid,33,1988,5.8,8,4,2,3,3,5,10,5,7,2,5,1,9,11,0,Matches
337,Iván Marcone,ar ARG,MF,Elche,31,1990,9.0,24,14,17,6,1,12,24,12,8,3,5,12,36,13,0,Matches
338,Óscar de Marcos,es ESP,DF,Athletic Club,32,1989,18.7,50,37,24,19,7,28,43,15,20,3,17,19,69,27,0,Matches
339,José Mari,es ESP,MF,Cádiz,33,1987,4.3,14,7,3,10,1,7,8,1,4,1,3,7,21,2,0,Matches
340,José María Giménez,uy URU,DF,Atlético Madrid,26,1995,22.7,18,12,12,6,0,8,16,8,25,19,6,25,43,96,1,Matches
341,Mariano,do DOM,FW,Real Madrid,27,1993,3.8,2,0,2,0,0,0,0,0,2,0,2,1,3,3,0,Matches
342,Mika Mármol,es ESP,DF,Barcelona,20,2001,0.0,0,0,0,0,0,0,0,0,0,0,0,0,0,0,0,Matches
343,Roger Martí,es ESP,FW,Levante,30,1991,23.5,23,14,3,13,7,8,30,22,14,0,14,2,25,8,0,Matches
344,Anthony Martial,fr FRA,"FW,MF",Sevilla,25,1995,5.4,2,1,0,0,2,2,6,4,4,0,4,0,2,3,0,Matches
345,Martín,es ESP,MF,Cádiz,22,1999,1.3,2,2,0,2,0,0,0,0,1,0,1,1,3,3,0,Matches
346,Ander Martin,es ESP,"FW,MF",Real Sociedad,20,2000,1.0,1,0,0,1,0,1,1,0,0,0,0,3,4,1,0,Matches
347,Andrés Martín,es ESP,"FW,MF",Rayo Vallecano,22,1999,2.1,0,0,0,0,0,0,1,1,1,0,1,0,0,0,0,Matches
348,Carlos Martín,es ESP,DF,Atlético Madrid,19,2002,0.1,0,0,0,0,0,0,0,0,0,0,0,0,0,1,0,Matches
349,Iván Martín,es ESP,"MF,FW",Alavés,22,1999,1.8,1,1,1,0,0,0,1,1,2,0,2,1,2,1,0,Matches
350,Iñigo Martínez,es ESP,DF,Athletic Club,30,1991,26.0,28,13,18,7,3,14,23,9,22,10,12,39,67,143,0,Matches
Rk,Player,Nation,Pos,Squad,Age,Born,90s,Tkl,TklW,Def 3rd,Mid 3rd,Att 3rd,Tkl,Att,Lost,Blocks,Sh,Pass,Int,Tkl+Int,Clr,Err,Matches
351,Javi Martínez,es ESP,"MF,FW",Osasuna,21,1999,9.8,21,14,8,11,2,10,29,19,6,0,6,9,30,10,0,Matches
352,Pablo Martínez,es ESP,MF,Levante,23,1998,7.3,15,8,7,8,0,4,13,9,6,3,3,15,30,5,0,Matches
353,Omar Mascarell,gq EQG,MF,Elche,28,1993,27.7,46,26,16,23,7,24,60,36,42,14,28,48,94,52,2,Matches
354,Jaime Mata,es ESP,FW,Getafe,32,1988,7.5,7,5,3,1,3,1,9,8,4,1,3,1,8,5,0,Matches
355,Luís Maximiano,pt POR,GK,Granada,22,1999,34.8,3,1,3,0,0,3,6,3,0,0,0,1,4,16,2,Matches
356,Borja Mayoral,es ESP,FW,Getafe,24,1997,11.6,7,5,2,3,2,1,2,1,10,4,6,4,11,3,0,Matches
357,Jordi Mboula,es ESP,FW,Mallorca,22,1999,4.8,8,2,3,3,2,5,9,4,7,1,6,3,11,3,0,Matches
358,Óscar Melendo,es ESP,"MF,FW",Espanyol,23,1997,11.0,11,5,4,4,3,3,13,10,4,1,3,1,12,10,0,Matches
359,Gonzalo Melero,es ESP,MF,Levante,27,1994,18.8,29,16,10,15,4,16,36,20,21,8,13,7,36,22,0,Matches
360,Memphis,nl NED,FW,Barcelona,27,1994,20.6,10,4,2,4,4,3,13,10,9,1,8,3,13,4,0,Matches
361,Tomás Mendes,es ESP,MF,Alavés,16,2004,0.1,0,0,0,0,0,0,0,0,0,0,0,0,0,1,0,Matches
362,Brais Méndez,es ESP,MF,Celta Vigo,24,1997,33.6,68,35,24,35,9,26,87,61,52,6,46,37,105,30,0,Matches
363,Édgar Méndez,es ESP,"FW,MF",Alavés,31,1990,17.9,25,14,11,10,4,11,34,23,16,0,16,4,29,17,0,Matches
364,Ferland Mendy,fr FRA,DF,Real Madrid,26,1995,19.3,24,14,11,10,3,8,14,6,8,2,6,18,42,27,3,Matches
365,Fran Mérida,es ESP,MF,Espanyol,31,1990,3.0,7,3,5,2,0,4,10,6,1,0,1,6,13,1,0,Matches
366,Mikel Merino,es ESP,MF,Real Sociedad,25,1996,32.1,71,38,21,40,10,26,67,41,50,10,40,21,92,56,2,Matches
367,Martín Merquelanz,es ESP,"FW,MF",Rayo Vallecano,26,1995,1.9,2,1,2,0,0,2,6,4,2,0,2,0,2,1,0,Matches
368,Matt Miazga,us USA,DF,Alavés,26,1995,9.3,7,7,3,4,0,2,7,5,14,12,2,11,18,55,1,Matches
369,Miguel,es ESP,"FW,MF",Alavés,21,1999,9.2,7,3,1,5,1,2,15,13,6,0,6,1,8,7,0,Matches
370,Éder Militão,br BRA,DF,Real Madrid,23,1998,33.7,50,32,30,12,8,20,39,19,42,20,22,52,102,107,3,Matches
371,Luis Milla,es ESP,MF,Granada,26,1994,30.8,59,29,25,30,4,25,64,39,28,4,24,25,84,34,0,Matches
372,Pere Milla,es ESP,"MF,FW",Elche,28,1992,18.3,20,15,14,5,1,8,44,36,21,1,20,5,25,21,0,Matches
373,Santi Mina,es ESP,FW,Celta Vigo,25,1995,26.3,27,17,8,15,4,5,32,27,28,2,26,6,33,22,0,Matches
374,Óscar Mingueza,es ESP,DF,Barcelona,22,1999,9.9,25,11,12,11,2,16,23,7,5,0,5,9,34,22,1,Matches
375,Rafa Mir,es ESP,FW,Sevilla,24,1997,20.1,4,3,1,1,2,0,11,11,4,3,1,0,4,17,0,Matches
Rk,Player,Nation,Pos,Squad,Age,Born,90s,Tkl,TklW,Def 3rd,Mid 3rd,Att 3rd,Tkl,Att,Lost,Blocks,Sh,Pass,Int,Tkl+Int,Clr,Err,Matches
376,Jorge Miramón,es ESP,DF,Levante,32,1989,22.0,36,19,16,12,8,15,44,29,15,3,12,35,71,58,0,Matches
377,Juan Miranda,es ESP,DF,Betis,21,2000,8.7,21,11,16,4,1,12,22,10,10,4,6,15,36,22,0,Matches
378,Stefan Mitrović,rs SRB,DF,Getafe,31,1990,29.6,16,8,12,4,0,8,13,5,28,18,10,22,38,114,1,Matches
379,Luka Modrić,hr CRO,MF,Real Madrid,35,1985,22.6,18,10,8,7,3,6,27,21,10,4,6,20,38,9,0,Matches
380,Johan Mojica,co COL,DF,Elche,28,1992,31.7,46,25,34,7,5,23,31,8,22,3,19,25,71,61,3,Matches
381,Jorge Molina,es ESP,FW,Granada,39,1982,21.8,4,2,2,1,1,2,18,16,13,2,11,6,10,11,0,Matches
382,Jon Moncayola,es ESP,MF,Osasuna,23,1998,32.4,40,20,18,18,4,17,44,27,26,9,17,20,60,43,0,Matches
383,Monchu,es ESP,MF,Granada,21,1999,7.4,15,6,5,9,1,5,10,5,8,3,5,4,19,4,0,Matches
384,Gonzalo Montiel,ar ARG,DF,Sevilla,24,1997,11.8,15,4,8,5,2,12,24,12,8,2,6,10,25,22,0,Matches
385,Ángel Montoro,es ESP,MF,Granada,33,1988,14.8,26,13,16,7,3,17,27,10,11,1,10,11,37,29,1,Matches
386,Martín Montoya,es ESP,DF,Betis,30,1991,5.8,20,12,11,7,2,15,26,11,6,0,6,11,31,20,0,Matches
387,Jon Morcillo,es ESP,"MF,FW",Athletic Club,22,1998,0.6,3,0,1,2,0,3,4,1,1,0,1,0,3,0,0,Matches
388,Alberto Moreno,es ESP,"MF,DF",Villarreal,29,1992,13.6,13,7,5,7,1,5,18,13,13,1,12,27,40,15,0,Matches
389,Álex Moreno,es ESP,DF,Betis,28,1993,26.7,76,40,53,15,8,33,60,27,28,6,22,34,110,82,1,Matches
390,Gerard Moreno,es ESP,FW,Villarreal,29,1992,13.2,5,2,2,2,1,1,7,6,6,1,5,6,11,14,0,Matches
391,Tete Morente,es ESP,MF,Elche,24,1996,18.1,21,14,13,7,1,7,28,21,30,1,29,12,33,12,0,Matches
392,Ilaix Moriba,gn GUI,MF,Valencia,18,2003,9.1,26,18,10,13,3,14,35,21,15,0,15,12,38,14,0,Matches
393,Manu Morlanes,es ESP,MF,Espanyol,22,1999,12.7,36,15,16,17,3,18,43,25,24,5,19,13,49,17,0,Matches
394,Loren Morón,es ESP,"FW,MF",Espanyol,27,1993,6.3,6,4,1,3,2,0,12,12,11,1,10,2,8,9,0,Matches
395,Loren Morón,es ESP,FW,Betis,27,1993,0.0,1,1,1,0,0,1,1,0,0,0,0,0,1,0,0,Matches
396,Cristhian Mosquera,es ESP,DF,Valencia,17,2004,2.4,4,2,3,0,1,3,6,3,1,0,1,3,7,1,1,Matches
397,Toni Moya,es ESP,MF,Alavés,23,1998,15.4,23,10,7,13,3,13,43,30,18,5,13,20,43,18,0,Matches
398,Iker Muniain,es ESP,MF,Athletic Club,28,1992,30.9,32,10,8,19,5,12,40,28,20,1,19,17,49,8,1,Matches
399,Aihen Muñoz,es ESP,DF,Real Sociedad,23,1997,14.9,28,17,14,13,1,18,29,11,11,1,10,17,45,34,0,Matches
400,Jeison Murillo,co COL,DF,Celta Vigo,29,1992,12.4,15,10,13,2,0,9,13,4,11,8,3,17,32,37,0,Matches
Rk,Player,Nation,Pos,Squad,Age,Born,90s,Tkl,TklW,Def 3rd,Mid 3rd,Att 3rd,Tkl,Att,Lost,Blocks,Sh,Pass,Int,Tkl+Int,Clr,Err,Matches
401,Vedat Muriqi,xk KVX,FW,Mallorca,27,1994,16.0,6,3,1,3,2,1,7,6,12,0,12,6,12,29,0,Matches
402,Yunus Musah,us USA,"MF,FW",Valencia,18,2002,14.0,23,13,8,8,7,6,20,14,19,1,18,14,37,11,0,Matches
403,Shkodran Mustafi,de GER,DF,Levante,29,1992,7.3,9,6,6,3,0,5,9,4,6,3,3,15,24,40,0,Matches
404,Nacho,es ESP,DF,Real Madrid,31,1990,17.3,18,14,9,9,0,12,22,10,22,15,7,34,52,50,0,Matches
405,Roberto Navarro,es ESP,"MF,FW",Real Sociedad,19,2002,2.2,5,3,1,1,3,3,5,2,2,0,2,2,7,2,0,Matches
406,Ximo Navarro,es ESP,DF,Alavés,31,1990,15.0,28,19,21,6,1,13,27,14,11,5,6,22,50,56,2,Matches
407,Jesús Navas,es ESP,DF,Sevilla,35,1985,19.8,18,13,11,5,2,9,17,8,15,2,13,17,35,26,1,Matches
408,Álvaro Negredo,es ESP,FW,Cádiz,35,1985,24.0,5,3,1,4,0,3,6,3,11,5,6,2,7,23,0,Matches
409,Neto,br BRA,GK,Barcelona,32,1989,3.0,0,0,0,0,0,0,0,0,0,0,0,0,0,2,1,Matches
410,Carlos Neva,es ESP,DF,Granada,25,1996,23.4,31,19,24,7,0,16,28,12,27,9,18,32,63,81,0,Matches
411,Saúl Ñíguez,es ESP,"FW,MF",Atlético Madrid,26,1994,2.2,7,2,0,6,1,3,4,1,7,1,6,0,7,3,0,Matches
412,Fernando Niño,es ESP,FW,Mallorca,20,2000,9.8,10,4,3,2,5,2,12,10,9,2,7,3,13,15,0,Matches
413,Peru Nolaskoain,es ESP,DF,Athletic Club,22,1998,0.0,0,0,0,0,0,0,0,0,0,0,0,0,0,0,0,Matches
414,Nolito,es ESP,MF,Celta Vigo,34,1986,15.4,25,15,14,7,4,13,47,34,20,1,19,9,34,5,0,Matches
415,Randy Nteka,ao ANG,"FW,MF",Rayo Vallecano,23,1997,16.2,24,13,9,11,4,8,19,11,21,1,20,8,32,12,0,Matches
416,Unai Núñez,es ESP,DF,Athletic Club,24,1997,6.9,4,4,2,2,0,3,6,3,9,8,1,8,12,26,2,Matches
417,Allan Nyom,cm CMR,DF,Getafe,33,1988,2.7,3,1,2,1,0,2,2,0,2,1,1,2,5,7,0,Matches
418,Jan Oblak,si SVN,GK,Atlético Madrid,28,1993,38.0,0,0,0,0,0,0,0,0,0,0,0,1,1,10,4,Matches
419,Lucas Ocampos,ar ARG,FW,Sevilla,27,1994,23.6,45,24,23,18,4,23,55,32,35,1,34,9,54,24,1,Matches
420,Lucas Olaza,uy URU,DF,Elche,27,1994,3.3,5,3,3,1,1,1,1,0,5,1,4,4,9,6,0,Matches
421,Oier Olazábal,es ESP,GK,Espanyol,31,1989,1.5,0,0,0,0,0,0,0,0,0,0,0,0,0,0,0,Matches
422,Brian Oliván,es ESP,DF,Mallorca,27,1994,24.3,33,20,22,9,2,12,23,11,17,7,10,28,61,63,0,Matches
423,Mathías Olivera,uy URU,DF,Getafe,23,1997,31.1,79,47,39,34,6,40,69,29,45,4,41,55,134,67,1,Matches
424,Javier Ontiveros,es ESP,"FW,MF",Osasuna,23,1997,0.4,0,0,0,0,0,0,2,2,0,0,0,1,1,0,1,Matches
425,Pedro Ortiz,es ESP,MF,Sevilla,20,2000,0.1,0,0,0,0,0,0,0,0,0,0,0,0,0,1,0,Matches
Rk,Player,Nation,Pos,Squad,Age,Born,90s,Tkl,TklW,Def 3rd,Mid 3rd,Att 3rd,Tkl,Att,Lost,Blocks,Sh,Pass,Int,Tkl+Int,Clr,Err,Matches
426,Milutin Osmajić,me MNE,"FW,MF",Cádiz,22,1999,2.9,1,1,0,1,0,0,0,0,0,0,0,1,2,3,0,Matches
427,Jesús Owono,gq EQG,GK,Alavés,20,2001,1.0,0,0,0,0,0,0,0,0,0,0,0,0,0,1,0,Matches
428,Mikel Oyarzabal,es ESP,"FW,MF",Real Sociedad,24,1997,18.6,18,10,7,7,4,7,21,14,18,2,16,10,28,16,1,Matches
429,Fernando Pacheco,es ESP,GK,Alavés,29,1992,33.9,2,1,2,0,0,2,2,0,0,0,0,0,2,18,1,Matches
430,Jon Pacheco,es ESP,DF,Real Sociedad,20,2001,4.2,6,4,4,2,0,3,3,0,6,4,2,6,12,18,0,Matches
431,Helibelton Palacios,co COL,DF,Elche,28,1993,21.5,69,38,56,10,3,37,55,18,21,8,13,18,87,61,0,Matches
432,Isaac Palazón Camacho,es ESP,"FW,MF",Rayo Vallecano,26,1994,25.4,42,28,20,19,3,18,59,41,31,3,28,13,55,22,0,Matches
433,Daniel Parejo,es ESP,MF,Villarreal,32,1989,30.0,43,29,15,15,13,20,52,32,32,7,25,29,72,19,1,Matches
434,Raúl Parra,es ESP,DF,Cádiz,21,1999,1.0,2,1,2,0,0,1,3,2,0,0,0,0,2,5,0,Matches
435,Javier Pastore,ar ARG,"MF,FW",Elche,32,1989,5.8,7,3,3,2,2,3,12,9,5,1,4,4,11,2,0,Matches
436,Gabriel Paulista,br BRA,DF,Valencia,30,1990,17.7,21,12,16,5,0,14,20,6,18,12,6,39,60,88,0,Matches
437,Alfonso Pedraza,es ESP,DF,Villarreal,25,1996,18.9,34,16,17,12,5,10,28,18,12,3,9,31,65,32,0,Matches
438,Pedri,es ESP,MF,Barcelona,18,2002,9.8,20,12,9,8,3,7,20,13,13,0,13,5,25,7,1,Matches
439,Adrià Pedrosa,es ESP,DF,Espanyol,23,1998,30.2,58,30,38,14,6,26,57,31,25,7,18,25,83,92,2,Matches
440,Facundo Pellistri,uy URU,"MF,FW",Alavés,19,2001,7.5,9,5,4,3,2,1,10,9,13,2,11,6,15,7,0,Matches
441,Rubén Peña,es ESP,"MF,FW",Villarreal,30,1991,1.5,2,0,1,1,0,2,6,4,1,0,1,5,7,2,0,Matches
442,Alberto Perea,es ESP,MF,Cádiz,30,1990,8.6,19,9,7,9,3,6,20,14,15,1,14,9,28,4,0,Matches
443,Iñigo Pérez,es ESP,MF,Osasuna,33,1988,3.8,3,2,2,1,0,2,4,2,1,0,1,0,3,3,0,Matches
444,Juan Pérez,es ESP,GK,Osasuna,25,1996,2.0,0,0,0,0,0,0,1,1,0,0,0,0,0,1,1,Matches
445,Kike Pérez,es ESP,"MF,FW",Elche,24,1997,5.8,8,6,1,3,4,0,10,10,6,1,5,3,11,4,0,Matches
446,Lucas Pérez,es ESP,FW,Elche,32,1988,14.1,4,1,2,1,1,3,10,7,2,0,2,3,7,4,0,Matches
447,Lucas Pérez,es ESP,"FW,MF",Cádiz,32,1988,11.8,3,3,2,1,0,0,10,10,3,1,2,0,3,1,0,Matches
448,Njegoš Petrović,rs SRB,MF,Granada,22,1999,10.2,24,11,4,19,1,8,14,6,16,4,12,9,33,11,0,Matches
449,Alex Petxa,es ESP,"DF,MF",Athletic Club,24,1997,4.6,12,9,4,7,1,4,8,4,8,2,6,4,16,6,0,Matches
450,Germán Pezzella,ar ARG,DF,Betis,30,1991,22.1,21,9,16,5,0,16,29,13,29,18,11,39,60,106,0,Matches
Rk,Player,Nation,Pos,Squad,Age,Born,90s,Tkl,TklW,Def 3rd,Mid 3rd,Att 3rd,Tkl,Att,Lost,Blocks,Sh,Pass,Int,Tkl+Int,Clr,Err,Matches
451,Pablo Piatti,ar ARG,"MF,FW",Elche,32,1989,3.5,9,4,5,3,1,3,8,5,5,1,4,2,11,3,0,Matches
452,Cristiano Piccini,it ITA,DF,Valencia,28,1992,3.6,14,8,9,5,0,5,7,2,3,2,1,1,15,11,0,Matches
453,Tomás Pina Isla,es ESP,MF,Alavés,33,1987,16.0,28,16,13,11,4,14,29,15,12,3,9,22,50,23,0,Matches
454,Orbelín Pineda,mx MEX,"MF,FW",Celta Vigo,25,1996,1.1,4,1,4,0,0,1,2,1,0,0,0,0,4,1,0,Matches
455,Yeremi Pino,es ESP,"MF,FW",Villarreal,18,2002,18.6,32,14,14,8,10,10,24,14,33,4,29,6,38,12,1,Matches
456,Gerard Piqué,es ESP,DF,Barcelona,34,1987,23.2,22,12,18,4,0,11,14,3,19,16,3,34,56,86,1,Matches
457,Ezequiel Ponce,ar ARG,FW,Elche,24,1997,7.4,5,4,1,3,1,3,10,7,5,0,5,1,6,7,0,Matches
458,Pere Pons,es ESP,MF,Alavés,28,1993,15.2,26,18,4,20,2,7,21,14,10,1,9,6,32,11,0,Matches
459,Portu,es ESP,"FW,MF",Real Sociedad,29,1992,17.7,16,7,2,6,8,3,19,16,21,3,18,7,23,8,0,Matches
460,Sergio Postigo,es ESP,DF,Levante,32,1988,9.4,11,7,8,2,1,4,8,4,7,5,2,7,18,45,1,Matches
461,Darío Poveda,es ESP,"FW,MF",Getafe,24,1997,4.2,2,0,1,0,1,0,5,5,7,1,6,1,3,1,0,Matches
462,José Pozo,es ESP,"MF,DF",Rayo Vallecano,25,1996,0.8,2,2,0,2,0,2,3,1,1,0,1,0,2,1,0,Matches
463,Abdón Prats,es ESP,FW,Mallorca,28,1992,7.1,2,2,1,0,1,1,5,4,5,0,5,1,3,6,0,Matches
464,Alejandro Primo,es ESP,GK,Levante,17,2004,1.0,0,0,0,0,0,0,0,0,0,0,0,0,0,0,0,Matches
465,Javi Puado,es ESP,"MF,FW",Espanyol,23,1998,24.9,24,14,18,5,1,12,37,25,18,2,16,11,35,24,0,Matches
466,Marc Pubill,es ESP,"DF,MF",Levante,18,2003,5.7,12,6,10,2,0,4,8,4,7,2,5,4,16,8,2,Matches
467,Antonio Puertas,es ESP,"MF,FW",Granada,29,1992,25.1,34,20,18,12,4,17,44,27,33,3,30,11,45,36,0,Matches
468,Riqui Puig,es ESP,MF,Barcelona,21,1999,5.4,6,3,2,4,0,2,14,12,5,0,5,3,9,0,0,Matches
469,Yacine Qasmi,ma MAR,FW,Rayo Vallecano,30,1991,0.0,0,0,0,0,0,0,0,0,0,0,0,0,0,0,0,Matches
470,Quini,es ESP,DF,Granada,31,1989,25.6,73,34,48,21,4,42,79,37,28,10,18,36,109,62,0,Matches
471,Dani Raba,es ESP,"MF,FW",Villarreal,25,1995,1.0,1,0,0,1,0,1,2,1,2,0,2,0,1,2,0,Matches
472,Dani Raba,es ESP,"MF,FW",Granada,25,1995,0.3,2,2,1,0,1,2,3,1,0,0,0,1,3,0,0,Matches
473,Uroš Račić,rs SRB,MF,Valencia,23,1998,13.4,32,18,9,19,4,12,33,21,16,6,10,16,48,21,0,Matches
474,Nemanja Radoja,rs SRB,MF,Levante,28,1993,13.5,25,8,9,13,3,8,20,12,16,9,7,22,47,16,2,Matches
475,Rafinha,br BRA,MF,Real Sociedad,28,1993,11.7,43,27,17,20,6,16,28,12,21,2,19,12,55,4,0,Matches
Rk,Player,Nation,Pos,Squad,Age,Born,90s,Tkl,TklW,Def 3rd,Mid 3rd,Att 3rd,Tkl,Att,Lost,Blocks,Sh,Pass,Int,Tkl+Int,Clr,Err,Matches
476,Antonio Raillo,es ESP,DF,Mallorca,29,1991,17.0,16,7,10,4,2,5,6,1,17,14,3,18,34,81,0,Matches
477,Ivan Rakitić,hr CRO,MF,Sevilla,33,1988,24.2,40,22,12,23,5,13,40,27,31,8,23,23,63,35,0,Matches
478,Jonás Ramalho,es ESP,DF,Osasuna,28,1993,2.7,4,2,2,2,0,2,3,1,4,1,3,3,7,9,0,Matches
479,Sandro Ramírez,es ESP,FW,Getafe,26,1995,16.2,7,3,1,3,3,1,12,11,14,3,11,2,9,3,0,Matches
480,Raúl,es ESP,"FW,DF",Betis,20,2000,0.0,0,0,0,0,0,0,0,0,0,0,0,0,0,0,0,Matches
481,Lluís Recasens,es ESP,DF,Espanyol,19,2002,0.5,2,0,2,0,0,1,1,0,0,0,0,2,4,2,0,Matches
482,Manolo Reina,es ESP,GK,Mallorca,36,1985,21.0,0,0,0,0,0,0,0,0,0,0,0,1,1,6,2,Matches
483,Karim Rekik,nl NED,DF,Sevilla,26,1994,12.2,11,8,4,6,1,2,9,7,11,6,5,9,20,19,0,Matches
484,Álex Remiro,es ESP,GK,Real Sociedad,26,1995,35.0,0,0,0,0,0,0,0,0,0,0,0,1,1,24,2,Matches
485,Nico Ribaudo,es ESP,"MF,FW",Espanyol,20,2001,12.4,15,6,9,5,1,11,34,23,14,2,12,7,22,3,0,Matches
486,Diego Rico,es ESP,DF,Real Sociedad,28,1993,18.3,41,20,19,17,5,22,45,23,29,4,25,30,71,54,0,Matches
487,Sergio Rico,es ESP,GK,Mallorca,27,1993,14.0,0,0,0,0,0,0,0,0,0,0,0,0,0,5,2,Matches
488,Luis Rioja,es ESP,"MF,FW",Alavés,27,1993,34.6,28,15,11,10,7,14,58,44,22,1,21,25,53,20,0,Matches
489,Rober,es ESP,DF,Levante,26,1995,22.3,36,20,27,7,2,23,39,16,25,15,10,30,66,90,1,Matches
490,Sergi Roberto,es ESP,"MF,DF",Barcelona,29,1992,4.4,5,1,2,3,0,3,5,2,2,0,2,4,9,6,0,Matches
491,Rubén Rochina,es ESP,"MF,FW",Granada,30,1991,8.3,21,13,7,8,6,8,28,20,11,1,10,6,27,5,1,Matches
492,Enzo Roco,cl CHI,DF,Elche,28,1992,28.4,36,20,24,11,1,15,24,9,38,27,11,28,64,110,3,Matches
493,Rodri,es ESP,FW,Betis,21,2000,9.8,10,7,4,5,1,5,22,17,11,0,11,3,13,4,0,Matches
494,Kévin Rodrigues,pt POR,"DF,FW",Rayo Vallecano,27,1994,4.8,15,11,8,7,0,6,10,4,10,1,9,7,22,6,0,Matches
495,Ángel Rodríguez,es ESP,"FW,MF",Mallorca,34,1987,17.2,15,9,6,7,2,4,21,17,15,1,14,3,18,13,0,Matches
496,Óscar Rodríguez Arnaiz,es ESP,"MF,FW",Getafe,23,1998,10.5,16,11,6,8,2,4,12,8,7,1,6,11,27,6,0,Matches
497,Óscar Rodríguez Arnaiz,es ESP,"FW,MF",Sevilla,23,1998,4.6,4,3,1,3,0,2,3,1,2,0,2,5,9,7,1,Matches
498,Dani Rodríguez,es ESP,"MF,FW",Mallorca,33,1988,31.5,53,31,20,24,9,15,46,31,28,3,25,20,73,27,0,Matches
499,Guido Rodríguez,ar ARG,MF,Betis,27,1994,28.1,97,53,46,45,6,54,98,44,55,12,43,31,128,56,0,Matches
500,Rodrygo,br BRA,FW,Real Madrid,20,2001,16.9,18,14,7,4,7,3,18,15,21,0,21,11,29,3,0,Matches
Rk,Player,Nation,Pos,Squad,Age,Born,90s,Tkl,TklW,Def 3rd,Mid 3rd,Att 3rd,Tkl,Att,Lost,Blocks,Sh,Pass,Int,Tkl+Int,Clr,Err,Matches
501,Leo Román,es ESP,GK,Mallorca,21,2000,2.0,0,0,0,0,0,0,0,0,0,0,0,0,0,2,0,Matches
502,Iván Romero,es ESP,FW,Sevilla,20,2001,2.0,2,2,0,2,0,0,0,0,1,0,1,2,4,0,0,Matches
503,Unai Ropero,es ESP,MF,Alavés,19,2001,0.1,0,0,0,0,0,0,0,0,0,0,0,1,1,0,0,Matches
504,Rubén,es ESP,DF,Espanyol,20,2001,1.7,6,1,4,2,0,4,7,3,0,0,0,2,8,4,0,Matches
505,Aitor Ruibal,es ESP,"FW,DF",Betis,25,1996,9.5,21,15,13,3,5,10,34,24,8,0,8,8,29,6,0,Matches
506,Isma Ruiz,es ESP,MF,Granada,20,2001,3.1,3,1,3,0,0,1,9,8,5,2,3,3,6,2,0,Matches
507,Víctor Ruiz,es ESP,DF,Betis,32,1989,15.8,11,9,7,2,2,6,9,3,18,13,5,29,40,71,1,Matches
508,Gerónimo Rulli,ar ARG,GK,Villarreal,29,1992,32.0,0,0,0,0,0,0,4,4,0,0,0,1,1,15,5,Matches
509,Franco Russo,ar ARG,DF,Mallorca,26,1994,16.3,19,10,10,9,0,13,31,18,14,9,5,27,46,73,1,Matches
510,Mathew Ryan,au AUS,GK,Real Sociedad,29,1992,3.0,0,0,0,0,0,0,0,0,0,0,0,0,0,2,0,Matches
511,Youssouf Sabaly,sn SEN,DF,Betis,28,1993,8.8,12,10,11,0,1,7,13,6,11,4,7,13,25,16,1,Matches
512,Salvi,es ESP,"MF,FW",Cádiz,30,1991,15.5,20,10,9,8,3,8,20,12,17,2,15,6,26,11,0,Matches
513,Fede San Emeterio,es ESP,MF,Cádiz,24,1997,9.2,16,5,5,8,3,5,15,10,5,0,5,8,24,6,0,Matches
514,Oihan Sancet,es ESP,FW,Athletic Club,21,2000,15.8,12,7,2,8,2,5,20,15,2,0,2,5,17,13,0,Matches
515,Antonio Sánchez,es ESP,"MF,FW",Mallorca,24,1997,18.0,53,24,29,17,7,19,49,30,32,2,30,32,85,32,1,Matches
516,Germán Sánchez,es ESP,DF,Granada,34,1986,25.5,27,19,18,9,0,11,20,9,19,16,3,28,55,137,0,Matches
517,Juanlu Sánchez,es ESP,MF,Sevilla,17,2003,0.1,1,0,1,0,0,1,2,1,1,0,1,0,1,0,0,Matches
518,Manu Sánchez,es ESP,DF,Osasuna,20,2000,25.1,72,34,41,22,9,43,79,36,28,3,25,18,90,43,0,Matches
519,Oier Sanjurjo,es ESP,MF,Osasuna,35,1986,8.4,10,6,3,7,0,2,19,17,8,3,5,1,11,9,0,Matches
520,Yellu Santiago,es ESP,MF,Valencia,17,2004,0.9,2,2,1,1,0,0,2,2,1,0,1,0,2,1,0,Matches
521,Sergio Santos,es ESP,DF,Real Madrid,20,2001,0.1,0,0,0,0,0,0,0,0,0,0,0,0,0,0,0,Matches
522,Alvaro Sanz,es ESP,MF,Barcelona,20,2001,0.3,0,0,0,0,0,0,1,1,0,0,0,0,0,0,0,Matches
523,Marcelo Saracchi,uy URU,DF,Levante,23,1998,2.1,8,5,6,1,1,2,4,2,3,0,3,4,12,7,1,Matches
524,Joan Sastre Vanrell,es ESP,DF,Mallorca,24,1997,2.9,6,3,5,0,1,3,4,1,3,0,3,2,8,10,0,Matches
525,Esteban Saveljich,me MNE,DF,Rayo Vallecano,30,1991,18.9,18,11,11,7,0,9,15,6,20,12,8,16,34,69,0,Matches
Rk,Player,Nation,Pos,Squad,Age,Born,90s,Tkl,TklW,Def 3rd,Mid 3rd,Att 3rd,Tkl,Att,Lost,Blocks,Sh,Pass,Int,Tkl+Int,Clr,Err,Matches
526,Stefan Savić,me MNE,DF,Atlético Madrid,30,1991,27.1,46,20,25,20,1,29,43,14,19,12,7,37,83,102,1,Matches
527,Valentino Scotta,es ESP,DF,Sevilla,19,2001,0.0,0,0,0,0,0,0,0,0,0,0,0,0,0,0,0,Matches
528,Aleksandar Sedlar,rs SRB,"DF,MF",Mallorca,29,1991,4.5,5,3,4,1,0,3,5,2,4,4,0,5,10,19,0,Matches
529,Javier Serrano,es ESP,MF,Atlético Madrid,18,2003,0.8,3,1,0,3,0,2,4,2,0,0,0,3,6,2,0,Matches
530,Nicolás Serrano,es ESP,"MF,FW",Athletic Club,18,2003,3.5,9,6,3,5,1,3,10,7,5,1,4,2,11,3,0,Matches
531,Salva Sevilla,es ESP,MF,Mallorca,37,1984,16.7,18,12,8,8,2,6,17,11,12,6,6,14,32,11,0,Matches
532,David Silva,es ESP,MF,Real Sociedad,35,1986,19.1,28,17,10,11,7,3,20,17,13,3,10,7,35,12,0,Matches
533,Jonathan Silva,ar ARG,"DF,FW",Getafe,27,1994,2.5,10,8,4,4,2,7,12,5,4,0,4,3,13,7,0,Matches
534,Rui Silva,pt POR,GK,Betis,27,1994,21.8,1,0,1,0,0,1,2,1,0,0,0,1,2,11,1,Matches
535,Giuliano Simeone,ar ARG,MF,Atlético Madrid,18,2002,0.0,0,0,0,0,0,0,0,0,0,0,0,0,0,0,0,Matches
536,Unai Simón,es ESP,GK,Athletic Club,24,1997,34.0,0,0,0,0,0,0,0,0,0,0,0,1,1,5,1,Matches
537,Antonio Sivera,es ESP,GK,Alavés,24,1996,3.1,0,0,0,0,0,0,1,1,0,0,0,0,0,0,0,Matches
538,Rubén Sobrino,es ESP,MF,Valencia,29,1992,0.2,1,1,1,0,0,1,1,0,1,0,1,2,3,0,0,Matches
539,Rubén Sobrino,es ESP,"FW,MF",Cádiz,29,1992,20.7,28,17,11,10,7,5,35,30,21,1,20,21,49,18,0,Matches
540,Alex Sola,es ESP,"DF,FW",Real Sociedad,22,1999,0.5,1,1,1,0,0,1,3,2,1,0,1,2,3,3,0,Matches
541,Augusto Solari,ar ARG,"MF,DF",Celta Vigo,29,1992,7.9,24,12,9,12,3,12,32,20,14,4,10,7,31,10,1,Matches
542,Roberto Soldado,es ESP,FW,Levante,36,1985,7.4,3,1,0,1,2,1,3,2,4,0,4,1,4,7,0,Matches
543,Carlos Soler,es ESP,MF,Valencia,24,1997,27.5,29,19,10,15,4,11,37,26,19,4,15,14,43,28,0,Matches
544,Son,es ESP,DF,Levante,27,1994,21.9,28,18,16,7,5,17,34,17,11,5,6,19,47,33,1,Matches
545,David Soria,es ESP,GK,Getafe,28,1993,37.9,1,0,1,0,0,1,2,1,0,0,0,0,1,22,2,Matches
546,Alberto Soro,es ESP,"MF,FW",Granada,22,1999,6.4,12,10,3,6,3,1,7,6,21,2,19,3,15,4,0,Matches
547,Hugo Sotelo,es ESP,FW,Celta Vigo,17,2003,0.0,0,0,0,0,0,0,0,0,0,0,0,0,0,0,0,Matches
548,Damián Suárez,uy URU,DF,Getafe,33,1988,30.1,74,47,34,30,10,42,91,49,46,5,41,31,105,30,0,Matches
549,Denis Suárez,es ESP,MF,Celta Vigo,27,1994,31.3,61,29,20,33,8,25,82,57,32,4,28,16,77,11,0,Matches
550,Luis Suárez,uy URU,FW,Atlético Madrid,34,1987,20.4,8,5,2,4,2,2,10,8,8,1,7,1,9,14,0,Matches
Rk,Player,Nation,Pos,Squad,Age,Born,90s,Tkl,TklW,Def 3rd,Mid 3rd,Att 3rd,Tkl,Att,Lost,Blocks,Sh,Pass,Int,Tkl+Int,Clr,Err,Matches
551,Mario Suárez,es ESP,DF,Rayo Vallecano,34,1987,7.9,9,4,7,2,0,3,9,6,6,4,2,7,16,37,1,Matches
552,Suso,es ESP,FW,Sevilla,27,1993,4.3,4,3,1,3,0,3,13,10,4,0,4,0,4,0,0,Matches
553,Mamadou Sylla,sn SEN,"FW,MF",Alavés,27,1994,4.4,2,2,0,1,1,0,1,1,0,0,0,1,3,5,0,Matches
554,Mamadou Sylla,sn SEN,FW,Rayo Vallecano,27,1994,2.8,1,1,1,0,0,0,1,1,2,0,2,4,5,3,0,Matches
555,Alexander Sørloth,no NOR,FW,Real Sociedad,25,1995,19.6,20,7,4,10,6,7,17,10,14,1,13,4,24,15,0,Matches
556,Tachi,es ESP,DF,Alavés,23,1997,2.7,6,3,3,3,0,5,7,2,4,3,1,1,7,9,0,Matches
557,Renato Tapia,pe PER,MF,Celta Vigo,26,1995,15.7,50,31,15,31,4,20,50,30,21,5,16,28,78,43,0,Matches
558,Cristian Tello,es ESP,FW,Betis,29,1991,9.1,17,11,6,7,4,13,31,18,9,0,9,10,27,6,0,Matches
559,Nahuel Tenaglia,ar ARG,DF,Alavés,25,1996,11.9,42,27,30,9,3,24,37,13,10,2,8,26,68,42,0,Matches
560,Marc Tenas,es ESP,"FW,MF",Alavés,20,2001,0.6,1,1,1,0,0,1,1,0,1,0,1,0,1,0,1,Matches
561,Marc-André ter Stegen,de GER,GK,Barcelona,29,1992,35.0,0,0,0,0,0,0,1,1,0,0,0,1,1,13,5,Matches
562,David Timor,es ESP,MF,Getafe,31,1989,3.8,1,1,1,0,0,0,3,3,3,2,1,1,2,4,1,Matches
563,Mircea Ţîrlea,ro ROU,DF,Alavés,21,2000,0.2,0,0,0,0,0,0,0,0,0,0,0,0,0,1,0,Matches
564,Raúl de Tomás,es ESP,FW,Espanyol,26,1994,32.4,15,11,6,7,2,6,17,11,12,3,9,6,21,42,1,Matches
565,Raúl Torrente,es ESP,DF,Granada,19,2001,14.2,31,21,18,11,2,16,29,13,14,9,5,12,43,69,0,Matches
566,Ferrán Torres,es ESP,FW,Barcelona,21,2000,15.7,10,5,3,4,3,3,7,4,12,3,9,6,16,7,0,Matches
567,Óliver Torres,es ESP,"MF,FW",Sevilla,26,1994,11.2,22,12,8,7,7,8,25,17,10,1,9,6,28,4,0,Matches
568,Pau Torres,es ESP,DF,Villarreal,24,1997,31.7,32,19,23,7,2,18,25,7,32,23,9,19,51,105,2,Matches
569,Roberto Torres,es ESP,"MF,FW",Osasuna,32,1989,9.0,7,4,3,1,3,3,15,12,8,0,8,8,15,4,0,Matches
570,Lucas Torró,es ESP,MF,Osasuna,27,1994,30.3,71,40,25,38,8,29,57,28,32,11,21,47,118,55,0,Matches
571,Adama Traoré,es ESP,FW,Barcelona,25,1996,4.2,4,2,0,3,1,3,5,2,2,0,2,4,8,3,1,Matches
572,Óscar Trejo,ar ARG,MF,Rayo Vallecano,33,1988,22.3,42,24,14,18,10,15,50,35,26,1,25,13,55,11,0,Matches
573,Manu Trigueros,es ESP,"MF,FW",Villarreal,29,1991,24.2,45,25,16,18,11,23,66,43,19,3,16,13,58,17,0,Matches
574,Kieran Trippier,eng ENG,"DF,FW",Atlético Madrid,30,1990,10.8,22,12,12,5,5,12,21,9,12,1,11,10,32,11,0,Matches
575,Beñat Turrientes,es ESP,MF,Real Sociedad,19,2002,2.3,0,0,0,0,0,0,4,4,1,0,1,2,2,2,0,Matches
Rk,Player,Nation,Pos,Squad,Age,Born,90s,Tkl,TklW,Def 3rd,Mid 3rd,Att 3rd,Tkl,Att,Lost,Blocks,Sh,Pass,Int,Tkl+Int,Clr,Err,Matches
576,Samuel Umtiti,fr FRA,DF,Barcelona,27,1993,1.0,2,2,2,0,0,1,2,1,1,1,0,0,2,4,0,Matches
577,Enes Ünal,tr TUR,FW,Getafe,24,1997,31.1,37,22,2,18,17,5,42,37,25,5,20,5,42,36,0,Matches
578,Myrto Uzuni,al ALB,"FW,MF",Granada,26,1995,9.5,7,4,6,1,0,0,2,2,13,1,12,10,17,7,0,Matches
579,Álvaro Vadillo,es ESP,"DF,MF",Espanyol,26,1994,0.1,1,1,1,0,0,1,2,1,0,0,0,0,1,1,0,Matches
580,Óscar Valentín,es ESP,MF,Rayo Vallecano,26,1994,28.5,102,53,46,51,5,44,105,61,56,10,46,39,141,43,0,Matches
581,Germán Valera,es ESP,FW,Real Sociedad,19,2002,0.6,3,2,3,0,0,1,1,0,0,0,0,0,3,1,0,Matches
582,Martin Valjent,sk SVK,DF,Mallorca,25,1995,35.3,31,19,18,12,1,13,24,11,34,26,8,31,62,173,1,Matches
583,Jesús Vallejo,es ESP,DF,Real Madrid,24,1997,3.8,7,5,7,0,0,5,6,1,9,8,1,6,13,16,0,Matches
584,Manu Vallejo,es ESP,"MF,FW",Alavés,24,1997,4.1,8,2,1,4,3,4,13,9,7,0,7,0,8,4,0,Matches
585,Manu Vallejo,es ESP,"FW,MF",Valencia,24,1997,1.1,2,1,1,1,0,0,1,1,0,0,0,0,2,1,0,Matches
586,Federico Valverde,uy URU,MF,Real Madrid,23,1998,20.4,36,16,11,16,9,12,31,19,23,5,18,24,60,12,0,Matches
587,José Luis García Vayá,es ESP,MF,Levante,22,1998,22.4,46,27,10,31,5,16,41,25,24,5,19,38,84,30,0,Matches
588,Jesus Vazquez,es ESP,DF,Valencia,18,2003,9.0,24,13,10,8,6,10,22,12,16,3,13,9,33,19,0,Matches
589,Kevin Vázquez,es ESP,DF,Celta Vigo,28,1993,14.8,34,24,12,13,9,14,28,14,20,7,13,36,70,34,0,Matches
590,Lucas Vázquez,es ESP,DF,Real Madrid,30,1991,20.4,43,22,24,9,10,17,35,18,25,7,18,20,63,41,1,Matches
591,Gabriel Veiga,es ESP,MF,Celta Vigo,19,2002,1.2,5,4,0,4,1,3,12,9,2,0,2,4,9,1,0,Matches
592,Unai Vencedor Paris,es ESP,MF,Athletic Club,20,2000,26.5,26,11,11,9,6,8,42,34,31,13,18,19,45,22,0,Matches
593,Gonzalo Verdú,es ESP,DF,Elche,32,1988,15.5,19,9,15,4,0,8,16,8,20,14,6,13,32,59,1,Matches
594,Mikel Vesga,es ESP,MF,Athletic Club,28,1993,15.1,27,14,7,18,2,11,31,20,16,5,11,20,47,34,2,Matches
595,Rúben Vezo,pt POR,DF,Levante,27,1994,26.9,41,29,28,12,1,26,41,15,41,25,16,36,77,105,1,Matches
596,Aleix Vidal,es ESP,"DF,MF",Espanyol,31,1989,21.1,31,25,17,9,5,19,39,20,19,6,13,25,56,35,2,Matches
597,Nacho Vidal,es ESP,DF,Osasuna,26,1995,32.2,83,47,49,25,9,39,77,38,32,14,18,58,141,79,0,Matches
598,Dídac Vilà,es ESP,"DF,MF",Espanyol,32,1989,2.3,7,5,2,5,0,4,9,5,2,1,1,3,10,8,0,Matches
599,Tonny Vilhena,nl NED,"MF,FW",Espanyol,26,1995,10.3,16,6,7,8,1,7,21,14,10,2,8,8,24,17,0,Matches
600,Daniel Villahermosa,es ESP,MF,Espanyol,20,2001,0.3,0,0,0,0,0,0,0,0,0,0,0,0,0,1,0,Matches
Rk,Player,Nation,Pos,Squad,Age,Born,90s,Tkl,TklW,Def 3rd,Mid 3rd,Att 3rd,Tkl,Att,Lost,Blocks,Sh,Pass,Int,Tkl+Int,Clr,Err,Matches
601,Asier Villalibre,es ESP,FW,Athletic Club,23,1997,6.1,4,3,2,1,1,1,2,1,3,1,2,1,5,7,0,Matches
602,Gonzalo Villar,es ESP,MF,Getafe,23,1998,3.3,5,3,4,1,0,2,5,3,4,1,3,1,6,1,0,Matches
603,Vitolo,es ESP,MF,Getafe,31,1989,2.5,3,2,1,1,1,2,5,3,3,0,3,1,4,1,0,Matches
604,Daniel Vivian,es ESP,DF,Athletic Club,22,1999,22.1,32,21,24,7,1,17,24,7,20,15,5,26,58,107,1,Matches
605,Šime Vrsaljko,hr CRO,DF,Atlético Madrid,29,1992,10.2,27,17,14,12,1,12,20,8,10,1,9,12,39,30,0,Matches
606,Nikola Vukčević,me MNE,MF,Levante,29,1991,1.3,3,2,2,1,0,0,1,1,2,0,2,2,5,1,0,Matches
607,Daniel Wass,dk DEN,"DF,FW",Atlético Madrid,32,1989,0.5,0,0,0,0,0,0,0,0,0,0,0,0,0,3,0,Matches
608,Daniel Wass,dk DEN,MF,Valencia,32,1989,17.6,23,13,6,14,3,8,31,23,13,2,11,13,36,19,0,Matches
609,Iñaki Williams,gh GHA,FW,Athletic Club,27,1994,30.9,14,5,1,6,7,5,17,12,18,3,15,3,17,20,0,Matches
610,Nico Williams,es ESP,MF,Athletic Club,19,2002,14.9,20,10,6,11,3,10,31,21,18,2,16,5,25,9,0,Matches
611,Okay Yokuşlu,tr TUR,"DF,MF",Getafe,27,1994,5.2,9,8,6,2,1,5,5,0,7,5,2,5,14,17,0,Matches
612,Okay Yokuşlu,tr TUR,"DF,MF",Celta Vigo,27,1994,1.6,4,1,2,1,1,2,3,1,2,1,1,2,6,6,0,Matches
613,Joseba Zaldúa,es ESP,DF,Real Sociedad,29,1992,13.0,31,22,20,8,3,16,22,6,14,4,10,13,44,35,0,Matches
614,Oier Zarraga,es ESP,MF,Athletic Club,22,1999,13.0,13,5,4,7,2,3,28,25,17,10,7,19,32,10,0,Matches
615,Luca Zidane,dz ALG,GK,Rayo Vallecano,23,1998,7.2,0,0,0,0,0,0,1,1,0,0,0,0,0,1,1,Matches
616,Igor Zubeldia,es ESP,DF,Real Sociedad,24,1997,18.3,20,10,12,8,0,12,18,6,16,6,10,27,47,53,0,Matches
617,Martín Zubimendi,es ESP,MF,Real Sociedad,22,1999,28.8,52,25,19,30,3,22,44,22,30,13,17,49,101,48,1,Matches
