rk,player,nation,pos,squad,age,born,90s,tkl,tklw,def_3rd,mid_3rd,att_3rd,tkl_challe,att,lost,blocks,sh,pass,int,tkl_int,clr,err,matches
1,Gennaro Acampora,it ITA,"MF,FW",Spezia,26,1994,4.9,6,4,1,4,1,2,7,5,4,1,3,4,10,4,0,Matches
2,Francesco Acerbi,it ITA,DF,Lazio,32,1988,31.3,51,32,34,13,4,18,40,22,24,15,9,76,127,121,2,Matches
3,Andrea Adorante,it ITA,FW,Parma,20,2000,0.1,0,0,0,0,0,0,0,0,0,0,0,0,0,0,0,Matches
4,Lucien Agoume,fr FRA,MF,Spezia,18,2002,8.9,18,10,11,7,0,6,19,13,10,5,5,15,33,10,0,Matches
5,Kevin Agudelo,co COL,FW,Spezia,21,1998,15.1,39,28,9,15,15,12,34,22,30,0,30,10,49,2,0,Matches
6,Jean-Daniel Akpa-Akpro,ci CIV,MF,Lazio,27,1992,11.7,38,25,13,22,3,8,27,19,24,6,18,18,56,13,0,Matches
7,Luis Alberto,es ESP,MF,Lazio,27,1992,29.1,43,24,15,19,9,15,73,58,41,2,39,13,56,11,1,Matches
8,Bruno Alves,pt POR,DF,Parma,38,1981,18.1,13,10,10,3,0,7,9,2,17,12,5,26,39,81,0,Matches
9,Wisdom Amey,it ITA,DF,Bologna,14,2005,0.0,0,0,0,0,0,0,0,0,0,0,0,0,0,0,0,Matches
10,Sofyan Amrabat,ma MAR,MF,Fiorentina,23,1996,27.1,39,22,11,24,4,18,48,30,30,5,25,23,62,12,0,Matches
11,Djavan Anderson,sr SUR,DF,Lazio,25,1995,0.8,0,0,0,0,0,0,1,1,1,0,1,1,1,0,0,Matches
12,Nícolas Andrade,br BRA,GK,Udinese,32,1988,2.0,0,0,0,0,0,0,0,0,0,0,0,0,0,0,0,Matches
13,Davide Angelo Ghislandi,it ITA,DF,Atalanta,19,2001,0.1,0,0,0,0,0,0,0,0,0,0,0,0,0,1,0,Matches
14,Philip Ankhrah,gh GHA,MF,Hellas Verona,17,2002,0.1,0,0,0,0,0,0,0,0,1,0,1,0,0,0,0,Matches
15,Cristian Ansaldi,ar ARG,"DF,FW",Torino,33,1986,21.6,48,33,25,14,9,24,38,14,21,7,14,16,64,38,0,Matches
16,Valentin Antov,bg BUL,DF,Bologna,19,2000,2.6,4,2,3,1,0,3,10,7,6,5,1,4,8,13,0,Matches
17,Nicolò Armini,it ITA,DF,Lazio,19,2001,0.1,0,0,0,0,0,0,0,0,0,0,0,0,0,0,0,Matches
18,Tolgay Arslan,de GER,MF,Udinese,29,1990,20.2,52,32,24,24,4,25,54,29,22,2,20,22,74,15,1,Matches
19,Kwadwo Asamoah,gh GHA,"DF,MF",Cagliari,31,1988,2.5,4,3,2,2,0,2,3,1,5,1,4,4,8,2,1,Matches
20,Kristoffer Askildsen,no NOR,MF,Sampdoria,19,2001,1.1,0,0,0,0,0,0,0,0,2,0,2,3,3,3,0,Matches
21,Emil Audero,id IDN,GK,Sampdoria,23,1997,37.0,1,1,1,0,0,1,2,1,0,0,0,1,2,16,0,Matches
22,Tommaso Augello,it ITA,DF,Sampdoria,25,1994,35.7,42,30,27,10,5,23,39,16,22,2,20,32,74,76,1,Matches
23,Kaan Ayhan,tr TUR,DF,Sassuolo,25,1994,8.8,15,9,8,5,2,8,13,5,9,5,4,16,31,33,0,Matches
24,Milan Badelj,hr CRO,MF,Genoa,31,1989,26.8,56,27,27,22,7,26,84,58,51,10,41,87,143,45,1,Matches
25,Tiemoué Bakayoko,fr FRA,MF,Napoli,25,1994,21.8,69,41,21,41,7,23,40,17,24,2,22,36,105,13,2,Matches
Rk,Player,Nation,Pos,Squad,Age,Born,90s,Tkl,TklW,Def 3rd,Mid 3rd,Att 3rd,Tkl,Att,Lost,Blocks,Sh,Pass,Int,Tkl+Int,Clr,Err,Matches
26,Keita Baldé,sn SEN,FW,Sampdoria,25,1995,13.3,9,6,2,6,1,4,10,6,10,1,9,0,9,3,0,Matches
27,Botond Balogh,hu HUN,DF,Parma,18,2002,1.8,9,7,9,0,0,2,5,3,4,3,1,2,11,8,0,Matches
28,Mattia Bani,it ITA,DF,Genoa,26,1993,10.2,10,5,5,5,0,5,12,7,16,11,5,27,37,44,0,Matches
29,Mattia Bani,it ITA,DF,Parma,26,1993,12.7,20,11,15,4,1,4,8,4,10,6,4,33,53,50,0,Matches
30,Antonín Barák,cz CZE,MF,Hellas Verona,25,1994,30.7,30,19,8,16,6,14,47,33,26,7,19,12,42,38,1,Matches
31,Federico Barba,it ITA,DF,Benevento,26,1993,29.5,31,16,22,8,1,21,35,14,39,18,21,48,79,94,4,Matches
32,Nicolò Barella,it ITA,MF,Inter,23,1997,32.2,58,31,23,29,6,23,72,49,29,4,25,26,84,14,0,Matches
33,Antonio Barreca,it ITA,DF,Fiorentina,25,1995,0.9,1,0,0,1,0,1,1,0,0,0,0,0,1,1,0,Matches
34,Musa Barrow,gm GAM,"FW,MF",Bologna,21,1998,32.5,26,10,8,10,8,10,25,15,37,2,35,11,37,15,0,Matches
35,Paolo Bartolomei,it ITA,MF,Spezia,30,1989,3.6,6,2,3,1,2,4,7,3,1,0,1,1,7,2,0,Matches
36,Daniele Baselli,it ITA,MF,Torino,28,1992,4.4,12,7,3,6,3,6,10,4,2,0,2,9,21,5,0,Matches
37,Alessandro Bastoni,it ITA,DF,Inter,21,1999,32.5,36,22,13,21,2,17,27,10,34,16,18,40,76,75,0,Matches
38,Simone Bastoni,it ITA,DF,Spezia,23,1996,16.9,50,29,26,22,2,27,52,25,19,1,18,16,66,31,0,Matches
39,Bastos,ao ANG,DF,Lazio,29,1991,0.7,3,1,2,0,1,3,5,2,1,0,1,0,3,3,0,Matches
40,Rodrigo Becão,br BRA,DF,Udinese,24,1996,30.9,59,33,36,20,3,27,49,22,48,27,21,68,127,94,2,Matches
41,Valon Behrami,ch SUI,MF,Genoa,35,1985,9.9,21,9,9,10,2,9,26,17,13,5,8,9,30,13,0,Matches
42,Andrea Belotti,it ITA,FW,Torino,26,1993,32.1,30,18,4,16,10,11,35,24,27,4,23,12,42,21,0,Matches
43,Ahmad Benali,ly LBY,MF,Crotone,28,1992,13.5,19,11,10,9,0,11,38,27,15,2,13,6,25,15,0,Matches
44,Ismaël Bennacer,dz ALG,MF,Milan,22,1997,14.7,39,18,17,21,1,15,32,17,10,1,9,20,59,12,0,Matches
45,Rodrigo Bentancur,uy URU,MF,Juventus,23,1997,25.8,63,33,21,37,5,20,59,39,35,12,23,47,110,46,1,Matches
46,Alessandro Berardi,it ITA,GK,Hellas Verona,29,1991,0.3,0,0,0,0,0,0,0,0,0,0,0,0,0,0,0,Matches
47,Domenico Berardi,it ITA,FW,Sassuolo,25,1994,27.5,42,22,17,11,14,21,62,41,23,1,22,26,68,34,0,Matches
48,Álex Berenguer,es ESP,MF,Torino,25,1995,1.5,2,0,0,0,2,2,5,3,2,0,2,0,2,1,0,Matches
49,Bartosz Bereszyński,pl POL,DF,Sampdoria,28,1992,29.0,66,44,37,22,7,41,73,32,40,20,20,42,108,88,0,Matches
50,Federico Bernardeschi,it ITA,"MF,DF",Juventus,26,1994,10.8,9,4,3,5,1,4,20,16,6,2,4,14,23,7,1,Matches
Rk,Player,Nation,Pos,Squad,Age,Born,90s,Tkl,TklW,Def 3rd,Mid 3rd,Att 3rd,Tkl,Att,Lost,Blocks,Sh,Pass,Int,Tkl+Int,Clr,Err,Matches
51,Marco Bertini,it ITA,MF,Lazio,17,2002,0.1,1,0,1,0,0,0,0,0,0,0,0,0,1,0,0,Matches
52,Daniel Bessa,it ITA,MF,Hellas Verona,27,1993,6.8,15,8,3,11,1,6,14,8,5,1,4,2,17,0,0,Matches
53,Cristiano Biraghi,it ITA,DF,Fiorentina,27,1992,31.1,42,23,19,15,8,27,45,18,23,9,14,27,69,56,3,Matches
54,Davide Biraschi,it ITA,DF,Genoa,26,1994,10.2,17,9,12,5,0,5,10,5,12,6,6,21,38,26,0,Matches
55,Jeremie Boga,ci CIV,"FW,MF",Sassuolo,23,1997,19.8,11,9,5,0,6,3,11,8,10,0,10,8,19,7,0,Matches
56,Giacomo Bonaventura,it ITA,MF,Fiorentina,30,1989,25.1,34,19,16,13,5,16,53,37,26,2,24,39,73,12,0,Matches
57,Federico Bonazzoli,it ITA,FW,Torino,23,1997,6.3,6,4,0,4,2,2,13,11,3,0,3,2,8,3,0,Matches
58,Federico Bonazzoli,it ITA,FW,Sampdoria,23,1997,1.5,0,0,0,0,0,0,0,0,1,0,1,0,0,0,0,Matches
59,Kevin Bonifazi,it ITA,DF,Udinese,24,1996,27.4,32,21,24,6,2,8,23,15,33,20,13,50,82,85,1,Matches
60,Leonardo Bonucci,it ITA,DF,Juventus,33,1987,22.5,19,14,10,8,1,6,14,8,24,13,11,33,52,67,0,Matches
61,Mehdi Bourabia,ma MAR,MF,Sassuolo,28,1991,5.9,6,5,1,4,1,2,7,5,14,6,8,12,18,8,0,Matches
62,Edoardo Bove,it ITA,MF,Roma,18,2002,0.1,0,0,0,0,0,0,1,1,0,0,0,0,0,0,0,Matches
63,Jayden Braaf,nl NED,FW,Udinese,17,2002,1.3,0,0,0,0,0,0,1,1,0,0,0,0,0,0,0,Matches
64,Gleison Bremer,br BRA,DF,Torino,23,1997,32.6,51,34,36,14,1,21,36,15,54,21,33,70,121,142,1,Matches
65,Marcelo Brozović,hr CRO,MF,Inter,27,1992,28.7,54,29,23,24,7,20,61,41,43,17,26,40,94,38,0,Matches
66,Gastón Brugman,uy URU,MF,Parma,27,1992,18.0,35,19,18,15,2,11,44,33,33,4,29,45,80,34,0,Matches
67,Juan Brunetta,ar ARG,"FW,MF",Parma,23,1997,5.3,2,2,0,2,0,1,6,5,5,0,5,1,3,2,0,Matches
68,Gianluigi Buffon,it ITA,GK,Juventus,42,1978,8.0,0,0,0,0,0,0,0,0,0,0,0,0,0,3,1,Matches
69,Alessandro Buongiorno,it ITA,DF,Torino,21,1999,9.5,12,5,8,4,0,7,12,5,15,9,6,11,23,44,1,Matches
70,Maxime Busi,be BEL,DF,Parma,20,1999,13.3,23,13,19,3,1,11,28,17,14,1,13,16,39,32,0,Matches
71,Martín Cáceres,uy URU,DF,Fiorentina,33,1987,24.9,28,12,16,11,1,15,35,20,20,14,6,14,42,52,1,Matches
72,Felipe Caicedo,ec ECU,FW,Lazio,31,1988,10.3,10,7,4,4,2,1,8,7,7,0,7,4,14,2,0,Matches
73,Arturo Calabresi,it ITA,"DF,FW",Bologna,24,1996,0.2,0,0,0,0,0,0,0,0,0,0,0,0,0,2,0,Matches
74,Arturo Calabresi,it ITA,DF,Cagliari,24,1996,0.2,0,0,0,0,0,0,1,1,0,0,0,0,0,0,0,Matches
75,Davide Calabria,it ITA,DF,Milan,23,1996,29.4,101,64,61,32,8,54,90,36,42,9,33,37,138,82,1,Matches
Rk,Player,Nation,Pos,Squad,Age,Born,90s,Tkl,TklW,Def 3rd,Mid 3rd,Att 3rd,Tkl,Att,Lost,Blocks,Sh,Pass,Int,Tkl+Int,Clr,Err,Matches
76,Riccardo Calafiori,it ITA,DF,Roma,18,2002,0.7,1,0,1,0,0,1,4,3,1,0,1,0,1,0,0,Matches
77,Mattia Caldara,it ITA,DF,Atalanta,26,1994,1.2,1,0,0,1,0,1,1,0,3,2,1,4,5,3,0,Matches
78,Luca Caldirola,it ITA,DF,Benevento,29,1991,17.5,21,13,13,6,2,10,22,12,20,15,5,20,41,56,0,Matches
79,Hakan Çalhanoğlu,tr TUR,"MF,FW",Milan,26,1994,29.0,26,7,3,17,6,7,28,21,21,6,15,15,41,24,1,Matches
80,Fabrizio Caligara,it ITA,"MF,FW",Cagliari,20,2000,2.0,6,4,2,2,2,6,9,3,9,2,7,3,9,3,0,Matches
81,José Callejón,es ESP,"FW,MF",Fiorentina,33,1987,7.4,10,7,0,6,4,5,9,4,4,1,3,4,14,5,0,Matches
82,Drissa Camara,ci CIV,MF,Parma,18,2002,0.2,0,0,0,0,0,0,0,0,0,0,0,0,0,0,0,Matches
83,Antonio Candreva,it ITA,MF,Sampdoria,33,1987,27.8,28,19,17,9,2,21,53,32,24,3,21,9,37,27,1,Matches
84,Elio Capradossi,ug UGA,DF,Spezia,24,1996,1.0,2,1,2,0,0,2,2,0,0,0,0,1,3,5,0,Matches
85,Gianluca Caprari,it ITA,"MF,FW",Benevento,27,1993,20.7,16,11,5,5,6,6,31,25,19,1,18,18,34,8,0,Matches
86,Francesco Caputo,it ITA,FW,Sassuolo,32,1987,18.9,0,0,0,0,0,0,2,2,4,0,4,1,1,3,0,Matches
87,Andrea Carboni,it ITA,DF,Cagliari,19,2001,12.1,34,23,23,11,0,15,28,13,15,4,11,14,48,52,0,Matches
88,Giuseppe Caso,it ITA,"DF,FW",Genoa,21,1998,0.6,0,0,0,0,0,0,0,0,0,0,0,0,0,0,0,Matches
89,Francesco Cassata,it ITA,"DF,FW",Genoa,23,1997,2.5,7,6,7,0,0,4,7,3,0,0,0,3,10,1,0,Matches
90,Samu Castillejo,es ESP,FW,Milan,25,1995,13.1,24,12,9,14,1,14,40,26,21,0,21,6,30,9,0,Matches
91,Gaetano Castrovilli,it ITA,MF,Fiorentina,23,1997,25.9,33,19,15,11,7,11,42,31,25,2,23,34,67,14,0,Matches
92,Danilo Cataldi,it ITA,MF,Lazio,25,1994,6.3,7,2,1,5,1,4,18,14,3,1,2,9,16,7,0,Matches
93,Federico Ceccherini,it ITA,DF,Hellas Verona,28,1992,19.3,16,12,10,6,0,2,7,5,15,8,7,40,56,60,0,Matches
94,Federico Ceccherini,it ITA,DF,Fiorentina,28,1992,3.0,4,1,1,3,0,1,1,0,6,5,1,7,11,15,0,Matches
95,Luca Ceppitelli,it ITA,DF,Cagliari,30,1989,16.3,25,19,13,10,2,14,26,12,23,12,11,25,50,58,1,Matches
96,Alberto Cerri,it ITA,FW,Cagliari,24,1996,4.1,3,2,0,2,1,0,5,5,4,2,2,2,5,6,0,Matches
97,Julian Chabot,de GER,DF,Spezia,22,1998,18.4,48,34,28,16,4,23,37,14,25,13,12,37,85,43,1,Matches
98,Giorgio Chiellini,it ITA,DF,Juventus,35,1984,15.4,12,9,9,3,0,5,11,6,18,13,5,27,39,56,0,Matches
99,Federico Chiesa,it ITA,DF,Fiorentina,22,1997,2.7,6,2,2,2,2,3,8,5,3,1,2,1,7,3,0,Matches
100,Federico Chiesa,it ITA,"MF,DF",Juventus,22,1997,24.6,47,26,21,14,12,19,50,31,23,1,22,12,59,16,0,Matches
Rk,Player,Nation,Pos,Squad,Age,Born,90s,Tkl,TklW,Def 3rd,Mid 3rd,Att 3rd,Tkl,Att,Lost,Blocks,Sh,Pass,Int,Tkl+Int,Clr,Err,Matches
101,Vlad Chiricheș,ro ROU,DF,Sassuolo,30,1989,20.4,38,23,34,3,1,21,35,14,31,21,10,50,88,59,2,Matches
102,Luca Cigarini,it ITA,MF,Crotone,34,1986,10.3,26,14,11,12,3,12,28,16,10,1,9,12,38,9,0,Matches
103,Antonio Cioffi,it ITA,FW,Napoli,17,2002,0.1,0,0,0,0,0,0,0,0,1,0,1,1,1,0,0,Matches
104,Ebrima Colley,gm GAM,"MF,FW",Hellas Verona,20,2000,8.2,11,4,2,6,3,3,11,8,6,0,6,6,17,1,0,Matches
105,Omar Colley,gm GAM,DF,Sampdoria,27,1992,28.8,28,16,19,8,1,13,23,10,43,29,14,68,96,133,1,Matches
106,Simone Colombi,it ITA,GK,Parma,29,1991,2.0,0,0,0,0,0,0,0,0,0,0,0,0,0,2,0,Matches
107,Lorenzo Colombo,it ITA,FW,Milan,18,2002,1.0,2,1,1,1,0,0,3,3,0,0,0,0,2,3,0,Matches
108,Andrea Consigli,it ITA,GK,Sassuolo,33,1987,37.0,2,2,2,0,0,2,2,0,0,0,0,0,2,14,4,Matches
109,Andrea Conti,it ITA,DF,Milan,26,1994,0.3,1,1,1,0,0,0,1,1,0,0,0,1,2,0,0,Matches
110,Andrea Conti,it ITA,DF,Parma,26,1994,9.0,21,10,16,4,1,13,26,13,13,4,9,16,37,23,0,Matches
111,Alex Cordaz,it ITA,GK,Crotone,37,1983,36.0,0,0,0,0,0,0,0,0,0,0,0,1,1,7,2,Matches
112,Andreas Cornelius,dk DEN,FW,Parma,27,1993,21.1,11,4,1,5,5,2,12,10,9,2,7,1,12,25,1,Matches
113,Joaquín Correa,ar ARG,FW,Lazio,25,1994,21.5,21,12,6,11,4,7,25,18,14,0,14,7,28,12,0,Matches
114,Félix Correia,pt POR,MF,Juventus,19,2001,0.1,0,0,0,0,0,0,0,0,0,0,0,0,0,1,0,Matches
115,Douglas Costa,br BRA,"MF,FW",Juventus,29,1990,0.5,1,0,1,0,0,1,3,2,0,0,0,0,1,0,0,Matches
116,Angelo da Costa Júnior,br BRA,GK,Bologna,36,1983,6.0,0,0,0,0,0,0,0,0,0,0,0,0,0,2,3,Matches
117,Mamadou Coulibaly,sn SEN,MF,Udinese,21,1999,2.0,10,8,5,5,0,0,0,0,2,0,2,1,11,0,0,Matches
118,Alessio Cragno,it ITA,GK,Cagliari,26,1994,34.0,0,0,0,0,0,0,1,1,0,0,0,1,1,10,0,Matches
119,Gian Crespi,it ITA,GK,Crotone,19,2001,1.0,0,0,0,0,0,0,0,0,0,0,0,0,0,0,0,Matches
120,Domenico Criscito,it ITA,DF,Genoa,33,1986,19.2,43,22,29,11,3,22,39,17,27,14,13,44,87,51,0,Matches
121,Bryan Cristante,it ITA,"DF,MF",Roma,25,1995,23.9,27,20,10,14,3,10,28,18,21,7,14,40,67,61,1,Matches
122,Giovanni Crociata,it ITA,DF,Crotone,22,1997,0.3,1,0,0,1,0,0,1,1,1,0,1,0,1,0,0,Matches
123,Juan Cuadrado,co COL,"DF,MF",Juventus,32,1988,24.2,43,25,22,15,6,29,60,31,16,2,14,43,86,22,2,Matches
124,Giuseppe Cuomo,it ITA,DF,Crotone,22,1998,8.9,26,19,17,9,0,9,14,5,10,2,8,18,44,19,1,Matches
125,Patrick Cutrone,it ITA,FW,Fiorentina,22,1998,2.2,4,3,1,2,1,1,2,1,1,0,1,1,5,0,0,Matches
Rk,Player,Nation,Pos,Squad,Age,Born,90s,Tkl,TklW,Def 3rd,Mid 3rd,Att 3rd,Tkl,Att,Lost,Blocks,Sh,Pass,Int,Tkl+Int,Clr,Err,Matches
126,Wylan Cyprien,fr FRA,MF,Parma,25,1995,4.6,9,4,5,3,1,2,4,2,13,8,5,5,14,6,1,Matches
127,Lennart-Marten Czyborra,de GER,DF,Genoa,21,1999,13.0,19,10,7,7,5,11,19,8,6,1,5,17,36,27,0,Matches
128,Danilo D'Ambrosio,it ITA,DF,Inter,31,1988,7.8,15,9,6,7,2,6,15,9,9,7,2,4,19,15,0,Matches
129,Bryan Dabo,bf BFA,MF,Benevento,28,1992,12.4,11,8,5,3,3,5,16,11,7,1,6,13,24,16,0,Matches
130,Diogo Dalot,pt POR,DF,Milan,21,1999,12.1,32,17,23,6,3,17,34,17,18,5,13,25,57,42,0,Matches
131,Mikkel Damsgaard,dk DEN,"MF,FW",Sampdoria,20,2000,19.7,42,21,14,20,8,22,70,48,40,4,36,24,66,17,0,Matches
132,Danilo,br BRA,"DF,MF",Juventus,29,1991,32.4,62,31,37,16,9,35,66,31,32,12,20,66,128,68,2,Matches
133,Andrea Danzi,it ITA,DF,Hellas Verona,21,1999,1.2,0,0,0,0,0,0,1,1,0,0,0,3,3,1,0,Matches
134,Ebrima Darboe,gm GAM,MF,Roma,19,2001,3.6,5,2,3,1,1,3,10,7,3,0,3,8,13,0,1,Matches
135,Matteo Darmian,it ITA,DF,Parma,30,1989,2.3,6,5,3,3,0,4,7,3,2,0,2,6,12,7,0,Matches
136,Matteo Darmian,it ITA,DF,Inter,30,1989,12.9,30,16,12,7,11,16,28,12,9,2,7,17,47,35,0,Matches
137,Paweł Dawidowicz,pl POL,DF,Hellas Verona,25,1995,20.7,42,28,30,10,2,14,24,10,28,19,9,27,69,62,1,Matches
138,Sebastien De Maio,fr FRA,DF,Udinese,33,1987,9.5,15,10,6,9,0,4,5,1,16,9,7,18,33,41,0,Matches
139,Rodrigo De Paul,ar ARG,MF,Udinese,26,1994,35.6,41,24,17,22,2,15,60,45,32,1,31,17,58,20,1,Matches
140,Mattia De Sciglio,it ITA,DF,Juventus,27,1992,0.3,0,0,0,0,0,0,0,0,0,0,0,0,0,1,0,Matches
141,Lorenzo De Silvestri,it ITA,DF,Bologna,32,1988,23.8,34,24,18,13,3,16,37,21,37,10,27,30,64,62,3,Matches
142,Grégoire Defrel,mq MTQ,"MF,FW",Sassuolo,29,1991,14.8,13,8,5,5,3,5,12,7,9,0,9,7,20,5,0,Matches
143,Alessandro Deiola,it ITA,MF,Spezia,24,1995,4.0,6,3,2,3,1,5,13,8,3,1,2,3,9,1,0,Matches
144,Alessandro Deiola,it ITA,MF,Cagliari,24,1995,6.8,13,5,5,4,4,8,23,15,7,2,5,11,24,11,0,Matches
145,Lorenzo Del Pinto,it ITA,MF,Benevento,30,1990,0.1,0,0,0,0,0,0,2,2,0,0,0,0,0,0,0,Matches
146,Cristian Dell'Orco,it ITA,DF,Spezia,26,1994,2.9,1,0,1,0,0,1,3,2,8,5,3,7,8,9,1,Matches
147,Merih Demiral,tr TUR,DF,Juventus,22,1998,10.4,12,9,8,4,0,5,13,8,16,9,7,21,33,40,0,Matches
148,Diego Demme,de GER,MF,Napoli,28,1991,17.7,56,32,26,22,8,23,63,40,14,1,13,11,67,15,1,Matches
149,Stefano Denswil,sr SUR,DF,Bologna,27,1993,1.3,2,1,1,1,0,0,1,1,1,0,1,1,3,1,0,Matches
150,Fabio Depaoli,it ITA,DF,Benevento,23,1997,12.4,25,13,15,6,4,15,32,17,16,4,12,12,37,38,0,Matches
Rk,Player,Nation,Pos,Squad,Age,Born,90s,Tkl,TklW,Def 3rd,Mid 3rd,Att 3rd,Tkl,Att,Lost,Blocks,Sh,Pass,Int,Tkl+Int,Clr,Err,Matches
151,Fabio Depaoli,it ITA,MF,Sampdoria,23,1997,0.9,1,0,0,1,0,0,2,2,0,0,0,1,2,1,0,Matches
152,Fabio Depaoli,it ITA,DF,Atalanta,23,1997,2.1,3,2,0,1,2,1,2,1,4,0,4,3,6,2,0,Matches
153,Kastriot Dermaku,al ALB,DF,Parma,28,1992,1.1,1,1,1,0,0,0,0,0,2,1,1,2,3,8,0,Matches
154,Kiril Despodov,bg BUL,FW,Cagliari,23,1996,0.1,1,1,0,1,0,1,1,0,0,0,0,0,1,0,0,Matches
155,Mattia Destro,it ITA,FW,Genoa,29,1991,17.8,6,3,0,3,3,2,9,7,11,0,11,4,10,8,0,Matches
156,Gerard Deulofeu,es ESP,"FW,MF",Udinese,26,1994,6.6,2,2,1,1,0,2,12,10,2,0,2,3,5,0,0,Matches
157,Jacopo Dezi,it ITA,"FW,MF",Parma,28,1992,0.9,4,3,0,2,2,3,6,3,2,0,2,0,4,0,0,Matches
158,Samuel Di Carmine,it ITA,FW,Hellas Verona,31,1988,5.6,1,2,0,1,0,0,3,3,1,0,1,0,1,5,0,Matches
159,Samuel Di Carmine,it ITA,FW,Crotone,31,1988,5.3,2,2,1,0,1,1,3,2,2,0,2,0,2,5,0,Matches
160,Giovanni Di Lorenzo,it ITA,DF,Napoli,26,1993,36.0,79,50,54,21,4,43,75,32,37,13,24,35,114,64,1,Matches
161,Alessandro Di Pardo,it ITA,"FW,DF",Juventus,21,1999,0.2,0,0,0,0,0,0,0,0,1,1,0,0,0,0,0,Matches
162,Giuseppe Di Serio,it ITA,"FW,MF",Benevento,19,2001,3.2,2,2,1,1,0,0,4,4,5,0,5,0,2,4,0,Matches
163,Amad Diallo,ci CIV,MF,Atalanta,18,2002,0.2,0,0,0,0,0,0,0,0,0,0,0,0,0,0,0,Matches
164,Amadou Diambo,gh GHA,FW,Benevento,19,2001,0.0,0,0,0,0,0,0,0,0,0,0,0,0,0,0,0,Matches
165,Amadou Diawara,gn GUI,MF,Roma,23,1997,7.3,10,8,4,6,0,2,8,6,11,2,9,12,22,4,0,Matches
166,Brahim Díaz,ma MAR,"MF,FW",Milan,20,1999,13.6,18,10,7,7,4,10,23,13,10,0,10,2,20,2,0,Matches
167,Daan Dierckx,be BEL,DF,Parma,17,2003,5.2,5,4,5,0,0,3,5,2,10,6,4,13,18,21,0,Matches
168,Mitchell Dijks,nl NED,DF,Bologna,27,1993,16.5,21,14,15,5,1,12,21,9,17,2,15,17,38,35,0,Matches
169,Federico Dimarco,it ITA,DF,Hellas Verona,22,1997,29.0,32,19,23,7,2,13,28,15,18,9,9,47,79,50,1,Matches
170,Koffi Djidji,ci CIV,DF,Crotone,27,1992,16.9,39,28,30,8,1,10,20,10,35,20,15,28,67,73,0,Matches
171,Berat Djimsiti,al ALB,DF,Atalanta,27,1993,29.2,41,29,27,12,2,17,34,17,34,20,14,62,103,89,1,Matches
172,Nicolás Domínguez,ar ARG,MF,Bologna,22,1998,13.9,48,28,26,17,5,15,37,22,26,7,19,24,72,20,0,Matches
173,Gianluigi Donnarumma,it ITA,GK,Milan,21,1999,37.0,0,0,0,0,0,0,1,1,1,0,1,1,1,23,2,Matches
174,Bartłomiej Drągowski,pl POL,GK,Fiorentina,22,1997,35.0,1,0,1,0,0,1,1,0,0,0,0,1,2,13,1,Matches
175,Denis Drăguș,ro ROU,"FW,MF",Crotone,21,1999,2.0,3,1,0,0,3,0,4,4,4,0,4,1,4,0,0,Matches
Rk,Player,Nation,Pos,Squad,Age,Born,90s,Tkl,TklW,Def 3rd,Mid 3rd,Att 3rd,Tkl,Att,Lost,Blocks,Sh,Pass,Int,Tkl+Int,Clr,Err,Matches
176,Radu Drăgușin,ro ROU,DF,Juventus,18,2002,0.0,0,0,0,0,0,0,0,0,0,0,0,0,0,0,0,Matches
177,Léo Duarte,br BRA,DF,Milan,24,1996,0.2,1,1,0,1,0,0,0,0,0,0,0,1,2,0,0,Matches
178,Alfred Duncan,gh GHA,MF,Fiorentina,27,1993,1.8,3,0,1,1,1,0,2,2,2,0,2,2,5,0,0,Matches
179,Alfred Duncan,gh GHA,MF,Cagliari,27,1993,11.9,18,10,8,9,1,4,21,17,8,0,8,16,34,8,1,Matches
180,Paulo Dybala,ar ARG,FW,Juventus,26,1993,12.6,14,8,3,4,7,2,14,12,15,0,15,1,15,1,0,Matches
181,Edin Džeko,ba BIH,FW,Roma,34,1986,20.3,8,6,2,3,3,3,9,6,9,4,5,1,9,11,0,Matches
182,Steeve-Mike Ebongue,fr FRA,MF,Genoa,19,2001,0.6,2,1,1,0,1,0,3,3,1,0,1,0,2,0,0,Matches
183,Simone Edera,it ITA,"DF,MF",Torino,23,1997,0.6,3,1,2,1,0,3,4,1,0,0,0,1,4,1,0,Matches
184,Albin Ekdal,se SWE,MF,Sampdoria,31,1989,25.5,56,29,21,32,3,23,65,42,31,12,19,49,105,35,0,Matches
185,Elif Elmas,mk MKD,"MF,FW",Napoli,20,1999,8.2,15,4,3,6,6,7,12,5,11,1,10,2,17,10,0,Matches
186,Alan Empereur,br BRA,DF,Hellas Verona,26,1994,2.4,0,0,0,0,0,0,0,0,1,1,0,6,6,7,1,Matches
187,Christian Eriksen,dk DEN,MF,Inter,28,1992,15.4,12,6,6,4,2,7,20,13,16,1,15,9,21,13,1,Matches
188,Martin Erlic,hr CRO,DF,Spezia,22,1998,20.0,23,14,16,6,1,11,20,9,22,16,6,41,64,71,2,Matches
189,Gonzalo Escalante,ar ARG,MF,Lazio,27,1993,8.1,26,13,11,14,1,8,28,20,10,3,7,19,45,13,0,Matches
190,Nahuel Estévez,ar ARG,MF,Spezia,24,1995,19.6,13,5,4,6,3,5,32,27,23,5,18,20,33,22,1,Matches
191,Valentin Eysseric,fr FRA,"MF,FW",Fiorentina,28,1992,8.1,14,8,6,7,1,5,11,6,11,0,11,7,21,8,0,Matches
192,Nicolò Fagioli,it ITA,MF,Juventus,19,2001,0.2,0,0,0,0,0,0,0,0,0,0,0,0,0,1,0,Matches
193,Iago Falque,es ESP,"MF,FW",Benevento,30,1990,4.0,4,2,2,2,0,1,6,5,4,1,3,0,4,1,0,Matches
194,Andri Fannar Baldursson,is ISL,MF,Bologna,18,2002,2.4,6,6,1,2,3,1,3,2,3,1,2,3,9,7,0,Matches
195,Paolo Faragò,it ITA,DF,Bologna,27,1993,0.3,1,1,1,0,0,1,2,1,1,0,1,0,1,0,0,Matches
196,Paolo Faragò,it ITA,DF,Cagliari,27,1993,4.1,13,9,10,3,0,9,20,11,3,2,1,6,19,15,0,Matches
197,Davide Faraoni,it ITA,DF,Hellas Verona,28,1991,32.1,62,33,36,19,7,28,51,23,48,17,31,49,111,83,1,Matches
198,Mohamed Fares,dz ALG,DF,Lazio,24,1996,12.7,20,15,9,7,4,11,19,8,14,1,13,16,36,21,0,Matches
199,Diego Farias,br BRA,FW,Spezia,30,1990,16.8,9,5,4,1,4,4,21,17,12,0,12,13,22,3,0,Matches
200,Andrea Favilli,it ITA,FW,Hellas Verona,23,1997,3.8,3,1,0,1,2,2,3,1,2,0,2,0,3,2,0,Matches
Rk,Player,Nation,Pos,Squad,Age,Born,90s,Tkl,TklW,Def 3rd,Mid 3rd,Att 3rd,Tkl,Att,Lost,Blocks,Sh,Pass,Int,Tkl+Int,Clr,Err,Matches
201,Federico Fazio,ar ARG,DF,Roma,33,1987,4.5,3,2,3,0,0,3,4,1,3,3,0,7,10,18,1,Matches
202,Luiz Felipe,it ITA,DF,Lazio,23,1997,10.1,32,20,19,11,2,16,24,8,20,9,11,21,53,29,1,Matches
203,Alex Ferrari,it ITA,DF,Sampdoria,26,1994,9.8,27,15,16,9,2,15,24,9,18,6,12,23,50,26,0,Matches
204,Salvador Ferrer,es ESP,DF,Spezia,22,1998,13.2,20,10,10,8,2,8,22,14,13,4,9,24,44,37,1,Matches
205,Marco Festa,it ITA,GK,Crotone,28,1992,1.0,0,0,0,0,0,0,0,0,0,0,0,0,0,0,0,Matches
206,Fernando Forestieri,it ITA,"FW,MF",Udinese,30,1990,6.1,9,7,4,4,1,3,7,4,7,0,7,2,11,0,0,Matches
207,Daam Foulon,be BEL,DF,Benevento,21,1999,11.3,26,15,21,5,0,16,28,12,12,3,9,14,40,34,0,Matches
208,Gianluca Frabotta,it ITA,"DF,MF",Juventus,21,1999,7.7,7,4,5,0,2,5,12,7,9,1,8,14,21,15,0,Matches
209,Remo Freuler,ch SUI,MF,Atalanta,28,1992,30.1,63,39,17,38,8,32,76,44,52,4,48,39,102,27,2,Matches
210,Daniel Fuzato,br BRA,GK,Roma,23,1997,5.0,0,0,0,0,0,0,0,0,1,0,1,0,0,1,1,Matches
211,Matteo Gabbia,it ITA,DF,Milan,20,1999,6.2,9,5,3,6,0,2,2,0,8,6,2,3,12,21,0,Matches
212,Manolo Gabbiadini,it ITA,FW,Sampdoria,28,1991,9.7,2,2,0,2,0,0,1,1,3,1,2,3,5,5,0,Matches
213,Roberto Gagliardini,it ITA,MF,Inter,26,1994,13.7,30,17,17,8,5,5,28,23,15,3,12,19,49,16,0,Matches
214,Riccardo Gagliolo,se SWE,DF,Parma,30,1990,21.7,45,18,35,8,2,28,45,17,34,7,27,36,81,64,1,Matches
215,Adolfo Gaich,ar ARG,FW,Benevento,21,1999,8.5,9,4,1,7,1,1,13,12,4,0,4,2,11,4,0,Matches
216,Andrey Galabinov,bg BUL,FW,Spezia,31,1988,4.8,2,1,1,1,0,1,3,2,2,0,2,0,2,5,0,Matches
217,Manuel Gasparini,it ITA,GK,Udinese,18,2002,0.0,0,0,0,0,0,0,0,0,0,0,0,0,0,0,0,Matches
218,Gervinho,ci CIV,FW,Parma,33,1987,22.5,5,1,2,2,1,1,14,13,11,1,10,10,15,3,0,Matches
219,Paolo Ghiglione,it ITA,"DF,MF",Genoa,23,1997,15.1,27,15,17,8,2,13,28,15,14,2,12,13,40,25,0,Matches
220,Faouzi Ghoulam,dz ALG,"DF,FW",Napoli,29,1991,3.2,6,5,3,2,1,0,1,1,4,2,2,3,9,1,0,Matches
221,Kamil Glik,pl POL,DF,Benevento,32,1988,35.6,44,24,33,10,1,25,53,28,37,31,6,62,106,153,0,Matches
222,Diego Godín,uy URU,DF,Cagliari,34,1986,27.9,60,32,51,9,0,24,39,15,41,24,17,56,116,117,0,Matches
223,Amer Gojak,ba BIH,"MF,FW",Torino,23,1997,5.3,1,0,1,0,0,1,7,6,5,0,5,3,4,1,0,Matches
224,Edoardo Goldaniga,it ITA,DF,Genoa,26,1993,20.6,28,18,21,7,0,14,23,9,17,7,10,38,66,62,1,Matches
225,Vladimir Golemić,si SVN,DF,Crotone,29,1991,26.0,33,16,17,13,3,14,19,5,38,26,12,40,73,97,2,Matches
Rk,Player,Nation,Pos,Squad,Age,Born,90s,Tkl,TklW,Def 3rd,Mid 3rd,Att 3rd,Tkl,Att,Lost,Blocks,Sh,Pass,Int,Tkl+Int,Clr,Err,Matches
226,Pierluigi Gollini,it ITA,GK,Atalanta,25,1995,24.0,1,0,1,0,0,1,2,1,1,0,1,1,2,11,0,Matches
227,Tomislav Gomelt,hr CRO,MF,Crotone,25,1995,0.2,1,1,0,1,0,0,0,0,0,0,0,1,2,0,0,Matches
228,Papu Gómez,ar ARG,"MF,FW",Atalanta,32,1988,7.4,3,2,2,1,0,2,8,6,8,1,7,1,4,1,0,Matches
229,Robin Gosens,de GER,DF,Atalanta,26,1994,28.0,46,35,20,15,11,17,41,24,50,7,43,41,87,34,0,Matches
230,Alberto Grassi,it ITA,"MF,DF",Parma,25,1995,13.1,30,11,14,13,3,8,29,21,22,9,13,26,56,32,0,Matches
231,Koray Günter,de GER,DF,Hellas Verona,25,1994,19.6,20,10,10,9,1,4,9,5,27,21,6,70,90,87,0,Matches
232,Manu Gyabuaa,it ITA,MF,Atalanta,18,2001,0.0,0,0,0,0,0,0,0,0,0,0,0,0,0,0,0,Matches
233,Emmanuel Gyasi,gh GHA,FW,Spezia,26,1994,31.7,30,16,16,10,4,9,31,22,13,2,11,14,44,8,0,Matches
234,Achraf Hakimi,ma MAR,DF,Inter,21,1998,29.6,53,32,23,19,11,23,48,25,31,1,30,22,75,23,1,Matches
235,Samir Handanović,si SVN,GK,Inter,36,1984,36.0,1,0,1,0,0,1,1,0,0,0,0,0,1,6,3,Matches
236,Lukáš Haraslín,sk SVK,"FW,MF",Sassuolo,24,1996,3.7,8,4,2,5,1,2,5,3,1,0,1,0,8,2,0,Matches
237,Hans Hateboer,nl NED,DF,Atalanta,26,1994,19.6,28,17,12,14,2,13,23,10,8,1,7,17,45,9,0,Matches
238,Eduardo Henrique,br BRA,MF,Crotone,25,1995,10.3,5,2,1,4,0,3,12,9,6,1,5,7,12,7,1,Matches
239,Theo Hernández,fr FRA,DF,Milan,22,1997,32.6,48,29,22,21,5,19,38,19,29,6,23,34,82,64,5,Matches
240,Hernani,br BRA,MF,Parma,26,1994,24.3,51,25,21,27,3,29,66,37,35,4,31,31,82,40,1,Matches
241,Përparim Hetemaj,fi FIN,MF,Benevento,33,1986,24.6,44,27,21,18,5,26,61,35,41,5,36,22,66,24,1,Matches
242,Aaron Hickey,sct SCO,DF,Bologna,18,2002,8.4,12,8,10,2,0,7,17,10,6,1,5,15,27,15,1,Matches
243,Wesley Hoedt,nl NED,DF,Lazio,26,1994,10.6,22,16,18,4,0,10,17,7,9,5,4,17,39,48,1,Matches
244,Elseid Hysaj,al ALB,DF,Napoli,26,1994,19.6,29,17,16,11,2,17,33,16,18,4,14,30,59,52,0,Matches
245,Simone Iacoponi,it ITA,DF,Parma,33,1987,13.3,22,12,16,5,1,13,26,13,9,4,5,11,33,42,1,Matches
246,Roger Ibanez,br BRA,DF,Roma,21,1998,26.6,59,37,28,25,6,25,45,20,38,17,21,68,127,78,3,Matches
247,Zlatan Ibrahimović,se SWE,FW,Milan,38,1981,16.6,5,4,0,4,1,3,6,3,5,3,2,6,11,27,1,Matches
248,Igor,br BRA,DF,Fiorentina,22,1998,13.0,15,9,9,6,0,7,12,5,17,9,8,23,38,34,0,Matches
249,Ivan Ilić,rs SRB,MF,Hellas Verona,19,2001,20.4,26,14,11,11,4,7,21,14,17,5,12,27,53,26,0,Matches
250,Josip Iličić,si SVN,"MF,FW",Atalanta,32,1988,17.0,9,4,1,5,3,5,21,16,12,0,12,2,11,0,1,Matches
Rk,Player,Nation,Pos,Squad,Age,Born,90s,Tkl,TklW,Def 3rd,Mid 3rd,Att 3rd,Tkl,Att,Lost,Blocks,Sh,Pass,Int,Tkl+Int,Clr,Err,Matches
251,Ciro Immobile,it ITA,FW,Lazio,30,1990,31.7,14,13,4,6,4,7,22,15,13,1,12,6,20,9,0,Matches
252,Riccardo Improta,it ITA,"DF,MF",Benevento,26,1993,25.9,39,23,25,8,6,21,45,24,23,4,19,28,67,47,0,Matches
253,Roberto Inglese,it ITA,FW,Parma,28,1991,6.4,5,2,1,2,2,2,11,9,10,0,10,0,5,3,0,Matches
254,Lorenzo Insigne,it ITA,FW,Napoli,29,1991,31.8,26,18,8,12,6,13,72,59,30,1,29,37,63,6,1,Matches
255,Roberto Insigne,it ITA,"MF,FW",Benevento,26,1994,17.8,16,10,8,3,5,7,27,20,10,0,10,7,23,9,0,Matches
256,Artur Ioniță,md MDA,MF,Benevento,29,1990,31.5,47,22,11,31,5,17,63,46,38,14,24,19,66,28,0,Matches
257,Ardian Ismajli,al ALB,DF,Spezia,23,1996,14.4,19,9,10,8,1,8,13,5,10,7,3,23,42,52,1,Matches
258,Armando Izzo,it ITA,DF,Torino,28,1992,22.3,30,16,13,13,4,13,33,20,22,9,13,53,83,62,0,Matches
259,Mato Jajalo,ba BIH,MF,Udinese,32,1988,0.4,1,1,1,0,0,1,1,0,1,0,1,2,3,0,0,Matches
260,Jakub Jankto,cz CZE,MF,Sampdoria,24,1996,26.8,28,17,14,7,7,11,35,24,16,1,15,24,52,34,0,Matches
261,Juan Jesus,br BRA,DF,Roma,29,1991,1.7,3,1,2,1,0,2,4,2,1,0,1,2,5,5,0,Matches
262,Hamed Junior Traorè,ci CIV,"MF,FW",Sassuolo,20,2000,19.9,29,17,10,10,9,14,35,21,27,3,24,18,47,9,0,Matches
263,Musa Juwara,gm GAM,"MF,DF",Bologna,18,2001,0.5,2,2,2,0,0,1,3,2,1,0,1,0,2,0,0,Matches
264,Nikola Kalinić,hr CRO,FW,Hellas Verona,32,1988,11.8,5,1,2,2,1,0,3,3,6,0,6,1,6,7,0,Matches
265,Yayah Kallon,sl SLE,FW,Genoa,19,2001,0.5,0,0,0,0,0,0,0,0,0,0,0,0,0,0,0,Matches
266,Pierre Kalulu,fr FRA,DF,Milan,20,2000,8.1,18,14,11,6,1,10,14,4,9,3,6,19,37,20,0,Matches
267,Yann Karamoh,fr FRA,"FW,MF",Parma,22,1998,14.4,27,17,8,12,7,11,31,20,6,0,6,4,31,11,0,Matches
268,Isaac Karamoko,fr FRA,DF,Sassuolo,18,2002,0.0,1,0,0,0,1,1,1,0,0,0,0,0,1,0,0,Matches
269,Augustus Kargbo,sl SLE,FW,Crotone,20,1999,0.4,0,0,0,0,0,0,0,0,0,0,0,0,0,0,0,Matches
270,Rick Karsdorp,nl NED,DF,Roma,25,1995,28.3,36,23,19,12,5,21,48,27,18,1,17,30,66,32,0,Matches
271,Franck Kessié,ci CIV,MF,Milan,23,1996,35.8,53,30,28,19,6,20,38,18,47,15,32,46,99,51,0,Matches
272,Omar Khailoti,it ITA,DF,Bologna,18,2001,0.3,0,0,0,0,0,0,0,0,2,0,2,1,1,0,0,Matches
273,Simon Kjær,dk DEN,DF,Milan,31,1989,26.6,45,26,23,20,2,18,30,12,42,26,16,42,87,125,0,Matches
274,Ragnar Klavan,ee EST,DF,Cagliari,34,1985,8.6,15,9,9,5,1,7,11,4,9,4,5,8,23,34,0,Matches
275,Justin Kluivert,nl NED,MF,Roma,21,1999,0.2,0,0,0,0,0,0,0,0,0,0,0,0,0,0,0,Matches
Rk,Player,Nation,Pos,Squad,Age,Born,90s,Tkl,TklW,Def 3rd,Mid 3rd,Att 3rd,Tkl,Att,Lost,Blocks,Sh,Pass,Int,Tkl+Int,Clr,Err,Matches
276,Aleksandr Kokorin,ru RUS,"FW,MF",Fiorentina,29,1991,1.0,1,0,0,1,0,0,1,1,1,0,1,0,1,0,0,Matches
277,Aleksandar Kolarov,rs SRB,DF,Inter,34,1985,4.3,4,4,0,4,0,1,2,1,2,0,2,7,11,8,0,Matches
278,Márk Kosznovszky,hu HUN,MF,Parma,18,2002,1.0,2,2,1,1,0,1,4,3,2,0,2,1,3,1,0,Matches
279,Christian Kouamé,ci CIV,FW,Fiorentina,22,1997,11.1,9,4,2,4,3,4,12,8,9,1,8,5,14,4,0,Matches
280,Kalidou Koulibaly,sn SEN,DF,Napoli,29,1991,24.5,36,24,25,7,4,19,32,13,46,26,20,29,65,64,2,Matches
281,Viktor Kovalenko,ua UKR,FW,Atalanta,24,1996,0.0,0,0,0,0,0,0,0,0,0,0,0,0,0,1,0,Matches
282,Rade Krunić,ba BIH,"MF,FW",Milan,26,1993,8.0,15,12,6,6,3,7,17,10,12,2,10,10,25,9,0,Matches
283,Juraj Kucka,sk SVK,"MF,FW",Parma,33,1987,25.9,67,36,21,37,9,26,74,48,25,3,22,28,95,25,0,Matches
284,Dejan Kulusevski,se SWE,"MF,FW",Juventus,20,2000,21.4,33,19,12,10,11,14,43,29,22,0,22,9,42,2,1,Matches
285,Marash Kumbulla,al ALB,DF,Roma,20,2000,15.1,16,11,8,7,1,5,17,12,12,5,7,24,40,38,1,Matches
286,Jasmin Kurtić,si SVN,MF,Parma,31,1989,30.4,46,28,22,21,3,21,70,49,22,2,20,33,79,57,1,Matches
287,Giorgos Kyriakopoulos,gr GRE,DF,Sassuolo,24,1996,16.2,35,18,17,12,6,8,28,20,16,5,11,15,50,42,0,Matches
288,Antonino La Gumina,it ITA,FW,Sampdoria,24,1996,3.8,3,2,0,1,2,0,3,3,5,1,4,3,6,5,0,Matches
289,Sam Lammers,nl NED,"FW,MF",Atalanta,23,1997,3.2,2,0,0,2,0,0,6,6,0,0,0,0,2,3,0,Matches
290,Gianluca Lapadula,pe PER,FW,Benevento,30,1990,28.5,22,12,3,13,6,6,25,19,18,3,15,5,27,16,0,Matches
291,Danilo Larangeira,br BRA,DF,Bologna,36,1984,34.8,33,24,23,10,0,8,29,21,58,36,22,51,84,127,2,Matches
292,Kevin Lasagna,it ITA,FW,Udinese,27,1992,12.3,6,1,2,3,1,3,14,11,11,0,11,6,12,7,0,Matches
293,Kevin Lasagna,it ITA,FW,Hellas Verona,27,1992,14.1,7,3,0,5,2,1,5,4,12,1,11,1,8,11,0,Matches
294,Vincent Laurini,fr FRA,DF,Parma,31,1989,9.7,16,11,8,6,2,7,9,2,8,4,4,17,33,22,1,Matches
295,Darko Lazović,rs SRB,"DF,MF",Hellas Verona,29,1990,27.8,29,17,8,17,4,20,42,22,17,7,10,20,49,29,0,Matches
296,Manuel Lazzari,it ITA,DF,Lazio,26,1993,29.0,24,14,15,4,5,14,39,25,22,3,19,18,42,28,0,Matches
297,Rafael Leão,pt POR,FW,Milan,21,1999,21.4,13,6,4,7,2,6,15,9,17,0,17,4,17,14,1,Matches
298,Lucas Leiva,br BRA,MF,Lazio,33,1987,23.7,68,32,38,28,2,30,86,56,21,0,21,57,125,21,0,Matches
299,Lukas Lerager,dk DEN,MF,Genoa,27,1993,12.9,24,13,14,9,1,11,30,19,13,3,10,14,38,25,1,Matches
300,Mehdi Léris,dz ALG,"DF,MF",Sampdoria,22,1998,4.3,11,5,6,4,1,6,16,10,12,2,10,12,23,15,0,Matches
Rk,Player,Nation,Pos,Squad,Age,Born,90s,Tkl,TklW,Def 3rd,Mid 3rd,Att 3rd,Tkl,Att,Lost,Blocks,Sh,Pass,Int,Tkl+Int,Clr,Err,Matches
301,Karlo Letica,hr CRO,GK,Sampdoria,23,1997,1.0,0,0,0,0,0,0,0,0,0,0,0,0,0,2,0,Matches
302,Gaetano Letizia,it ITA,DF,Benevento,30,1990,17.4,36,25,19,13,4,17,36,19,15,3,12,20,56,42,1,Matches
303,Matthijs de Ligt,nl NED,DF,Juventus,20,1999,24.7,37,19,20,16,1,18,28,10,42,21,21,31,68,64,0,Matches
304,Karol Linetty,pl POL,MF,Torino,25,1995,20.4,38,28,13,19,6,16,45,29,19,5,14,15,53,7,0,Matches
305,Pol Lirola,es ESP,"DF,FW",Fiorentina,22,1997,5.5,13,8,8,2,3,6,12,6,6,3,3,6,19,9,0,Matches
306,Fernando Llorente,es ESP,FW,Udinese,35,1985,7.9,4,1,2,2,0,2,5,3,3,0,3,2,6,17,0,Matches
307,Fernando Llorente,es ESP,"FW,MF",Napoli,35,1985,0.6,0,0,0,0,0,0,0,0,0,0,0,0,0,0,0,Matches
308,Stanislav Lobotka,sk SVK,MF,Napoli,25,1994,1.7,1,1,0,1,0,0,1,1,1,1,0,0,1,1,1,Matches
309,Manuel Locatelli,it ITA,MF,Sassuolo,22,1998,32.0,81,47,43,28,10,29,56,27,35,15,20,51,132,65,1,Matches
310,Maxime Lopez,fr FRA,MF,Sassuolo,22,1997,20.7,24,13,15,6,3,14,41,27,9,0,9,16,40,10,1,Matches
311,Pau López,es ESP,GK,Roma,25,1994,20.2,2,0,2,0,0,2,2,0,1,0,1,0,2,7,4,Matches
312,Matteo Lovato,it ITA,DF,Hellas Verona,20,2000,15.4,21,12,14,5,2,10,21,11,20,10,10,37,58,48,1,Matches
313,Hirving Lozano,mx MEX,FW,Napoli,25,1995,21.8,29,18,10,13,6,10,36,26,37,1,36,18,47,14,0,Matches
314,José Luis Palomino,ar ARG,DF,Atalanta,30,1990,27.0,67,33,41,19,7,24,48,24,30,16,14,79,146,60,2,Matches
315,Romelu Lukaku,be BEL,FW,Inter,27,1993,32.0,11,1,1,6,4,6,14,8,11,1,10,3,14,34,0,Matches
316,Saša Lukić,rs SRB,MF,Torino,23,1996,23.4,32,13,11,18,3,15,50,35,23,5,18,17,49,17,0,Matches
317,Senad Lulić,ba BIH,DF,Lazio,34,1986,8.0,14,7,6,5,3,7,15,8,10,1,9,4,18,13,0,Matches
318,Sebastiano Luperto,it ITA,DF,Crotone,23,1996,20.9,38,20,28,8,2,16,27,11,17,7,10,27,65,74,1,Matches
319,Lyanco,br BRA,DF,Torino,23,1997,21.8,21,14,13,6,2,8,14,6,36,26,10,46,67,76,0,Matches
320,Charalampos Lykogiannis,gr GRE,DF,Cagliari,26,1993,26.9,34,21,22,9,3,22,38,16,34,13,21,32,66,94,0,Matches
321,Lisandro Magallán,ar ARG,DF,Crotone,26,1993,24.2,54,31,28,24,2,17,42,25,29,15,14,44,98,78,1,Matches
322,Christian Maggio,it ITA,DF,Benevento,38,1982,3.3,9,4,2,7,0,3,9,6,4,1,3,2,11,6,0,Matches
323,Giulio Maggiore,it ITA,MF,Spezia,22,1998,24.6,61,36,26,28,7,21,53,32,33,6,27,19,80,25,1,Matches
324,Francesco Magnanelli,it ITA,MF,Sassuolo,35,1984,4.9,7,5,2,5,0,3,10,7,6,2,4,13,20,10,0,Matches
325,Giangiacomo Magnani,it ITA,DF,Hellas Verona,24,1995,16.8,26,15,14,9,3,9,16,7,25,16,9,44,70,105,1,Matches
Rk,Player,Nation,Pos,Squad,Age,Born,90s,Tkl,TklW,Def 3rd,Mid 3rd,Att 3rd,Tkl,Att,Lost,Blocks,Sh,Pass,Int,Tkl+Int,Clr,Err,Matches
326,Jean-Victor Makengo,fr FRA,MF,Udinese,22,1998,5.8,8,7,5,3,0,3,13,10,7,1,6,5,13,7,0,Matches
327,Nikola Maksimović,rs SRB,DF,Napoli,28,1991,13.4,18,9,11,6,1,9,18,9,15,6,9,21,39,49,3,Matches
328,Kévin Malcuit,ma MAR,DF,Fiorentina,29,1991,2.3,5,3,2,2,1,0,1,1,5,0,5,3,8,6,0,Matches
329,Kévin Malcuit,ma MAR,"FW,MF",Napoli,29,1991,0.4,2,1,2,0,0,0,1,1,0,0,0,2,4,2,0,Matches
330,Daniel Maldini,it ITA,"FW,DF",Milan,18,2001,0.3,1,0,0,1,0,0,2,2,0,0,0,0,1,0,0,Matches
331,Ruslan Malinovskyi,ua UKR,"MF,FW",Atalanta,27,1993,20.8,19,8,2,13,4,8,23,15,16,1,15,2,21,4,0,Matches
332,Dennis Man,ro ROU,"FW,MF",Parma,21,1998,7.8,12,6,6,4,2,6,21,15,5,0,5,2,14,6,0,Matches
333,Gianluca Mancini,it ITA,DF,Roma,24,1996,31.7,50,29,29,19,2,18,31,13,38,18,20,72,122,77,3,Matches
334,Rolando Mandragora,it ITA,MF,Udinese,23,1997,4.4,8,5,3,4,1,3,10,7,10,3,7,6,14,5,0,Matches
335,Rolando Mandragora,it ITA,MF,Torino,23,1997,16.9,19,4,4,9,6,7,30,23,19,6,13,20,39,19,0,Matches
336,Mario Mandžukić,hr CRO,FW,Milan,34,1986,2.4,7,6,2,4,1,2,3,1,0,0,0,2,9,3,0,Matches
337,Niccolò Manfredini,it ITA,GK,Benevento,32,1988,1.0,0,0,0,0,0,0,0,0,0,0,0,0,0,2,1,Matches
338,Kostas Manolas,gr GRE,DF,Napoli,29,1991,25.5,31,18,24,7,0,17,24,7,22,13,9,23,54,82,2,Matches
339,Juan Manuel Ramos,uy URU,DF,Spezia,23,1996,3.3,5,0,3,0,2,4,7,3,1,0,1,2,7,6,0,Matches
340,Federico Marchetti,it ITA,GK,Genoa,37,1983,3.7,1,0,1,0,0,1,1,0,0,0,0,0,1,2,1,Matches
341,Riccardo Marchizza,it ITA,DF,Spezia,22,1998,17.3,20,11,12,5,3,12,21,9,13,4,9,11,31,27,0,Matches
342,Gian Marco Ferrari,it ITA,DF,Sassuolo,28,1992,33.5,32,20,15,14,3,10,23,13,46,37,9,50,82,100,1,Matches
343,Răzvan Marin,ro ROU,MF,Cagliari,24,1996,32.9,54,33,26,22,6,27,53,26,29,10,19,29,83,15,0,Matches
344,Marlon,br BRA,DF,Sassuolo,24,1995,19.4,19,13,13,6,0,13,18,5,23,17,6,27,46,44,2,Matches
345,Luca Marrone,it ITA,DF,Crotone,30,1990,17.6,25,18,16,9,0,13,21,8,22,11,11,26,51,56,1,Matches
346,Lautaro Martínez,ar ARG,FW,Inter,22,1997,28.5,25,12,5,11,9,7,24,17,31,1,30,27,52,16,0,Matches
347,Lucas Martínez Quarta,ar ARG,DF,Fiorentina,24,1996,16.5,32,20,17,11,4,18,41,23,27,9,18,39,71,48,0,Matches
348,Adam Marušić,me MNE,DF,Lazio,27,1992,33.0,38,22,22,15,1,20,40,20,38,6,32,40,78,54,0,Matches
349,Andrea Masiello,it ITA,DF,Genoa,34,1986,28.5,38,22,29,6,3,23,48,25,32,13,19,52,90,107,3,Matches
350,Giuseppe Mastinu,it ITA,FW,Spezia,28,1991,0.4,1,1,0,0,1,1,1,0,1,0,1,0,1,0,0,Matches
Rk,Player,Nation,Pos,Squad,Age,Born,90s,Tkl,TklW,Def 3rd,Mid 3rd,Att 3rd,Tkl,Att,Lost,Blocks,Sh,Pass,Int,Tkl+Int,Clr,Err,Matches
351,Ryder Matos,br BRA,MF,Udinese,27,1993,0.1,0,0,0,0,0,0,0,0,0,0,0,0,0,0,0,Matches
352,Federico Mattiello,it ITA,DF,Spezia,25,1995,0.4,0,0,0,0,0,0,0,0,0,0,0,0,0,0,0,Matches
353,Borja Mayoral,es ESP,FW,Roma,23,1997,17.2,3,2,0,0,3,1,10,9,5,0,5,0,3,5,2,Matches
354,Antonio Mazzotta,it ITA,DF,Crotone,30,1989,0.6,1,1,0,1,0,0,0,0,0,0,0,0,1,1,0,Matches
355,Ibrahima Mbaye,sn SEN,DF,Bologna,25,1994,4.8,6,5,5,1,0,3,5,2,5,3,2,1,7,10,0,Matches
356,Weston McKennie,us USA,MF,Juventus,21,1998,18.9,34,19,9,20,5,12,33,21,21,3,18,28,62,26,0,Matches
357,Gary Medel,cl CHI,"DF,MF",Bologna,32,1987,5.7,12,9,6,5,1,4,10,6,8,6,2,7,19,10,0,Matches
358,Soualiho Meïté,fr FRA,MF,Torino,26,1994,10.2,11,7,6,4,1,5,16,11,18,1,17,10,21,9,1,Matches
359,Soualiho Meïté,fr FRA,MF,Milan,26,1994,6.5,18,10,10,6,2,8,17,9,9,2,7,8,26,16,0,Matches
360,Filippo Melegoni,it ITA,"MF,DF",Genoa,21,1999,4.3,7,6,2,5,0,3,6,3,5,0,5,5,12,8,0,Matches
361,Arthur Melo,br BRA,MF,Juventus,23,1996,12.9,17,9,7,10,0,12,31,19,6,1,5,18,35,9,1,Matches
362,Alex Meret,it ITA,GK,Napoli,23,1997,22.0,0,0,0,0,0,0,1,1,0,0,0,0,0,5,0,Matches
363,Yıldırım Mert Çetin,tr TUR,DF,Hellas Verona,23,1997,4.6,8,4,3,5,0,2,6,4,7,5,2,14,22,11,1,Matches
364,Dries Mertens,be BEL,"FW,MF",Napoli,33,1987,16.2,16,14,4,7,5,5,25,20,7,1,6,9,25,3,1,Matches
365,Junior Messias,br BRA,"MF,FW",Crotone,29,1991,35.7,60,35,26,24,10,22,70,48,32,12,20,35,95,40,0,Matches
366,Petar Mićin,rs SRB,MF,Udinese,21,1998,0.2,0,0,0,0,0,0,0,0,0,0,0,0,0,0,0,Matches
367,Valentin Mihaila,ro ROU,"FW,MF",Parma,20,2000,7.8,2,1,1,1,0,0,10,10,8,1,7,5,7,8,0,Matches
368,Nikola Milenković,rs SRB,DF,Fiorentina,22,1997,33.7,49,29,33,14,2,21,33,12,42,33,9,44,93,122,1,Matches
369,Sergej Milinković-Savić,rs SRB,MF,Lazio,25,1995,30.5,59,40,20,30,9,27,84,57,52,12,40,33,92,47,0,Matches
370,Vanja Milinković-Savić,rs SRB,GK,Torino,23,1997,5.0,1,1,1,0,0,1,1,0,0,0,0,0,1,1,3,Matches
371,Vincenzo Millico,it ITA,"FW,MF",Torino,19,2000,0.2,0,0,0,0,0,0,0,0,0,0,0,0,0,0,0,Matches
372,Aleksei Miranchuk,ru RUS,"MF,FW",Atalanta,24,1995,7.5,24,13,8,9,7,6,9,3,1,0,1,3,27,1,0,Matches
373,Antonio Mirante,it ITA,GK,Roma,37,1983,12.8,0,0,0,0,0,0,1,1,1,0,1,0,0,7,2,Matches
374,Henrikh Mkhitaryan,am ARM,"MF,FW",Roma,31,1989,30.5,58,24,13,27,18,13,62,49,34,0,34,39,97,10,0,Matches
375,Johan Mojica,co COL,DF,Atalanta,27,1992,3.3,4,4,3,1,0,2,3,1,3,0,3,7,11,6,0,Matches
Rk,Player,Nation,Pos,Squad,Age,Born,90s,Tkl,TklW,Def 3rd,Mid 3rd,Att 3rd,Tkl,Att,Lost,Blocks,Sh,Pass,Int,Tkl+Int,Clr,Err,Matches
376,Nahuel Molina,ar ARG,DF,Udinese,22,1998,20.3,27,18,13,10,4,16,42,26,26,4,22,21,48,49,1,Matches
377,Salvatore Molina,it ITA,"MF,DF",Crotone,28,1992,25.7,39,22,18,14,7,29,45,16,30,8,22,17,56,41,0,Matches
378,Gabriele Moncini,it ITA,"FW,MF",Benevento,24,1996,4.0,2,1,2,0,0,0,1,1,2,0,2,2,4,4,0,Matches
379,Cristóbal Montiel,es ESP,"MF,FW",Fiorentina,20,2000,0.0,0,0,0,0,0,0,1,1,0,0,0,0,0,0,0,Matches
380,Lorenzo Montipò,it ITA,GK,Benevento,24,1996,37.0,0,0,0,0,0,0,0,0,1,0,1,0,0,16,3,Matches
381,Luca Mora,it ITA,MF,Spezia,32,1988,1.3,3,1,1,2,0,2,4,2,2,1,1,0,3,2,0,Matches
382,Álvaro Morata,es ESP,FW,Juventus,27,1992,22.4,17,12,2,10,5,4,28,24,22,2,20,5,22,21,0,Matches
383,Raúl Moro,es ESP,FW,Lazio,17,2002,0.1,0,0,0,0,0,0,1,1,0,0,0,0,0,0,0,Matches
384,Mert Müldür,tr TUR,DF,Sassuolo,21,1999,18.6,43,20,26,9,8,27,53,26,17,1,16,36,79,41,0,Matches
385,Luis Muriel,co COL,FW,Atalanta,29,1991,16.0,20,9,4,8,8,9,26,17,17,0,17,7,27,4,0,Matches
386,Vedat Muriqi,xk KVX,FW,Lazio,26,1994,9.2,3,1,0,2,1,0,8,8,9,2,7,3,6,20,0,Matches
387,Nicola Murru,it ITA,DF,Torino,25,1994,6.3,9,6,1,5,3,3,5,2,11,1,10,12,21,24,0,Matches
388,Mateo Musacchio,ar ARG,DF,Lazio,29,1990,2.5,1,1,1,0,0,0,0,0,5,2,3,2,3,5,0,Matches
389,Mateo Musacchio,ar ARG,DF,Milan,29,1990,0.4,2,1,2,0,0,2,3,1,1,0,1,3,5,0,0,Matches
390,Juan Musso,ar ARG,GK,Udinese,26,1994,35.0,1,1,1,0,0,1,1,0,0,0,0,1,2,8,1,Matches
391,Joakim Mæhle,dk DEN,DF,Atalanta,23,1997,13.5,18,10,7,5,6,8,19,11,17,2,15,11,29,5,0,Matches
392,Radja Nainggolan,be BEL,MF,Cagliari,32,1988,20.5,41,26,22,14,5,19,34,15,18,0,18,15,56,15,1,Matches
393,Radja Nainggolan,be BEL,MF,Inter,32,1988,0.5,0,0,0,0,0,0,0,0,0,0,0,1,1,0,0,Matches
394,Nahitan Nández,uy URU,"MF,DF",Cagliari,24,1995,30.4,56,28,23,23,10,25,68,43,26,4,22,23,79,49,0,Matches
395,Ilija Nestorovski,mk MKD,"FW,MF",Udinese,30,1990,7.8,6,4,2,3,1,2,13,11,5,0,5,1,7,7,0,Matches
396,Nicolas Nkoulou,cm CMR,DF,Torino,30,1990,15.1,14,9,11,3,0,7,12,5,28,14,14,33,47,71,1,Matches
397,Bram Nuytinck,nl NED,DF,Udinese,30,1990,18.2,21,15,10,9,2,13,20,7,30,17,13,25,46,77,0,Matches
398,Simeon Nwankwo,ng NGA,FW,Crotone,28,1992,32.7,9,2,2,6,1,3,22,19,21,5,16,6,15,51,0,Matches
399,M'Bala Nzola,ao ANG,FW,Spezia,23,1996,21.1,12,5,2,6,4,4,7,3,15,1,14,3,15,20,0,Matches
400,Pedro Obiang,gq EQG,MF,Sassuolo,28,1992,16.3,35,22,17,15,3,12,36,24,26,7,19,22,57,27,0,Matches
Rk,Player,Nation,Pos,Squad,Age,Born,90s,Tkl,TklW,Def 3rd,Mid 3rd,Att 3rd,Tkl,Att,Lost,Blocks,Sh,Pass,Int,Tkl+Int,Clr,Err,Matches
401,Brian Oddei,it ITA,"FW,MF",Sassuolo,17,2002,0.5,2,1,1,1,0,2,3,1,1,0,1,0,2,1,0,Matches
402,Stefano Okaka,it ITA,FW,Udinese,30,1989,16.5,10,7,2,5,3,2,10,8,7,1,6,2,12,19,0,Matches
403,Christian Oliva,uy URU,MF,Cagliari,24,1996,4.3,10,4,6,3,1,6,17,11,11,1,10,8,18,7,0,Matches
404,Maximiliano Olivera,uy URU,DF,Fiorentina,28,1992,1.0,2,0,1,1,0,1,1,0,3,1,2,0,2,8,0,Matches
405,Jérôme Onguéné,cm CMR,DF,Genoa,22,1997,2.0,2,1,2,0,0,2,7,5,2,0,2,2,4,8,0,Matches
406,Riccardo Orsolini,it ITA,"FW,MF",Bologna,23,1997,19.5,37,18,13,12,12,16,39,23,22,3,19,10,47,22,0,Matches
407,Victor Osimhen,ng NGA,FW,Napoli,21,1998,17.5,22,15,2,6,14,3,15,12,6,0,6,7,29,10,0,Matches
408,Yordan Osorio,ve VEN,DF,Parma,26,1994,20.1,22,14,13,9,0,9,24,15,30,18,12,53,75,77,1,Matches
409,David Ospina,co COL,GK,Napoli,31,1988,16.0,0,0,0,0,0,0,0,0,0,0,0,0,0,4,0,Matches
410,Adam Ounas,dz ALG,"FW,MF",Crotone,23,1996,13.3,9,4,4,4,1,0,7,7,12,1,11,3,12,4,0,Matches
411,Adam Ounas,dz ALG,"MF,FW",Cagliari,23,1996,3.4,3,2,3,0,0,0,11,11,5,0,5,3,6,0,0,Matches
412,Thomas Ouwejan,nl NED,DF,Udinese,23,1996,4.6,4,1,0,3,1,2,9,7,4,0,4,5,9,6,0,Matches
413,Daniele Padelli,it ITA,GK,Inter,34,1985,0.5,0,0,0,0,0,0,0,0,0,0,0,0,0,0,0,Matches
414,Mattia Pagliuca,it ITA,MF,Bologna,18,2002,0.1,0,0,0,0,0,0,0,0,0,0,0,1,1,0,0,Matches
415,Rodrigo Palacio,ar ARG,FW,Bologna,38,1982,27.8,13,6,2,3,8,1,15,14,18,0,18,7,20,29,0,Matches
416,Alberto Paleari,it ITA,GK,Genoa,27,1992,2.3,0,0,0,0,0,0,0,0,0,0,0,0,0,1,0,Matches
417,Antonio Palumbo,it ITA,MF,Sampdoria,23,1996,0.1,0,0,0,0,0,0,1,1,0,0,0,0,0,0,0,Matches
418,Martin Palumbo,no NOR,MF,Udinese,18,2002,0.7,0,0,0,0,0,0,0,0,5,0,5,1,1,0,0,Matches
419,Goran Pandev,mk MKD,"FW,MF",Genoa,37,1983,15.6,9,5,1,6,2,4,10,6,6,0,6,2,11,7,1,Matches
420,Ivor Pandur,hr CRO,GK,Hellas Verona,20,2000,3.7,0,0,0,0,0,0,0,0,0,0,0,0,0,0,0,Matches
421,Vittorio Parigini,it ITA,"MF,DF",Genoa,24,1996,0.6,5,2,4,0,1,0,1,1,0,0,0,0,5,0,0,Matches
422,Marco Parolo,it ITA,"DF,MF",Lazio,35,1985,7.3,21,8,8,11,2,8,20,12,20,6,14,14,35,31,0,Matches
423,Mario Pašalić,hr CRO,MF,Atalanta,25,1995,12.5,26,15,5,17,4,12,19,7,12,1,11,8,34,6,0,Matches
424,Christian Pastina,it ITA,DF,Benevento,19,2001,1.3,0,0,0,0,0,0,1,1,1,0,1,1,1,8,0,Matches
425,Javier Pastore,ar ARG,"MF,FW",Roma,31,1989,0.9,2,2,2,0,0,2,2,0,0,0,0,0,2,0,0,Matches
Rk,Player,Nation,Pos,Squad,Age,Born,90s,Tkl,TklW,Def 3rd,Mid 3rd,Att 3rd,Tkl,Att,Lost,Blocks,Sh,Pass,Int,Tkl+Int,Clr,Err,Matches
426,Patric,es ESP,DF,Lazio,27,1993,17.7,30,16,15,11,4,13,24,11,13,3,10,18,48,51,1,Matches
427,Leonardo Pavoletti,it ITA,FW,Cagliari,31,1988,17.6,7,3,2,5,0,1,20,19,4,2,2,4,11,32,0,Matches
428,Nehuén Paz,ar ARG,DF,Bologna,27,1993,4.0,9,4,4,5,0,6,7,1,4,2,2,11,20,16,0,Matches
429,Pedro,es ESP,"MF,FW",Roma,33,1987,17.7,22,14,6,11,5,7,35,28,10,0,10,9,31,2,1,Matches
430,João Pedro,it ITA,"FW,MF",Cagliari,28,1992,36.1,13,6,2,6,5,2,27,25,32,6,26,13,26,28,0,Matches
431,Gianluca Pegolo,it ITA,GK,Sassuolo,39,1981,1.0,0,0,0,0,0,0,0,0,0,0,0,0,0,1,0,Matches
432,Graziano Pellè,it ITA,FW,Parma,35,1985,6.8,2,2,0,1,1,1,8,7,3,0,3,2,4,8,0,Matches
433,Lorenzo Pellegrini,it ITA,MF,Roma,24,1996,28.9,40,24,13,20,7,21,60,39,37,2,35,42,82,23,1,Matches
434,Luca Pellegrini,it ITA,"DF,MF",Genoa,21,1999,7.1,9,6,6,2,1,4,10,6,11,2,9,8,17,13,1,Matches
435,Federico Peluso,it ITA,DF,Sassuolo,36,1984,2.3,1,1,1,0,0,1,2,1,2,2,0,3,4,12,0,Matches
436,Andreas Pereira,br BRA,"FW,MF",Lazio,24,1996,6.0,5,0,1,3,1,2,12,10,6,0,6,1,6,4,0,Matches
437,Pedro Pereira,pt POR,DF,Crotone,22,1998,28.3,50,32,29,17,4,21,40,19,33,11,22,19,69,61,0,Matches
438,Gastón Pereiro,uy URU,"MF,DF",Cagliari,25,1995,3.0,3,1,2,1,0,1,2,1,2,0,2,1,4,2,1,Matches
439,Bruno Peres,br BRA,DF,Roma,30,1990,15.9,21,11,11,7,3,13,24,11,18,4,14,27,48,11,0,Matches
440,Roberto Pereyra,ar ARG,"MF,FW",Udinese,29,1991,32.5,18,11,7,8,3,7,23,16,24,5,19,27,45,24,0,Matches
441,Carles Pérez,es ESP,"MF,FW",Roma,22,1998,8.6,9,4,3,6,0,6,31,25,9,0,9,6,15,1,0,Matches
442,Mattia Perin,it ITA,GK,Genoa,27,1992,32.0,0,0,0,0,0,0,0,0,0,0,0,1,1,6,0,Matches
443,Ivan Perišić,hr CRO,"DF,FW",Inter,31,1989,19.9,22,13,11,6,5,12,33,21,33,4,29,19,41,36,1,Matches
444,Matteo Pessina,it ITA,MF,Atalanta,23,1997,18.3,14,7,4,6,4,7,24,17,17,2,15,17,31,7,1,Matches
445,Andrea Petagna,it ITA,FW,Napoli,25,1995,10.7,2,0,0,2,0,2,7,5,4,0,4,1,3,7,0,Matches
446,Jacopo Petriccione,it ITA,MF,Crotone,25,1995,10.6,14,8,6,7,1,9,24,15,11,2,9,8,22,11,0,Matches
447,Jens Petter Hauge,no NOR,FW,Milan,20,1999,5.9,7,4,3,3,1,6,10,4,4,0,4,1,8,3,0,Matches
448,Germán Pezzella,ar ARG,DF,Fiorentina,29,1991,30.5,34,20,22,12,0,18,32,14,26,14,12,36,70,109,1,Matches
449,Giuseppe Pezzella,it ITA,DF,Parma,22,1997,20.3,34,19,23,9,2,22,41,19,22,9,13,12,46,52,3,Matches
450,Cristiano Piccini,it ITA,DF,Atalanta,27,1992,0.7,1,1,1,0,0,0,1,1,1,0,1,0,1,0,0,Matches
Rk,Player,Nation,Pos,Squad,Age,Born,90s,Tkl,TklW,Def 3rd,Mid 3rd,Att 3rd,Tkl,Att,Lost,Blocks,Sh,Pass,Int,Tkl+Int,Clr,Err,Matches
451,Roberto Piccoli,it ITA,FW,Spezia,19,2001,7.8,7,3,0,4,3,2,4,2,4,0,4,2,9,5,0,Matches
452,Andrea Pinamonti,it ITA,FW,Inter,21,1999,1.9,0,0,0,0,0,0,0,0,1,0,1,1,1,2,0,Matches
453,Carlo Pinsoglio,it ITA,GK,Juventus,30,1990,0.3,0,0,0,0,0,0,0,0,0,0,0,0,0,0,0,Matches
454,Fabio Pisacane,it ITA,DF,Cagliari,34,1986,2.5,3,2,2,1,0,3,7,4,8,5,3,1,4,9,1,Matches
455,Marko Pjaca,hr CRO,"FW,MF",Genoa,25,1995,15.8,13,6,6,3,4,4,16,12,7,2,5,7,20,12,0,Matches
456,Tommaso Pobega,it ITA,MF,Spezia,21,1999,13.7,24,12,7,13,4,11,31,20,10,2,8,9,33,22,0,Matches
457,Andrea Poli,it ITA,MF,Bologna,30,1989,4.3,9,7,4,2,3,6,12,6,7,1,6,7,16,7,0,Matches
458,Matteo Politano,it ITA,"FW,MF",Napoli,26,1993,21.2,24,16,13,9,2,11,47,36,14,1,13,14,38,18,0,Matches
459,Manolo Portanova,it ITA,"MF,FW",Genoa,20,2000,0.7,3,3,1,1,1,0,2,2,3,1,2,1,4,2,0,Matches
460,Manolo Portanova,it ITA,MF,Juventus,20,2000,0.8,2,0,2,0,0,0,2,2,4,1,3,0,2,1,0,Matches
461,Ivan Provedel,it ITA,GK,Spezia,26,1994,29.0,2,0,2,0,0,2,6,4,0,0,0,2,4,20,1,Matches
462,Erick Pulgar,cl CHI,MF,Fiorentina,26,1994,22.2,41,18,17,23,1,22,49,27,24,10,14,41,82,45,1,Matches
463,Ignacio Pussetto,ar ARG,FW,Udinese,24,1995,8.4,16,8,5,6,5,6,17,11,14,0,14,13,29,6,0,Matches
464,Fabio Quagliarella,it ITA,FW,Sampdoria,37,1983,24.5,12,8,4,4,4,2,19,17,14,1,13,7,19,10,0,Matches
465,Simone Rabbi,it ITA,"FW,DF",Bologna,18,2001,0.4,0,0,0,0,0,0,1,1,0,0,0,0,0,0,0,Matches
466,Adrien Rabiot,fr FRA,MF,Juventus,25,1995,25.7,72,42,24,41,7,28,60,32,32,11,21,43,115,29,1,Matches
467,Ivan Radovanović,rs SRB,"DF,MF",Genoa,31,1988,24.8,18,15,13,5,0,12,31,19,39,21,18,37,55,114,2,Matches
468,Ionuț Radu,ro ROU,GK,Inter,23,1997,1.5,0,0,0,0,0,0,0,0,0,0,0,0,0,1,0,Matches
469,Ștefan Radu,ro ROU,DF,Lazio,33,1986,27.3,43,24,20,19,4,25,40,15,27,14,13,45,88,73,1,Matches
470,Rafael,br BRA,GK,Spezia,38,1982,2.3,0,0,0,0,0,0,0,0,0,0,0,0,0,0,0,Matches
471,Antonio Raimondo,it ITA,FW,Bologna,16,2004,0.0,0,0,0,0,0,0,0,0,0,0,0,0,0,0,0,Matches
472,Gastón Ramírez,uy URU,"FW,MF",Sampdoria,29,1990,10.8,31,15,10,17,4,8,27,19,19,3,16,4,35,13,0,Matches
473,Aaron Ramsey,wls WAL,MF,Juventus,29,1990,12.1,22,14,8,13,1,8,25,17,13,2,11,7,29,8,2,Matches
474,Andrea Ranocchia,it ITA,DF,Inter,32,1988,7.8,13,10,6,6,1,7,8,1,5,3,2,12,25,19,0,Matches
475,Giacomo Raspadori,it ITA,"FW,MF",Sassuolo,20,2000,13.7,5,3,1,1,3,0,4,4,13,5,8,2,7,9,0,Matches
Rk,Player,Nation,Pos,Squad,Age,Born,90s,Tkl,TklW,Def 3rd,Mid 3rd,Att 3rd,Tkl,Att,Lost,Blocks,Sh,Pass,Int,Tkl+Int,Clr,Err,Matches
476,Federico Ravaglia,it ITA,GK,Bologna,20,1999,4.0,0,0,0,0,0,0,1,1,0,0,0,0,0,2,0,Matches
477,Ante Rebić,hr CRO,FW,Milan,26,1993,19.7,26,9,4,8,14,8,37,29,21,1,20,7,33,17,0,Matches
478,Arkadiusz Reca,pl POL,DF,Crotone,25,1995,25.7,34,16,15,11,8,10,45,35,30,3,27,50,84,64,0,Matches
479,Vasco Regini,it ITA,DF,Sampdoria,29,1990,1.0,2,2,2,0,0,2,2,0,1,1,0,1,3,5,0,Matches
480,Pepe Reina,es ESP,GK,Lazio,37,1982,29.0,0,0,0,0,0,0,1,1,0,0,0,1,1,6,0,Matches
481,Bryan Reynolds,us USA,DF,Roma,19,2001,3.1,4,2,1,1,2,1,5,4,4,0,4,6,10,4,0,Matches
482,Franck Ribéry,fr FRA,FW,Fiorentina,37,1983,23.9,24,11,4,9,11,5,29,24,11,2,9,3,27,1,0,Matches
483,Federico Ricci,it ITA,FW,Sassuolo,26,1994,0.0,0,0,0,0,0,0,0,0,0,0,0,0,0,0,0,Matches
484,Giacomo Ricci,it ITA,DF,Parma,23,1996,0.7,3,1,1,2,0,0,0,0,2,2,0,1,4,4,0,Matches
485,Matteo Ricci,it ITA,MF,Spezia,26,1994,24.8,40,23,14,24,2,27,52,25,24,4,20,34,74,13,0,Matches
486,Tomás Rincón,ve VEN,MF,Torino,32,1988,31.6,68,38,27,33,8,36,71,35,32,7,25,31,99,44,0,Matches
487,Andrea Rispoli,it ITA,DF,Crotone,31,1988,7.2,6,3,2,3,1,2,7,5,12,3,9,5,11,15,1,Matches
488,Emmanuel Rivière,fr FRA,FW,Crotone,30,1990,7.1,2,1,2,0,0,0,3,3,5,1,4,1,3,0,0,Matches
489,Ricardo Rodríguez,ch SUI,DF,Torino,27,1992,13.8,21,14,11,8,2,13,22,9,16,5,11,20,41,43,0,Matches
490,Marko Rog,hr CRO,MF,Cagliari,25,1995,12.9,40,24,15,22,3,16,37,21,17,6,11,19,59,15,0,Matches
491,Rogério,br BRA,DF,Sassuolo,22,1998,20.9,26,13,19,5,2,19,27,8,26,5,21,31,57,53,0,Matches
492,Luis Rojas,cl CHI,"MF,FW",Crotone,18,2002,1.2,1,0,0,1,0,1,2,1,2,0,2,1,2,0,0,Matches
493,Alessio Romagnoli,it ITA,DF,Milan,25,1995,21.2,17,7,8,7,2,8,19,11,29,22,7,24,41,80,0,Matches
494,Cristian Romero,ar ARG,DF,Atalanta,22,1998,28.3,63,32,41,19,3,27,49,22,31,13,18,96,159,71,2,Matches
495,Cristiano Ronaldo,pt POR,FW,Juventus,35,1985,31.1,6,3,1,3,2,3,15,12,11,3,8,5,11,15,1,Matches
496,Marten de Roon,nl NED,MF,Atalanta,29,1991,33.6,80,48,30,36,14,36,84,48,44,9,35,69,149,40,0,Matches
497,Nicolò Rovella,it ITA,MF,Genoa,18,2001,13.2,29,16,15,11,3,9,32,23,11,0,11,20,49,19,1,Matches
498,Amir Rrahmani,xk KVX,DF,Napoli,26,1994,12.2,13,8,7,6,0,6,9,3,17,14,3,8,21,39,1,Matches
499,Kevin Rüegg,ch SUI,"DF,MF",Hellas Verona,21,1998,2.3,0,0,0,0,0,0,0,0,3,0,3,2,2,3,0,Matches
500,Daniele Rugani,it ITA,DF,Cagliari,26,1994,11.1,24,11,10,12,2,10,20,10,15,10,5,15,39,46,0,Matches
Rk,Player,Nation,Pos,Squad,Age,Born,90s,Tkl,TklW,Def 3rd,Mid 3rd,Att 3rd,Tkl,Att,Lost,Blocks,Sh,Pass,Int,Tkl+Int,Clr,Err,Matches
501,Matteo Ruggeri,it ITA,DF,Atalanta,18,2002,2.3,3,0,1,2,0,2,3,1,2,0,2,4,7,2,0,Matches
502,Mário Rui,pt POR,DF,Napoli,29,1991,18.5,24,13,17,6,1,17,33,16,17,4,13,28,52,29,1,Matches
503,Fabián Ruiz Peña,es ESP,MF,Napoli,24,1996,28.5,58,31,26,21,11,25,70,45,33,3,30,36,94,32,1,Matches
504,Alexis Saelemaekers,be BEL,FW,Milan,21,1999,22.4,43,26,20,18,5,19,60,41,29,1,28,25,68,6,0,Matches
505,Jacopo Sala,it ITA,DF,Spezia,28,1991,4.2,17,9,14,1,2,8,22,14,5,2,3,5,22,6,0,Matches
506,Eddie Salcedo,it ITA,"MF,FW",Hellas Verona,18,2001,8.4,6,2,3,2,1,3,3,0,6,0,6,6,12,6,0,Matches
507,Antonio Sanabria,py PAR,FW,Torino,24,1996,10.9,8,3,0,4,4,2,9,7,5,0,5,5,13,8,0,Matches
508,Alexis Sánchez,cl CHI,FW,Inter,31,1988,12.7,14,8,4,4,6,5,18,13,11,0,11,7,21,1,1,Matches
509,Alex Sandro,br BRA,DF,Juventus,29,1991,20.6,37,23,19,13,5,13,25,12,20,4,16,31,68,57,0,Matches
510,Siriki Sanogo,ci CIV,MF,Benevento,18,2001,0.1,0,0,0,0,0,0,0,0,0,0,0,0,0,0,0,Matches
511,Nicola Sansone,it ITA,"FW,MF",Bologna,28,1991,13.0,22,11,7,12,3,10,31,21,15,0,15,9,31,7,0,Matches
512,Federico Santander,py PAR,FW,Bologna,29,1991,0.4,0,0,0,0,0,0,0,0,0,0,0,0,0,0,0,Matches
513,Davide Santon,it ITA,DF,Roma,29,1991,6.5,4,3,2,2,0,3,7,4,10,1,9,4,8,12,0,Matches
514,Samir Santos,br BRA,DF,Udinese,25,1994,24.6,40,23,26,12,2,13,29,16,33,17,16,58,98,60,1,Matches
515,Riccardo Saponara,it ITA,MF,Fiorentina,28,1991,0.6,2,1,0,2,0,1,3,2,0,0,0,1,3,0,0,Matches
516,Riccardo Saponara,it ITA,"FW,MF",Spezia,28,1991,4.3,4,1,1,0,3,1,3,2,1,0,1,1,5,4,0,Matches
517,Marco Sau,it ITA,"MF,FW",Benevento,32,1987,8.7,6,2,0,6,0,1,16,15,7,0,7,5,11,3,0,Matches
518,Gianluca Scamacca,it ITA,FW,Genoa,21,1999,15.0,19,10,6,7,6,7,19,12,21,4,17,9,28,12,0,Matches
519,Nicolás Schiappacasse,uy URU,MF,Sassuolo,21,1999,0.2,0,0,0,0,0,0,0,0,0,0,0,0,0,0,0,Matches
520,Pasquale Schiattarella,it ITA,MF,Benevento,33,1987,25.0,37,22,25,12,0,19,47,28,19,5,14,32,69,29,2,Matches
521,Jerdy Schouten,nl NED,MF,Bologna,23,1997,27.9,50,25,23,25,2,16,37,21,36,13,23,79,129,37,6,Matches
522,Matteo Scozzarella,it ITA,MF,Parma,32,1988,1.7,4,0,3,1,0,2,3,1,3,1,2,6,10,0,0,Matches
523,Simone Scuffet,it ITA,GK,Udinese,24,1996,1.0,0,0,0,0,0,0,0,0,0,0,0,0,0,0,0,Matches
524,Jacopo Segre,it ITA,MF,Torino,23,1997,2.1,5,2,2,1,2,2,5,3,0,0,0,0,5,1,0,Matches
525,Léo Sena,br BRA,MF,Spezia,24,1995,9.8,22,12,7,10,5,12,26,14,19,4,15,11,33,5,0,Matches
Rk,Player,Nation,Pos,Squad,Age,Born,90s,Tkl,TklW,Def 3rd,Mid 3rd,Att 3rd,Tkl,Att,Lost,Blocks,Sh,Pass,Int,Tkl+Int,Clr,Err,Matches
526,Stefano Sensi,it ITA,MF,Inter,24,1995,6.7,9,6,3,5,1,4,11,7,6,1,5,7,16,1,0,Matches
527,Luigi Sepe,it ITA,GK,Parma,29,1991,36.0,0,0,0,0,0,0,2,2,0,0,0,2,2,13,2,Matches
528,Stephan El Shaarawy,it ITA,"MF,FW",Roma,27,1992,6.4,4,3,0,3,1,2,9,7,3,1,2,3,7,2,0,Matches
529,Eldor Shomurodov,uz UZB,FW,Genoa,25,1995,18.6,28,14,7,13,8,9,37,28,17,2,15,6,34,11,0,Matches
530,Luca Siligardi,it ITA,"MF,FW",Crotone,32,1988,0.5,4,2,0,3,1,1,5,4,0,0,0,0,4,0,0,Matches
531,Luca Siligardi,it ITA,"FW,MF",Parma,32,1988,0.4,0,0,0,0,0,0,2,2,0,0,0,0,0,0,0,Matches
532,Adrien Silva,pt POR,MF,Sampdoria,31,1989,17.8,49,22,21,22,6,18,54,36,34,1,33,30,79,10,1,Matches
533,Marco Silvestri,it ITA,GK,Hellas Verona,29,1991,34.0,0,0,0,0,0,0,0,0,0,0,0,0,0,14,1,Matches
534,Giovanni Simeone,ar ARG,FW,Cagliari,25,1995,19.3,24,11,2,15,7,7,31,24,23,1,22,10,34,18,0,Matches
535,Wilfried Singo,ci CIV,DF,Torino,19,2000,20.6,29,14,16,6,7,17,33,16,13,3,10,29,58,40,0,Matches
536,Salvatore Sirigu,it ITA,GK,Torino,33,1987,32.0,1,0,1,0,0,1,2,1,0,0,0,0,1,6,2,Matches
537,Łukasz Skorupski,pl POL,GK,Bologna,29,1991,28.0,1,1,1,0,0,1,4,3,0,0,0,0,1,23,5,Matches
538,Andreas Skov Olsen,dk DEN,"FW,DF",Bologna,20,1999,13.1,19,10,11,4,4,11,21,10,15,0,15,3,22,25,0,Matches
539,Milan Škriniar,sk SVK,DF,Inter,25,1995,30.9,48,32,29,16,3,23,34,11,30,19,11,30,78,89,1,Matches
540,Chris Smalling,eng ENG,DF,Roma,30,1989,12.3,14,8,5,7,2,6,10,4,17,11,6,28,42,46,1,Matches
541,Simon Sohm,ch SUI,MF,Parma,19,2001,10.0,18,12,11,6,1,11,26,15,8,0,8,5,23,7,0,Matches
542,Roberto Soriano,it ITA,MF,Bologna,29,1991,36.1,48,26,15,20,13,15,64,49,31,8,23,18,66,43,0,Matches
543,Riccardo Sottil,it ITA,"FW,MF",Cagliari,21,1999,13.2,7,3,2,3,2,0,7,7,4,0,4,5,12,3,0,Matches
544,Adama Soumaoro,fr FRA,DF,Bologna,28,1992,19.5,24,14,17,7,0,6,12,6,28,23,5,20,44,72,0,Matches
545,Leonardo Spinazzola,it ITA,DF,Roma,27,1993,23.6,12,6,3,9,0,8,20,12,16,1,15,25,37,31,0,Matches
546,Marco Sportiello,it ITA,GK,Atalanta,28,1992,14.0,2,2,2,0,0,1,3,2,0,0,0,2,4,5,1,Matches
547,Mattia Sprocati,it ITA,"MF,FW",Parma,27,1993,0.2,1,0,0,1,0,1,1,0,0,0,0,1,2,0,0,Matches
548,Thomas Strakosha,al ALB,GK,Lazio,25,1995,9.0,1,1,1,0,0,0,0,0,0,0,0,1,2,4,0,Matches
549,Kevin Strootman,nl NED,MF,Genoa,30,1990,14.6,30,18,13,15,2,14,32,18,35,3,32,25,55,18,0,Matches
550,Jens Stryger Larsen,dk DEN,DF,Udinese,29,1991,29.3,17,11,14,3,0,8,25,17,26,11,15,24,41,65,0,Matches
Rk,Player,Nation,Pos,Squad,Age,Born,90s,Tkl,TklW,Def 3rd,Mid 3rd,Att 3rd,Tkl,Att,Lost,Blocks,Sh,Pass,Int,Tkl+Int,Clr,Err,Matches
551,Stefano Sturaro,it ITA,MF,Hellas Verona,27,1993,4.7,4,3,3,0,1,2,8,6,5,1,4,5,9,10,0,Matches
552,Stefano Sturaro,it ITA,MF,Genoa,27,1993,4.9,11,5,3,6,2,3,15,12,5,0,5,7,18,2,0,Matches
553,Bosko Sutalo,hr CRO,DF,Atalanta,20,2000,2.6,5,5,0,3,2,4,5,1,2,1,1,2,7,7,1,Matches
554,Mattias Svanberg,se SWE,MF,Bologna,21,1999,20.6,38,17,21,9,8,16,45,29,25,4,21,30,68,25,1,Matches
555,Wojciech Szczęsny,pl POL,GK,Juventus,30,1990,29.7,0,0,0,0,0,0,0,0,2,0,2,3,3,5,1,Matches
556,Adrien Tameze,cm CMR,MF,Hellas Verona,26,1994,25.6,39,25,23,15,1,11,27,16,31,8,23,32,71,46,2,Matches
557,Ciprian Tătărușanu,ro ROU,GK,Milan,34,1986,1.0,0,0,0,0,0,0,0,0,0,0,0,0,0,0,1,Matches
558,Andrés Tello,co COL,"DF,MF",Benevento,23,1996,4.6,9,6,8,0,1,5,20,15,8,1,7,6,15,6,0,Matches
559,Hidde ter Avest,nl NED,DF,Udinese,23,1997,3.9,5,2,3,2,0,2,5,3,3,1,2,2,7,5,0,Matches
560,Pietro Terracciano,it ITA,GK,Fiorentina,30,1990,3.0,0,0,0,0,0,0,0,0,0,0,0,0,0,1,0,Matches
561,Claudio Terzi,it ITA,DF,Spezia,36,1984,20.8,33,20,19,14,0,19,28,9,23,12,11,36,69,55,1,Matches
562,Morten Thorsby,no NOR,MF,Sampdoria,24,1996,29.4,76,42,32,36,8,20,60,40,51,16,35,25,101,30,0,Matches
563,Jeremy Toljan,de GER,DF,Sassuolo,25,1994,16.6,21,12,16,3,2,12,27,15,15,7,8,13,34,28,0,Matches
564,Rafael Tolói,it ITA,DF,Atalanta,29,1990,28.2,51,23,21,26,4,26,48,22,37,7,30,33,84,66,0,Matches
565,Takehiro Tomiyasu,jp JPN,DF,Bologna,21,1998,30.2,47,31,27,14,6,21,34,13,37,19,18,54,101,106,0,Matches
566,Fikayo Tomori,eng ENG,DF,Milan,22,1997,16.3,28,18,17,9,2,8,14,6,32,20,12,18,46,61,1,Matches
567,Sandro Tonali,it ITA,MF,Milan,20,2000,14.8,28,19,14,13,1,13,28,15,18,5,13,22,50,18,0,Matches
568,Lorenzo Tonelli,it ITA,DF,Sampdoria,30,1990,19.8,33,18,20,11,2,10,21,11,21,14,7,25,58,94,1,Matches
569,Ernesto Torregrossa,ve VEN,FW,Sampdoria,28,1992,1.9,1,1,0,0,1,0,2,2,4,0,4,1,2,1,0,Matches
570,Mattéo Tramoni,fr FRA,"MF,FW",Cagliari,20,2000,0.8,4,2,2,1,1,1,2,1,5,0,5,1,5,2,0,Matches
571,Chaka Traorè,ci CIV,"FW,DF",Parma,15,2004,0.2,0,0,0,0,0,0,0,0,0,0,0,0,0,1,1,Matches
572,Alessandro Tripaldelli,it ITA,DF,Cagliari,21,1999,3.3,13,6,5,6,2,5,6,1,6,1,5,3,16,15,0,Matches
573,Alessandro Tuia,it ITA,DF,Benevento,30,1990,19.6,39,17,34,4,1,15,25,10,22,10,12,36,75,91,1,Matches
574,Ľubomír Tupta,sk SVK,FW,Hellas Verona,22,1998,0.6,0,0,0,0,0,0,0,0,0,0,0,0,0,0,0,Matches
575,Destiny Udogie,it ITA,"DF,MF",Hellas Verona,17,2002,1.9,6,4,2,2,2,2,2,0,3,0,3,2,8,4,0,Matches
Rk,Player,Nation,Pos,Squad,Age,Born,90s,Tkl,TklW,Def 3rd,Mid 3rd,Att 3rd,Tkl,Att,Lost,Blocks,Sh,Pass,Int,Tkl+Int,Clr,Err,Matches
576,Samir Ujkani,xk KVX,GK,Torino,32,1988,1.0,0,0,0,0,0,0,0,0,0,0,0,0,0,1,0,Matches
577,Kacper Urbanski,pl POL,FW,Bologna,15,2004,0.0,0,0,0,0,0,0,0,0,0,0,0,0,0,0,0,Matches
578,Lautaro Valenti,ar ARG,DF,Parma,21,1999,5.5,10,4,7,2,1,6,15,9,11,3,8,11,21,30,0,Matches
579,Borja Valero,es ESP,"MF,FW",Fiorentina,35,1985,5.5,13,9,7,4,2,3,15,12,6,1,5,6,19,2,0,Matches
580,Denis Vavro,sk SVK,DF,Lazio,24,1996,0.4,0,0,0,0,0,0,1,1,0,0,0,1,1,3,0,Matches
581,Matías Vecino,uy URU,MF,Inter,28,1991,3.1,1,1,0,0,1,0,5,5,7,1,6,4,5,3,0,Matches
582,Miguel Veloso,pt POR,MF,Hellas Verona,34,1986,14.6,24,17,10,10,4,12,34,22,12,1,11,12,36,25,0,Matches
583,Lorenzo Venuti,it ITA,DF,Fiorentina,25,1995,19.5,24,11,14,7,3,14,28,14,18,3,15,17,41,24,0,Matches
584,Daniele Verde,it ITA,FW,Spezia,24,1996,10.9,5,4,2,2,1,4,10,6,5,0,5,9,14,7,0,Matches
585,Simone Verdi,it ITA,"MF,FW",Torino,28,1992,18.0,19,12,10,6,3,6,19,13,8,0,8,8,27,2,2,Matches
586,Jordan Veretout,fr FRA,MF,Roma,27,1993,22.8,20,12,8,12,0,9,33,24,14,3,11,14,34,21,3,Matches
587,Edoardo Vergani,it ITA,FW,Bologna,19,2001,0.1,0,0,0,0,0,0,0,0,0,0,0,0,0,0,0,Matches
588,Valerio Verre,it ITA,"FW,MF",Sampdoria,26,1994,11.1,11,7,2,7,2,4,19,15,14,2,12,9,20,3,0,Matches
589,Guglielmo Vicario,it ITA,GK,Cagliari,23,1996,4.0,0,0,0,0,0,0,0,0,0,0,0,0,0,1,0,Matches
590,Arturo Vidal,cl CHI,MF,Inter,33,1987,12.6,27,14,8,13,6,12,41,29,23,3,20,29,56,11,0,Matches
591,Ronaldo Vieira,gw GNB,"MF,DF",Hellas Verona,22,1998,2.5,5,3,1,3,1,0,2,2,4,3,1,0,5,2,0,Matches
592,Luca Vignali,it ITA,DF,Spezia,24,1996,17.7,19,9,10,6,3,7,25,18,13,5,8,22,41,25,0,Matches
593,Emanuel Vignato,it ITA,"FW,MF",Bologna,19,2000,13.4,18,9,9,6,3,3,15,12,6,1,5,10,28,7,0,Matches
594,Gonzalo Villar,es ESP,MF,Roma,22,1998,20.7,44,18,14,24,6,18,61,43,25,3,22,22,66,14,1,Matches
595,Nicolas Viola,it ITA,MF,Benevento,30,1989,11.5,16,9,2,11,3,6,28,22,10,3,7,9,25,7,0,Matches
596,Dušan Vlahović,rs SRB,FW,Fiorentina,20,2000,32.5,13,4,3,4,6,5,16,11,16,2,14,4,17,15,0,Matches
597,Mërgim Vojvoda,xk KVX,"DF,FW",Torino,25,1995,15.1,24,14,18,5,1,12,22,10,19,4,15,18,42,35,1,Matches
598,Stefan de Vrij,nl NED,DF,Inter,28,1992,30.4,28,16,15,12,1,15,24,9,24,18,6,41,69,95,0,Matches
599,Giacomo Vrioni,al ALB,FW,Juventus,21,1998,0.0,0,0,0,0,0,0,0,0,0,0,0,0,0,0,0,Matches
600,Miloš Vulić,rs SRB,MF,Crotone,23,1996,14.5,15,8,9,1,5,8,21,13,10,1,9,8,23,8,0,Matches
Rk,Player,Nation,Pos,Squad,Age,Born,90s,Tkl,TklW,Def 3rd,Mid 3rd,Att 3rd,Tkl,Att,Lost,Blocks,Sh,Pass,Int,Tkl+Int,Clr,Err,Matches
601,Walace,br BRA,MF,Udinese,25,1995,22.8,50,23,28,19,3,21,60,39,36,3,33,34,84,23,0,Matches
602,Sebastian Walukiewicz,pl POL,DF,Cagliari,20,2000,18.0,27,19,11,13,3,12,30,18,22,14,8,36,63,60,0,Matches
603,Maya Yoshida,jp JPN,DF,Sampdoria,31,1988,25.3,17,4,10,7,0,7,13,6,45,34,11,57,74,93,1,Matches
604,Ashley Young,eng ENG,DF,Inter,35,1985,15.8,15,7,8,4,3,3,13,10,13,0,13,6,21,31,0,Matches
605,Mattia Zaccagni,it ITA,MF,Hellas Verona,25,1995,29.0,27,13,8,11,8,8,25,17,28,4,24,27,54,13,1,Matches
606,Vasilios Zagaritis,gr GRE,DF,Parma,19,2001,0.7,0,0,0,0,0,0,0,0,1,0,1,0,0,0,0,Matches
607,Miha Zajc,si SVN,MF,Genoa,26,1994,20.7,22,14,9,10,3,13,39,26,30,4,26,27,49,19,0,Matches
608,Nicola Zalewski,pl POL,MF,Roma,18,2002,0.1,1,1,0,1,0,1,1,0,0,0,0,0,1,0,0,Matches
609,Niccolò Zanellato,it ITA,MF,Crotone,22,1998,18.2,24,14,16,6,2,13,36,23,19,5,14,16,40,12,2,Matches
610,Cristián Zapata,co COL,DF,Genoa,33,1986,10.8,18,12,11,7,0,10,14,4,15,11,4,15,33,56,0,Matches
611,Duván Zapata,co COL,FW,Atalanta,29,1991,26.4,12,5,2,3,7,4,13,9,19,5,14,6,18,19,0,Matches
612,Gabriele Zappa,it ITA,DF,Cagliari,20,1999,26.6,34,17,16,15,3,22,49,27,36,4,32,24,58,50,0,Matches
613,Davide Zappacosta,it ITA,DF,Genoa,28,1992,22.7,33,16,15,13,5,15,30,15,17,1,16,18,51,41,0,Matches
614,Simone Zaza,it ITA,FW,Torino,29,1991,16.6,15,9,4,6,5,6,20,14,14,0,14,3,18,5,1,Matches
615,Marvin Zeegelaar,nl NED,DF,Udinese,29,1990,19.3,40,18,23,16,1,20,39,19,21,9,12,24,64,43,0,Matches
616,Piotr Zieliński,pl POL,MF,Napoli,26,1994,28.0,18,10,8,7,3,7,20,13,23,4,19,18,36,12,0,Matches
617,Joshua Zirkzee,nl NED,"FW,MF",Parma,19,2001,1.3,2,2,1,1,0,1,3,2,1,1,0,0,2,1,0,Matches
618,Jeroen Zoet,nl NED,GK,Spezia,29,1991,6.7,0,0,0,0,0,0,1,1,0,0,0,0,0,4,2,Matches
619,Filip Đuričić,rs SRB,"MF,FW",Sassuolo,28,1992,23.1,32,23,6,16,10,12,30,18,20,2,18,9,41,12,0,Matches
