rk,player,nation,pos,squad,age,born,90s,crdy,crdr,2crdy,fls,fld,off,crs,int,tklw,pkwon,pkcon,og,recov,won,lost,won_aerial,matches
1,Gennaro Acampora,it ITA,"MF,FW",Spezia,26,1994,4.9,2,0,0,10,12,1,7,4,4,0,0,0,31,3,5,37.5,Matches
2,Francesco Acerbi,it ITA,DF,Lazio,32,1988,31.3,9,1,1,31,24,2,32,76,32,0,0,0,227,62,25,71.3,Matches
3,Andrea Adorante,it ITA,FW,Parma,20,2000,0.1,0,0,0,0,0,0,0,0,0,0,0,0,1,0,1,0.0,Matches
4,Lucien Agoume,fr FRA,MF,Spezia,18,2002,8.9,2,0,0,17,8,0,1,15,10,0,0,0,75,12,2,85.7,Matches
5,Kevin Agudelo,co COL,FW,Spezia,21,1998,15.1,4,0,0,20,32,2,11,10,28,0,0,0,60,16,34,32.0,Matches
6,Jean-Daniel Akpa-Akpro,ci CIV,MF,Lazio,27,1992,11.7,9,0,0,31,12,0,4,18,25,0,0,0,70,9,9,50.0,Matches
7,Luis Alberto,es ESP,MF,Lazio,27,1992,29.1,5,0,0,19,36,2,150,13,24,0,0,0,209,10,12,45.5,Matches
8,Bruno Alves,pt POR,DF,Parma,38,1981,18.1,3,0,0,20,9,1,8,26,10,0,0,0,74,43,5,89.6,Matches
9,Wisdom Amey,it ITA,DF,Bologna,14,2005,0.0,0,0,0,0,0,0,0,0,0,0,0,0,0,0,0,,Matches
10,Sofyan Amrabat,ma MAR,MF,Fiorentina,23,1996,27.1,7,0,0,59,44,0,16,23,22,0,0,0,188,18,26,40.9,Matches
11,Djavan Anderson,sr SUR,DF,Lazio,25,1995,0.8,0,0,0,1,1,0,2,1,0,0,0,0,4,0,0,,Matches
12,Nícolas Andrade,br BRA,GK,Udinese,32,1988,2.0,0,0,0,0,0,0,0,0,0,0,0,0,1,0,0,,Matches
13,Davide Angelo Ghislandi,it ITA,DF,Atalanta,19,2001,0.1,0,0,0,0,0,0,0,0,0,0,0,0,0,0,1,0.0,Matches
14,Philip Ankhrah,gh GHA,MF,Hellas Verona,17,2002,0.1,0,0,0,0,1,0,0,0,0,0,0,0,0,0,0,,Matches
15,Cristian Ansaldi,ar ARG,"DF,FW",Torino,33,1986,21.6,1,0,0,24,22,0,177,16,33,0,1,0,99,7,14,33.3,Matches
16,Valentin Antov,bg BUL,DF,Bologna,19,2000,2.6,1,0,0,2,2,0,0,4,2,0,0,0,11,3,5,37.5,Matches
17,Nicolò Armini,it ITA,DF,Lazio,19,2001,0.1,0,0,0,1,0,0,0,0,0,0,0,0,0,0,1,0.0,Matches
18,Tolgay Arslan,de GER,MF,Udinese,29,1990,20.2,9,0,0,38,45,0,13,22,32,0,1,0,139,11,9,55.0,Matches
19,Kwadwo Asamoah,gh GHA,"DF,MF",Cagliari,31,1988,2.5,0,0,0,0,4,0,7,4,3,0,0,0,20,2,1,66.7,Matches
20,Kristoffer Askildsen,no NOR,MF,Sampdoria,19,2001,1.1,2,0,0,3,1,0,1,3,0,0,0,0,5,1,1,50.0,Matches
21,Emil Audero,id IDN,GK,Sampdoria,23,1997,37.0,0,0,0,0,6,0,0,1,1,0,0,0,61,6,0,100.0,Matches
22,Tommaso Augello,it ITA,DF,Sampdoria,25,1994,35.7,2,1,0,13,25,2,148,32,30,0,0,0,214,41,30,57.7,Matches
23,Kaan Ayhan,tr TUR,DF,Sassuolo,25,1994,8.8,3,0,0,8,2,0,3,16,9,0,0,0,37,12,22,35.3,Matches
24,Milan Badelj,hr CRO,MF,Genoa,31,1989,26.8,7,0,0,34,33,1,15,87,27,1,0,0,228,16,12,57.1,Matches
25,Tiemoué Bakayoko,fr FRA,MF,Napoli,25,1994,21.8,6,1,1,36,52,1,2,36,41,1,0,0,129,44,34,56.4,Matches
Rk,Player,Nation,Pos,Squad,Age,Born,90s,CrdY,CrdR,2CrdY,Fls,Fld,Off,Crs,Int,TklW,PKwon,PKcon,OG,Recov,Won,Lost,Won%,Matches
26,Keita Baldé,sn SEN,FW,Sampdoria,25,1995,13.3,4,1,0,32,35,4,8,0,6,1,1,0,25,20,41,32.8,Matches
27,Botond Balogh,hu HUN,DF,Parma,18,2002,1.8,1,0,0,1,0,0,0,2,7,0,0,0,5,2,3,40.0,Matches
28,Mattia Bani,it ITA,DF,Genoa,26,1993,10.2,4,0,0,13,7,1,2,27,5,0,0,0,39,32,29,52.5,Matches
29,Mattia Bani,it ITA,DF,Parma,26,1993,12.7,6,0,0,16,8,0,3,33,11,0,0,0,54,34,24,58.6,Matches
30,Antonín Barák,cz CZE,MF,Hellas Verona,25,1994,30.7,5,1,0,60,17,4,14,12,19,0,1,0,216,65,81,44.5,Matches
31,Federico Barba,it ITA,DF,Benevento,26,1993,29.5,8,0,0,27,10,1,38,48,16,0,0,1,116,22,30,42.3,Matches
32,Nicolò Barella,it ITA,MF,Inter,23,1997,32.2,5,0,0,43,53,2,64,26,31,0,1,0,193,30,28,51.7,Matches
33,Antonio Barreca,it ITA,DF,Fiorentina,25,1995,0.9,0,0,0,1,0,1,11,0,0,0,1,0,3,3,2,60.0,Matches
34,Musa Barrow,gm GAM,"FW,MF",Bologna,21,1998,32.5,0,0,0,17,32,11,138,11,10,0,0,0,110,23,73,24.0,Matches
35,Paolo Bartolomei,it ITA,MF,Spezia,30,1989,3.6,1,0,0,4,1,0,13,1,2,0,1,0,9,1,1,50.0,Matches
36,Daniele Baselli,it ITA,MF,Torino,28,1992,4.4,2,0,0,6,9,0,14,9,7,0,0,0,39,7,7,50.0,Matches
37,Alessandro Bastoni,it ITA,DF,Inter,21,1999,32.5,6,0,0,40,28,0,24,40,22,0,0,0,164,48,32,60.0,Matches
38,Simone Bastoni,it ITA,DF,Spezia,23,1996,16.9,7,0,0,35,27,2,93,16,29,0,1,0,122,27,25,51.9,Matches
39,Bastos,ao ANG,DF,Lazio,29,1991,0.7,0,0,0,1,4,0,0,0,1,0,0,0,8,1,0,100.0,Matches
40,Rodrigo Becão,br BRA,DF,Udinese,24,1996,30.9,5,0,0,50,47,0,13,68,33,0,1,0,142,61,36,62.9,Matches
41,Valon Behrami,ch SUI,MF,Genoa,35,1985,9.9,3,1,1,28,21,0,3,9,9,1,0,0,41,12,18,40.0,Matches
42,Andrea Belotti,it ITA,FW,Torino,26,1993,32.1,4,0,0,58,135,21,25,12,18,3,1,0,87,81,111,42.2,Matches
43,Ahmad Benali,ly LBY,MF,Crotone,28,1992,13.5,2,0,0,12,16,1,28,6,11,0,0,0,94,10,4,71.4,Matches
44,Ismaël Bennacer,dz ALG,MF,Milan,22,1997,14.7,4,0,0,20,30,0,10,20,18,1,1,0,118,11,21,34.4,Matches
45,Rodrigo Bentancur,uy URU,MF,Juventus,23,1997,25.8,8,1,1,45,27,2,25,47,33,0,0,0,205,30,21,58.8,Matches
46,Alessandro Berardi,it ITA,GK,Hellas Verona,29,1991,0.3,0,0,0,0,0,0,0,0,0,0,0,0,1,0,0,,Matches
47,Domenico Berardi,it ITA,FW,Sassuolo,25,1994,27.5,4,0,0,43,59,2,117,26,22,1,0,0,136,12,32,27.3,Matches
48,Álex Berenguer,es ESP,MF,Torino,25,1995,1.5,0,0,0,2,3,1,5,0,0,0,0,0,5,2,2,50.0,Matches
49,Bartosz Bereszyński,pl POL,DF,Sampdoria,28,1992,29.0,2,0,0,28,28,0,46,42,44,0,0,0,152,28,33,45.9,Matches
50,Federico Bernardeschi,it ITA,"MF,DF",Juventus,26,1994,10.8,3,0,0,13,17,2,85,14,4,0,0,0,64,6,7,46.2,Matches
Rk,Player,Nation,Pos,Squad,Age,Born,90s,CrdY,CrdR,2CrdY,Fls,Fld,Off,Crs,Int,TklW,PKwon,PKcon,OG,Recov,Won,Lost,Won%,Matches
51,Marco Bertini,it ITA,MF,Lazio,17,2002,0.1,0,0,0,0,0,0,0,0,0,0,0,0,1,0,0,,Matches
52,Daniel Bessa,it ITA,MF,Hellas Verona,27,1993,6.8,1,0,0,16,6,3,16,2,8,0,0,0,39,2,16,11.1,Matches
53,Cristiano Biraghi,it ITA,DF,Fiorentina,27,1992,31.1,8,0,0,27,23,4,286,27,23,0,0,0,136,9,19,32.1,Matches
54,Davide Biraschi,it ITA,DF,Genoa,26,1994,10.2,2,0,0,16,7,0,13,21,9,0,0,0,61,9,14,39.1,Matches
55,Jeremie Boga,ci CIV,"FW,MF",Sassuolo,23,1997,19.8,0,0,0,9,35,9,11,8,9,0,0,0,69,2,8,20.0,Matches
56,Giacomo Bonaventura,it ITA,MF,Fiorentina,30,1989,25.1,5,0,0,39,41,7,38,39,19,1,0,0,139,29,31,48.3,Matches
57,Federico Bonazzoli,it ITA,FW,Torino,23,1997,6.3,2,0,0,11,19,4,1,2,4,0,0,0,21,4,9,30.8,Matches
58,Federico Bonazzoli,it ITA,FW,Sampdoria,23,1997,1.5,0,0,0,3,2,0,1,0,0,0,0,0,6,0,1,0.0,Matches
59,Kevin Bonifazi,it ITA,DF,Udinese,24,1996,27.4,4,0,0,26,14,0,4,50,21,0,2,0,164,41,24,63.1,Matches
60,Leonardo Bonucci,it ITA,DF,Juventus,33,1987,22.5,4,0,0,21,16,3,5,33,14,0,2,0,93,34,19,64.2,Matches
61,Mehdi Bourabia,ma MAR,MF,Sassuolo,28,1991,5.9,2,0,0,15,6,0,5,12,5,0,1,0,43,14,5,73.7,Matches
62,Edoardo Bove,it ITA,MF,Roma,18,2002,0.1,0,0,0,0,0,0,0,0,0,0,0,0,2,1,0,100.0,Matches
63,Jayden Braaf,nl NED,FW,Udinese,17,2002,1.3,0,0,0,2,1,0,1,0,0,0,0,0,7,0,5,0.0,Matches
64,Gleison Bremer,br BRA,DF,Torino,23,1997,32.6,2,0,0,30,16,0,2,70,34,1,1,0,206,96,65,59.6,Matches
65,Marcelo Brozović,hr CRO,MF,Inter,27,1992,28.7,9,1,1,34,13,0,86,40,29,0,0,0,175,21,28,42.9,Matches
66,Gastón Brugman,uy URU,MF,Parma,27,1992,18.0,7,0,0,27,22,1,56,45,19,0,0,0,126,8,8,50.0,Matches
67,Juan Brunetta,ar ARG,"FW,MF",Parma,23,1997,5.3,3,0,0,11,16,1,24,1,2,0,0,0,25,3,6,33.3,Matches
68,Gianluigi Buffon,it ITA,GK,Juventus,42,1978,8.0,0,0,0,0,1,0,0,0,0,0,0,0,11,0,0,,Matches
69,Alessandro Buongiorno,it ITA,DF,Torino,21,1999,9.5,4,0,0,17,11,1,1,11,5,0,0,0,43,22,10,68.8,Matches
70,Maxime Busi,be BEL,DF,Parma,20,1999,13.3,3,0,0,23,8,1,32,16,13,0,2,0,74,9,25,26.5,Matches
71,Martín Cáceres,uy URU,DF,Fiorentina,33,1987,24.9,4,0,0,19,18,0,45,14,12,0,1,0,126,25,24,51.0,Matches
72,Felipe Caicedo,ec ECU,FW,Lazio,31,1988,10.3,5,0,0,25,17,8,0,4,7,0,0,0,24,26,24,52.0,Matches
73,Arturo Calabresi,it ITA,"DF,FW",Bologna,24,1996,0.2,0,0,0,0,0,0,0,0,0,0,0,0,0,0,1,0.0,Matches
74,Arturo Calabresi,it ITA,DF,Cagliari,24,1996,0.2,0,0,0,0,0,0,1,0,0,0,0,0,2,1,0,100.0,Matches
75,Davide Calabria,it ITA,DF,Milan,23,1996,29.4,7,0,0,31,36,3,69,37,64,1,0,1,191,27,28,49.1,Matches
Rk,Player,Nation,Pos,Squad,Age,Born,90s,CrdY,CrdR,2CrdY,Fls,Fld,Off,Crs,Int,TklW,PKwon,PKcon,OG,Recov,Won,Lost,Won%,Matches
76,Riccardo Calafiori,it ITA,DF,Roma,18,2002,0.7,2,0,0,6,2,0,0,0,0,0,0,0,7,2,1,66.7,Matches
77,Mattia Caldara,it ITA,DF,Atalanta,26,1994,1.2,1,0,0,3,1,0,1,4,0,0,0,0,15,6,5,54.5,Matches
78,Luca Caldirola,it ITA,DF,Benevento,29,1991,17.5,6,1,1,20,25,1,3,20,13,0,0,0,60,26,25,51.0,Matches
79,Hakan Çalhanoğlu,tr TUR,"MF,FW",Milan,26,1994,29.0,4,0,0,29,43,4,221,15,7,1,0,0,141,17,32,34.7,Matches
80,Fabrizio Caligara,it ITA,"MF,FW",Cagliari,20,2000,2.0,2,0,0,10,2,0,6,3,4,0,1,0,9,2,0,100.0,Matches
81,José Callejón,es ESP,"FW,MF",Fiorentina,33,1987,7.4,0,0,0,6,12,0,28,4,7,0,0,0,33,9,8,52.9,Matches
82,Drissa Camara,ci CIV,MF,Parma,18,2002,0.2,0,0,0,0,0,0,1,0,0,0,0,0,1,1,0,100.0,Matches
83,Antonio Candreva,it ITA,MF,Sampdoria,33,1987,27.8,1,0,0,15,29,10,291,9,19,1,0,0,160,3,8,27.3,Matches
84,Elio Capradossi,ug UGA,DF,Spezia,24,1996,1.0,0,0,0,1,0,0,0,1,1,0,0,0,4,1,2,33.3,Matches
85,Gianluca Caprari,it ITA,"MF,FW",Benevento,27,1993,20.7,4,1,0,23,55,8,106,18,11,1,0,0,129,3,30,9.1,Matches
86,Francesco Caputo,it ITA,FW,Sassuolo,32,1987,18.9,1,0,0,16,32,19,1,1,0,3,0,0,29,11,16,40.7,Matches
87,Andrea Carboni,it ITA,DF,Cagliari,19,2001,12.1,2,0,0,11,6,0,22,14,23,0,0,0,46,16,20,44.4,Matches
88,Giuseppe Caso,it ITA,"DF,FW",Genoa,21,1998,0.6,0,0,0,2,2,0,2,0,0,0,0,0,7,0,1,0.0,Matches
89,Francesco Cassata,it ITA,"DF,FW",Genoa,23,1997,2.5,2,0,0,10,8,0,6,3,6,0,0,0,16,3,4,42.9,Matches
90,Samu Castillejo,es ESP,FW,Milan,25,1995,13.1,5,0,0,25,30,4,34,6,12,1,0,0,78,8,20,28.6,Matches
91,Gaetano Castrovilli,it ITA,MF,Fiorentina,23,1997,25.9,8,1,0,41,63,1,36,34,19,0,1,0,136,13,39,25.0,Matches
92,Danilo Cataldi,it ITA,MF,Lazio,25,1994,6.3,4,0,0,9,4,0,30,9,2,0,1,0,64,1,5,16.7,Matches
93,Federico Ceccherini,it ITA,DF,Hellas Verona,28,1992,19.3,8,0,0,47,33,1,6,40,12,0,0,0,92,72,42,63.2,Matches
94,Federico Ceccherini,it ITA,DF,Fiorentina,28,1992,3.0,2,0,0,5,3,0,0,7,1,0,1,1,12,4,4,50.0,Matches
95,Luca Ceppitelli,it ITA,DF,Cagliari,30,1989,16.3,3,0,0,15,13,1,11,25,19,0,0,0,77,46,29,61.3,Matches
96,Alberto Cerri,it ITA,FW,Cagliari,24,1996,4.1,1,0,0,18,15,1,3,2,2,0,0,0,12,34,23,59.6,Matches
97,Julian Chabot,de GER,DF,Spezia,22,1998,18.4,11,1,1,32,32,0,2,37,34,0,1,0,82,57,33,63.3,Matches
98,Giorgio Chiellini,it ITA,DF,Juventus,35,1984,15.4,4,0,0,19,15,1,3,27,9,1,3,1,66,26,21,55.3,Matches
99,Federico Chiesa,it ITA,DF,Fiorentina,22,1997,2.7,0,0,0,2,3,2,11,1,2,0,0,0,10,1,1,50.0,Matches
100,Federico Chiesa,it ITA,"MF,DF",Juventus,22,1997,24.6,3,1,0,30,36,11,70,12,26,2,0,0,104,6,28,17.6,Matches
Rk,Player,Nation,Pos,Squad,Age,Born,90s,CrdY,CrdR,2CrdY,Fls,Fld,Off,Crs,Int,TklW,PKwon,PKcon,OG,Recov,Won,Lost,Won%,Matches
101,Vlad Chiricheș,ro ROU,DF,Sassuolo,30,1989,20.4,6,0,0,31,14,1,4,50,23,0,0,1,135,52,45,53.6,Matches
102,Luca Cigarini,it ITA,MF,Crotone,34,1986,10.3,5,1,1,27,18,0,24,12,14,1,0,0,65,9,9,50.0,Matches
103,Antonio Cioffi,it ITA,FW,Napoli,17,2002,0.1,0,0,0,0,0,0,0,1,0,0,0,0,1,0,0,,Matches
104,Ebrima Colley,gm GAM,"MF,FW",Hellas Verona,20,2000,8.2,1,0,0,13,18,7,12,6,4,0,0,0,34,2,36,5.3,Matches
105,Omar Colley,gm GAM,DF,Sampdoria,27,1992,28.8,6,0,0,34,23,1,5,68,16,0,0,0,151,73,39,65.2,Matches
106,Simone Colombi,it ITA,GK,Parma,29,1991,2.0,0,0,0,0,0,0,0,0,0,0,0,0,1,0,0,,Matches
107,Lorenzo Colombo,it ITA,FW,Milan,18,2002,1.0,0,0,0,1,0,3,1,0,1,0,0,0,7,2,4,33.3,Matches
108,Andrea Consigli,it ITA,GK,Sassuolo,33,1987,37.0,1,0,0,2,5,0,0,0,2,0,0,0,45,16,2,88.9,Matches
109,Andrea Conti,it ITA,DF,Milan,26,1994,0.3,0,0,0,2,1,0,1,1,1,0,0,0,0,0,1,0.0,Matches
110,Andrea Conti,it ITA,DF,Parma,26,1994,9.0,3,0,0,15,8,0,24,16,10,0,0,0,36,7,8,46.7,Matches
111,Alex Cordaz,it ITA,GK,Crotone,37,1983,36.0,1,0,0,0,7,0,0,1,0,0,0,0,49,4,0,100.0,Matches
112,Andreas Cornelius,dk DEN,FW,Parma,27,1993,21.1,4,0,0,36,48,15,6,1,4,1,0,0,47,148,83,64.1,Matches
113,Joaquín Correa,ar ARG,FW,Lazio,25,1994,21.5,3,1,1,24,52,4,19,7,12,3,0,0,50,12,20,37.5,Matches
114,Félix Correia,pt POR,MF,Juventus,19,2001,0.1,0,0,0,1,0,0,0,0,0,0,0,0,1,0,0,,Matches
115,Douglas Costa,br BRA,"MF,FW",Juventus,29,1990,0.5,0,0,0,0,0,0,4,0,0,0,0,0,4,0,1,0.0,Matches
116,Angelo da Costa Júnior,br BRA,GK,Bologna,36,1983,6.0,2,0,0,0,0,0,0,0,0,0,0,0,16,0,0,,Matches
117,Mamadou Coulibaly,sn SEN,MF,Udinese,21,1999,2.0,0,0,0,3,1,1,3,1,8,0,0,0,13,0,7,0.0,Matches
118,Alessio Cragno,it ITA,GK,Cagliari,26,1994,34.0,1,0,0,2,5,0,0,1,0,0,2,0,36,8,0,100.0,Matches
119,Gian Crespi,it ITA,GK,Crotone,19,2001,1.0,0,0,0,0,0,0,0,0,0,0,0,0,3,0,0,,Matches
120,Domenico Criscito,it ITA,DF,Genoa,33,1986,19.2,6,0,0,23,26,0,27,44,22,0,1,0,110,20,26,43.5,Matches
121,Bryan Cristante,it ITA,"DF,MF",Roma,25,1995,23.9,8,0,0,31,13,4,12,40,20,0,0,1,141,30,30,50.0,Matches
122,Giovanni Crociata,it ITA,DF,Crotone,22,1997,0.3,0,0,0,2,1,0,1,0,0,0,0,0,1,0,0,,Matches
123,Juan Cuadrado,co COL,"DF,MF",Juventus,32,1988,24.2,9,1,0,33,65,3,162,43,25,2,0,0,125,12,21,36.4,Matches
124,Giuseppe Cuomo,it ITA,DF,Crotone,22,1998,8.9,4,0,0,15,6,0,0,18,19,0,0,0,59,22,6,78.6,Matches
125,Patrick Cutrone,it ITA,FW,Fiorentina,22,1998,2.2,0,0,0,8,3,0,3,1,3,0,0,0,5,3,7,30.0,Matches
Rk,Player,Nation,Pos,Squad,Age,Born,90s,CrdY,CrdR,2CrdY,Fls,Fld,Off,Crs,Int,TklW,PKwon,PKcon,OG,Recov,Won,Lost,Won%,Matches
126,Wylan Cyprien,fr FRA,MF,Parma,25,1995,4.6,2,0,0,6,7,0,19,5,4,0,0,0,26,5,1,83.3,Matches
127,Lennart-Marten Czyborra,de GER,DF,Genoa,21,1999,13.0,2,0,0,11,4,0,27,17,10,0,0,0,55,9,18,33.3,Matches
128,Danilo D'Ambrosio,it ITA,DF,Inter,31,1988,7.8,2,0,0,11,11,0,8,4,9,0,0,0,35,10,10,50.0,Matches
129,Bryan Dabo,bf BFA,MF,Benevento,28,1992,12.4,5,0,0,17,19,1,14,13,8,0,0,0,84,52,19,73.2,Matches
130,Diogo Dalot,pt POR,DF,Milan,21,1999,12.1,5,0,0,25,4,2,34,25,17,0,0,0,65,21,8,72.4,Matches
131,Mikkel Damsgaard,dk DEN,"MF,FW",Sampdoria,20,2000,19.7,3,0,0,26,28,3,61,24,21,0,1,0,108,23,25,47.9,Matches
132,Danilo,br BRA,"DF,MF",Juventus,29,1991,32.4,6,0,0,25,20,2,39,66,31,0,0,0,213,30,20,60.0,Matches
133,Andrea Danzi,it ITA,DF,Hellas Verona,21,1999,1.2,1,0,0,1,0,0,0,3,0,0,0,0,0,0,0,,Matches
134,Ebrima Darboe,gm GAM,MF,Roma,19,2001,3.6,2,0,0,3,3,0,0,8,2,0,0,0,40,2,4,33.3,Matches
135,Matteo Darmian,it ITA,DF,Parma,30,1989,2.3,1,0,0,3,3,0,2,6,5,0,0,0,12,2,2,50.0,Matches
136,Matteo Darmian,it ITA,DF,Inter,30,1989,12.9,4,0,0,21,16,2,30,17,16,1,1,0,42,13,9,59.1,Matches
137,Paweł Dawidowicz,pl POL,DF,Hellas Verona,25,1995,20.7,9,0,0,39,8,2,9,27,28,0,0,0,120,41,51,44.6,Matches
138,Sebastien De Maio,fr FRA,DF,Udinese,33,1987,9.5,1,0,0,11,3,3,1,18,10,0,0,0,61,25,18,58.1,Matches
139,Rodrigo De Paul,ar ARG,MF,Udinese,26,1994,35.6,5,2,1,33,125,1,262,17,24,0,1,0,208,5,11,31.3,Matches
140,Mattia De Sciglio,it ITA,DF,Juventus,27,1992,0.3,0,0,0,1,0,0,1,0,0,0,0,0,1,0,0,,Matches
141,Lorenzo De Silvestri,it ITA,DF,Bologna,32,1988,23.8,4,0,0,42,18,1,43,30,24,0,0,0,97,49,35,58.3,Matches
142,Grégoire Defrel,mq MTQ,"MF,FW",Sassuolo,29,1991,14.8,1,0,0,14,20,5,6,7,8,0,0,0,41,13,21,38.2,Matches
143,Alessandro Deiola,it ITA,MF,Spezia,24,1995,4.0,1,0,0,6,5,0,8,3,3,0,0,0,21,3,4,42.9,Matches
144,Alessandro Deiola,it ITA,MF,Cagliari,24,1995,6.8,2,0,0,12,3,0,7,11,5,0,0,0,44,7,3,70.0,Matches
145,Lorenzo Del Pinto,it ITA,MF,Benevento,30,1990,0.1,0,0,0,0,0,0,0,0,0,0,0,0,0,0,0,,Matches
146,Cristian Dell'Orco,it ITA,DF,Spezia,26,1994,2.9,0,0,0,1,2,0,1,7,0,0,0,0,17,7,5,58.3,Matches
147,Merih Demiral,tr TUR,DF,Juventus,22,1998,10.4,1,0,0,11,1,2,1,21,9,0,1,0,32,22,11,66.7,Matches
148,Diego Demme,de GER,MF,Napoli,28,1991,17.7,6,0,0,33,28,1,5,11,32,0,0,0,113,5,16,23.8,Matches
149,Stefano Denswil,sr SUR,DF,Bologna,27,1993,1.3,0,0,0,0,2,0,0,1,1,0,0,0,6,3,1,75.0,Matches
150,Fabio Depaoli,it ITA,DF,Benevento,23,1997,12.4,2,0,0,17,8,1,23,12,13,0,0,1,45,12,14,46.2,Matches
Rk,Player,Nation,Pos,Squad,Age,Born,90s,CrdY,CrdR,2CrdY,Fls,Fld,Off,Crs,Int,TklW,PKwon,PKcon,OG,Recov,Won,Lost,Won%,Matches
151,Fabio Depaoli,it ITA,MF,Sampdoria,23,1997,0.9,0,0,0,5,2,2,2,1,0,0,0,0,2,0,1,0.0,Matches
152,Fabio Depaoli,it ITA,DF,Atalanta,23,1997,2.1,0,0,0,5,1,0,1,3,2,0,0,0,9,2,3,40.0,Matches
153,Kastriot Dermaku,al ALB,DF,Parma,28,1992,1.1,0,0,0,2,2,0,0,2,1,0,0,0,4,0,1,0.0,Matches
154,Kiril Despodov,bg BUL,FW,Cagliari,23,1996,0.1,0,0,0,1,0,0,0,0,1,0,0,0,0,0,1,0.0,Matches
155,Mattia Destro,it ITA,FW,Genoa,29,1991,17.8,5,0,0,39,37,22,4,4,3,0,0,0,40,33,62,34.7,Matches
156,Gerard Deulofeu,es ESP,"FW,MF",Udinese,26,1994,6.6,0,0,0,7,6,11,30,3,2,1,0,0,29,0,5,0.0,Matches
157,Jacopo Dezi,it ITA,"FW,MF",Parma,28,1992,0.9,0,0,0,1,3,0,4,0,3,0,0,0,3,0,2,0.0,Matches
158,Samuel Di Carmine,it ITA,FW,Hellas Verona,31,1988,5.6,1,0,0,16,20,6,11,0,2,0,0,0,12,25,21,54.3,Matches
159,Samuel Di Carmine,it ITA,FW,Crotone,31,1988,5.3,1,0,0,5,15,0,3,0,2,1,0,0,12,15,15,50.0,Matches
160,Giovanni Di Lorenzo,it ITA,DF,Napoli,26,1993,36.0,11,0,0,49,60,3,72,35,50,1,1,0,177,55,40,57.9,Matches
161,Alessandro Di Pardo,it ITA,"FW,DF",Juventus,21,1999,0.2,0,0,0,0,1,0,1,0,0,0,0,0,1,0,0,,Matches
162,Giuseppe Di Serio,it ITA,"FW,MF",Benevento,19,2001,3.2,1,0,0,13,17,2,1,0,2,0,0,0,12,7,17,29.2,Matches
163,Amad Diallo,ci CIV,MF,Atalanta,18,2002,0.2,1,0,0,1,2,0,0,0,0,0,0,0,2,1,0,100.0,Matches
164,Amadou Diambo,gh GHA,FW,Benevento,19,2001,0.0,0,0,0,0,0,0,0,0,0,0,0,0,0,0,0,,Matches
165,Amadou Diawara,gn GUI,MF,Roma,23,1997,7.3,4,1,1,17,4,0,0,12,8,0,0,0,43,3,3,50.0,Matches
166,Brahim Díaz,ma MAR,"MF,FW",Milan,20,1999,13.6,2,0,0,14,29,0,16,2,10,1,0,0,56,4,27,12.9,Matches
167,Daan Dierckx,be BEL,DF,Parma,17,2003,5.2,1,0,0,5,0,1,0,13,4,0,0,0,16,4,9,30.8,Matches
168,Mitchell Dijks,nl NED,DF,Bologna,27,1993,16.5,7,1,1,32,15,1,37,17,14,0,1,0,85,13,14,48.1,Matches
169,Federico Dimarco,it ITA,DF,Hellas Verona,22,1997,29.0,6,0,0,32,50,6,262,47,19,0,1,0,192,15,27,35.7,Matches
170,Koffi Djidji,ci CIV,DF,Crotone,27,1992,16.9,4,0,0,22,2,1,5,28,28,0,0,0,85,27,22,55.1,Matches
171,Berat Djimsiti,al ALB,DF,Atalanta,27,1993,29.2,8,0,0,31,26,1,9,62,29,0,0,0,192,76,31,71.0,Matches
172,Nicolás Domínguez,ar ARG,MF,Bologna,22,1998,13.9,8,0,0,23,15,1,11,24,28,0,1,0,113,20,22,47.6,Matches
173,Gianluigi Donnarumma,it ITA,GK,Milan,21,1999,37.0,1,0,0,0,2,0,0,1,0,0,0,0,60,8,1,88.9,Matches
174,Bartłomiej Drągowski,pl POL,GK,Fiorentina,22,1997,35.0,0,1,0,1,6,0,0,1,0,0,1,0,43,6,1,85.7,Matches
175,Denis Drăguș,ro ROU,"FW,MF",Crotone,21,1999,2.0,1,0,0,4,4,2,2,1,1,0,0,0,10,1,4,20.0,Matches
Rk,Player,Nation,Pos,Squad,Age,Born,90s,CrdY,CrdR,2CrdY,Fls,Fld,Off,Crs,Int,TklW,PKwon,PKcon,OG,Recov,Won,Lost,Won%,Matches
176,Radu Drăgușin,ro ROU,DF,Juventus,18,2002,0.0,0,0,0,2,0,0,0,0,0,0,0,0,0,0,0,,Matches
177,Léo Duarte,br BRA,DF,Milan,24,1996,0.2,0,0,0,0,0,0,0,1,1,0,0,0,1,0,1,0.0,Matches
178,Alfred Duncan,gh GHA,MF,Fiorentina,27,1993,1.8,0,0,0,2,2,0,1,2,0,0,0,0,12,2,4,33.3,Matches
179,Alfred Duncan,gh GHA,MF,Cagliari,27,1993,11.9,2,0,0,16,12,0,12,16,10,0,0,0,77,8,12,40.0,Matches
180,Paulo Dybala,ar ARG,FW,Juventus,26,1993,12.6,0,0,0,10,29,3,65,1,8,0,0,0,32,2,9,18.2,Matches
181,Edin Džeko,ba BIH,FW,Roma,34,1986,20.3,2,0,0,25,37,10,16,1,6,1,0,0,28,82,54,60.3,Matches
182,Steeve-Mike Ebongue,fr FRA,MF,Genoa,19,2001,0.6,0,0,0,0,0,0,0,0,1,0,0,0,9,0,0,,Matches
183,Simone Edera,it ITA,"DF,MF",Torino,23,1997,0.6,0,0,0,1,1,0,5,1,1,0,0,0,3,0,0,,Matches
184,Albin Ekdal,se SWE,MF,Sampdoria,31,1989,25.5,9,0,0,49,57,0,2,49,29,0,1,0,188,34,28,54.8,Matches
185,Elif Elmas,mk MKD,"MF,FW",Napoli,20,1999,8.2,3,0,0,10,8,1,5,2,4,0,0,0,36,2,10,16.7,Matches
186,Alan Empereur,br BRA,DF,Hellas Verona,26,1994,2.4,1,0,0,3,1,0,0,6,0,0,0,0,7,2,3,40.0,Matches
187,Christian Eriksen,dk DEN,MF,Inter,28,1992,15.4,1,0,0,13,4,1,103,9,6,0,1,0,109,8,6,57.1,Matches
188,Martin Erlic,hr CRO,DF,Spezia,22,1998,20.0,6,0,0,37,12,0,2,41,14,0,0,0,100,44,35,55.7,Matches
189,Gonzalo Escalante,ar ARG,MF,Lazio,27,1993,8.1,5,0,0,14,8,0,4,19,13,0,0,0,67,12,18,40.0,Matches
190,Nahuel Estévez,ar ARG,MF,Spezia,24,1995,19.6,7,0,0,33,22,0,91,20,5,0,0,0,116,13,18,41.9,Matches
191,Valentin Eysseric,fr FRA,"MF,FW",Fiorentina,28,1992,8.1,2,0,0,12,11,0,33,7,8,0,0,0,40,10,9,52.6,Matches
192,Nicolò Fagioli,it ITA,MF,Juventus,19,2001,0.2,0,0,0,1,2,0,1,0,0,0,0,0,1,1,1,50.0,Matches
193,Iago Falque,es ESP,"MF,FW",Benevento,30,1990,4.0,0,0,0,0,3,0,30,0,2,0,0,0,27,1,5,16.7,Matches
194,Andri Fannar Baldursson,is ISL,MF,Bologna,18,2002,2.4,2,0,0,7,3,1,0,3,6,0,0,0,8,3,6,33.3,Matches
195,Paolo Faragò,it ITA,DF,Bologna,27,1993,0.3,0,0,0,0,0,0,0,0,1,0,0,0,0,0,0,,Matches
196,Paolo Faragò,it ITA,DF,Cagliari,27,1993,4.1,2,0,0,7,1,0,11,6,9,0,0,0,19,5,1,83.3,Matches
197,Davide Faraoni,it ITA,DF,Hellas Verona,28,1991,32.1,8,0,0,47,38,9,62,49,33,0,0,0,227,42,34,55.3,Matches
198,Mohamed Fares,dz ALG,DF,Lazio,24,1996,12.7,5,0,0,28,7,2,60,16,15,0,1,0,68,10,15,40.0,Matches
199,Diego Farias,br BRA,FW,Spezia,30,1990,16.8,5,0,0,18,15,2,21,13,5,0,0,0,59,8,4,66.7,Matches
200,Andrea Favilli,it ITA,FW,Hellas Verona,23,1997,3.8,1,0,0,14,8,9,0,0,1,0,0,0,8,17,27,38.6,Matches
Rk,Player,Nation,Pos,Squad,Age,Born,90s,CrdY,CrdR,2CrdY,Fls,Fld,Off,Crs,Int,TklW,PKwon,PKcon,OG,Recov,Won,Lost,Won%,Matches
201,Federico Fazio,ar ARG,DF,Roma,33,1987,4.5,2,0,0,6,3,0,4,7,2,0,1,0,20,17,12,58.6,Matches
202,Luiz Felipe,it ITA,DF,Lazio,23,1997,10.1,5,0,0,14,8,1,2,21,20,0,0,0,58,14,16,46.7,Matches
203,Alex Ferrari,it ITA,DF,Sampdoria,26,1994,9.8,3,0,0,9,10,0,4,23,15,0,0,0,55,17,8,68.0,Matches
204,Salvador Ferrer,es ESP,DF,Spezia,22,1998,13.2,4,0,0,15,7,0,57,24,10,0,1,0,78,25,16,61.0,Matches
205,Marco Festa,it ITA,GK,Crotone,28,1992,1.0,0,0,0,0,0,0,0,0,0,0,0,0,3,0,0,,Matches
206,Fernando Forestieri,it ITA,"FW,MF",Udinese,30,1990,6.1,1,0,0,12,22,5,10,2,7,0,0,0,24,4,12,25.0,Matches
207,Daam Foulon,be BEL,DF,Benevento,21,1999,11.3,4,0,0,16,22,0,27,14,15,0,0,1,36,11,6,64.7,Matches
208,Gianluca Frabotta,it ITA,"DF,MF",Juventus,21,1999,7.7,5,0,0,12,2,0,32,14,4,0,0,0,43,12,14,46.2,Matches
209,Remo Freuler,ch SUI,MF,Atalanta,28,1992,30.1,5,0,0,38,31,1,19,39,39,0,0,0,258,17,24,41.5,Matches
210,Daniel Fuzato,br BRA,GK,Roma,23,1997,5.0,0,0,0,0,0,0,0,0,0,0,0,0,5,1,0,100.0,Matches
211,Matteo Gabbia,it ITA,DF,Milan,20,1999,6.2,2,0,0,5,5,0,0,3,5,0,0,0,33,17,10,63.0,Matches
212,Manolo Gabbiadini,it ITA,FW,Sampdoria,28,1991,9.7,1,0,0,12,18,3,6,3,2,0,0,0,23,12,22,35.3,Matches
213,Roberto Gagliardini,it ITA,MF,Inter,26,1994,13.7,2,0,0,23,16,0,10,19,17,0,0,0,55,19,11,63.3,Matches
214,Riccardo Gagliolo,se SWE,DF,Parma,30,1990,21.7,6,0,0,28,34,0,38,36,18,0,0,0,118,25,25,50.0,Matches
215,Adolfo Gaich,ar ARG,FW,Benevento,21,1999,8.5,1,0,0,24,19,3,1,2,4,0,1,0,16,14,39,26.4,Matches
216,Andrey Galabinov,bg BUL,FW,Spezia,31,1988,4.8,0,0,0,5,4,3,2,0,1,0,0,0,6,10,19,34.5,Matches
217,Manuel Gasparini,it ITA,GK,Udinese,18,2002,0.0,0,0,0,0,0,0,0,0,0,0,0,0,0,0,0,,Matches
218,Gervinho,ci CIV,FW,Parma,33,1987,22.5,0,0,0,8,11,20,12,10,1,0,0,0,70,0,2,0.0,Matches
219,Paolo Ghiglione,it ITA,"DF,MF",Genoa,23,1997,15.1,4,0,0,18,13,3,85,13,15,0,0,0,60,15,18,45.5,Matches
220,Faouzi Ghoulam,dz ALG,"DF,FW",Napoli,29,1991,3.2,1,0,0,2,7,1,29,3,5,0,0,0,17,7,1,87.5,Matches
221,Kamil Glik,pl POL,DF,Benevento,32,1988,35.6,10,1,1,32,21,0,1,62,24,0,0,1,137,87,55,61.3,Matches
222,Diego Godín,uy URU,DF,Cagliari,34,1986,27.9,3,0,0,31,28,2,2,56,32,0,0,0,154,68,42,61.8,Matches
223,Amer Gojak,ba BIH,"MF,FW",Torino,23,1997,5.3,1,0,0,12,9,3,36,3,0,0,0,0,21,1,10,9.1,Matches
224,Edoardo Goldaniga,it ITA,DF,Genoa,26,1993,20.6,8,0,0,30,24,1,33,38,18,0,0,0,75,25,36,41.0,Matches
225,Vladimir Golemić,si SVN,DF,Crotone,29,1991,26.0,4,1,0,30,8,0,2,40,16,0,2,0,112,45,42,51.7,Matches
Rk,Player,Nation,Pos,Squad,Age,Born,90s,CrdY,CrdR,2CrdY,Fls,Fld,Off,Crs,Int,TklW,PKwon,PKcon,OG,Recov,Won,Lost,Won%,Matches
226,Pierluigi Gollini,it ITA,GK,Atalanta,25,1995,24.0,0,1,0,1,4,0,0,1,0,0,0,0,48,5,0,100.0,Matches
227,Tomislav Gomelt,hr CRO,MF,Crotone,25,1995,0.2,0,0,0,0,0,0,0,1,1,0,0,0,1,0,0,,Matches
228,Papu Gómez,ar ARG,"MF,FW",Atalanta,32,1988,7.4,0,0,0,10,19,0,27,1,2,0,0,0,48,0,2,0.0,Matches
229,Robin Gosens,de GER,DF,Atalanta,26,1994,28.0,9,1,1,50,26,9,62,41,35,0,2,1,167,36,20,64.3,Matches
230,Alberto Grassi,it ITA,"MF,DF",Parma,25,1995,13.1,3,0,0,16,27,1,11,26,11,0,0,1,63,13,9,59.1,Matches
231,Koray Günter,de GER,DF,Hellas Verona,25,1994,19.6,4,0,0,31,11,0,3,70,10,0,1,0,124,73,53,57.9,Matches
232,Manu Gyabuaa,it ITA,MF,Atalanta,18,2001,0.0,0,0,0,0,0,0,0,0,0,0,0,0,0,0,0,,Matches
233,Emmanuel Gyasi,gh GHA,FW,Spezia,26,1994,31.7,4,0,0,65,52,28,30,14,16,1,0,0,134,27,51,34.6,Matches
234,Achraf Hakimi,ma MAR,DF,Inter,21,1998,29.6,6,0,0,31,36,7,115,22,32,2,0,0,124,16,28,36.4,Matches
235,Samir Handanović,si SVN,GK,Inter,36,1984,36.0,1,0,0,0,5,0,0,0,0,0,0,1,33,6,0,100.0,Matches
236,Lukáš Haraslín,sk SVK,"FW,MF",Sassuolo,24,1996,3.7,1,1,0,7,18,2,19,0,4,1,1,0,21,2,1,66.7,Matches
237,Hans Hateboer,nl NED,DF,Atalanta,26,1994,19.6,3,0,0,20,8,3,24,17,17,0,1,0,65,23,20,53.5,Matches
238,Eduardo Henrique,br BRA,MF,Crotone,25,1995,10.3,4,0,0,18,14,1,3,7,2,0,0,0,54,9,19,32.1,Matches
239,Theo Hernández,fr FRA,DF,Milan,22,1997,32.6,9,0,0,39,81,6,76,34,29,2,0,0,211,50,25,66.7,Matches
240,Hernani,br BRA,MF,Parma,26,1994,24.3,11,0,0,50,23,1,85,31,25,0,0,0,108,29,21,58.0,Matches
241,Përparim Hetemaj,fi FIN,MF,Benevento,33,1986,24.6,5,0,0,41,78,1,43,22,27,0,0,0,158,14,28,33.3,Matches
242,Aaron Hickey,sct SCO,DF,Bologna,18,2002,8.4,3,1,0,11,14,0,7,15,8,0,0,0,51,6,5,54.5,Matches
243,Wesley Hoedt,nl NED,DF,Lazio,26,1994,10.6,6,0,0,11,2,0,1,17,16,0,2,0,76,19,9,67.9,Matches
244,Elseid Hysaj,al ALB,DF,Napoli,26,1994,19.6,2,0,0,16,20,0,18,30,17,0,1,0,116,18,13,58.1,Matches
245,Simone Iacoponi,it ITA,DF,Parma,33,1987,13.3,3,1,0,15,14,2,13,11,12,0,0,2,72,12,9,57.1,Matches
246,Roger Ibanez,br BRA,DF,Roma,21,1998,26.6,7,1,1,53,30,0,5,68,37,0,1,1,187,56,36,60.9,Matches
247,Zlatan Ibrahimović,se SWE,FW,Milan,38,1981,16.6,2,1,0,33,25,40,15,6,4,2,0,0,21,83,41,66.9,Matches
248,Igor,br BRA,DF,Fiorentina,22,1998,13.0,5,0,0,21,6,1,4,23,9,0,1,0,59,10,13,43.5,Matches
249,Ivan Ilić,rs SRB,MF,Hellas Verona,19,2001,20.4,2,0,0,23,29,0,40,27,14,0,0,0,125,35,25,58.3,Matches
250,Josip Iličić,si SVN,"MF,FW",Atalanta,32,1988,17.0,2,0,0,22,71,8,97,2,4,2,0,0,75,0,18,0.0,Matches
Rk,Player,Nation,Pos,Squad,Age,Born,90s,CrdY,CrdR,2CrdY,Fls,Fld,Off,Crs,Int,TklW,PKwon,PKcon,OG,Recov,Won,Lost,Won%,Matches
251,Ciro Immobile,it ITA,FW,Lazio,30,1990,31.7,4,1,0,37,44,30,18,6,13,3,0,0,79,26,54,32.5,Matches
252,Riccardo Improta,it ITA,"DF,MF",Benevento,26,1993,25.9,7,0,0,23,55,2,77,28,23,0,0,1,121,49,49,50.0,Matches
253,Roberto Inglese,it ITA,FW,Parma,28,1991,6.4,2,0,0,14,10,8,4,0,2,0,0,0,19,15,15,50.0,Matches
254,Lorenzo Insigne,it ITA,FW,Napoli,29,1991,31.8,2,1,0,9,39,11,113,37,18,0,0,0,199,2,5,28.6,Matches
255,Roberto Insigne,it ITA,"MF,FW",Benevento,26,1994,17.8,2,0,0,13,15,3,47,7,10,0,0,0,79,5,19,20.8,Matches
256,Artur Ioniță,md MDA,MF,Benevento,29,1990,31.5,6,0,0,59,23,1,25,19,22,2,0,0,125,65,91,41.7,Matches
257,Ardian Ismajli,al ALB,DF,Spezia,23,1996,14.4,3,1,1,19,13,0,0,23,9,0,0,0,68,40,28,58.8,Matches
258,Armando Izzo,it ITA,DF,Torino,28,1992,22.3,3,0,0,43,35,2,22,53,16,0,1,0,134,48,37,56.5,Matches
259,Mato Jajalo,ba BIH,MF,Udinese,32,1988,0.4,0,0,0,0,1,0,0,2,1,0,0,0,3,0,0,,Matches
260,Jakub Jankto,cz CZE,MF,Sampdoria,24,1996,26.8,6,0,0,18,28,7,81,24,17,0,1,0,141,9,22,29.0,Matches
261,Juan Jesus,br BRA,DF,Roma,29,1991,1.7,0,0,0,4,0,0,0,2,1,0,0,0,7,2,2,50.0,Matches
262,Hamed Junior Traorè,ci CIV,"MF,FW",Sassuolo,20,2000,19.9,6,0,0,25,19,3,62,18,17,1,0,0,77,13,20,39.4,Matches
263,Musa Juwara,gm GAM,"MF,DF",Bologna,18,2001,0.5,1,0,0,1,2,0,5,0,2,0,0,0,2,0,0,,Matches
264,Nikola Kalinić,hr CRO,FW,Hellas Verona,32,1988,11.8,2,0,0,27,34,10,1,1,1,0,0,0,22,17,51,25.0,Matches
265,Yayah Kallon,sl SLE,FW,Genoa,19,2001,0.5,0,0,0,0,0,2,1,0,0,0,0,0,1,2,1,66.7,Matches
266,Pierre Kalulu,fr FRA,DF,Milan,20,2000,8.1,1,0,0,9,2,0,17,19,14,0,1,0,51,11,13,45.8,Matches
267,Yann Karamoh,fr FRA,"FW,MF",Parma,22,1998,14.4,3,0,0,14,13,7,21,4,17,1,0,0,69,8,13,38.1,Matches
268,Isaac Karamoko,fr FRA,DF,Sassuolo,18,2002,0.0,0,0,0,0,0,0,0,0,0,0,0,0,0,0,0,,Matches
269,Augustus Kargbo,sl SLE,FW,Crotone,20,1999,0.4,0,0,0,0,1,0,1,0,0,0,0,0,2,0,0,,Matches
270,Rick Karsdorp,nl NED,DF,Roma,25,1995,28.3,2,0,0,36,13,3,55,30,23,0,0,0,141,6,21,22.2,Matches
271,Franck Kessié,ci CIV,MF,Milan,23,1996,35.8,8,0,0,65,40,1,13,46,30,1,1,0,269,56,45,55.4,Matches
272,Omar Khailoti,it ITA,DF,Bologna,18,2001,0.3,0,0,0,0,0,0,1,1,0,0,0,0,2,0,0,,Matches
273,Simon Kjær,dk DEN,DF,Milan,31,1989,26.6,3,0,0,26,10,1,3,42,26,0,0,0,126,54,43,55.7,Matches
274,Ragnar Klavan,ee EST,DF,Cagliari,34,1985,8.6,1,0,0,8,1,0,1,8,9,0,1,0,39,12,14,46.2,Matches
275,Justin Kluivert,nl NED,MF,Roma,21,1999,0.2,0,0,0,1,0,0,1,0,0,0,0,0,2,0,0,,Matches
Rk,Player,Nation,Pos,Squad,Age,Born,90s,CrdY,CrdR,2CrdY,Fls,Fld,Off,Crs,Int,TklW,PKwon,PKcon,OG,Recov,Won,Lost,Won%,Matches
276,Aleksandr Kokorin,ru RUS,"FW,MF",Fiorentina,29,1991,1.0,1,0,0,1,0,0,0,0,0,0,0,0,3,0,1,0.0,Matches
277,Aleksandar Kolarov,rs SRB,DF,Inter,34,1985,4.3,0,0,0,3,4,0,18,7,4,0,1,0,30,11,6,64.7,Matches
278,Márk Kosznovszky,hu HUN,MF,Parma,18,2002,1.0,0,0,0,2,0,0,0,1,2,0,0,0,3,0,0,,Matches
279,Christian Kouamé,ci CIV,FW,Fiorentina,22,1997,11.1,4,0,0,25,32,5,6,5,4,0,0,0,31,38,56,40.4,Matches
280,Kalidou Koulibaly,sn SEN,DF,Napoli,29,1991,24.5,10,1,1,29,9,0,5,29,24,0,0,0,172,40,37,51.9,Matches
281,Viktor Kovalenko,ua UKR,FW,Atalanta,24,1996,0.0,0,0,0,0,0,0,0,0,0,0,0,0,0,0,0,,Matches
282,Rade Krunić,ba BIH,"MF,FW",Milan,26,1993,8.0,3,0,0,11,20,2,3,10,12,0,1,0,36,9,17,34.6,Matches
283,Juraj Kucka,sk SVK,"MF,FW",Parma,33,1987,25.9,8,0,0,65,71,3,15,28,36,0,0,0,133,79,59,57.2,Matches
284,Dejan Kulusevski,se SWE,"MF,FW",Juventus,20,2000,21.4,7,0,0,41,29,5,59,9,19,0,0,0,97,11,29,27.5,Matches
285,Marash Kumbulla,al ALB,DF,Roma,20,2000,15.1,8,0,0,26,14,0,1,24,11,0,0,0,52,26,19,57.8,Matches
286,Jasmin Kurtić,si SVN,MF,Parma,31,1989,30.4,5,0,0,45,37,3,90,33,28,0,0,0,156,36,28,56.3,Matches
287,Giorgos Kyriakopoulos,gr GRE,DF,Sassuolo,24,1996,16.2,3,1,1,17,7,1,64,15,18,0,0,0,83,17,16,51.5,Matches
288,Antonino La Gumina,it ITA,FW,Sampdoria,24,1996,3.8,0,0,0,5,6,2,4,3,2,0,0,0,9,11,22,33.3,Matches
289,Sam Lammers,nl NED,"FW,MF",Atalanta,23,1997,3.2,0,0,0,5,5,2,0,0,0,0,0,0,8,6,6,50.0,Matches
290,Gianluca Lapadula,pe PER,FW,Benevento,30,1990,28.5,2,0,0,48,68,34,14,5,12,3,0,0,55,34,88,27.9,Matches
291,Danilo Larangeira,br BRA,DF,Bologna,36,1984,34.8,8,0,0,38,15,1,2,51,24,0,2,0,168,79,74,51.6,Matches
292,Kevin Lasagna,it ITA,FW,Udinese,27,1992,12.3,1,0,0,20,11,9,17,6,1,0,0,0,32,18,37,32.7,Matches
293,Kevin Lasagna,it ITA,FW,Hellas Verona,27,1992,14.1,0,0,0,32,21,23,4,1,3,0,0,0,30,26,48,35.1,Matches
294,Vincent Laurini,fr FRA,DF,Parma,31,1989,9.7,1,0,0,12,18,0,28,17,11,0,0,0,31,6,12,33.3,Matches
295,Darko Lazović,rs SRB,"DF,MF",Hellas Verona,29,1990,27.8,3,0,0,10,2,10,125,20,17,0,0,0,157,17,18,48.6,Matches
296,Manuel Lazzari,it ITA,DF,Lazio,26,1993,29.0,2,1,0,26,53,2,114,18,14,0,0,1,111,13,18,41.9,Matches
297,Rafael Leão,pt POR,FW,Milan,21,1999,21.4,5,0,0,28,21,4,32,4,6,1,0,0,62,42,59,41.6,Matches
298,Lucas Leiva,br BRA,MF,Lazio,33,1987,23.7,10,0,0,47,24,1,16,57,32,0,0,0,175,47,42,52.8,Matches
299,Lukas Lerager,dk DEN,MF,Genoa,27,1993,12.9,0,0,0,16,16,3,7,14,13,0,0,0,85,9,14,39.1,Matches
300,Mehdi Léris,dz ALG,"DF,MF",Sampdoria,22,1998,4.3,1,0,0,13,3,0,17,12,5,0,0,0,43,7,8,46.7,Matches
Rk,Player,Nation,Pos,Squad,Age,Born,90s,CrdY,CrdR,2CrdY,Fls,Fld,Off,Crs,Int,TklW,PKwon,PKcon,OG,Recov,Won,Lost,Won%,Matches
301,Karlo Letica,hr CRO,GK,Sampdoria,23,1997,1.0,0,0,0,0,0,0,0,0,0,0,0,0,2,0,0,,Matches
302,Gaetano Letizia,it ITA,DF,Benevento,30,1990,17.4,2,0,0,14,22,0,84,20,25,0,0,0,116,13,8,61.9,Matches
303,Matthijs de Ligt,nl NED,DF,Juventus,20,1999,24.7,4,0,0,40,23,2,5,31,19,0,1,0,140,58,31,65.2,Matches
304,Karol Linetty,pl POL,MF,Torino,25,1995,20.4,5,0,0,31,29,1,6,15,28,0,0,0,116,8,14,36.4,Matches
305,Pol Lirola,es ESP,"DF,FW",Fiorentina,22,1997,5.5,3,0,0,4,3,1,22,6,8,0,0,0,30,3,4,42.9,Matches
306,Fernando Llorente,es ESP,FW,Udinese,35,1985,7.9,2,0,0,21,11,3,0,2,1,0,0,0,21,54,32,62.8,Matches
307,Fernando Llorente,es ESP,"FW,MF",Napoli,35,1985,0.6,0,0,0,3,1,0,0,0,0,0,0,0,2,5,1,83.3,Matches
308,Stanislav Lobotka,sk SVK,MF,Napoli,25,1994,1.7,2,0,0,5,2,0,0,0,1,0,0,0,10,2,4,33.3,Matches
309,Manuel Locatelli,it ITA,MF,Sassuolo,22,1998,32.0,9,0,0,52,48,1,41,51,47,1,1,0,239,48,45,51.6,Matches
310,Maxime Lopez,fr FRA,MF,Sassuolo,22,1997,20.7,7,0,0,24,22,0,38,16,13,0,0,0,100,3,10,23.1,Matches
311,Pau López,es ESP,GK,Roma,25,1994,20.2,0,0,0,0,1,0,0,0,0,0,0,0,23,2,0,100.0,Matches
312,Matteo Lovato,it ITA,DF,Hellas Verona,20,2000,15.4,5,0,0,25,9,0,2,37,12,0,1,0,102,30,41,42.3,Matches
313,Hirving Lozano,mx MEX,FW,Napoli,25,1995,21.8,6,0,0,33,69,11,73,18,18,1,0,0,95,15,23,39.5,Matches
314,José Luis Palomino,ar ARG,DF,Atalanta,30,1990,27.0,3,0,0,48,16,2,14,79,33,0,1,0,222,59,45,56.7,Matches
315,Romelu Lukaku,be BEL,FW,Inter,27,1993,32.0,4,0,0,34,48,19,19,3,1,0,0,0,51,45,57,44.1,Matches
316,Saša Lukić,rs SRB,MF,Torino,23,1996,23.4,4,0,0,45,37,1,35,17,13,1,0,0,101,23,55,29.5,Matches
317,Senad Lulić,ba BIH,DF,Lazio,34,1986,8.0,1,0,0,13,3,2,23,4,7,0,0,0,53,9,4,69.2,Matches
318,Sebastiano Luperto,it ITA,DF,Crotone,23,1996,20.9,5,1,1,28,19,0,1,27,20,0,0,0,113,26,22,54.2,Matches
319,Lyanco,br BRA,DF,Torino,23,1997,21.8,8,0,0,24,13,0,6,46,14,0,1,0,178,36,24,60.0,Matches
320,Charalampos Lykogiannis,gr GRE,DF,Cagliari,26,1993,26.9,10,2,2,29,24,2,118,32,21,0,1,0,121,57,33,63.3,Matches
321,Lisandro Magallán,ar ARG,DF,Crotone,26,1993,24.2,10,0,0,65,13,0,1,44,31,0,1,0,141,43,26,62.3,Matches
322,Christian Maggio,it ITA,DF,Benevento,38,1982,3.3,2,0,0,6,7,0,3,2,4,0,0,0,12,3,8,27.3,Matches
323,Giulio Maggiore,it ITA,MF,Spezia,22,1998,24.6,3,0,0,58,41,4,19,19,36,0,0,0,132,31,33,48.4,Matches
324,Francesco Magnanelli,it ITA,MF,Sassuolo,35,1984,4.9,2,0,0,5,6,0,0,13,5,0,0,0,50,3,13,18.8,Matches
325,Giangiacomo Magnani,it ITA,DF,Hellas Verona,24,1995,16.8,8,0,0,44,29,0,2,44,15,0,0,1,82,76,40,65.5,Matches
Rk,Player,Nation,Pos,Squad,Age,Born,90s,CrdY,CrdR,2CrdY,Fls,Fld,Off,Crs,Int,TklW,PKwon,PKcon,OG,Recov,Won,Lost,Won%,Matches
326,Jean-Victor Makengo,fr FRA,MF,Udinese,22,1998,5.8,1,0,0,12,4,0,5,5,7,0,0,0,27,6,0,100.0,Matches
327,Nikola Maksimović,rs SRB,DF,Napoli,28,1991,13.4,1,0,0,5,6,0,2,21,9,0,0,1,71,35,11,76.1,Matches
328,Kévin Malcuit,ma MAR,DF,Fiorentina,29,1991,2.3,0,0,0,4,1,0,10,3,3,0,0,0,7,2,1,66.7,Matches
329,Kévin Malcuit,ma MAR,"FW,MF",Napoli,29,1991,0.4,0,0,0,0,0,0,0,2,1,0,0,0,2,1,1,50.0,Matches
330,Daniel Maldini,it ITA,"FW,DF",Milan,18,2001,0.3,0,0,0,3,1,0,2,0,0,0,0,0,4,0,0,,Matches
331,Ruslan Malinovskyi,ua UKR,"MF,FW",Atalanta,27,1993,20.8,3,0,0,46,53,1,122,2,8,0,0,0,121,29,31,48.3,Matches
332,Dennis Man,ro ROU,"FW,MF",Parma,21,1998,7.8,1,0,0,6,7,0,7,2,6,0,0,0,31,6,7,46.2,Matches
333,Gianluca Mancini,it ITA,DF,Roma,24,1996,31.7,10,0,0,67,26,1,14,72,29,0,1,0,181,55,33,62.5,Matches
334,Rolando Mandragora,it ITA,MF,Udinese,23,1997,4.4,0,0,0,5,4,0,6,6,5,0,1,0,14,6,2,75.0,Matches
335,Rolando Mandragora,it ITA,MF,Torino,23,1997,16.9,5,1,1,32,30,1,36,20,4,0,0,0,85,9,8,52.9,Matches
336,Mario Mandžukić,hr CRO,FW,Milan,34,1986,2.4,1,0,0,9,2,2,1,2,6,0,0,0,7,9,13,40.9,Matches
337,Niccolò Manfredini,it ITA,GK,Benevento,32,1988,1.0,0,0,0,0,0,0,0,0,0,0,0,0,1,1,0,100.0,Matches
338,Kostas Manolas,gr GRE,DF,Napoli,29,1991,25.5,5,0,0,21,12,0,0,23,18,1,1,0,93,41,37,52.6,Matches
339,Juan Manuel Ramos,uy URU,DF,Spezia,23,1996,3.3,1,0,0,3,2,1,12,2,0,0,0,0,12,4,0,100.0,Matches
340,Federico Marchetti,it ITA,GK,Genoa,37,1983,3.7,0,0,0,0,0,0,0,0,0,0,0,0,7,0,1,0.0,Matches
341,Riccardo Marchizza,it ITA,DF,Spezia,22,1998,17.3,4,0,0,17,14,3,71,11,11,0,1,0,82,22,18,55.0,Matches
342,Gian Marco Ferrari,it ITA,DF,Sassuolo,28,1992,33.5,7,0,0,41,36,0,2,50,20,1,0,0,172,69,52,57.0,Matches
343,Răzvan Marin,ro ROU,MF,Cagliari,24,1996,32.9,6,0,0,49,23,2,161,29,33,0,0,0,186,10,18,35.7,Matches
344,Marlon,br BRA,DF,Sassuolo,24,1995,19.4,6,1,1,26,8,0,0,27,13,0,2,0,112,38,30,55.9,Matches
345,Luca Marrone,it ITA,DF,Crotone,30,1990,17.6,8,0,0,36,10,0,0,26,18,0,1,1,105,20,22,47.6,Matches
346,Lautaro Martínez,ar ARG,FW,Inter,22,1997,28.5,5,0,0,64,61,11,12,27,12,3,0,0,97,25,48,34.2,Matches
347,Lucas Martínez Quarta,ar ARG,DF,Fiorentina,24,1996,16.5,4,1,0,23,10,0,5,39,20,0,1,0,107,28,22,56.0,Matches
348,Adam Marušić,me MNE,DF,Lazio,27,1992,33.0,3,0,0,19,16,4,64,40,22,0,1,1,185,28,27,50.9,Matches
349,Andrea Masiello,it ITA,DF,Genoa,34,1986,28.5,6,0,0,15,12,1,8,52,22,0,1,0,156,40,34,54.1,Matches
350,Giuseppe Mastinu,it ITA,FW,Spezia,28,1991,0.4,0,0,0,1,1,0,0,0,1,0,0,0,0,0,0,,Matches
Rk,Player,Nation,Pos,Squad,Age,Born,90s,CrdY,CrdR,2CrdY,Fls,Fld,Off,Crs,Int,TklW,PKwon,PKcon,OG,Recov,Won,Lost,Won%,Matches
351,Ryder Matos,br BRA,MF,Udinese,27,1993,0.1,0,0,0,0,2,0,2,0,0,0,0,0,0,0,1,0.0,Matches
352,Federico Mattiello,it ITA,DF,Spezia,25,1995,0.4,0,0,0,0,1,0,2,0,0,0,0,0,4,1,3,25.0,Matches
353,Borja Mayoral,es ESP,FW,Roma,23,1997,17.2,1,0,0,10,28,13,7,0,2,1,0,0,27,15,51,22.7,Matches
354,Antonio Mazzotta,it ITA,DF,Crotone,30,1989,0.6,1,0,0,2,0,0,2,0,1,0,0,0,0,0,0,,Matches
355,Ibrahima Mbaye,sn SEN,DF,Bologna,25,1994,4.8,2,0,0,3,5,1,2,1,5,0,0,0,26,12,11,52.2,Matches
356,Weston McKennie,us USA,MF,Juventus,21,1998,18.9,5,0,0,44,7,4,9,28,19,0,0,0,100,29,28,50.9,Matches
357,Gary Medel,cl CHI,"DF,MF",Bologna,32,1987,5.7,1,0,0,5,10,0,0,7,9,0,0,0,43,7,6,53.8,Matches
358,Soualiho Meïté,fr FRA,MF,Torino,26,1994,10.2,0,0,0,11,9,1,2,10,7,0,0,0,57,6,10,37.5,Matches
359,Soualiho Meïté,fr FRA,MF,Milan,26,1994,6.5,2,0,0,13,14,2,1,8,10,0,0,0,62,12,8,60.0,Matches
360,Filippo Melegoni,it ITA,"MF,DF",Genoa,21,1999,4.3,1,0,0,3,5,0,14,5,6,0,0,0,14,2,2,50.0,Matches
361,Arthur Melo,br BRA,MF,Juventus,23,1996,12.9,3,0,0,11,21,0,3,18,9,0,0,0,93,2,4,33.3,Matches
362,Alex Meret,it ITA,GK,Napoli,23,1997,22.0,0,0,0,0,1,0,0,0,0,0,0,0,35,5,1,83.3,Matches
363,Yıldırım Mert Çetin,tr TUR,DF,Hellas Verona,23,1997,4.6,1,0,0,6,4,0,1,14,4,0,0,0,26,13,10,56.5,Matches
364,Dries Mertens,be BEL,"FW,MF",Napoli,33,1987,16.2,2,0,0,15,9,5,64,9,14,0,0,0,40,2,11,15.4,Matches
365,Junior Messias,br BRA,"MF,FW",Crotone,29,1991,35.7,6,0,0,34,93,5,123,35,35,1,0,0,166,34,65,34.3,Matches
366,Petar Mićin,rs SRB,MF,Udinese,21,1998,0.2,0,0,0,1,0,0,0,0,0,0,0,0,0,0,0,,Matches
367,Valentin Mihaila,ro ROU,"FW,MF",Parma,20,2000,7.8,2,0,0,5,8,5,14,5,1,1,0,0,20,3,15,16.7,Matches
368,Nikola Milenković,rs SRB,DF,Fiorentina,22,1997,33.7,7,1,0,56,16,0,6,44,29,0,1,0,148,101,30,77.1,Matches
369,Sergej Milinković-Savić,rs SRB,MF,Lazio,25,1995,30.5,4,0,0,56,50,9,57,33,40,2,2,0,212,99,85,53.8,Matches
370,Vanja Milinković-Savić,rs SRB,GK,Torino,23,1997,5.0,0,1,0,0,2,0,0,0,1,0,0,0,11,1,0,100.0,Matches
371,Vincenzo Millico,it ITA,"FW,MF",Torino,19,2000,0.2,0,0,0,0,0,0,1,0,0,0,0,0,1,0,0,,Matches
372,Aleksei Miranchuk,ru RUS,"MF,FW",Atalanta,24,1995,7.5,0,0,0,17,20,2,15,3,13,0,0,0,44,8,12,40.0,Matches
373,Antonio Mirante,it ITA,GK,Roma,37,1983,12.8,2,0,0,0,1,0,0,0,0,0,0,0,29,0,1,0.0,Matches
374,Henrikh Mkhitaryan,am ARM,"MF,FW",Roma,31,1989,30.5,2,0,0,36,46,10,53,39,24,1,0,0,150,13,27,32.5,Matches
375,Johan Mojica,co COL,DF,Atalanta,27,1992,3.3,1,0,0,4,1,0,20,7,4,0,1,0,32,5,4,55.6,Matches
Rk,Player,Nation,Pos,Squad,Age,Born,90s,CrdY,CrdR,2CrdY,Fls,Fld,Off,Crs,Int,TklW,PKwon,PKcon,OG,Recov,Won,Lost,Won%,Matches
376,Nahuel Molina,ar ARG,DF,Udinese,22,1998,20.3,1,0,0,16,11,4,85,21,18,0,2,0,106,11,13,45.8,Matches
377,Salvatore Molina,it ITA,"MF,DF",Crotone,28,1992,25.7,1,0,0,23,39,2,71,17,22,0,0,1,161,21,18,53.8,Matches
378,Gabriele Moncini,it ITA,"FW,MF",Benevento,24,1996,4.0,0,0,0,9,10,1,0,2,1,0,0,0,18,10,17,37.0,Matches
379,Cristóbal Montiel,es ESP,"MF,FW",Fiorentina,20,2000,0.0,0,0,0,0,1,0,0,0,0,0,0,0,1,0,0,,Matches
380,Lorenzo Montipò,it ITA,GK,Benevento,24,1996,37.0,3,0,0,3,6,0,0,0,0,0,2,1,31,9,2,81.8,Matches
381,Luca Mora,it ITA,MF,Spezia,32,1988,1.3,0,0,0,2,2,0,1,0,1,0,0,0,5,5,1,83.3,Matches
382,Álvaro Morata,es ESP,FW,Juventus,27,1992,22.4,3,1,0,37,44,19,18,5,12,1,0,0,55,33,34,49.3,Matches
383,Raúl Moro,es ESP,FW,Lazio,17,2002,0.1,0,0,0,0,0,0,0,0,0,0,0,0,1,0,0,,Matches
384,Mert Müldür,tr TUR,DF,Sassuolo,21,1999,18.6,2,0,0,20,15,0,48,36,20,0,0,0,86,19,21,47.5,Matches
385,Luis Muriel,co COL,FW,Atalanta,29,1991,16.0,0,0,0,18,20,3,82,7,9,1,0,0,51,25,47,34.7,Matches
386,Vedat Muriqi,xk KVX,FW,Lazio,26,1994,9.2,1,0,0,14,19,15,3,3,1,0,0,0,30,54,43,55.7,Matches
387,Nicola Murru,it ITA,DF,Torino,25,1994,6.3,0,0,0,12,12,0,21,12,6,0,0,0,35,10,9,52.6,Matches
388,Mateo Musacchio,ar ARG,DF,Lazio,29,1990,2.5,2,0,0,3,4,0,1,2,1,0,0,0,8,2,7,22.2,Matches
389,Mateo Musacchio,ar ARG,DF,Milan,29,1990,0.4,0,0,0,1,0,0,0,3,1,0,0,0,3,0,0,,Matches
390,Juan Musso,ar ARG,GK,Udinese,26,1994,35.0,5,0,0,4,4,0,0,1,1,0,4,0,43,8,0,100.0,Matches
391,Joakim Mæhle,dk DEN,DF,Atalanta,23,1997,13.5,0,0,0,10,11,0,36,11,10,0,1,0,74,7,12,36.8,Matches
392,Radja Nainggolan,be BEL,MF,Cagliari,32,1988,20.5,5,0,0,21,21,0,72,15,26,0,0,0,141,17,15,53.1,Matches
393,Radja Nainggolan,be BEL,MF,Inter,32,1988,0.5,0,0,0,1,0,0,0,1,0,0,0,0,3,0,0,,Matches
394,Nahitan Nández,uy URU,"MF,DF",Cagliari,24,1995,30.4,8,1,0,40,59,8,95,23,28,0,0,0,181,42,59,41.6,Matches
395,Ilija Nestorovski,mk MKD,"FW,MF",Udinese,30,1990,7.8,1,0,0,16,16,5,3,1,4,0,0,0,22,13,20,39.4,Matches
396,Nicolas Nkoulou,cm CMR,DF,Torino,30,1990,15.1,5,0,0,15,25,0,0,33,9,0,3,0,104,26,38,40.6,Matches
397,Bram Nuytinck,nl NED,DF,Udinese,30,1990,18.2,1,0,0,8,5,0,3,25,15,0,0,0,65,35,15,70.0,Matches
398,Simeon Nwankwo,ng NGA,FW,Crotone,28,1992,32.7,1,0,0,50,44,23,3,6,2,0,0,0,64,61,98,38.4,Matches
399,M'Bala Nzola,ao ANG,FW,Spezia,23,1996,21.1,5,0,0,55,27,26,2,3,5,0,1,0,54,41,84,32.8,Matches
400,Pedro Obiang,gq EQG,MF,Sassuolo,28,1992,16.3,4,1,0,24,20,0,1,22,22,0,0,0,66,29,21,58.0,Matches
Rk,Player,Nation,Pos,Squad,Age,Born,90s,CrdY,CrdR,2CrdY,Fls,Fld,Off,Crs,Int,TklW,PKwon,PKcon,OG,Recov,Won,Lost,Won%,Matches
401,Brian Oddei,it ITA,"FW,MF",Sassuolo,17,2002,0.5,0,0,0,0,1,0,7,0,1,0,0,0,3,0,0,,Matches
402,Stefano Okaka,it ITA,FW,Udinese,30,1989,16.5,2,0,0,38,35,13,4,2,7,0,0,0,36,44,49,47.3,Matches
403,Christian Oliva,uy URU,MF,Cagliari,24,1996,4.3,2,0,0,7,5,0,2,8,4,0,0,0,20,5,4,55.6,Matches
404,Maximiliano Olivera,uy URU,DF,Fiorentina,28,1992,1.0,0,0,0,1,1,0,0,0,0,0,0,0,2,1,2,33.3,Matches
405,Jérôme Onguéné,cm CMR,DF,Genoa,22,1997,2.0,0,0,0,3,1,0,1,2,1,0,0,0,14,2,6,25.0,Matches
406,Riccardo Orsolini,it ITA,"FW,MF",Bologna,23,1997,19.5,0,0,0,21,44,7,100,10,18,0,1,0,83,25,25,50.0,Matches
407,Victor Osimhen,ng NGA,FW,Napoli,21,1998,17.5,4,0,0,34,36,20,14,7,15,1,0,0,37,45,63,41.7,Matches
408,Yordan Osorio,ve VEN,DF,Parma,26,1994,20.1,2,0,0,16,17,1,2,53,14,0,1,0,140,45,25,64.3,Matches
409,David Ospina,co COL,GK,Napoli,31,1988,16.0,2,0,0,1,5,0,0,0,0,0,1,0,26,7,1,87.5,Matches
410,Adam Ounas,dz ALG,"FW,MF",Crotone,23,1996,13.3,1,0,0,11,31,9,41,3,4,0,0,0,62,9,14,39.1,Matches
411,Adam Ounas,dz ALG,"MF,FW",Cagliari,23,1996,3.4,0,0,0,3,9,1,10,3,2,0,0,0,17,3,4,42.9,Matches
412,Thomas Ouwejan,nl NED,DF,Udinese,23,1996,4.6,0,0,0,7,2,0,49,5,1,0,0,0,12,2,7,22.2,Matches
413,Daniele Padelli,it ITA,GK,Inter,34,1985,0.5,0,0,0,0,0,0,0,0,0,0,0,0,0,0,0,,Matches
414,Mattia Pagliuca,it ITA,MF,Bologna,18,2002,0.1,0,0,0,0,1,0,0,1,0,0,0,0,0,0,1,0.0,Matches
415,Rodrigo Palacio,ar ARG,FW,Bologna,38,1982,27.8,5,0,0,39,72,35,72,7,6,1,0,0,85,33,66,33.3,Matches
416,Alberto Paleari,it ITA,GK,Genoa,27,1992,2.3,0,0,0,0,1,0,0,0,0,0,0,0,2,0,1,0.0,Matches
417,Antonio Palumbo,it ITA,MF,Sampdoria,23,1996,0.1,0,0,0,0,0,0,0,0,0,0,0,0,0,0,0,,Matches
418,Martin Palumbo,no NOR,MF,Udinese,18,2002,0.7,0,0,0,1,0,0,0,1,0,0,0,0,1,0,0,,Matches
419,Goran Pandev,mk MKD,"FW,MF",Genoa,37,1983,15.6,5,0,0,12,36,7,10,2,5,0,0,0,78,16,27,37.2,Matches
420,Ivor Pandur,hr CRO,GK,Hellas Verona,20,2000,3.7,0,0,0,0,0,0,0,0,0,0,0,0,8,1,0,100.0,Matches
421,Vittorio Parigini,it ITA,"MF,DF",Genoa,24,1996,0.6,0,0,0,0,2,1,9,0,2,0,0,0,2,2,2,50.0,Matches
422,Marco Parolo,it ITA,"DF,MF",Lazio,35,1985,7.3,5,0,0,21,1,1,4,14,8,0,1,0,46,21,17,55.3,Matches
423,Mario Pašalić,hr CRO,MF,Atalanta,25,1995,12.5,2,0,0,19,10,1,6,8,15,0,0,0,85,16,16,50.0,Matches
424,Christian Pastina,it ITA,DF,Benevento,19,2001,1.3,1,0,0,1,0,0,2,1,0,0,0,0,2,0,0,,Matches
425,Javier Pastore,ar ARG,"MF,FW",Roma,31,1989,0.9,0,0,0,1,1,0,0,0,2,0,0,0,2,1,1,50.0,Matches
Rk,Player,Nation,Pos,Squad,Age,Born,90s,CrdY,CrdR,2CrdY,Fls,Fld,Off,Crs,Int,TklW,PKwon,PKcon,OG,Recov,Won,Lost,Won%,Matches
426,Patric,es ESP,DF,Lazio,27,1993,17.7,8,0,0,21,5,1,30,18,16,0,1,0,90,14,15,48.3,Matches
427,Leonardo Pavoletti,it ITA,FW,Cagliari,31,1988,17.6,8,0,0,44,29,9,1,4,3,1,0,0,38,113,67,62.8,Matches
428,Nehuén Paz,ar ARG,DF,Bologna,27,1993,4.0,0,0,0,3,2,0,0,11,4,0,0,0,21,21,3,87.5,Matches
429,Pedro,es ESP,"MF,FW",Roma,33,1987,17.7,5,1,1,25,34,7,35,9,14,2,0,0,67,3,12,20.0,Matches
430,João Pedro,it ITA,"FW,MF",Cagliari,28,1992,36.1,4,0,0,46,98,11,25,13,6,3,0,0,97,65,87,42.8,Matches
431,Gianluca Pegolo,it ITA,GK,Sassuolo,39,1981,1.0,0,0,0,0,0,0,0,0,0,0,0,0,1,0,0,,Matches
432,Graziano Pellè,it ITA,FW,Parma,35,1985,6.8,1,0,0,19,13,4,0,2,2,1,0,0,13,45,26,63.4,Matches
433,Lorenzo Pellegrini,it ITA,MF,Roma,24,1996,28.9,10,0,0,43,51,6,171,42,24,0,1,0,139,21,27,43.8,Matches
434,Luca Pellegrini,it ITA,"DF,MF",Genoa,21,1999,7.1,2,0,0,10,16,0,29,8,6,0,0,1,50,4,13,23.5,Matches
435,Federico Peluso,it ITA,DF,Sassuolo,36,1984,2.3,1,0,0,2,1,0,0,3,1,0,0,0,10,2,2,50.0,Matches
436,Andreas Pereira,br BRA,"FW,MF",Lazio,24,1996,6.0,7,1,1,12,8,3,49,1,0,0,1,0,31,2,22,8.3,Matches
437,Pedro Pereira,pt POR,DF,Crotone,22,1998,28.3,6,0,0,33,18,5,71,19,32,0,1,0,127,27,40,40.3,Matches
438,Gastón Pereiro,uy URU,"MF,DF",Cagliari,25,1995,3.0,0,0,0,2,3,0,10,1,1,0,0,0,13,10,6,62.5,Matches
439,Bruno Peres,br BRA,DF,Roma,30,1990,15.9,6,0,0,23,16,1,68,27,11,0,0,0,102,7,12,36.8,Matches
440,Roberto Pereyra,ar ARG,"MF,FW",Udinese,29,1991,32.5,8,0,0,38,59,7,37,27,11,1,0,0,156,5,10,33.3,Matches
441,Carles Pérez,es ESP,"MF,FW",Roma,22,1998,8.6,0,0,0,12,7,0,25,6,4,1,0,0,31,3,11,21.4,Matches
442,Mattia Perin,it ITA,GK,Genoa,27,1992,32.0,1,1,0,2,4,0,0,1,0,0,1,0,38,9,1,90.0,Matches
443,Ivan Perišić,hr CRO,"DF,FW",Inter,31,1989,19.9,3,0,0,13,2,8,90,19,13,0,1,0,85,32,24,57.1,Matches
444,Matteo Pessina,it ITA,MF,Atalanta,23,1997,18.3,2,0,0,24,23,1,17,17,7,0,0,0,138,20,24,45.5,Matches
445,Andrea Petagna,it ITA,FW,Napoli,25,1995,10.7,0,0,0,19,17,7,1,1,0,0,0,0,30,27,28,49.1,Matches
446,Jacopo Petriccione,it ITA,MF,Crotone,25,1995,10.6,5,1,0,18,17,0,14,8,8,0,0,0,65,2,8,20.0,Matches
447,Jens Petter Hauge,no NOR,FW,Milan,20,1999,5.9,0,0,0,11,1,1,3,1,4,0,0,0,22,5,10,33.3,Matches
448,Germán Pezzella,ar ARG,DF,Fiorentina,29,1991,30.5,5,0,0,33,17,4,2,36,20,0,2,0,130,66,45,59.5,Matches
449,Giuseppe Pezzella,it ITA,DF,Parma,22,1997,20.3,7,0,0,24,25,0,92,12,19,0,0,0,121,20,10,66.7,Matches
450,Cristiano Piccini,it ITA,DF,Atalanta,27,1992,0.7,0,0,0,1,1,0,0,0,1,0,0,0,3,1,0,100.0,Matches
Rk,Player,Nation,Pos,Squad,Age,Born,90s,CrdY,CrdR,2CrdY,Fls,Fld,Off,Crs,Int,TklW,PKwon,PKcon,OG,Recov,Won,Lost,Won%,Matches
451,Roberto Piccoli,it ITA,FW,Spezia,19,2001,7.8,0,0,0,16,13,3,2,2,3,1,0,0,8,17,43,28.3,Matches
452,Andrea Pinamonti,it ITA,FW,Inter,21,1999,1.9,0,0,0,2,6,1,1,1,0,0,0,0,5,2,2,50.0,Matches
453,Carlo Pinsoglio,it ITA,GK,Juventus,30,1990,0.3,0,1,0,0,0,0,0,0,0,0,0,0,1,0,0,,Matches
454,Fabio Pisacane,it ITA,DF,Cagliari,34,1986,2.5,1,0,0,2,0,0,2,1,2,0,0,0,10,3,1,75.0,Matches
455,Marko Pjaca,hr CRO,"FW,MF",Genoa,25,1995,15.8,0,0,0,19,24,2,4,7,6,0,0,0,65,15,47,24.2,Matches
456,Tommaso Pobega,it ITA,MF,Spezia,21,1999,13.7,6,0,0,28,17,0,9,9,12,3,1,0,61,17,20,45.9,Matches
457,Andrea Poli,it ITA,MF,Bologna,30,1989,4.3,1,0,0,5,7,0,2,7,7,0,0,1,27,0,7,0.0,Matches
458,Matteo Politano,it ITA,"FW,MF",Napoli,26,1993,21.2,3,0,0,15,47,0,90,14,16,0,0,0,68,4,18,18.2,Matches
459,Manolo Portanova,it ITA,"MF,FW",Genoa,20,2000,0.7,0,0,0,3,6,0,0,1,3,0,0,0,5,0,4,0.0,Matches
460,Manolo Portanova,it ITA,MF,Juventus,20,2000,0.8,1,0,0,2,3,0,0,0,0,0,0,0,3,1,0,100.0,Matches
461,Ivan Provedel,it ITA,GK,Spezia,26,1994,29.0,1,0,0,0,9,0,0,2,0,0,0,0,60,5,1,83.3,Matches
462,Erick Pulgar,cl CHI,MF,Fiorentina,26,1994,22.2,8,0,0,23,22,0,80,41,18,0,1,0,140,28,12,70.0,Matches
463,Ignacio Pussetto,ar ARG,FW,Udinese,24,1995,8.4,2,0,0,18,10,7,14,13,8,1,0,0,33,22,21,51.2,Matches
464,Fabio Quagliarella,it ITA,FW,Sampdoria,37,1983,24.5,1,0,0,27,35,18,20,7,8,1,0,0,69,34,50,40.5,Matches
465,Simone Rabbi,it ITA,"FW,DF",Bologna,18,2001,0.4,0,0,0,3,1,1,1,0,0,0,0,0,2,0,3,0.0,Matches
466,Adrien Rabiot,fr FRA,MF,Juventus,25,1995,25.7,7,1,1,44,21,0,20,43,42,0,2,0,147,37,20,64.9,Matches
467,Ivan Radovanović,rs SRB,"DF,MF",Genoa,31,1988,24.8,6,0,0,28,25,0,4,37,15,0,2,0,156,54,45,54.5,Matches
468,Ionuț Radu,ro ROU,GK,Inter,23,1997,1.5,0,0,0,0,0,0,0,0,0,0,0,0,4,1,0,100.0,Matches
469,Ștefan Radu,ro ROU,DF,Lazio,33,1986,27.3,2,0,0,20,22,0,61,45,24,0,0,0,146,41,21,66.1,Matches
470,Rafael,br BRA,GK,Spezia,38,1982,2.3,0,0,0,0,0,0,0,0,0,0,0,0,2,2,0,100.0,Matches
471,Antonio Raimondo,it ITA,FW,Bologna,16,2004,0.0,0,0,0,0,0,0,0,0,0,0,0,0,0,1,0,100.0,Matches
472,Gastón Ramírez,uy URU,"FW,MF",Sampdoria,29,1990,10.8,5,0,0,32,33,3,55,4,15,0,0,0,51,26,34,43.3,Matches
473,Aaron Ramsey,wls WAL,MF,Juventus,29,1990,12.1,2,0,0,19,18,3,22,7,14,1,0,0,56,8,13,38.1,Matches
474,Andrea Ranocchia,it ITA,DF,Inter,32,1988,7.8,2,0,0,13,7,1,0,12,10,0,0,0,40,20,10,66.7,Matches
475,Giacomo Raspadori,it ITA,"FW,MF",Sassuolo,20,2000,13.7,1,0,0,8,23,4,42,2,3,4,0,0,29,3,7,30.0,Matches
Rk,Player,Nation,Pos,Squad,Age,Born,90s,CrdY,CrdR,2CrdY,Fls,Fld,Off,Crs,Int,TklW,PKwon,PKcon,OG,Recov,Won,Lost,Won%,Matches
476,Federico Ravaglia,it ITA,GK,Bologna,20,1999,4.0,0,0,0,1,0,0,0,0,0,0,0,0,5,0,0,,Matches
477,Ante Rebić,hr CRO,FW,Milan,26,1993,19.7,4,1,0,33,14,11,61,7,9,3,0,0,48,23,35,39.7,Matches
478,Arkadiusz Reca,pl POL,DF,Crotone,25,1995,25.7,7,0,0,34,25,5,81,50,16,4,0,0,159,34,36,48.6,Matches
479,Vasco Regini,it ITA,DF,Sampdoria,29,1990,1.0,0,0,0,1,1,0,2,1,2,0,0,1,1,0,1,0.0,Matches
480,Pepe Reina,es ESP,GK,Lazio,37,1982,29.0,1,0,0,0,1,0,0,1,0,0,0,0,23,4,0,100.0,Matches
481,Bryan Reynolds,us USA,DF,Roma,19,2001,3.1,0,0,0,5,3,0,7,6,2,0,0,0,10,2,3,40.0,Matches
482,Franck Ribéry,fr FRA,FW,Fiorentina,37,1983,23.9,6,1,0,36,73,7,18,3,11,1,0,0,72,6,20,23.1,Matches
483,Federico Ricci,it ITA,FW,Sassuolo,26,1994,0.0,0,0,0,1,0,0,0,0,0,0,0,0,0,0,0,,Matches
484,Giacomo Ricci,it ITA,DF,Parma,23,1996,0.7,0,0,0,0,0,0,1,1,1,0,0,0,0,1,2,33.3,Matches
485,Matteo Ricci,it ITA,MF,Spezia,26,1994,24.8,5,0,0,27,29,0,32,34,23,0,0,0,188,15,12,55.6,Matches
486,Tomás Rincón,ve VEN,MF,Torino,32,1988,31.6,10,1,1,72,44,0,21,31,38,0,0,0,175,48,36,57.1,Matches
487,Andrea Rispoli,it ITA,DF,Crotone,31,1988,7.2,4,0,0,8,4,1,30,5,3,0,0,0,22,4,7,36.4,Matches
488,Emmanuel Rivière,fr FRA,FW,Crotone,30,1990,7.1,2,0,0,10,18,1,1,1,1,0,0,0,18,14,21,40.0,Matches
489,Ricardo Rodríguez,ch SUI,DF,Torino,27,1992,13.8,1,0,0,13,6,0,20,20,14,0,0,0,53,16,12,57.1,Matches
490,Marko Rog,hr CRO,MF,Cagliari,25,1995,12.9,2,0,0,34,23,0,6,19,24,0,0,0,95,5,13,27.8,Matches
491,Rogério,br BRA,DF,Sassuolo,22,1998,20.9,4,0,0,28,25,1,75,31,13,0,0,0,93,13,16,44.8,Matches
492,Luis Rojas,cl CHI,"MF,FW",Crotone,18,2002,1.2,1,0,0,2,0,0,0,1,0,0,0,0,8,1,1,50.0,Matches
493,Alessio Romagnoli,it ITA,DF,Milan,25,1995,21.2,7,0,0,19,11,0,1,24,7,0,1,0,85,55,26,67.9,Matches
494,Cristian Romero,ar ARG,DF,Atalanta,22,1998,28.3,10,0,0,70,32,0,0,96,32,1,0,0,237,112,50,69.1,Matches
495,Cristiano Ronaldo,pt POR,FW,Juventus,35,1985,31.1,3,0,0,17,43,31,64,5,3,1,0,0,71,21,23,47.7,Matches
496,Marten de Roon,nl NED,MF,Atalanta,29,1991,33.6,8,1,0,65,23,0,16,69,48,0,0,0,258,65,44,59.6,Matches
497,Nicolò Rovella,it ITA,MF,Genoa,18,2001,13.2,4,0,0,19,23,0,29,20,16,0,1,0,93,7,13,35.0,Matches
498,Amir Rrahmani,xk KVX,DF,Napoli,26,1994,12.2,2,0,0,11,8,0,1,8,8,2,0,0,54,24,21,53.3,Matches
499,Kevin Rüegg,ch SUI,"DF,MF",Hellas Verona,21,1998,2.3,0,0,0,2,1,1,3,2,0,1,0,0,9,1,4,20.0,Matches
500,Daniele Rugani,it ITA,DF,Cagliari,26,1994,11.1,2,0,0,15,4,0,5,15,11,0,0,0,49,33,16,67.3,Matches
Rk,Player,Nation,Pos,Squad,Age,Born,90s,CrdY,CrdR,2CrdY,Fls,Fld,Off,Crs,Int,TklW,PKwon,PKcon,OG,Recov,Won,Lost,Won%,Matches
501,Matteo Ruggeri,it ITA,DF,Atalanta,18,2002,2.3,0,0,0,3,0,0,8,4,0,0,0,0,11,3,2,60.0,Matches
502,Mário Rui,pt POR,DF,Napoli,29,1991,18.5,4,0,0,17,41,3,83,28,13,0,0,0,106,9,13,40.9,Matches
503,Fabián Ruiz Peña,es ESP,MF,Napoli,24,1996,28.5,1,0,0,11,26,1,23,36,31,0,1,0,186,15,7,68.2,Matches
504,Alexis Saelemaekers,be BEL,FW,Milan,21,1999,22.4,7,1,1,29,34,6,47,25,26,1,0,0,113,7,16,30.4,Matches
505,Jacopo Sala,it ITA,DF,Spezia,28,1991,4.2,1,0,0,7,4,0,14,5,9,0,0,0,23,4,3,57.1,Matches
506,Eddie Salcedo,it ITA,"MF,FW",Hellas Verona,18,2001,8.4,3,0,0,14,15,3,18,6,2,1,0,0,34,36,57,38.7,Matches
507,Antonio Sanabria,py PAR,FW,Torino,24,1996,10.9,2,0,0,17,12,3,2,5,3,0,0,0,24,29,38,43.3,Matches
508,Alexis Sánchez,cl CHI,FW,Inter,31,1988,12.7,0,0,0,19,33,10,28,7,8,0,0,0,53,9,10,47.4,Matches
509,Alex Sandro,br BRA,DF,Juventus,29,1991,20.6,2,0,0,26,28,0,60,31,23,0,0,1,123,38,23,62.3,Matches
510,Siriki Sanogo,ci CIV,MF,Benevento,18,2001,0.1,0,0,0,0,0,0,0,0,0,0,0,0,0,0,0,,Matches
511,Nicola Sansone,it ITA,"FW,MF",Bologna,28,1991,13.0,2,0,0,23,40,3,49,9,11,0,0,0,68,5,24,17.2,Matches
512,Federico Santander,py PAR,FW,Bologna,29,1991,0.4,0,0,0,2,2,0,0,0,0,0,0,0,1,4,3,57.1,Matches
513,Davide Santon,it ITA,DF,Roma,29,1991,6.5,3,0,0,11,3,1,16,4,3,0,0,0,27,3,2,60.0,Matches
514,Samir Santos,br BRA,DF,Udinese,25,1994,24.6,6,0,0,39,36,3,18,58,23,0,0,0,97,49,32,60.5,Matches
515,Riccardo Saponara,it ITA,MF,Fiorentina,28,1991,0.6,0,0,0,1,1,0,0,1,1,0,0,0,4,0,2,0.0,Matches
516,Riccardo Saponara,it ITA,"FW,MF",Spezia,28,1991,4.3,2,1,1,4,14,2,4,1,1,0,0,0,31,8,6,57.1,Matches
517,Marco Sau,it ITA,"MF,FW",Benevento,32,1987,8.7,1,1,0,8,19,1,40,5,2,1,0,0,37,1,16,5.9,Matches
518,Gianluca Scamacca,it ITA,FW,Genoa,21,1999,15.0,1,0,0,32,17,10,10,9,10,0,0,1,54,41,38,51.9,Matches
519,Nicolás Schiappacasse,uy URU,MF,Sassuolo,21,1999,0.2,0,0,0,0,0,0,0,0,0,0,0,0,0,0,1,0.0,Matches
520,Pasquale Schiattarella,it ITA,MF,Benevento,33,1987,25.0,13,1,0,36,54,1,6,32,22,0,0,0,172,12,8,60.0,Matches
521,Jerdy Schouten,nl NED,MF,Bologna,23,1997,27.9,8,1,0,48,24,1,9,79,25,0,1,0,249,34,30,53.1,Matches
522,Matteo Scozzarella,it ITA,MF,Parma,32,1988,1.7,1,0,0,3,1,0,13,6,0,0,0,0,9,0,0,,Matches
523,Simone Scuffet,it ITA,GK,Udinese,24,1996,1.0,0,0,0,0,0,0,0,0,0,0,0,0,0,2,0,100.0,Matches
524,Jacopo Segre,it ITA,MF,Torino,23,1997,2.1,1,0,0,2,9,1,0,0,2,0,0,0,10,1,1,50.0,Matches
525,Léo Sena,br BRA,MF,Spezia,24,1995,9.8,0,0,0,7,61,0,12,11,12,0,0,0,77,4,11,26.7,Matches
Rk,Player,Nation,Pos,Squad,Age,Born,90s,CrdY,CrdR,2CrdY,Fls,Fld,Off,Crs,Int,TklW,PKwon,PKcon,OG,Recov,Won,Lost,Won%,Matches
526,Stefano Sensi,it ITA,MF,Inter,24,1995,6.7,1,1,0,10,14,0,34,7,6,0,0,0,49,2,2,50.0,Matches
527,Luigi Sepe,it ITA,GK,Parma,29,1991,36.0,0,0,0,0,2,0,0,2,0,0,0,0,34,3,2,60.0,Matches
528,Stephan El Shaarawy,it ITA,"MF,FW",Roma,27,1992,6.4,1,0,0,8,9,1,10,3,3,0,0,0,19,2,6,25.0,Matches
529,Eldor Shomurodov,uz UZB,FW,Genoa,25,1995,18.6,1,0,0,39,21,11,15,6,14,0,0,0,59,46,79,36.8,Matches
530,Luca Siligardi,it ITA,"MF,FW",Crotone,32,1988,0.5,0,0,0,0,1,0,0,0,2,0,0,0,0,0,1,0.0,Matches
531,Luca Siligardi,it ITA,"FW,MF",Parma,32,1988,0.4,0,0,0,0,0,0,5,0,0,0,0,0,3,0,0,,Matches
532,Adrien Silva,pt POR,MF,Sampdoria,31,1989,17.8,8,1,1,35,23,0,9,30,22,0,2,0,142,19,15,55.9,Matches
533,Marco Silvestri,it ITA,GK,Hellas Verona,29,1991,34.0,1,0,0,2,3,0,0,0,0,0,2,1,61,7,3,70.0,Matches
534,Giovanni Simeone,ar ARG,FW,Cagliari,25,1995,19.3,1,0,0,24,25,18,8,10,11,0,0,0,55,29,66,30.5,Matches
535,Wilfried Singo,ci CIV,DF,Torino,19,2000,20.6,4,1,1,27,50,2,79,29,14,1,0,0,129,50,26,65.8,Matches
536,Salvatore Sirigu,it ITA,GK,Torino,33,1987,32.0,0,0,0,1,3,0,0,0,0,0,1,0,42,4,1,80.0,Matches
537,Łukasz Skorupski,pl POL,GK,Bologna,29,1991,28.0,1,0,0,0,1,0,0,0,1,0,0,0,37,6,1,85.7,Matches
538,Andreas Skov Olsen,dk DEN,"FW,DF",Bologna,20,1999,13.1,1,0,0,12,12,2,66,3,10,0,0,0,58,9,10,47.4,Matches
539,Milan Škriniar,sk SVK,DF,Inter,25,1995,30.9,1,0,0,34,27,0,4,30,32,0,0,0,163,32,43,42.7,Matches
540,Chris Smalling,eng ENG,DF,Roma,30,1989,12.3,3,0,0,13,8,1,1,28,8,0,0,0,67,25,13,65.8,Matches
541,Simon Sohm,ch SUI,MF,Parma,19,2001,10.0,1,0,0,8,4,2,4,5,12,0,0,0,47,9,7,56.3,Matches
542,Roberto Soriano,it ITA,MF,Bologna,29,1991,36.1,5,0,0,75,49,3,34,18,26,2,0,0,184,34,58,37.0,Matches
543,Riccardo Sottil,it ITA,"FW,MF",Cagliari,21,1999,13.2,3,0,0,17,35,1,43,5,3,0,0,0,82,3,12,20.0,Matches
544,Adama Soumaoro,fr FRA,DF,Bologna,28,1992,19.5,4,0,0,33,19,0,0,20,14,0,3,0,111,60,15,80.0,Matches
545,Leonardo Spinazzola,it ITA,DF,Roma,27,1993,23.6,0,0,0,8,11,2,103,25,6,0,0,1,107,10,1,90.9,Matches
546,Marco Sportiello,it ITA,GK,Atalanta,28,1992,14.0,0,0,0,0,1,0,0,2,2,0,0,0,29,5,1,83.3,Matches
547,Mattia Sprocati,it ITA,"MF,FW",Parma,27,1993,0.2,0,0,0,0,0,0,0,1,0,0,0,0,0,0,0,,Matches
548,Thomas Strakosha,al ALB,GK,Lazio,25,1995,9.0,1,0,0,0,2,0,0,1,1,0,0,0,14,3,0,100.0,Matches
549,Kevin Strootman,nl NED,MF,Genoa,30,1990,14.6,7,0,0,25,13,1,39,25,18,0,0,0,89,15,15,50.0,Matches
550,Jens Stryger Larsen,dk DEN,DF,Udinese,29,1991,29.3,0,0,0,12,13,4,60,24,11,0,1,0,131,22,32,40.7,Matches
Rk,Player,Nation,Pos,Squad,Age,Born,90s,CrdY,CrdR,2CrdY,Fls,Fld,Off,Crs,Int,TklW,PKwon,PKcon,OG,Recov,Won,Lost,Won%,Matches
551,Stefano Sturaro,it ITA,MF,Hellas Verona,27,1993,4.7,5,0,0,17,6,0,5,5,3,0,0,0,16,7,8,46.7,Matches
552,Stefano Sturaro,it ITA,MF,Genoa,27,1993,4.9,1,0,0,14,12,2,22,7,5,0,0,0,33,7,12,36.8,Matches
553,Bosko Sutalo,hr CRO,DF,Atalanta,20,2000,2.6,0,0,0,2,4,0,3,2,5,0,0,0,21,12,8,60.0,Matches
554,Mattias Svanberg,se SWE,MF,Bologna,21,1999,20.6,8,1,1,46,44,0,6,30,17,0,0,0,109,20,16,55.6,Matches
555,Wojciech Szczęsny,pl POL,GK,Juventus,30,1990,29.7,0,0,0,0,1,0,0,3,0,0,0,0,59,7,0,100.0,Matches
556,Adrien Tameze,cm CMR,MF,Hellas Verona,26,1994,25.6,6,0,0,35,29,2,15,32,25,0,1,0,188,44,48,47.8,Matches
557,Ciprian Tătărușanu,ro ROU,GK,Milan,34,1986,1.0,0,0,0,0,0,0,0,0,0,0,0,0,1,0,0,,Matches
558,Andrés Tello,co COL,"DF,MF",Benevento,23,1996,4.6,3,0,0,6,4,0,10,6,6,0,0,0,35,10,10,50.0,Matches
559,Hidde ter Avest,nl NED,DF,Udinese,23,1997,3.9,0,0,0,3,2,1,16,2,2,0,0,0,19,1,2,33.3,Matches
560,Pietro Terracciano,it ITA,GK,Fiorentina,30,1990,3.0,0,0,0,0,0,0,0,0,0,0,0,0,3,0,0,,Matches
561,Claudio Terzi,it ITA,DF,Spezia,36,1984,20.8,9,1,1,24,16,2,4,36,20,0,2,0,112,35,35,50.0,Matches
562,Morten Thorsby,no NOR,MF,Sampdoria,24,1996,29.4,10,0,0,72,24,2,4,25,42,0,2,0,145,153,111,58.0,Matches
563,Jeremy Toljan,de GER,DF,Sassuolo,25,1994,16.6,2,0,0,24,14,4,30,13,12,0,0,0,83,4,9,30.8,Matches
564,Rafael Tolói,it ITA,DF,Atalanta,29,1990,28.2,9,0,0,38,15,1,30,33,23,0,2,0,190,46,28,62.2,Matches
565,Takehiro Tomiyasu,jp JPN,DF,Bologna,21,1998,30.2,4,0,0,31,13,2,23,54,31,0,0,1,155,91,64,58.7,Matches
566,Fikayo Tomori,eng ENG,DF,Milan,22,1997,16.3,0,0,0,14,1,0,1,18,18,0,0,0,99,30,26,53.6,Matches
567,Sandro Tonali,it ITA,MF,Milan,20,2000,14.8,1,1,0,18,17,0,26,22,19,0,0,0,99,6,9,40.0,Matches
568,Lorenzo Tonelli,it ITA,DF,Sampdoria,30,1990,19.8,11,0,0,29,26,1,0,25,18,0,1,0,88,42,39,51.9,Matches
569,Ernesto Torregrossa,ve VEN,FW,Sampdoria,28,1992,1.9,0,0,0,7,1,3,0,1,1,0,0,0,4,5,8,38.5,Matches
570,Mattéo Tramoni,fr FRA,"MF,FW",Cagliari,20,2000,0.8,1,0,0,1,1,0,0,1,2,0,0,0,4,0,2,0.0,Matches
571,Chaka Traorè,ci CIV,"FW,DF",Parma,15,2004,0.2,0,0,0,0,3,0,0,0,0,0,0,0,1,1,0,100.0,Matches
572,Alessandro Tripaldelli,it ITA,DF,Cagliari,21,1999,3.3,1,0,0,9,4,0,9,3,6,0,0,0,14,7,10,41.2,Matches
573,Alessandro Tuia,it ITA,DF,Benevento,30,1990,19.6,6,0,0,26,10,0,3,36,17,0,2,0,61,29,20,59.2,Matches
574,Ľubomír Tupta,sk SVK,FW,Hellas Verona,22,1998,0.6,0,0,0,0,1,0,0,0,0,0,0,0,0,1,0,100.0,Matches
575,Destiny Udogie,it ITA,"DF,MF",Hellas Verona,17,2002,1.9,1,0,0,5,3,1,1,2,4,0,0,0,13,3,5,37.5,Matches
Rk,Player,Nation,Pos,Squad,Age,Born,90s,CrdY,CrdR,2CrdY,Fls,Fld,Off,Crs,Int,TklW,PKwon,PKcon,OG,Recov,Won,Lost,Won%,Matches
576,Samir Ujkani,xk KVX,GK,Torino,32,1988,1.0,0,0,0,0,0,0,0,0,0,0,0,0,1,0,0,,Matches
577,Kacper Urbanski,pl POL,FW,Bologna,15,2004,0.0,0,0,0,0,0,0,0,0,0,0,0,0,0,0,0,,Matches
578,Lautaro Valenti,ar ARG,DF,Parma,21,1999,5.5,0,0,0,5,7,0,2,11,4,0,0,0,26,7,0,100.0,Matches
579,Borja Valero,es ESP,"MF,FW",Fiorentina,35,1985,5.5,3,0,0,10,15,1,2,6,9,0,0,0,41,1,5,16.7,Matches
580,Denis Vavro,sk SVK,DF,Lazio,24,1996,0.4,0,0,0,0,0,0,0,1,0,0,0,0,2,0,1,0.0,Matches
581,Matías Vecino,uy URU,MF,Inter,28,1991,3.1,0,0,0,3,2,0,2,4,1,0,0,0,7,3,4,42.9,Matches
582,Miguel Veloso,pt POR,MF,Hellas Verona,34,1986,14.6,1,0,0,19,10,0,37,12,17,0,0,0,98,24,22,52.2,Matches
583,Lorenzo Venuti,it ITA,DF,Fiorentina,25,1995,19.5,3,0,0,10,26,1,56,17,11,0,0,1,77,8,12,40.0,Matches
584,Daniele Verde,it ITA,FW,Spezia,24,1996,10.9,1,0,0,2,12,2,45,9,4,0,0,0,45,0,0,,Matches
585,Simone Verdi,it ITA,"MF,FW",Torino,28,1992,18.0,6,0,0,24,24,3,154,8,12,0,0,0,78,4,14,22.2,Matches
586,Jordan Veretout,fr FRA,MF,Roma,27,1993,22.8,4,0,0,32,11,2,68,14,12,0,1,0,113,12,13,48.0,Matches
587,Edoardo Vergani,it ITA,FW,Bologna,19,2001,0.1,0,0,0,0,0,0,0,0,0,0,0,0,0,0,0,,Matches
588,Valerio Verre,it ITA,"FW,MF",Sampdoria,26,1994,11.1,3,0,0,25,21,1,20,9,7,0,0,0,67,18,25,41.9,Matches
589,Guglielmo Vicario,it ITA,GK,Cagliari,23,1996,4.0,0,0,0,0,1,0,0,0,0,0,0,0,2,0,0,,Matches
590,Arturo Vidal,cl CHI,MF,Inter,33,1987,12.6,3,0,0,28,15,0,8,29,14,0,1,0,95,19,20,48.7,Matches
591,Ronaldo Vieira,gw GNB,"MF,DF",Hellas Verona,22,1998,2.5,1,0,0,6,4,0,0,0,3,0,0,0,23,8,4,66.7,Matches
592,Luca Vignali,it ITA,DF,Spezia,24,1996,17.7,4,1,0,17,21,1,34,22,9,0,0,0,115,30,15,66.7,Matches
593,Emanuel Vignato,it ITA,"FW,MF",Bologna,19,2000,13.4,4,0,0,13,12,2,61,10,9,0,0,0,83,3,15,16.7,Matches
594,Gonzalo Villar,es ESP,MF,Roma,22,1998,20.7,7,0,0,51,49,0,7,22,18,0,1,0,124,26,19,57.8,Matches
595,Nicolas Viola,it ITA,MF,Benevento,30,1989,11.5,1,0,0,14,23,0,47,9,9,0,0,0,64,6,11,35.3,Matches
596,Dušan Vlahović,rs SRB,FW,Fiorentina,20,2000,32.5,1,0,0,53,70,26,21,4,4,2,0,0,79,114,144,44.2,Matches
597,Mërgim Vojvoda,xk KVX,"DF,FW",Torino,25,1995,15.1,4,0,0,11,6,0,64,18,14,0,1,0,78,12,8,60.0,Matches
598,Stefan de Vrij,nl NED,DF,Inter,28,1992,30.4,2,0,0,19,10,0,2,41,16,0,0,0,147,64,40,61.5,Matches
599,Giacomo Vrioni,al ALB,FW,Juventus,21,1998,0.0,0,0,0,0,0,0,0,0,0,0,0,0,0,0,0,,Matches
600,Miloš Vulić,rs SRB,MF,Crotone,23,1996,14.5,2,0,0,12,32,1,27,8,8,0,0,0,73,15,13,53.6,Matches
Rk,Player,Nation,Pos,Squad,Age,Born,90s,CrdY,CrdR,2CrdY,Fls,Fld,Off,Crs,Int,TklW,PKwon,PKcon,OG,Recov,Won,Lost,Won%,Matches
601,Walace,br BRA,MF,Udinese,25,1995,22.8,4,0,0,31,26,1,2,34,23,0,0,0,179,13,14,48.1,Matches
602,Sebastian Walukiewicz,pl POL,DF,Cagliari,20,2000,18.0,1,0,0,17,4,0,2,36,19,0,0,0,68,16,19,45.7,Matches
603,Maya Yoshida,jp JPN,DF,Sampdoria,31,1988,25.3,5,0,0,16,20,0,0,57,4,0,0,0,136,46,25,64.8,Matches
604,Ashley Young,eng ENG,DF,Inter,35,1985,15.8,4,0,0,13,15,3,44,6,7,0,1,0,55,3,10,23.1,Matches
605,Mattia Zaccagni,it ITA,MF,Hellas Verona,25,1995,29.0,6,0,0,36,109,11,83,27,13,1,0,0,148,47,57,45.2,Matches
606,Vasilios Zagaritis,gr GRE,DF,Parma,19,2001,0.7,0,0,0,0,1,1,7,0,0,0,0,0,4,0,0,,Matches
607,Miha Zajc,si SVN,MF,Genoa,26,1994,20.7,4,0,0,27,26,3,77,27,14,0,0,0,107,18,26,40.9,Matches
608,Nicola Zalewski,pl POL,MF,Roma,18,2002,0.1,0,0,0,0,1,0,0,0,1,0,0,0,1,0,0,,Matches
609,Niccolò Zanellato,it ITA,MF,Crotone,22,1998,18.2,3,0,0,30,34,0,9,16,14,0,0,0,102,19,21,47.5,Matches
610,Cristián Zapata,co COL,DF,Genoa,33,1986,10.8,2,0,0,6,5,0,0,15,12,0,1,0,45,27,13,67.5,Matches
611,Duván Zapata,co COL,FW,Atalanta,29,1991,26.4,0,0,0,29,49,21,48,6,5,1,0,0,69,48,52,48.0,Matches
612,Gabriele Zappa,it ITA,DF,Cagliari,20,1999,26.6,3,0,0,25,11,1,69,24,17,0,0,0,126,10,24,29.4,Matches
613,Davide Zappacosta,it ITA,DF,Genoa,28,1992,22.7,3,0,0,23,19,8,83,18,16,0,0,0,119,14,11,56.0,Matches
614,Simone Zaza,it ITA,FW,Torino,29,1991,16.6,4,0,0,36,31,14,5,3,9,0,0,0,32,44,63,41.1,Matches
615,Marvin Zeegelaar,nl NED,DF,Udinese,29,1990,19.3,6,0,0,39,6,4,45,24,18,0,1,0,68,33,28,54.1,Matches
616,Piotr Zieliński,pl POL,MF,Napoli,26,1994,28.0,2,0,0,12,45,7,65,18,10,0,0,0,108,4,8,33.3,Matches
617,Joshua Zirkzee,nl NED,"FW,MF",Parma,19,2001,1.3,0,0,0,4,1,0,0,0,2,0,0,0,7,1,9,10.0,Matches
618,Jeroen Zoet,nl NED,GK,Spezia,29,1991,6.7,1,0,0,2,1,0,0,0,0,0,1,0,8,2,0,100.0,Matches
619,Filip Đuričić,rs SRB,"MF,FW",Sassuolo,28,1992,23.1,5,0,0,52,39,5,12,9,23,0,0,0,90,13,35,27.1,Matches
