rk,player,nation,pos,squad,age,born,90s,tkl,tklw,def_3rd,mid_3rd,att_3rd,tkl_challe,att,lost,blocks,sh,pass,int,tkl_int,clr,err,matches
1,Dirk Abels,nl NED,DF,Sparta R'dam,23,1997,27.9,65,34,40,19,6,46,82,36,35,12,23,55,120,82,0,Matches
2,Nassim El Ablak,nl NED,"MF,FW",Fortuna Sittard,20,2000,0.2,0,0,0,0,0,0,0,0,1,0,1,0,0,1,0,Matches
3,Zakaria Aboukhlal,ma MAR,"FW,MF",AZ Alkmaar,20,2000,8.2,9,6,6,2,1,2,12,10,10,0,10,3,12,4,0,Matches
4,Paulos Abraham,se SWE,"FW,MF",Groningen,18,2002,4.0,10,5,2,4,4,4,9,5,4,0,4,0,10,3,0,Matches
5,Bobby Adekanye,nl NED,"FW,MF",ADO Den Haag,21,1999,8.2,9,5,5,3,1,4,10,6,7,0,7,2,11,7,0,Matches
6,Shawn Adewoye,be BEL,DF,RKC Waalwijk,20,2000,1.4,0,0,0,0,0,0,1,1,1,0,1,2,2,6,0,Matches
7,Luka Adžić,rs SRB,FW,Emmen,21,1998,9.0,11,6,5,5,1,5,19,14,7,0,7,6,17,6,0,Matches
8,Rohat Agca,nl NED,MF,Heracles Almelo,18,2001,0.6,2,2,1,0,1,0,1,1,3,1,2,0,2,0,0,Matches
9,Hamdi Akujobi,nl NED,"DF,MF",Heerenveen,20,2000,3.8,11,8,5,5,1,5,5,0,11,5,6,7,18,10,0,Matches
10,Edson Álvarez,mx MEX,"MF,DF",Ajax,22,1997,17.2,42,26,18,19,5,14,42,28,24,5,19,34,76,35,0,Matches
11,Ben Aissa Ben Amar,ma MAR,DF,Utrecht,23,1997,2.0,0,0,0,0,0,0,2,2,1,1,0,1,1,4,1,Matches
12,Gregoire Amiot,fr FRA,DF,Fortuna Sittard,25,1995,1.0,3,0,3,0,0,3,4,1,3,2,1,1,4,4,0,Matches
13,Mohamed Amissi,bi BDI,FW,Heracles Almelo,19,2000,0.7,2,1,2,0,0,0,0,0,0,0,0,0,2,1,0,Matches
14,Jamal Amofa,nl NED,DF,ADO Den Haag,21,1998,5.1,16,8,15,1,0,10,17,7,7,5,2,10,26,16,1,Matches
15,Martin Angha,ch SUI,DF,Fortuna Sittard,26,1994,30.7,44,27,28,15,1,27,61,34,33,18,15,44,88,125,1,Matches
16,Vurnon Anita,cw CUW,MF,RKC Waalwijk,31,1989,28.4,54,32,25,26,3,23,45,22,41,6,35,46,100,22,0,Matches
17,Jeremy Antonisse,cw CUW,FW,PSV Eindhoven,18,2002,0.0,0,0,0,0,0,0,0,0,0,0,0,0,0,0,0,Matches
18,Antony,br BRA,FW,Ajax,20,2000,19.6,23,13,6,8,9,9,29,20,17,0,17,7,30,6,0,Matches
19,Miguel Araujo,pe PER,DF,Emmen,25,1994,32.9,58,34,47,11,0,25,42,17,52,35,17,59,117,140,3,Matches
20,Jafar Arias,cw CUW,FW,VVV-Venlo,25,1995,14.3,10,8,1,7,2,5,10,5,7,2,5,2,12,6,0,Matches
21,Jonas Arweiler,de GER,FW,ADO Den Haag,23,1997,12.5,1,1,0,1,0,1,3,2,7,3,4,0,1,23,0,Matches
22,Daniel Arzani,au AUS,"FW,MF",Utrecht,21,1999,0.7,2,2,1,1,0,1,3,2,1,0,1,1,3,0,0,Matches
23,Adil Auassar,nl NED,MF,Sparta R'dam,33,1986,26.8,68,39,26,36,6,23,50,27,46,12,34,48,116,51,2,Matches
24,Sebbe Augustijns,be BEL,MF,RKC Waalwijk,20,1999,1.7,3,2,0,3,0,2,4,2,5,2,3,5,8,7,0,Matches
25,Donis Avdijaj,xk KVX,"FW,MF",Emmen,23,1996,2.8,6,2,4,1,1,1,4,3,3,0,3,2,8,1,0,Matches
Rk,Player,Nation,Pos,Squad,Age,Born,90s,Tkl,TklW,Def 3rd,Mid 3rd,Att 3rd,Tkl,Att,Lost,Blocks,Sh,Pass,Int,Tkl+Int,Clr,Err,Matches
26,Marouan Azarkan,nl NED,MF,Feyenoord,18,2001,0.1,1,1,0,0,1,0,0,0,1,0,1,0,1,0,0,Matches
27,Ayman Azhil,ma MAR,MF,RKC Waalwijk,19,2001,11.7,21,11,13,8,0,11,35,24,15,2,13,6,27,19,0,Matches
28,Ismail Azzaoui,be BEL,"FW,MF",Heracles Almelo,22,1998,11.9,32,19,12,17,3,10,33,23,12,1,11,10,42,11,0,Matches
29,Aliou Badara Baldé,gn GUI,FW,Feyenoord,17,2002,0.5,2,1,0,2,0,1,1,0,4,0,4,1,3,0,0,Matches
30,Destan Bajselmani,xk KVX,"DF,MF",Zwolle,21,1999,3.9,5,1,3,2,0,3,9,6,6,1,5,10,15,10,0,Matches
31,Saïd Bakari,km COM,DF,RKC Waalwijk,25,1994,29.1,79,43,51,24,4,45,90,45,37,8,29,71,150,64,3,Matches
32,Sinan Bakış,tr TUR,FW,Heracles Almelo,26,1994,18.1,14,7,3,8,3,5,16,11,10,0,10,6,20,7,0,Matches
33,Nick Bakker,nl NED,DF,Emmen,28,1992,24.3,15,10,13,2,0,6,14,8,30,20,10,28,43,89,1,Matches
34,Remco Balk,nl NED,"FW,MF",Utrecht,19,2001,0.2,0,0,0,0,0,0,0,0,0,0,0,0,0,0,0,Matches
35,Remco Balk,nl NED,"FW,MF",Groningen,19,2001,3.2,4,3,1,2,1,1,4,3,1,0,1,0,4,0,0,Matches
36,Naoufal Bannis,nl NED,FW,Feyenoord,18,2002,0.9,1,0,0,1,0,0,0,0,0,0,0,0,1,0,0,Matches
37,Aaron Bastiaans,nl NED,FW,VVV-Venlo,18,2002,0.3,0,0,0,0,0,0,2,2,0,0,0,1,1,1,0,Matches
38,Oliver Batista-Meier,de GER,"MF,FW",Heerenveen,19,2001,7.7,8,5,4,2,2,4,11,7,7,1,6,2,10,4,0,Matches
39,Timo Baumgartl,de GER,DF,PSV Eindhoven,24,1996,6.1,5,0,2,1,2,2,3,1,5,2,3,8,13,14,1,Matches
40,Riechedly Bazoer,cw CUW,DF,Vitesse,23,1996,27.2,33,24,16,15,2,13,29,16,27,18,9,44,77,38,1,Matches
41,Sven van Beek,nl NED,DF,Willem II,26,1994,12.7,17,12,12,5,0,6,16,10,14,5,9,38,55,48,0,Matches
42,Mike van Beijnen,nl NED,"MF,FW",Fortuna Sittard,21,1999,0.3,0,0,0,0,0,0,2,2,0,0,0,1,1,1,0,Matches
43,Hilal Ben Moussa,nl NED,MF,Emmen,28,1992,14.0,35,19,17,17,1,8,22,14,19,3,16,26,61,28,1,Matches
44,Mitchell van Bergen,nl NED,"FW,MF",Heerenveen,20,1999,30.2,28,17,18,8,2,18,47,29,31,2,29,20,48,15,0,Matches
45,Steven Berghuis,nl NED,FW,Feyenoord,28,1991,29.4,26,14,7,11,8,12,46,34,19,1,18,14,40,7,0,Matches
46,Emil Bergström,se SWE,DF,Utrecht,27,1993,4.6,4,2,1,3,0,2,4,2,5,4,1,5,9,24,0,Matches
47,Jorn Berkhout,nl NED,DF,AZ Alkmaar,18,2002,0.1,0,0,0,0,0,0,1,1,0,0,0,0,0,1,0,Matches
48,Lucas Bernadou,fr FRA,MF,Emmen,19,2000,13.0,30,16,12,15,3,7,29,22,19,4,15,21,51,11,0,Matches
49,Matúš Bero,sk SVK,MF,Vitesse,24,1995,25.4,52,30,15,29,8,22,62,40,34,2,32,26,78,19,0,Matches
50,Vicente Besuijen,nl NED,"FW,MF",ADO Den Haag,19,2001,22.6,19,10,14,4,1,9,19,10,17,6,11,17,36,8,0,Matches
Rk,Player,Nation,Pos,Squad,Age,Born,90s,Tkl,TklW,Def 3rd,Mid 3rd,Att 3rd,Tkl,Att,Lost,Blocks,Sh,Pass,Int,Tkl+Int,Clr,Err,Matches
51,Tom Beugelsdijk,nl NED,DF,Sparta R'dam,29,1990,22.4,23,15,15,8,0,11,25,14,21,9,12,44,67,116,0,Matches
52,Peet Bijen,nl NED,DF,ADO Den Haag,25,1995,6.0,2,2,2,0,0,0,2,2,6,5,1,6,8,34,0,Matches
53,Glenn Bijl,nl NED,DF,Emmen,25,1995,28.2,84,51,41,32,11,28,60,32,33,5,28,43,127,77,0,Matches
54,Teun Bijleveld,nl NED,MF,Heracles Almelo,22,1998,11.9,26,16,13,12,1,8,26,18,20,0,20,21,47,6,1,Matches
55,Justin Bijlow,nl NED,GK,Feyenoord,22,1998,14.0,1,0,1,0,0,1,1,0,0,0,0,2,3,5,1,Matches
56,Marco Bizot,nl NED,GK,AZ Alkmaar,29,1991,32.9,1,0,1,0,0,1,2,1,0,0,0,0,1,12,1,Matches
57,Janis Blaswich,de GER,GK,Heracles Almelo,29,1991,25.8,0,0,0,0,0,0,0,0,0,0,0,1,1,7,5,Matches
58,Daley Blind,nl NED,DF,Ajax,30,1990,21.8,28,16,17,10,1,13,32,19,26,9,17,34,62,28,2,Matches
59,Myron Boadu,nl NED,FW,AZ Alkmaar,19,2001,28.0,16,8,3,10,3,5,16,11,15,3,12,4,20,7,0,Matches
60,Paweł Bochniewicz,pl POL,DF,Heerenveen,24,1996,29.3,59,32,44,15,0,26,47,21,41,22,19,61,120,169,1,Matches
61,Olivier Boscagli,fr FRA,"DF,MF",PSV Eindhoven,22,1997,28.4,42,22,22,18,2,22,50,28,26,13,13,83,125,78,0,Matches
62,Jesse Bosch,nl NED,MF,Twente,20,2000,24.9,53,30,14,27,12,15,45,30,39,2,37,28,81,19,0,Matches
63,Eric Botteghin,br BRA,DF,Feyenoord,32,1987,18.4,35,26,17,17,1,19,33,14,28,14,14,49,84,72,1,Matches
64,Achraf El Bouchataoui,nl NED,MF,Feyenoord,20,2000,1.2,0,0,0,0,0,0,1,1,1,1,0,1,1,2,0,Matches
65,Samy Bourard,be BEL,"MF,FW",ADO Den Haag,24,1996,10.3,15,7,8,6,1,3,27,24,9,4,5,8,23,6,0,Matches
66,Othman Boussaid,be BEL,"FW,MF",Utrecht,20,2000,14.6,27,16,14,7,6,14,25,11,12,1,11,21,48,1,1,Matches
67,Róbert Boženík,sk SVK,FW,Feyenoord,20,1999,5.0,7,3,0,4,3,3,5,2,1,0,1,1,8,3,0,Matches
68,Wout Brama,nl NED,MF,Twente,33,1986,17.2,26,12,7,15,4,13,25,12,21,5,16,23,49,21,0,Matches
69,Tim Breukers,nl NED,DF,Heracles Almelo,32,1987,20.9,48,30,31,17,0,27,43,16,23,2,21,36,84,31,1,Matches
70,Brian Brobbey,nl NED,FW,Ajax,18,2002,2.2,1,1,0,0,1,1,2,1,2,0,2,1,2,1,0,Matches
71,Armando Broja,al ALB,FW,Vitesse,18,2001,20.7,12,10,1,5,6,2,12,10,16,1,15,4,16,8,0,Matches
72,Jorn Brondeel,be BEL,GK,Willem II,26,1993,10.3,0,0,0,0,0,0,0,0,0,0,0,1,1,6,0,Matches
73,Michael Brouwer,nl NED,GK,Heracles Almelo,27,1993,6.2,0,0,0,0,0,0,0,0,0,0,0,0,0,1,0,Matches
74,Bruma,pt POR,"FW,MF",PSV Eindhoven,25,1994,1.3,0,0,0,0,0,0,1,1,1,0,1,1,1,0,0,Matches
75,Max Bruns,nl NED,DF,Twente,17,2002,0.1,0,0,0,0,0,0,0,0,1,0,1,0,0,0,0,Matches
Rk,Player,Nation,Pos,Squad,Age,Born,90s,Tkl,TklW,Def 3rd,Mid 3rd,Att 3rd,Tkl,Att,Lost,Blocks,Sh,Pass,Int,Tkl+Int,Clr,Err,Matches
76,Thomas Bruns,nl NED,MF,Vitesse,28,1992,12.9,38,21,12,24,2,17,39,22,21,2,19,14,52,10,0,Matches
77,Koen Bucker,nl NED,GK,Heracles Almelo,24,1996,2.0,0,0,0,0,0,0,0,0,0,0,0,0,0,0,0,Matches
78,Thomas Buitink,nl NED,"FW,MF",Vitesse,20,2000,3.4,2,0,0,1,1,1,6,5,5,0,5,0,2,3,0,Matches
79,Thomas Buitink,nl NED,FW,Zwolle,20,2000,6.5,6,2,1,2,3,3,7,4,3,1,2,2,8,2,0,Matches
80,Wouter Burger,nl NED,"MF,FW",Sparta R'dam,19,2001,8.4,27,17,8,13,6,12,28,16,18,1,17,28,55,15,0,Matches
81,Wouter Burger,nl NED,FW,Feyenoord,19,2001,0.1,1,0,1,0,0,0,1,1,0,0,0,0,1,0,0,Matches
82,Delano Burgzorg,sr SUR,"FW,MF",Heracles Almelo,21,1998,22.7,20,15,9,8,3,8,24,16,17,1,16,9,29,10,0,Matches
83,Lentini Caciano,nl NED,MF,Emmen,18,2001,0.7,2,0,1,1,0,0,0,0,1,0,1,2,4,1,0,Matches
84,Juan Carlos Familia,do DOM,FW,AZ Alkmaar,20,2000,0.0,0,0,0,0,0,0,1,1,0,0,0,0,0,0,0,Matches
85,Juan Carlos Familia,do DOM,"DF,MF",ADO Den Haag,20,2000,9.2,17,10,11,6,0,8,16,8,6,1,5,13,30,20,0,Matches
86,João Carlos Teixeira,pt POR,"MF,FW",Feyenoord,27,1993,9.9,11,8,4,5,2,6,25,19,9,0,9,5,16,3,0,Matches
87,Luciano Carty,nl NED,FW,Emmen,18,2001,0.6,0,0,0,0,0,0,0,0,0,0,0,0,0,1,0,Matches
88,Amar Ćatić,ba BIH,"FW,MF",ADO Den Haag,21,1999,5.0,8,5,3,2,3,2,6,4,2,0,2,0,8,1,0,Matches
89,Caner Cavlan,nl NED,DF,Emmen,28,1992,31.6,47,29,30,14,3,22,60,38,24,5,19,52,99,74,1,Matches
90,Václav Černý,cz CZE,FW,Twente,22,1997,13.2,21,15,7,8,6,10,35,25,31,0,31,7,28,7,0,Matches
91,Michael Chacon,nl NED,MF,Emmen,26,1994,8.3,13,6,6,7,0,7,19,12,9,3,6,13,26,15,0,Matches
92,Jeremy Cijntje,cw CUW,"FW,MF",Heracles Almelo,22,1998,1.7,4,3,2,2,0,3,3,0,4,0,4,0,4,1,0,Matches
93,Jordy Clasie,nl NED,"MF,DF",AZ Alkmaar,29,1991,4.4,9,4,3,5,1,3,7,4,3,2,1,5,14,12,0,Matches
94,Pelle Clement,nl NED,"MF,FW",Zwolle,24,1996,14.4,17,9,4,11,2,11,33,22,25,6,19,16,33,18,0,Matches
95,Christian Conteh,de GER,"MF,FW",Feyenoord,20,1999,0.4,1,1,1,0,0,0,1,1,1,0,1,0,1,1,0,Matches
96,Ante Ćorić,hr CRO,MF,VVV-Venlo,23,1997,0.3,0,0,0,0,0,0,1,1,1,0,1,0,0,1,0,Matches
97,Enzo Cornelisse,nl NED,DF,Vitesse,17,2003,3.7,7,3,4,3,0,3,7,4,7,5,2,6,13,8,0,Matches
98,George Cox,eng ENG,DF,Fortuna Sittard,22,1998,31.3,61,36,32,23,6,30,54,24,23,9,14,80,141,87,0,Matches
99,Vito van Crooij,nl NED,"MF,FW",VVV-Venlo,24,1996,30.2,64,31,21,34,9,27,71,44,40,6,34,28,92,21,0,Matches
100,Delano van Crooy,nl NED,GK,VVV-Venlo,29,1991,5.5,0,0,0,0,0,0,0,0,0,0,0,0,0,1,1,Matches
Rk,Player,Nation,Pos,Squad,Age,Born,90s,Tkl,TklW,Def 3rd,Mid 3rd,Att 3rd,Tkl,Att,Lost,Blocks,Sh,Pass,Int,Tkl+Int,Clr,Err,Matches
101,Alessio da Cruz,cv CPV,"FW,MF",Groningen,23,1997,16.3,6,5,3,3,0,3,13,10,11,1,10,6,12,15,0,Matches
102,Kristopher Da Graca,cv CPV,DF,VVV-Venlo,22,1998,18.7,17,12,10,7,0,7,15,8,16,12,4,27,44,75,0,Matches
103,Jasper Dahlhaus,nl NED,"DF,MF",Willem II,18,2001,0.1,0,0,0,0,0,0,0,0,0,0,0,0,0,0,0,Matches
104,Thijs Dallinga,nl NED,"FW,DF",Groningen,19,2000,0.7,0,0,0,0,0,0,0,0,0,0,0,0,0,0,0,Matches
105,Adrián Dalmau,es ESP,"FW,MF",Utrecht,26,1994,7.4,3,3,0,2,1,0,6,6,9,0,9,0,3,5,0,Matches
106,Vitalie Damașcan,md MDA,FW,RKC Waalwijk,21,1999,6.1,0,0,0,0,0,0,1,1,0,0,0,2,2,5,0,Matches
107,Wessel Dammers,nl NED,DF,Groningen,25,1995,17.6,28,17,20,8,0,10,22,12,21,7,14,44,72,62,0,Matches
108,Lennerd Daneels,be BEL,FW,RKC Waalwijk,22,1998,21.8,43,18,13,23,7,14,45,31,21,2,19,12,55,12,0,Matches
109,Danilo,br BRA,FW,Twente,21,1999,29.4,18,13,2,11,5,6,24,18,21,0,21,6,24,21,0,Matches
110,Damil Dankerlui,sr SUR,DF,Groningen,23,1996,22.1,54,32,35,13,6,31,64,33,34,4,30,30,84,34,1,Matches
111,Oussama Darfalou,dz ALG,FW,Vitesse,26,1993,16.3,18,9,2,11,5,5,25,20,10,0,10,1,19,6,1,Matches
112,Eli Dasa,il ISR,DF,Vitesse,27,1992,29.6,56,33,32,20,4,30,58,28,35,5,30,48,104,44,1,Matches
113,Kees De Boer,nl NED,MF,ADO Den Haag,20,2000,14.3,24,17,11,13,0,12,23,11,12,5,7,38,62,19,1,Matches
114,Tristan Dekker,nl NED,DF,VVV-Venlo,22,1998,12.3,22,11,9,9,4,13,28,15,14,7,7,17,39,27,0,Matches
115,Dario Del Fabro,it ITA,DF,ADO Den Haag,25,1995,15.8,12,6,9,3,0,9,14,5,24,20,4,21,33,92,1,Matches
116,Filip Delaveris,no NOR,MF,Vitesse,19,2000,0.0,0,0,0,0,0,0,0,0,1,0,1,0,0,1,0,Matches
117,Jop van den Avert,nl NED,DF,Willem II,20,2000,1.4,1,1,1,0,0,0,0,0,1,1,0,0,1,8,0,Matches
118,Thomas van den Belt,nl NED,"MF,DF",Zwolle,19,2001,4.8,13,7,7,3,3,3,11,8,2,1,1,14,27,13,0,Matches
119,Rav van den Berg,nl NED,DF,Zwolle,16,2004,1.0,1,1,1,0,0,0,0,0,3,1,2,1,2,4,1,Matches
120,Victor van den Bogert,nl NED,"DF,FW",Willem II,20,1999,2.0,3,2,1,1,1,1,1,0,2,0,2,2,5,5,0,Matches
121,Arjen van der Heide,nl NED,"FW,MF",Heerenveen,18,2001,7.1,23,14,14,6,3,6,13,7,11,3,8,6,29,7,1,Matches
122,Jan-Arie van der Heijden,nl NED,"DF,MF",Willem II,32,1988,11.5,13,9,8,5,0,5,13,8,18,13,5,18,31,40,0,Matches
123,Mark van der Maarel,nl NED,DF,Utrecht,30,1989,19.0,51,29,30,18,3,29,63,34,23,6,17,28,79,35,0,Matches
124,Richard van der Venne,nl NED,MF,RKC Waalwijk,28,1992,22.7,29,16,13,13,3,10,37,27,23,4,19,20,49,15,0,Matches
125,Silvester van der Water,nl NED,"FW,MF",Heracles Almelo,23,1996,13.4,22,15,6,13,3,12,24,12,9,1,8,18,40,3,1,Matches
Rk,Player,Nation,Pos,Squad,Age,Born,90s,Tkl,TklW,Def 3rd,Mid 3rd,Att 3rd,Tkl,Att,Lost,Blocks,Sh,Pass,Int,Tkl+Int,Clr,Err,Matches
126,Halil Dervişoğlu,tr TUR,"FW,MF",Twente,20,1999,2.6,5,2,1,3,1,1,5,4,3,0,3,0,5,0,0,Matches
127,Sergiño Dest,us USA,DF,Ajax,19,2000,0.9,2,2,1,1,0,0,1,1,1,1,0,1,3,2,0,Matches
128,Sieben Dewaele,be BEL,"MF,FW",Heerenveen,21,1999,1.9,3,2,2,1,0,2,5,3,7,0,7,2,5,2,0,Matches
129,Djibril Dianessy,fr FRA,"FW,DF",Fortuna Sittard,24,1996,0.5,0,0,0,0,0,0,0,0,1,0,1,1,1,1,0,Matches
130,Mark Diemers,nl NED,"MF,FW",Feyenoord,26,1993,21.9,42,23,17,20,5,17,39,22,11,0,11,19,61,12,0,Matches
131,Stan van Dijck,nl NED,"DF,MF",VVV-Venlo,19,2000,1.6,3,1,2,1,0,0,0,0,2,1,1,5,8,7,0,Matches
132,Danilho Doekhi,nl NED,DF,Vitesse,22,1998,32.0,64,37,41,14,9,26,44,18,27,12,15,51,115,96,0,Matches
133,Anastasios Donis,gr GRE,"MF,FW",VVV-Venlo,23,1996,2.0,4,2,2,0,2,2,4,2,0,0,0,0,4,0,0,Matches
134,Christos Donis,gr GRE,MF,VVV-Venlo,25,1994,6.0,7,6,1,5,1,3,7,4,10,2,8,9,16,9,0,Matches
135,Marc-Olivier Doué,fr FRA,DF,Zwolle,19,2000,2.2,11,5,10,1,0,7,14,7,1,1,0,9,20,5,0,Matches
136,Ibrahim Drešević,xk KVX,"DF,MF",Heerenveen,23,1997,21.2,28,16,10,15,3,18,35,17,31,19,12,58,86,84,0,Matches
137,Couhaib Driouech,ma MAR,FW,Heerenveen,18,2002,1.3,4,3,3,1,0,2,9,7,3,0,3,0,4,3,0,Matches
138,Joel Drommel,nl NED,GK,Twente,23,1996,34.0,0,0,0,0,0,0,1,1,1,0,1,3,3,19,1,Matches
139,Jesper Drost,nl NED,"MF,FW",Zwolle,27,1993,13.7,33,24,16,15,2,13,30,17,11,2,9,16,49,15,0,Matches
140,Ferdy Druijf,nl NED,"FW,DF",AZ Alkmaar,22,1998,1.3,0,0,0,0,0,0,0,0,0,0,0,0,0,3,0,Matches
141,Deroy Duarte,cv CPV,"FW,MF",Sparta R'dam,21,1999,18.4,43,23,22,14,7,21,47,26,20,2,18,14,57,20,0,Matches
142,Laros Duarte,cv CPV,MF,Sparta R'dam,23,1997,11.0,25,10,9,13,3,10,27,17,7,0,7,12,37,15,0,Matches
143,Enrico Dueñas,sv SLV,"MF,FW",Vitesse,19,2001,0.9,3,1,0,3,0,0,2,2,1,0,1,2,5,1,0,Matches
144,Jelle Duin,nl NED,FW,AZ Alkmaar,21,1999,0.2,1,0,0,0,1,0,1,1,0,0,0,0,1,0,0,Matches
145,Mike van Duinen,nl NED,FW,Zwolle,28,1991,13.3,20,12,8,6,6,9,24,15,17,1,16,5,25,15,0,Matches
146,Denzel Dumfries,nl NED,DF,PSV Eindhoven,24,1996,27.4,46,27,22,19,5,24,47,23,44,8,36,49,95,62,0,Matches
147,Tyronne Ebuehi,ng NGA,DF,Twente,24,1995,31.5,50,29,37,12,1,25,35,10,31,12,19,43,93,61,1,Matches
148,James Efmorfidis,gr GRE,"FW,MF",RKC Waalwijk,24,1996,4.1,4,3,1,3,0,1,4,3,5,0,5,6,10,0,0,Matches
149,Jurgen Ekkelenkamp,nl NED,"MF,FW",Ajax,20,2000,7.3,11,7,1,7,3,7,16,9,5,3,2,7,18,2,0,Matches
150,Eljero Elia,nl NED,FW,Utrecht,33,1987,8.5,14,9,12,1,1,6,13,7,11,0,11,3,17,5,0,Matches
Rk,Player,Nation,Pos,Squad,Age,Born,90s,Tkl,TklW,Def 3rd,Mid 3rd,Att 3rd,Tkl,Att,Lost,Blocks,Sh,Pass,Int,Tkl+Int,Clr,Err,Matches
151,Ilay Elmkies,il ISR,MF,ADO Den Haag,20,2000,4.1,11,6,4,5,2,5,8,3,3,0,3,8,19,7,1,Matches
152,Nicolas Elsek,il ISR,MF,RKC Waalwijk,28,1991,5.6,5,2,1,3,1,1,8,7,8,3,5,10,15,7,0,Matches
153,Urby Emanuelson,nl NED,"MF,FW",Utrecht,34,1986,2.8,7,3,3,4,0,2,3,1,3,0,3,9,16,3,0,Matches
154,Emanuel Emegha,nl NED,FW,Sparta R'dam,17,2003,4.3,3,1,1,1,1,1,1,0,5,0,5,1,4,0,0,Matches
155,Dimitrios Emmanouilidis,gr GRE,"FW,MF",Fortuna Sittard,19,2000,1.0,0,0,0,0,0,0,0,0,1,0,1,2,2,0,0,Matches
156,Mario Engels,de GER,"FW,MF",Sparta R'dam,26,1993,15.9,10,7,4,5,1,2,14,12,10,0,10,7,17,2,0,Matches
157,Silvinho Esajas,sr SUR,DF,ADO Den Haag,18,2002,0.5,2,1,2,0,0,2,2,0,4,4,0,3,5,0,0,Matches
158,Wassim Essanoussi,nl NED,"MF,FW",VVV-Venlo,16,2003,1.1,1,0,0,1,0,0,0,0,0,0,0,2,3,1,0,Matches
159,Clint Essers,nl NED,DF,Fortuna Sittard,23,1997,1.1,3,2,2,0,1,2,6,4,2,1,1,1,4,2,0,Matches
160,Håkon Evjen,no NOR,FW,AZ Alkmaar,20,2000,2.7,9,5,0,8,1,3,12,9,5,0,5,3,12,0,0,Matches
161,Milan van Ewijk,nl NED,DF,ADO Den Haag,19,2000,32.4,113,76,78,30,5,42,72,30,57,26,31,58,171,119,1,Matches
162,Noah Fadiga,sn SEN,DF,Heracles Almelo,20,1999,12.1,18,13,8,6,4,11,26,15,14,5,9,20,38,16,1,Matches
163,Lassana Faye,nl NED,DF,ADO Den Haag,22,1998,11.4,17,10,10,5,2,9,14,5,8,6,2,10,27,30,0,Matches
164,Adrian Fein,de GER,MF,PSV Eindhoven,21,1999,4.6,3,2,0,3,0,3,10,7,8,0,8,6,9,1,0,Matches
165,Leroy Fer,nl NED,MF,Feyenoord,30,1990,20.8,34,19,13,17,4,11,34,23,17,2,15,18,52,38,1,Matches
166,Zian Flemming,nl NED,"MF,FW",Fortuna Sittard,21,1998,32.8,34,23,7,18,9,13,41,28,27,5,22,19,53,60,0,Matches
167,Sherel Floranus,cw CUW,DF,Heerenveen,21,1998,26.0,48,35,26,18,4,25,59,34,28,10,18,43,91,87,1,Matches
168,Jeffry Fortes,cv CPV,"DF,MF",Sparta R'dam,31,1989,11.6,22,10,14,7,1,6,23,17,10,1,9,26,48,26,2,Matches
169,Martin Fraisl,at AUT,GK,ADO Den Haag,27,1993,15.0,0,0,0,0,0,0,2,2,1,0,1,0,0,9,1,Matches
170,Lassina Franck Traoré,bf BFA,FW,Ajax,19,2001,6.2,2,1,0,1,1,1,5,4,0,0,0,1,3,4,0,Matches
171,Kerim Frei,tr TUR,FW,Emmen,26,1993,16.2,20,11,11,5,4,5,27,22,21,1,20,9,29,6,1,Matches
172,Juriën Gaari,cw CUW,DF,RKC Waalwijk,26,1993,5.1,6,5,3,2,1,1,2,1,3,1,2,12,18,11,0,Matches
173,Cody Gakpo,nl NED,"MF,FW",PSV Eindhoven,21,1999,18.5,20,9,5,10,5,13,21,8,14,0,14,9,29,13,0,Matches
174,Lutsharel Geertruida,nl NED,DF,Feyenoord,20,2000,25.0,80,51,51,20,9,41,59,18,30,6,24,25,105,50,2,Matches
175,Roy Gelmi,ch SUI,DF,VVV-Venlo,25,1995,20.4,26,13,25,1,0,17,36,19,24,18,6,31,57,74,1,Matches
Rk,Player,Nation,Pos,Squad,Age,Born,90s,Tkl,TklW,Def 3rd,Mid 3rd,Att 3rd,Tkl,Att,Lost,Blocks,Sh,Pass,Int,Tkl+Int,Clr,Err,Matches
176,Leroy George,nl NED,"MF,FW",Fortuna Sittard,33,1987,0.1,0,0,0,0,0,0,0,0,0,0,0,0,0,1,0,Matches
177,Reza Ghoochannejad,ir IRN,FW,Zwolle,32,1987,7.7,3,2,0,3,0,1,2,1,3,1,2,2,5,1,0,Matches
178,Giorgos Giakoumakis,gr GRE,FW,VVV-Venlo,25,1994,28.7,17,9,5,7,5,4,14,10,37,16,21,8,25,51,0,Matches
179,Marco van Ginkel,nl NED,MF,PSV Eindhoven,27,1992,4.0,7,7,3,3,1,2,5,3,1,0,1,3,10,5,1,Matches
180,Paul Gladon,nl NED,FW,Emmen,28,1992,5.2,4,0,0,2,2,1,6,5,4,0,4,0,4,7,1,Matches
181,Paul Gladon,nl NED,"FW,MF",Willem II,28,1992,1.5,2,1,2,0,0,0,2,2,2,1,1,1,3,2,0,Matches
182,Tomislav Gomelt,hr CRO,MF,ADO Den Haag,25,1995,4.8,8,5,2,5,1,3,15,12,9,3,6,6,14,11,0,Matches
183,Hilary Gong,ng NGA,"FW,DF",Vitesse,21,1998,1.3,0,0,0,0,0,0,2,2,0,0,0,2,2,0,0,Matches
184,John Goossens,nl NED,MF,ADO Den Haag,32,1988,17.8,24,12,15,7,2,13,32,19,18,4,14,41,65,39,0,Matches
185,Mario Götze,de GER,MF,PSV Eindhoven,28,1992,15.6,27,15,5,19,3,11,34,23,25,0,25,22,49,5,0,Matches
186,Kenzo Goudmijn,nl NED,"FW,MF",AZ Alkmaar,18,2001,0.2,2,1,2,0,0,2,4,2,0,0,0,0,2,0,0,Matches
187,Denis Granečný,cz CZE,"FW,DF",Emmen,21,1998,0.2,0,0,0,0,0,0,0,0,0,0,0,0,0,2,0,Matches
188,Danzell Gravenberch,nl NED,FW,Sparta R'dam,26,1994,5.9,6,1,1,3,2,0,3,3,5,0,5,0,6,2,0,Matches
189,Ryan Gravenberch,nl NED,MF,Ajax,18,2002,29.0,41,27,17,18,6,14,42,28,25,3,22,45,86,20,1,Matches
190,Gabriel Gudmundsson,se SWE,"DF,FW",Groningen,21,1999,18.2,50,31,29,17,4,19,48,29,24,1,23,16,66,39,0,Matches
191,Simon Gustafson,se SWE,MF,Utrecht,25,1995,16.3,30,22,12,15,3,11,26,15,12,2,10,17,47,18,0,Matches
192,Erick Gutiérrez,mx MEX,MF,PSV Eindhoven,25,1995,1.7,7,5,4,3,0,1,2,1,1,0,1,5,12,4,0,Matches
193,Leon Guwara,gm GAM,MF,Utrecht,24,1996,0.1,1,1,1,0,0,1,1,0,1,0,1,0,1,0,0,Matches
194,Leon Guwara,gm GAM,DF,VVV-Venlo,24,1996,15.3,26,13,16,9,1,14,21,7,17,5,12,27,53,39,0,Matches
195,Albert Guðmundsson,is ISL,"MF,FW",AZ Alkmaar,23,1997,21.8,20,6,5,11,4,7,35,28,8,1,7,16,36,3,0,Matches
196,Morad El Haddouti,nl NED,"FW,MF",RKC Waalwijk,22,1998,1.8,6,2,2,2,2,4,8,4,3,0,3,1,7,2,0,Matches
197,Tomáš Hájek,cz CZE,DF,Vitesse,28,1991,8.5,12,7,7,4,1,6,10,4,7,4,3,11,23,24,2,Matches
198,Rami Al Hajj,se SWE,"MF,FW",Heerenveen,18,2001,6.5,14,9,7,5,2,3,4,1,4,2,2,11,25,3,0,Matches
199,Tibor Halilović,hr CRO,"MF,FW",Heerenveen,25,1995,16.4,23,9,14,6,3,14,30,16,12,3,9,21,44,13,0,Matches
200,Sébastien Haller,ci CIV,FW,Ajax,26,1994,17.4,23,16,1,16,6,8,25,17,14,1,13,7,30,17,0,Matches
Rk,Player,Nation,Pos,Squad,Age,Born,90s,Tkl,TklW,Def 3rd,Mid 3rd,Att 3rd,Tkl,Att,Lost,Blocks,Sh,Pass,Int,Tkl+Int,Clr,Err,Matches
201,Mohamed El Hankouri,ma MAR,"FW,MF",Groningen,23,1997,23.7,31,24,10,13,8,13,27,14,19,3,16,26,57,18,0,Matches
202,Emil Hansson,se SWE,"FW,MF",Fortuna Sittard,22,1998,17.8,29,17,14,12,3,19,44,25,11,0,11,4,33,8,0,Matches
203,Ridgeciano Haps,sr SUR,"DF,FW",Feyenoord,27,1993,14.1,22,17,11,10,1,10,20,10,16,0,16,25,47,21,0,Matches
204,Jeff Hardeveld,nl NED,DF,Heracles Almelo,25,1995,10.5,45,32,24,19,2,22,29,7,21,2,19,43,88,30,0,Matches
205,Abdou Harroui,nl NED,MF,Sparta R'dam,22,1998,30.8,99,57,37,52,10,28,76,48,40,5,35,31,130,22,1,Matches
206,Pantelis Hatzidiakos,gr GRE,DF,AZ Alkmaar,23,1997,21.2,24,13,13,9,2,13,24,11,16,10,6,45,69,74,0,Matches
207,Jan Paul van Hecke,nl NED,DF,Heerenveen,20,2000,25.8,50,35,37,12,1,30,43,13,47,30,17,57,107,108,1,Matches
208,Freek Heerkens,nl NED,"DF,MF",Willem II,30,1989,10.1,27,17,14,13,0,12,20,8,13,4,9,13,40,21,0,Matches
209,Jorrit Hendrix,nl NED,"MF,DF",PSV Eindhoven,25,1995,4.6,9,1,4,4,1,4,8,4,9,1,8,4,13,4,0,Matches
210,Michaël Heylen,be BEL,DF,Sparta R'dam,26,1994,24.6,36,21,24,12,0,18,31,13,20,14,6,39,75,92,2,Matches
211,Mees Hilgers,id IDN,"DF,FW",Twente,19,2001,0.3,0,0,0,0,0,0,0,0,0,0,0,0,0,3,0,Matches
212,Jeredy Hilterman,sr SUR,FW,Utrecht,22,1998,0.5,1,0,0,0,1,0,2,2,0,0,0,1,2,2,0,Matches
213,Bart van Hintum,nl NED,DF,Groningen,33,1987,27.9,45,24,24,19,2,22,56,34,38,26,12,58,103,85,1,Matches
214,Sebastian Holmén,se SWE,DF,Willem II,28,1992,28.5,30,15,15,15,0,13,25,12,44,33,11,57,87,115,1,Matches
215,Justin Hoogma,nl NED,DF,Utrecht,22,1998,14.9,12,6,9,3,0,7,7,0,13,6,7,11,23,33,0,Matches
216,Jeroen Houwen,nl NED,GK,Vitesse,24,1996,1.0,0,0,0,0,0,0,0,0,0,0,0,0,0,0,0,Matches
217,Ajdin Hrustic,au AUS,FW,Groningen,24,1996,0.9,4,2,2,1,1,4,4,0,0,0,0,0,4,1,0,Matches
218,Dean Huiberts,nl NED,MF,Zwolle,20,2000,22.2,55,33,20,27,8,17,66,49,28,6,22,32,87,18,0,Matches
219,Daan Huisman,nl NED,"MF,FW",Vitesse,18,2002,6.4,11,5,3,7,1,6,14,8,6,0,6,5,16,8,0,Matches
220,Luís Hungria,br BRA,DF,PSV Eindhoven,19,2001,0.1,0,0,0,0,0,0,0,0,0,0,0,0,0,0,0,Matches
221,Torino Hunte,nl NED,"MF,FW",VVV-Venlo,29,1990,11.7,19,11,7,9,3,7,13,6,9,0,9,5,24,12,0,Matches
222,Klaas-Jan Huntelaar,nl NED,FW,Ajax,36,1983,4.3,3,3,1,0,2,0,3,3,0,0,0,1,4,1,0,Matches
223,Guus Hupperts,nl NED,"FW,MF",VVV-Venlo,28,1992,5.0,7,6,4,0,3,4,15,11,3,0,3,3,10,8,0,Matches
224,Melih Ibrahimoglu,tr TUR,MF,Heracles Almelo,20,2000,0.1,1,1,0,1,0,1,2,1,0,0,0,0,1,0,0,Matches
225,Oussama Idrissi,ma MAR,FW,Ajax,24,1996,2.3,4,2,0,1,3,2,6,4,5,0,5,0,4,0,0,Matches
Rk,Player,Nation,Pos,Squad,Age,Born,90s,Tkl,TklW,Def 3rd,Mid 3rd,Att 3rd,Tkl,Att,Lost,Blocks,Sh,Pass,Int,Tkl+Int,Clr,Err,Matches
226,Mohammed Ihattaren,nl NED,"MF,FW",PSV Eindhoven,18,2002,11.9,7,4,3,3,1,2,11,9,13,0,13,6,13,3,0,Matches
227,Luka Ilić,rs SRB,"MF,FW",Twente,21,1999,14.5,21,14,6,12,3,6,22,16,19,1,18,13,34,13,0,Matches
228,Abass Issah,gh GHA,"FW,MF",Twente,21,1998,1.4,2,2,0,0,2,1,3,2,2,0,2,0,2,0,0,Matches
229,Ko Itakura,jp JPN,DF,Groningen,23,1997,34.0,47,30,36,8,3,16,27,11,36,19,17,68,115,145,2,Matches
230,Jarosław Jach,pl POL,DF,Fortuna Sittard,26,1994,2.2,7,4,6,1,0,4,6,2,6,5,1,6,13,14,0,Matches
231,Daryl Janmaat,nl NED,DF,ADO Den Haag,31,1989,2.9,5,4,4,1,0,1,2,1,7,3,4,2,7,7,0,Matches
232,Anco Jansen,nl NED,"FW,MF",Emmen,31,1989,7.1,7,6,3,1,3,6,11,5,4,1,3,2,9,5,0,Matches
233,Roel Janssen,nl NED,DF,Fortuna Sittard,30,1990,29.1,52,28,39,12,1,24,44,20,38,21,17,52,104,143,0,Matches
234,Simon Janssen,nl NED,MF,VVV-Venlo,19,2000,10.9,19,12,10,6,3,6,22,16,16,2,14,10,29,18,0,Matches
235,Willem Janssen,nl NED,DF,Utrecht,34,1986,19.0,24,14,15,9,0,9,12,3,27,17,10,43,67,59,0,Matches
236,Victor Jensen,dk DEN,"MF,FW",Ajax,20,2000,0.2,0,0,0,0,0,0,0,0,0,0,0,0,0,0,0,Matches
237,Alexander Jeremejeff,se SWE,FW,Twente,26,1993,1.4,0,0,0,0,0,0,1,1,0,0,0,0,0,2,0,Matches
238,Joshua John,aw ARU,"FW,MF",VVV-Venlo,31,1988,15.0,20,12,14,5,1,8,22,14,15,5,10,11,31,20,0,Matches
239,Ola John,nl NED,FW,RKC Waalwijk,28,1992,11.8,8,2,4,4,0,1,3,2,7,0,7,4,12,2,0,Matches
240,George Johnston,sct SCO,DF,Feyenoord,21,1998,1.3,1,1,0,1,0,0,0,0,2,1,1,3,4,11,0,Matches
241,Siem de Jong,nl NED,"MF,FW",Heerenveen,31,1989,15.1,27,15,2,19,6,9,22,13,13,1,12,4,31,17,0,Matches
242,Patrick Joosten,nl NED,"FW,MF",Groningen,24,1996,12.3,8,4,4,2,2,2,9,7,7,0,7,3,11,4,0,Matches
243,Mauro Júnior,br BRA,"MF,FW",PSV Eindhoven,21,1999,11.2,21,14,9,10,2,9,22,13,19,1,18,18,39,5,0,Matches
244,Nicolai Jørgensen,dk DEN,FW,Feyenoord,29,1991,13.2,9,6,2,4,3,3,10,7,9,1,8,1,10,13,0,Matches
245,Daniël van Kaam,nl NED,MF,Groningen,20,2000,28.3,42,24,19,19,4,19,46,27,32,9,23,38,80,28,1,Matches
246,Joël van Kaam,nl NED,"DF,FW",Groningen,18,2002,2.6,6,4,2,3,1,2,4,2,3,1,2,5,11,2,0,Matches
247,Rami Kaib,tn TUN,DF,Heerenveen,23,1997,10.7,16,10,10,5,1,13,25,12,8,1,7,19,35,30,0,Matches
248,Nikos Karelis,gr GRE,FW,ADO Den Haag,28,1992,3.3,3,1,0,3,0,0,3,3,2,1,1,0,3,1,0,Matches
249,Jesper Karlsson,se SWE,FW,AZ Alkmaar,22,1998,27.2,16,9,7,8,1,9,35,26,15,0,15,16,32,8,0,Matches
250,Arian Kastrati,nl NED,"FW,MF",Fortuna Sittard,19,2001,0.4,1,1,1,0,0,0,1,1,2,1,1,1,2,1,0,Matches
Rk,Player,Nation,Pos,Squad,Age,Born,90s,Tkl,TklW,Def 3rd,Mid 3rd,Att 3rd,Tkl,Att,Lost,Blocks,Sh,Pass,Int,Tkl+Int,Clr,Err,Matches
251,Boy Kemper,nl NED,DF,ADO Den Haag,21,1999,22.4,39,23,29,7,3,22,36,14,39,20,19,38,77,89,0,Matches
252,Gyrano Kerk,sr SUR,FW,Utrecht,24,1995,32.5,25,13,12,5,8,8,28,20,23,2,21,20,45,3,0,Matches
253,Sam Kersten,nl NED,DF,Zwolle,22,1998,26.6,34,26,22,12,0,22,29,7,29,18,11,50,84,102,3,Matches
254,Reda Kharchouch,nl NED,"FW,MF",Sparta R'dam,24,1995,4.5,5,1,1,0,4,0,2,2,4,0,4,3,8,5,0,Matches
255,Abdenasser El Khayati,nl NED,MF,ADO Den Haag,31,1989,9.6,8,2,4,4,0,4,12,8,5,0,5,0,8,2,1,Matches
256,Orestis Kiomourtzoglou,de GER,MF,Heracles Almelo,22,1998,16.8,45,26,18,26,1,17,42,25,39,15,24,35,80,32,0,Matches
257,Thorsten Kirschbaum,de GER,GK,VVV-Venlo,33,1987,28.5,0,0,0,0,0,0,1,1,0,0,0,0,0,14,0,Matches
258,Ricardo Kishna,nl NED,"FW,MF",ADO Den Haag,25,1995,9.9,7,6,4,3,0,3,9,6,4,0,4,7,14,7,0,Matches
259,Mathias Kjølø,no NOR,MF,PSV Eindhoven,19,2001,0.0,0,0,0,0,0,0,0,0,0,0,0,0,0,0,0,Matches
260,Davy Klaassen,nl NED,MF,Ajax,27,1993,24.5,35,17,7,19,9,6,34,28,31,4,27,18,53,17,0,Matches
261,Sean Klaiber,sr SUR,DF,Ajax,26,1994,8.4,21,17,12,6,3,4,11,7,11,2,9,19,40,8,0,Matches
262,Sean Klaiber,sr SUR,DF,Utrecht,26,1994,2.0,8,5,6,1,1,3,3,0,0,0,0,8,16,7,0,Matches
263,Mats Knoester,nl NED,DF,Heracles Almelo,21,1998,22.1,35,26,24,9,2,18,25,7,26,13,13,23,58,62,0,Matches
264,Mats Köhlert,de GER,"FW,MF",Willem II,22,1998,16.1,20,11,11,7,2,12,35,23,20,0,20,21,41,12,0,Matches
265,Derrick Köhn,gh GHA,DF,Willem II,21,1999,28.4,63,41,34,23,6,33,47,14,31,5,26,46,109,76,1,Matches
266,Orkun Kökçü,tr TUR,MF,Feyenoord,19,2000,17.3,22,11,3,16,3,7,34,27,10,2,8,6,28,7,0,Matches
267,Marko Kolar,hr CRO,FW,Emmen,25,1995,7.3,6,4,4,1,1,2,2,0,3,1,2,1,7,2,0,Matches
268,Rodney Kongolo,nl NED,MF,Heerenveen,22,1998,23.9,52,31,22,25,5,16,55,39,39,7,32,44,96,38,0,Matches
269,Luuk Koopmans,nl NED,GK,ADO Den Haag,26,1993,19.0,1,0,1,0,0,1,2,1,0,0,0,0,1,15,2,Matches
270,Teun Koopmeiners,nl NED,MF,AZ Alkmaar,22,1998,30.0,84,50,23,48,13,42,75,33,51,13,38,42,126,48,1,Matches
271,Alexei Koșelev,md MDA,GK,Fortuna Sittard,26,1993,6.8,1,0,1,0,0,1,2,1,0,0,0,1,2,10,1,Matches
272,Michiel Kramer,nl NED,FW,ADO Den Haag,31,1988,21.9,15,8,3,10,2,3,7,4,12,3,9,8,23,27,1,Matches
273,Mohammed Kudus,gh GHA,MF,Ajax,19,2000,8.9,20,13,6,9,5,7,28,21,3,0,3,6,26,1,1,Matches
274,Christian Kum,nl NED,DF,VVV-Venlo,34,1985,15.3,23,15,19,4,0,15,22,7,19,14,5,43,66,70,1,Matches
275,Ahmed Kutucu,tr TUR,"FW,MF",Heracles Almelo,20,2000,4.4,9,5,1,8,0,5,9,4,9,1,8,0,9,3,0,Matches
Rk,Player,Nation,Pos,Squad,Age,Born,90s,Tkl,TklW,Def 3rd,Mid 3rd,Att 3rd,Tkl,Att,Lost,Blocks,Sh,Pass,Int,Tkl+Int,Clr,Err,Matches
276,Didier La Torre,pe PER,"FW,MF",Emmen,18,2002,0.2,0,0,0,0,0,0,0,0,0,0,0,0,0,0,0,Matches
277,Luca de la Torre,us USA,"MF,FW",Heracles Almelo,22,1998,26.4,65,49,22,35,8,19,46,27,33,4,29,25,90,23,0,Matches
278,Zakaria Labyad,ma MAR,"MF,FW",Ajax,27,1993,10.7,6,2,1,4,1,0,4,4,2,0,2,4,10,1,0,Matches
279,Samir Lagsir,nl NED,"FW,MF",Zwolle,17,2003,0.4,0,0,0,0,0,0,2,2,0,0,0,0,0,0,0,Matches
280,Thomas Lam,fi FIN,"DF,MF",Zwolle,26,1993,23.0,25,14,12,13,0,14,24,10,18,11,7,24,49,87,2,Matches
281,Sam Lammers,nl NED,FW,PSV Eindhoven,23,1997,0.6,0,0,0,0,0,0,1,1,0,0,0,0,0,0,0,Matches
282,Kostas Lamprou,gr GRE,GK,RKC Waalwijk,28,1991,34.0,3,3,3,0,0,3,6,3,1,0,1,0,3,13,1,Matches
283,Lazaros Lamprou,gr GRE,FW,Twente,22,1997,1.9,2,0,1,0,1,1,3,2,2,0,2,0,2,0,0,Matches
284,Noa Lang,nl NED,FW,Ajax,21,1999,0.1,0,0,0,0,0,0,0,0,0,0,0,0,0,0,0,Matches
285,Nikolai Laursen,dk DEN,"FW,MF",Emmen,22,1998,16.0,16,12,6,8,2,6,18,12,14,1,13,6,22,13,0,Matches
286,Richy Ledezma,us USA,MF,PSV Eindhoven,19,2000,1.0,1,0,1,0,0,0,0,0,2,0,2,0,1,0,0,Matches
287,Clint Leemans,nl NED,"FW,MF",Zwolle,24,1995,6.6,4,1,0,3,1,1,9,8,2,0,2,2,6,4,1,Matches
288,Benjamin van Leer,nl NED,GK,Sparta R'dam,28,1992,6.0,0,0,0,0,0,0,0,0,0,0,0,0,0,3,1,Matches
289,Michael de Leeuw,nl NED,"FW,MF",Emmen,33,1986,28.4,19,11,3,10,6,4,20,16,15,4,11,11,30,36,0,Matches
290,Thijs van Leeuwen,nl NED,FW,Twente,19,2001,5.4,11,7,6,2,3,4,15,11,9,0,9,6,17,1,0,Matches
291,Ramon Leeuwin,sr SUR,"DF,FW",AZ Alkmaar,32,1987,2.0,0,0,0,0,0,0,0,0,1,1,0,2,2,9,0,Matches
292,Mateo Leš,hr CRO,DF,Heracles Almelo,20,2000,1.7,3,2,2,1,0,2,4,2,5,3,2,3,6,6,0,Matches
293,Timo Letschert,nl NED,DF,AZ Alkmaar,27,1993,15.2,15,11,8,7,0,5,13,8,13,6,7,21,36,47,1,Matches
294,Bryan Linssen,nl NED,FW,Feyenoord,29,1990,22.6,29,14,6,18,5,6,26,20,17,1,16,12,41,8,0,Matches
295,Evert Linthorst,nl NED,MF,VVV-Venlo,20,2000,14.6,32,23,15,12,5,12,39,27,17,4,13,16,48,20,0,Matches
296,Ulysses Llanez,us USA,FW,Heerenveen,19,2001,1.1,2,1,0,0,2,0,2,2,0,0,0,1,3,1,0,Matches
297,Pol Llonch,es ESP,MF,Willem II,27,1992,24.7,106,62,46,50,10,32,95,63,44,6,38,38,144,34,0,Matches
298,Kasper Lunding,dk DEN,"FW,MF",Heracles Almelo,21,1999,6.4,19,12,11,6,2,7,18,11,7,0,7,4,23,0,0,Matches
299,Ramon Lundqvist,se SWE,MF,Groningen,23,1997,15.4,22,12,9,9,4,6,17,11,17,2,15,9,31,23,0,Matches
300,Thierry Lutonda,be BEL,DF,RKC Waalwijk,19,2000,8.2,13,9,7,3,3,8,22,14,16,5,11,12,25,20,0,Matches
Rk,Player,Nation,Pos,Squad,Age,Born,90s,Tkl,TklW,Def 3rd,Mid 3rd,Att 3rd,Tkl,Att,Lost,Blocks,Sh,Pass,Int,Tkl+Int,Clr,Err,Matches
301,Zinédine Machach,fr FRA,"MF,FW",VVV-Venlo,24,1996,16.3,25,11,8,12,5,12,31,19,16,4,12,8,33,5,0,Matches
302,Noni Madueke,eng ENG,"FW,MF",PSV Eindhoven,18,2002,10.7,6,3,1,2,3,2,9,7,7,1,6,3,9,2,0,Matches
303,Adam Maher,nl NED,MF,Utrecht,27,1993,24.2,69,44,30,35,4,22,48,26,39,10,29,46,115,37,1,Matches
304,Mimoun Mahi,ma MAR,"FW,MF",Utrecht,26,1994,14.8,9,3,3,2,4,1,7,6,11,1,10,3,12,9,0,Matches
305,Tyrell Malacia,nl NED,DF,Feyenoord,20,1999,23.7,39,25,27,8,4,15,32,17,23,4,19,34,73,27,1,Matches
306,Donyell Malen,nl NED,FW,PSV Eindhoven,21,1999,27.2,5,3,1,4,0,1,9,8,6,0,6,11,16,11,0,Matches
307,Million Manhoef,nl NED,"DF,MF",Vitesse,18,2002,3.6,4,2,4,0,0,3,7,4,5,0,5,1,5,6,0,Matches
308,Benson Manuel,ao ANG,"FW,MF",Zwolle,23,1997,8.9,15,11,11,1,3,9,18,9,4,1,3,3,18,2,0,Matches
309,Nathan Markelo,cw CUW,DF,Twente,21,1999,4.3,18,11,10,6,2,6,12,6,6,3,3,10,28,6,0,Matches
310,Nick Marsman,nl NED,GK,Feyenoord,29,1990,20.0,1,1,1,0,0,1,2,1,0,0,0,2,3,4,1,Matches
311,Lisandro Martínez,ar ARG,DF,Ajax,22,1998,19.5,30,16,12,12,6,11,20,9,29,10,19,28,58,52,0,Matches
312,Bruno Martins Indi,nl NED,DF,AZ Alkmaar,28,1992,25.3,15,9,7,3,5,6,11,5,22,17,5,32,47,79,1,Matches
313,Azor Matusiwa,nl NED,MF,Groningen,22,1998,19.2,49,22,27,20,2,22,37,15,30,10,20,59,108,26,0,Matches
314,Philipp Max,de GER,DF,PSV Eindhoven,26,1993,28.8,60,41,26,26,8,29,68,39,21,1,20,24,84,38,0,Matches
315,Noussair Mazraoui,ma MAR,DF,Ajax,22,1997,13.4,34,22,14,14,6,16,25,9,14,4,10,29,63,22,0,Matches
316,Bjorn Meijer,nl NED,DF,Groningen,17,2003,0.1,0,0,0,0,0,0,0,0,0,0,0,0,0,0,0,Matches
317,Aaron Meijers,nl NED,"DF,MF",Sparta R'dam,32,1987,12.5,40,27,25,14,1,21,36,15,16,6,10,12,52,36,0,Matches
318,Queensy Menig,nl NED,FW,Twente,24,1995,28.8,40,20,17,14,9,18,49,31,24,0,24,16,56,5,1,Matches
319,Ahmed El Messaoudi,ma MAR,"MF,FW",Groningen,24,1995,24.7,32,21,19,9,4,12,30,18,32,3,29,32,64,14,1,Matches
320,Melle Meulensteen,nl NED,DF,RKC Waalwijk,21,1999,32.7,46,27,31,13,2,23,38,15,40,25,15,66,112,138,1,Matches
321,Fredrik Midtsjø,no NOR,MF,AZ Alkmaar,26,1993,30.2,63,31,21,31,11,29,75,46,25,6,19,62,125,30,0,Matches
322,Miguel,es ESP,"DF,MF",Groningen,23,1997,3.8,10,6,6,1,3,4,9,5,4,2,2,5,15,14,0,Matches
323,Leonel Miguel,nl NED,DF,Groningen,19,2001,0.9,3,2,3,0,0,1,1,0,1,1,0,1,4,5,0,Matches
324,Sven Mijnans,nl NED,"FW,MF",Sparta R'dam,20,2000,18.5,49,30,23,22,4,16,45,29,24,1,23,28,77,24,0,Matches
325,David Min,nl NED,"FW,MF",RKC Waalwijk,21,1999,1.0,3,2,0,2,1,1,1,0,1,0,1,0,3,1,0,Matches
Rk,Player,Nation,Pos,Squad,Age,Born,90s,Tkl,TklW,Def 3rd,Mid 3rd,Att 3rd,Tkl,Att,Lost,Blocks,Sh,Pass,Int,Tkl+Int,Clr,Err,Matches
326,Virgil Misidjan,sr SUR,FW,Zwolle,27,1993,11.8,18,12,9,5,4,7,14,7,5,0,5,9,27,2,0,Matches
327,Youness Mokhtar,ma MAR,"FW,MF",ADO Den Haag,28,1991,5.7,7,4,3,3,1,0,7,7,6,0,6,4,11,1,0,Matches
328,Sylian Mokono,nl NED,DF,Utrecht,21,1999,0.5,0,0,0,0,0,0,0,0,2,2,0,2,2,1,0,Matches
329,Ravel Morrison,jm JAM,"MF,FW",ADO Den Haag,27,1993,1.5,0,0,0,0,0,0,1,1,1,0,1,0,0,1,0,Matches
330,Xavier Mous,nl NED,GK,Zwolle,24,1995,15.0,0,0,0,0,0,0,0,0,0,0,0,0,0,6,1,Matches
331,Samuel Moutoussamy,cd COD,"MF,FW",Fortuna Sittard,23,1996,3.9,5,2,1,2,2,2,9,7,5,1,4,2,7,3,0,Matches
332,Erwin Mulder,nl NED,GK,Heerenveen,31,1989,34.0,0,0,0,0,0,0,2,2,0,0,0,1,1,16,0,Matches
333,Hans Mulder,nl NED,"MF,DF",RKC Waalwijk,33,1987,0.5,0,0,0,0,0,0,1,1,4,3,1,2,2,7,0,Matches
334,Jonathan Mulder,il ISR,DF,ADO Den Haag,18,2002,0.5,2,2,1,1,0,0,0,0,0,0,0,1,3,5,0,Matches
335,Jeremy van Mullem,nl NED,DF,Sparta R'dam,21,1999,0.2,0,0,0,0,0,0,1,1,1,0,1,2,2,0,0,Matches
336,Arijanet Muric,xk KVX,GK,Willem II,21,1998,14.0,3,3,3,0,0,3,3,0,0,0,0,0,3,5,0,Matches
337,Yvon Mvogo,ch SUI,GK,PSV Eindhoven,26,1994,33.0,0,0,0,0,0,0,1,1,1,0,1,0,0,8,1,Matches
338,Yuta Nakayama,jp JPN,"DF,MF",Zwolle,23,1997,26.3,51,30,25,24,2,21,40,19,36,19,17,36,87,77,1,Matches
339,Luciano Narsingh,nl NED,"FW,MF",Twente,29,1990,12.5,8,3,5,3,0,2,8,6,11,0,11,8,16,4,0,Matches
340,Luciano Narsingh,nl NED,FW,Feyenoord,29,1990,4.4,5,4,2,2,1,1,2,1,2,0,2,0,5,0,0,Matches
341,Miquel Nelom,nl NED,DF,Willem II,29,1990,4.9,13,11,7,5,1,5,6,1,5,2,3,7,20,12,0,Matches
342,David Neres,br BRA,FW,Ajax,23,1997,13.0,20,12,3,10,7,3,20,17,11,3,8,10,30,2,0,Matches
343,Cyril Ngonge,be BEL,FW,RKC Waalwijk,20,2000,13.0,19,5,4,11,4,6,29,23,11,0,11,10,29,3,0,Matches
344,Bart Nieuwkoop,nl NED,DF,Feyenoord,24,1996,11.4,41,24,16,15,10,11,24,13,10,1,9,36,77,27,0,Matches
345,Lars Nieuwpoort,nl NED,DF,RKC Waalwijk,25,1994,2.1,6,5,5,1,0,3,7,4,6,4,2,2,8,9,0,Matches
346,Thijmen Nijhuis,nl NED,GK,Utrecht,22,1998,3.0,0,0,0,0,0,0,0,0,0,0,0,0,0,1,1,Matches
347,Branislav Niňaj,sk SVK,DF,Fortuna Sittard,26,1994,4.3,10,4,8,2,0,3,11,8,6,2,4,11,21,23,1,Matches
348,Ché Nunnely,nl NED,"FW,MF",Willem II,21,1999,24.1,25,15,13,9,3,6,29,23,25,0,25,14,39,7,0,Matches
349,Benjamin Nygren,se SWE,"FW,MF",Heerenveen,19,2001,14.2,28,10,14,12,2,15,37,22,15,1,14,6,34,12,0,Matches
350,Armando Obispo,cw CUW,DF,PSV Eindhoven,21,1999,1.8,4,3,1,3,0,0,1,1,4,4,0,2,6,6,0,Matches
Rk,Player,Nation,Pos,Squad,Age,Born,90s,Tkl,TklW,Def 3rd,Mid 3rd,Att 3rd,Tkl,Att,Lost,Blocks,Sh,Pass,Int,Tkl+Int,Clr,Err,Matches
351,Eric Oelschlägel,de GER,GK,Utrecht,24,1995,23.0,0,0,0,0,0,0,0,0,0,0,0,0,0,7,2,Matches
352,Noah Ohio,nl NED,"FW,MF",Vitesse,17,2003,0.3,0,0,0,0,0,0,0,0,0,0,0,0,0,0,0,Matches
353,Maduka Okoye,ng NGA,GK,Sparta R'dam,20,1999,28.0,0,0,0,0,0,0,1,1,0,0,0,0,0,3,2,Matches
354,Kwasi Okyere Wriedt,gh GHA,FW,Willem II,26,1994,20.2,8,6,0,5,3,2,11,9,5,0,5,0,8,10,0,Matches
355,André Onana,cm CMR,GK,Ajax,24,1996,20.0,0,0,0,0,0,0,0,0,2,0,2,0,0,5,1,Matches
356,Jayden Oosterwolde,nl NED,DF,Twente,19,2001,21.6,50,39,28,21,1,23,41,18,21,4,17,42,92,48,1,Matches
357,Thijs Oosting,nl NED,FW,RKC Waalwijk,20,2000,13.0,20,12,8,9,3,8,22,14,12,3,9,6,26,16,0,Matches
358,Loïs Openda,be BEL,FW,Vitesse,20,2000,26.8,17,12,3,6,8,10,27,17,17,0,17,10,27,2,0,Matches
359,Fredrik Oppegard,no NOR,DF,PSV Eindhoven,17,2002,0.0,0,0,0,0,0,0,0,0,0,0,0,0,0,0,0,Matches
360,Alois Oroz,hr CRO,DF,Vitesse,19,2000,3.0,8,6,4,3,1,3,6,3,3,1,2,7,15,5,0,Matches
361,Yanick van Osch,nl NED,GK,Fortuna Sittard,23,1997,25.9,2,1,2,0,0,2,2,0,0,0,0,2,4,15,1,Matches
362,Bilal Ould-Chikh,ma MAR,"FW,MF",ADO Den Haag,23,1997,5.1,9,7,6,2,1,3,5,2,3,0,3,1,10,2,0,Matches
363,Joris van Overeem,nl NED,MF,Utrecht,26,1994,25.5,56,34,19,31,6,23,57,34,42,9,33,57,113,32,0,Matches
364,Leeroy Owusu,nl NED,DF,Willem II,23,1996,28.0,46,28,36,6,4,26,44,18,19,7,12,28,74,57,0,Matches
365,Kenneth Paal,sr SUR,DF,Zwolle,23,1997,25.2,51,27,35,10,6,30,51,21,21,6,15,48,99,71,0,Matches
366,Tobias Pachonik,de GER,DF,VVV-Venlo,25,1995,27.2,33,19,21,10,2,11,25,14,21,6,15,19,52,60,0,Matches
367,Sergio Padt,nl NED,GK,Groningen,30,1990,34.0,0,0,0,0,0,0,1,1,0,0,0,1,1,19,2,Matches
368,Maarten Paes,id IDN,GK,Utrecht,22,1998,8.0,0,0,0,0,0,0,0,0,0,0,0,0,0,0,0,Matches
369,Remko Pasveer,nl NED,GK,Vitesse,36,1983,33.0,2,2,2,0,0,2,7,5,1,0,1,1,3,4,6,Matches
370,Vangelis Pavlidis,gr GRE,"FW,MF",Willem II,21,1998,32.5,38,17,8,22,8,16,47,31,52,4,48,12,50,41,0,Matches
371,Desevio Payne,us USA,"DF,MF",Emmen,24,1995,0.4,2,1,2,0,0,1,2,1,2,0,2,0,2,5,0,Matches
372,Sergio Peña,pe PER,"MF,FW",Emmen,24,1995,31.0,58,31,20,34,4,20,72,52,13,2,11,23,81,14,2,Matches
373,Jordens Peters,nl NED,DF,Willem II,33,1987,12.8,15,9,9,6,0,5,11,6,27,18,9,24,39,49,0,Matches
374,Immanuel Pherai,sr SUR,"FW,MF",Zwolle,19,2001,17.7,26,14,8,7,11,10,29,19,17,3,14,5,31,8,0,Matches
375,David Philipp,de GER,"FW,MF",ADO Den Haag,20,2000,6.1,13,6,6,5,2,5,15,10,7,1,6,7,20,2,1,Matches
Rk,Player,Nation,Pos,Squad,Age,Born,90s,Tkl,TklW,Def 3rd,Mid 3rd,Att 3rd,Tkl,Att,Lost,Blocks,Sh,Pass,Int,Tkl+Int,Clr,Err,Matches
376,Kik Pierie,nl NED,DF,Twente,20,2000,23.4,36,25,24,12,0,11,27,16,29,20,9,54,90,119,2,Matches
377,Shaquille Pinas,sr SUR,DF,ADO Den Haag,22,1998,24.4,34,15,24,10,0,20,43,23,53,36,17,46,80,96,0,Matches
378,Michael Pinto,lu LUX,DF,Sparta R'dam,27,1993,21.2,39,28,30,8,1,24,46,22,15,4,11,29,68,56,0,Matches
379,Joël Piroe,nl NED,FW,PSV Eindhoven,20,1999,1.5,1,0,1,0,0,1,2,1,1,0,1,0,1,2,0,Matches
380,Julio Pleguezuelo,es ESP,DF,Twente,23,1997,18.3,26,19,19,7,0,12,22,10,20,10,10,39,65,92,1,Matches
381,Bram van Polen,nl NED,DF,Zwolle,34,1985,21.9,32,19,16,12,4,17,34,17,22,10,12,44,76,66,3,Matches
382,Thomas Poll,nl NED,"DF,FW",Groningen,19,2001,0.3,0,0,0,0,0,0,2,2,0,0,0,0,0,1,0,Matches
383,Sebastian Polter,de GER,FW,Fortuna Sittard,29,1991,29.3,24,15,4,15,5,5,20,15,13,3,10,8,32,37,0,Matches
384,Danny Post,nl NED,MF,VVV-Venlo,31,1989,28.4,99,60,57,37,5,50,112,62,52,16,36,68,167,53,0,Matches
385,Romano Postema,nl NED,"FW,MF",Groningen,18,2002,0.4,0,0,0,0,0,0,0,0,0,0,0,0,0,0,0,Matches
386,Lucas Pratto,ar ARG,"FW,MF",Feyenoord,32,1988,2.4,3,0,0,0,3,0,2,2,3,0,3,1,4,3,0,Matches
387,Quincy Promes,nl NED,"MF,FW",Ajax,28,1992,11.3,13,7,2,7,4,2,7,5,10,1,9,4,17,1,0,Matches
388,Robin Pröpper,nl NED,DF,Heracles Almelo,26,1993,29.5,37,27,27,7,3,17,39,22,43,28,15,41,78,105,1,Matches
389,Giacomo Quagliata,it ITA,DF,Heracles Almelo,20,2000,22.9,42,27,27,13,2,17,37,20,19,3,16,51,93,47,1,Matches
390,Paul Quasten,cz CZE,DF,RKC Waalwijk,35,1985,17.1,41,22,22,15,4,20,37,17,9,3,6,39,80,38,0,Matches
391,Bart Ramselaar,nl NED,"FW,MF",Utrecht,24,1996,21.4,23,15,7,12,4,9,24,15,23,1,22,17,40,4,0,Matches
392,Jacob Rasmussen,dk DEN,DF,Vitesse,23,1997,27.5,49,30,31,15,3,33,44,11,32,18,14,59,108,97,0,Matches
393,Andrei Ratiu,ro ROU,"FW,MF",ADO Den Haag,22,1998,5.8,18,13,13,4,1,10,30,20,5,0,5,7,25,9,0,Matches
394,Mohamed Rayhi,nl NED,"FW,MF",Sparta R'dam,26,1994,3.0,5,2,2,2,1,2,7,5,7,1,6,1,6,3,0,Matches
395,Eliano Reijnders,id IDN,"FW,MF",Zwolle,19,2000,18.3,40,20,16,16,8,10,38,28,24,2,22,11,51,18,0,Matches
396,Tijjani Reijnders,nl NED,"MF,FW",AZ Alkmaar,22,1998,8.2,14,6,6,6,2,1,7,6,11,5,6,17,31,5,0,Matches
397,Devyne Rensch,nl NED,DF,Ajax,17,2003,9.9,35,23,17,12,6,16,29,13,13,1,12,29,64,18,0,Matches
398,Marco Rente,de GER,DF,Heracles Almelo,23,1997,19.6,42,20,35,7,0,24,44,20,28,13,15,61,103,85,0,Matches
399,Ricardo van Rhijn,nl NED,DF,Emmen,29,1991,14.2,17,12,10,2,5,10,26,16,14,7,7,12,29,42,3,Matches
400,Jean-Pierre Rhyner,ch SUI,DF,Emmen,24,1996,0.8,2,0,0,2,0,2,3,1,4,0,4,1,3,4,0,Matches
Rk,Player,Nation,Pos,Squad,Age,Born,90s,Tkl,TklW,Def 3rd,Mid 3rd,Att 3rd,Tkl,Att,Lost,Blocks,Sh,Pass,Int,Tkl+Int,Clr,Err,Matches
401,Ben Rienstra,nl NED,"MF,DF",Fortuna Sittard,30,1990,28.7,47,30,22,22,3,25,41,16,29,6,23,43,90,68,0,Matches
402,Dante Rigo,be BEL,MF,ADO Den Haag,21,1998,9.1,19,10,8,8,3,5,20,15,17,6,11,16,35,14,0,Matches
403,Arjen Robben,nl NED,"FW,MF",Groningen,36,1984,1.9,1,0,0,0,1,1,4,3,0,0,0,0,1,0,0,Matches
404,Yahcuroo Roemer,nl NED,"FW,MF",VVV-Venlo,19,2001,7.5,13,7,5,5,3,7,13,6,9,0,9,4,17,7,0,Matches
405,Godfried Roemeratoe,cw CUW,MF,Twente,20,1999,24.6,68,36,28,35,5,30,52,22,31,7,24,36,104,19,0,Matches
406,Ole Romeny,id IDN,"FW,MF",Willem II,20,2000,4.0,9,5,3,5,1,4,5,1,1,0,1,2,11,8,0,Matches
407,Maximiliano Romero,ar ARG,MF,PSV Eindhoven,21,1999,0.0,0,0,0,0,0,0,0,0,0,0,0,0,0,0,0,Matches
408,Pablo Rosario,do DOM,MF,PSV Eindhoven,23,1997,25.7,58,34,16,34,8,29,66,37,45,8,37,51,109,23,3,Matches
409,Llazaros Rota,gr GRE,DF,Fortuna Sittard,22,1997,19.3,54,33,31,18,5,23,48,25,33,9,24,32,86,42,0,Matches
410,Daan Rots,nl NED,FW,Twente,19,2001,2.6,8,2,0,3,5,3,4,1,0,0,0,0,8,0,0,Matches
411,Robbin Ruiter,nl NED,GK,Willem II,33,1987,9.7,0,0,0,0,0,0,1,1,0,0,0,0,0,5,1,Matches
412,Dries Saddiki,ma MAR,MF,Willem II,23,1996,10.4,29,19,11,13,5,5,38,33,14,4,10,36,65,12,0,Matches
413,Michal Sadílek,cz CZE,MF,PSV Eindhoven,21,1999,0.5,0,0,0,0,0,0,0,0,0,0,0,2,2,0,0,Matches
414,Görkem Sağlam,de GER,MF,Willem II,22,1998,14.1,35,20,15,16,4,14,33,19,14,5,9,6,41,11,1,Matches
415,Ismael Saibari,ma MAR,MF,PSV Eindhoven,19,2001,0.0,0,0,0,0,0,0,1,1,1,0,1,0,0,0,0,Matches
416,Shurandy Sambo,cw CUW,DF,PSV Eindhoven,18,2001,0.2,0,0,0,0,0,0,0,0,0,0,0,0,0,0,0,Matches
417,Bassala Sambou,eng ENG,"FW,MF",Fortuna Sittard,22,1997,0.4,0,0,0,0,0,0,0,0,1,0,1,0,0,0,0,Matches
418,Ibrahim Sangaré,ci CIV,MF,PSV Eindhoven,22,1997,25.3,101,69,43,47,11,36,59,23,37,8,29,61,162,47,1,Matches
419,Mustafa Saymak,nl NED,MF,Zwolle,27,1993,17.1,37,24,13,23,1,21,71,50,21,1,20,21,58,14,1,Matches
420,Steffen Schäfer,de GER,"DF,MF",VVV-Venlo,26,1994,10.9,25,11,17,7,1,17,30,13,5,4,1,26,51,31,0,Matches
421,Xandro Schenk,nl NED,DF,Twente,27,1993,3.0,3,1,2,1,0,2,4,2,2,1,1,4,7,14,0,Matches
422,Kjell Scherpen,nl NED,GK,Ajax,20,2000,2.0,1,1,1,0,0,1,1,0,0,0,0,0,1,0,1,Matches
423,Vincent Schippers,nl NED,"DF,MF",Willem II,19,2001,1.7,0,0,0,0,0,0,2,2,0,0,0,4,4,4,2,Matches
424,Lukas Schmitz,de GER,DF,VVV-Venlo,31,1988,9.3,16,10,11,5,0,11,23,12,8,4,4,15,31,31,0,Matches
425,Ben Scholte,nl NED,DF,Emmen,18,2001,0.1,0,0,0,0,0,0,0,0,0,0,0,0,0,0,0,Matches
Rk,Player,Nation,Pos,Squad,Age,Born,90s,Tkl,TklW,Def 3rd,Mid 3rd,Att 3rd,Tkl,Att,Lost,Blocks,Sh,Pass,Int,Tkl+Int,Clr,Err,Matches
426,Lasse Schöne,dk DEN,MF,Heerenveen,34,1986,10.0,17,10,7,6,4,11,20,9,9,3,6,12,29,12,1,Matches
427,Lucas Schoofs,be BEL,MF,Heracles Almelo,23,1997,25.7,91,51,38,43,10,42,86,44,47,11,36,47,138,43,1,Matches
428,Sam Schreck,de GER,MF,Groningen,21,1999,3.6,8,7,3,4,1,2,5,3,4,0,4,5,13,0,0,Matches
429,Perr Schuurs,nl NED,DF,Ajax,20,1999,21.0,33,20,17,11,5,13,28,15,10,6,4,31,64,49,0,Matches
430,Cain Seedorf,nl NED,"DF,FW",ADO Den Haag,20,2000,2.0,3,2,2,1,0,3,5,2,2,0,2,1,4,4,0,Matches
431,Lindon Selahi,al ALB,MF,Twente,21,1999,0.7,5,5,2,3,0,2,5,3,3,0,3,4,9,0,0,Matches
432,Lindon Selahi,al ALB,"MF,FW",Willem II,21,1999,5.2,16,9,5,10,1,4,15,11,13,1,12,18,34,6,0,Matches
433,Lisandro Semedo,cv CPV,"FW,MF",Fortuna Sittard,24,1996,25.4,38,29,14,11,13,13,40,27,21,4,17,17,55,16,0,Matches
434,Marcos Senesi,ar ARG,DF,Feyenoord,23,1997,32.0,79,53,48,29,2,39,73,34,56,23,33,78,157,124,3,Matches
435,Mats Seuntjens,nl NED,"FW,MF",Fortuna Sittard,28,1992,27.4,49,26,17,23,9,18,60,42,38,5,33,13,62,41,1,Matches
436,José Pascual Alba Seva,es ESP,MF,ADO Den Haag,20,2000,6.7,10,4,4,5,1,5,17,12,11,1,10,8,18,9,1,Matches
437,Xander Severina,cw CUW,FW,ADO Den Haag,19,2001,0.5,1,1,0,0,1,0,0,0,0,0,0,1,2,1,0,Matches
438,Meritan Shabani,al ALB,"MF,FW",VVV-Venlo,21,1999,2.9,5,3,2,2,1,0,5,5,3,0,3,3,8,3,0,Matches
439,Sekou Sidibe,be BEL,"FW,MF",Emmen,19,2001,0.4,2,2,2,0,0,2,4,2,0,0,0,3,5,0,0,Matches
440,Elias Sierra,be BEL,"FW,MF",Heracles Almelo,18,2001,1.5,3,3,2,1,0,0,3,3,0,0,0,1,4,0,0,Matches
441,Luis Sinisterra,co COL,FW,Feyenoord,21,1999,13.4,17,5,3,13,1,7,26,19,9,0,9,7,24,11,1,Matches
442,Kian Slor,nl NED,"MF,FW",Groningen,18,2002,0.9,1,1,0,1,0,0,2,2,2,0,2,1,2,0,0,Matches
443,Gijs Smal,nl NED,DF,Twente,22,1997,15.3,46,27,28,14,4,28,52,24,8,2,6,24,70,35,0,Matches
444,Bryan Smeets,nl NED,"MF,FW",Sparta R'dam,27,1992,17.3,12,9,3,4,5,4,22,18,7,1,6,9,21,3,0,Matches
445,Jorrit Smeets,nl NED,MF,Fortuna Sittard,25,1995,9.6,26,10,9,14,3,10,34,24,16,2,14,21,47,15,0,Matches
446,Ian Smeulers,nl NED,DF,Willem II,20,2000,0.4,1,1,1,0,0,0,1,1,0,0,0,0,1,3,0,Matches
447,Rein Smit,nl NED,"FW,DF",Heerenveen,19,2001,0.7,0,0,0,0,0,0,3,3,0,0,0,0,0,3,0,Matches
448,Sylla Sow,nl NED,FW,RKC Waalwijk,23,1996,12.6,17,10,4,10,3,0,11,11,11,0,11,2,19,3,0,Matches
449,Uroš Spajić,rs SRB,DF,Feyenoord,27,1993,17.9,24,13,16,7,1,10,17,7,14,10,4,28,52,65,1,Matches
450,Wesley Spieringhs,nl NED,MF,Willem II,18,2002,13.0,42,16,15,24,3,9,31,22,18,7,11,33,75,18,0,Matches
Rk,Player,Nation,Pos,Squad,Age,Born,90s,Tkl,TklW,Def 3rd,Mid 3rd,Att 3rd,Tkl,Att,Lost,Blocks,Sh,Pass,Int,Tkl+Int,Clr,Err,Matches
451,Tommy St. Jago,nl NED,DF,Utrecht,20,2000,22.8,45,30,34,11,0,22,35,13,37,25,12,31,76,76,1,Matches
452,Casper Staring,nl NED,"DF,MF",Twente,19,2001,1.7,5,3,4,1,0,0,2,2,4,1,3,5,10,6,0,Matches
453,Maarten Stekelenburg,nl NED,GK,Ajax,37,1982,12.0,0,0,0,0,0,0,0,0,0,0,0,2,2,4,0,Matches
454,Calvin Stengs,nl NED,"FW,MF",AZ Alkmaar,21,1998,28.9,48,32,17,27,4,20,51,31,22,3,19,19,67,16,0,Matches
455,Finn Stokkers,nl NED,FW,RKC Waalwijk,24,1996,16.9,14,10,1,7,6,5,15,10,20,5,15,4,18,15,0,Matches
456,Jørgen Strand Larsen,no NOR,FW,Groningen,20,2000,25.6,10,5,0,7,3,5,23,18,9,1,8,6,16,30,0,Matches
457,Sander van de Streek,nl NED,"MF,FW",Utrecht,27,1993,27.3,53,30,20,27,6,16,55,39,37,5,32,22,75,27,0,Matches
458,Rico Strieder,de GER,"MF,DF",Zwolle,28,1992,13.9,35,25,16,14,5,17,34,17,18,1,17,33,68,23,0,Matches
459,Yukinari Sugawara,jp JPN,DF,AZ Alkmaar,20,2000,18.3,31,21,16,12,3,15,34,19,25,3,22,29,60,40,0,Matches
460,Tomáš Suslov,sk SVK,"MF,FW",Groningen,18,2002,16.5,33,25,14,11,8,14,40,26,22,1,21,15,48,11,0,Matches
461,Jonas Svensson,no NOR,DF,AZ Alkmaar,27,1993,15.7,27,17,11,9,7,12,26,14,7,2,5,21,48,35,0,Matches
462,Arjan Swinkels,nl NED,DF,VVV-Venlo,35,1984,12.1,16,11,15,1,0,5,11,6,13,8,5,36,52,65,1,Matches
463,Moussa Sylla,ml MLI,"FW,MF",Utrecht,20,1999,7.3,6,5,4,1,1,3,5,2,10,1,9,4,10,1,0,Matches
464,Adrian Szöke,hu HUN,FW,Heracles Almelo,22,1998,7.1,4,2,3,1,0,0,3,3,3,0,3,1,5,2,0,Matches
465,Dušan Tadić,rs SRB,FW,Ajax,31,1988,28.9,32,12,6,17,9,13,28,15,28,1,27,13,45,12,0,Matches
466,Nicolás Tagliafico,ar ARG,DF,Ajax,27,1992,22.2,51,31,20,24,7,22,46,24,23,2,21,47,98,31,0,Matches
467,Anas Tahiri,be BEL,MF,RKC Waalwijk,25,1995,30.0,35,19,15,16,4,18,43,25,25,2,23,37,72,14,1,Matches
468,Oussama Tannane,ma MAR,MF,Vitesse,26,1994,26.7,27,18,7,13,7,8,37,29,17,2,15,6,33,4,0,Matches
469,Kenneth Taylor,nl NED,MF,Ajax,18,2002,0.9,3,3,0,3,0,1,3,2,3,0,3,1,4,2,0,Matches
470,Mike te Wierik,nl NED,DF,Groningen,28,1992,13.9,27,20,15,10,2,15,25,10,13,4,9,29,56,40,1,Matches
471,Slobodan Tedić,rs SRB,FW,Zwolle,20,2000,10.2,10,6,0,7,3,1,8,7,4,0,4,5,15,9,0,Matches
472,Tesfaldet Tekie,se SWE,MF,Fortuna Sittard,23,1997,29.8,64,34,27,32,5,26,68,42,31,8,23,61,125,16,0,Matches
473,Dennis Telgenkamp,nl NED,GK,Emmen,33,1987,14.0,1,0,1,0,0,1,2,1,0,0,0,1,2,1,0,Matches
474,Hidde ter Avest,nl NED,DF,Utrecht,23,1997,15.8,27,19,15,10,2,10,19,9,13,4,9,28,55,33,0,Matches
475,Jordan Teze,nl NED,DF,PSV Eindhoven,20,1999,31.4,51,34,30,19,2,25,41,16,38,17,21,33,84,75,1,Matches
Rk,Player,Nation,Pos,Squad,Age,Born,90s,Tkl,TklW,Def 3rd,Mid 3rd,Att 3rd,Tkl,Att,Lost,Blocks,Sh,Pass,Int,Tkl+Int,Clr,Err,Matches
476,Ryan Thomas,nz NZL,MF,PSV Eindhoven,25,1994,10.0,22,12,4,13,5,7,22,15,17,2,15,21,43,13,0,Matches
477,Lennart Thy,de GER,"FW,MF",Sparta R'dam,28,1992,30.9,18,7,6,8,4,4,16,12,15,1,14,7,25,22,0,Matches
478,Simon Tibbling,se SWE,MF,Emmen,25,1994,11.6,16,6,10,5,1,4,16,12,13,5,8,11,27,15,1,Matches
479,Jurriën Timber,nl NED,DF,Ajax,19,2001,16.8,34,17,20,12,2,16,26,10,15,8,7,29,63,36,1,Matches
480,Mickaël Tirpan,be BEL,DF,Fortuna Sittard,26,1993,11.0,15,9,9,5,1,4,11,7,14,5,9,35,50,42,0,Matches
481,Jens Toornstra,nl NED,MF,Feyenoord,31,1989,29.6,35,23,10,18,7,15,51,36,37,8,29,40,75,23,0,Matches
482,Ahmed Touba,dz ALG,DF,RKC Waalwijk,22,1998,32.0,38,20,31,7,0,20,40,20,46,25,21,68,106,127,1,Matches
483,Idrissa Touré,de GER,"MF,DF",Vitesse,22,1998,6.1,18,5,8,6,4,9,23,14,10,0,10,10,28,11,0,Matches
484,Mike Trésor,be BEL,"MF,FW",Willem II,21,1999,26.9,42,26,19,18,5,20,42,22,28,1,27,25,67,10,0,Matches
485,Sondre Tronstad,no NOR,MF,Vitesse,24,1995,19.8,61,32,21,34,6,33,69,36,22,8,14,46,107,22,0,Matches
486,Giovanni Troupée,cw CUW,DF,Utrecht,22,1998,2.8,8,6,3,4,1,2,3,1,3,0,3,4,12,4,0,Matches
487,Lars Unnerstall,de GER,GK,PSV Eindhoven,30,1990,1.0,0,0,0,0,0,0,1,1,0,0,0,0,0,0,0,Matches
488,Dario Van den Buijs,be BEL,"DF,MF",Fortuna Sittard,24,1995,1.0,4,3,3,1,0,1,2,1,0,0,0,1,5,3,1,Matches
489,Syb Van Ottele,nl NED,"DF,MF",Heerenveen,18,2002,2.2,7,3,2,4,1,3,10,7,2,0,2,3,10,4,0,Matches
490,Keziah Veendorp,nl NED,"MF,DF",Emmen,23,1997,15.3,23,16,13,10,0,11,26,15,16,10,6,15,38,37,1,Matches
491,Henk Veerman,nl NED,FW,Heerenveen,27,1993,29.3,14,7,4,3,7,5,20,15,15,5,10,2,16,55,0,Matches
492,Joey Veerman,nl NED,"MF,FW",Heerenveen,21,1998,30.0,59,26,29,27,3,25,75,50,43,5,38,35,94,38,1,Matches
493,Marko Vejinović,nl NED,MF,ADO Den Haag,30,1990,14.5,38,22,17,17,4,19,45,26,20,8,12,20,58,21,1,Matches
494,Odysseus Velanas,nl NED,FW,Utrecht,22,1998,0.1,0,0,0,0,0,0,0,0,0,0,0,0,0,0,0,Matches
495,Piet Velthuizen,nl NED,GK,Fortuna Sittard,33,1986,1.2,0,0,0,0,0,0,0,0,0,0,0,0,0,3,0,Matches
496,Dylan Vente,nl NED,FW,Feyenoord,21,1999,0.1,0,0,0,0,0,0,0,0,1,0,1,0,0,0,0,Matches
497,Hobie Verhulst,nl NED,GK,AZ Alkmaar,27,1993,1.0,0,0,0,0,0,0,0,0,0,0,0,0,0,1,0,Matches
498,Thibaud Verlinden,be BEL,"FW,MF",Fortuna Sittard,21,1999,1.0,1,0,0,1,0,0,2,2,0,0,0,0,1,0,0,Matches
499,Michael Verrips,nl NED,GK,Emmen,23,1996,14.0,2,1,2,0,0,2,2,0,0,0,0,0,2,6,1,Matches
500,Yorbe Vertessen,be BEL,"MF,FW",PSV Eindhoven,19,2001,5.6,6,5,1,3,2,1,8,7,6,0,6,2,8,2,0,Matches
Rk,Player,Nation,Pos,Squad,Age,Born,90s,Tkl,TklW,Def 3rd,Mid 3rd,Att 3rd,Tkl,Att,Lost,Blocks,Sh,Pass,Int,Tkl+Int,Clr,Err,Matches
501,Nick Viergever,nl NED,DF,PSV Eindhoven,30,1989,12.1,11,7,7,4,0,6,14,8,7,2,5,28,39,40,1,Matches
502,Jari Vlak,nl NED,MF,Emmen,21,1998,14.4,46,24,14,26,6,21,55,34,21,4,17,28,74,28,0,Matches
503,Rai Vloet,nl NED,"MF,FW",Heracles Almelo,25,1995,30.5,36,22,10,14,12,11,39,28,36,0,36,11,47,32,0,Matches
504,Robbert de Vos,nl NED,"FW,MF",Emmen,24,1996,4.0,11,9,6,4,1,6,11,5,4,2,2,0,11,7,0,Matches
505,Bart Vriends,nl NED,DF,Sparta R'dam,29,1991,22.4,38,22,29,8,1,23,41,18,24,13,11,46,84,100,0,Matches
506,Patrick Vroegh,nl NED,MF,Vitesse,20,1999,5.9,14,8,5,7,2,8,17,9,10,0,10,6,20,7,0,Matches
507,Django Warmerdam,nl NED,DF,Utrecht,24,1995,32.2,84,55,51,25,8,39,61,22,41,9,32,53,137,52,0,Matches
508,Jordy Wehrmann,nl NED,MF,Feyenoord,21,1999,1.5,3,2,2,1,0,2,4,2,0,0,0,2,5,6,0,Matches
509,Sai van Wermeskerken,jp JPN,DF,Zwolle,26,1994,21.9,43,28,30,10,3,23,40,17,19,3,16,30,73,48,0,Matches
510,Felix Wiedwald,de GER,GK,Emmen,30,1990,6.0,0,0,0,0,0,0,0,0,0,0,0,0,0,3,0,Matches
511,Owen Wijndal,nl NED,DF,AZ Alkmaar,20,1999,34.0,60,33,29,21,10,33,52,19,31,6,25,59,119,65,1,Matches
512,Dani de Wit,nl NED,MF,AZ Alkmaar,22,1998,13.5,26,14,6,17,3,6,23,17,18,5,13,9,35,12,0,Matches
513,Maximilian Wittek,de GER,DF,Vitesse,24,1995,30.3,91,56,41,38,12,48,105,57,43,5,38,39,130,42,1,Matches
514,Lucas Woudenberg,nl NED,DF,Heerenveen,26,1994,24.3,71,39,46,24,1,37,56,19,38,8,30,42,113,79,0,Matches
515,Luuk Wouters,nl NED,DF,RKC Waalwijk,21,1999,9.0,19,14,8,6,5,12,25,13,10,4,6,20,39,36,0,Matches
516,John Yeboah,ec ECU,"FW,MF",Willem II,20,2000,3.5,8,6,2,4,2,2,5,3,3,0,3,4,12,0,0,Matches
517,Eran Zahavi,il ISR,FW,PSV Eindhoven,33,1987,22.1,20,10,7,7,6,9,22,13,9,1,8,9,29,10,0,Matches
518,Ramiz Zerrouki,dz ALG,MF,Twente,22,1998,21.7,62,38,21,31,10,21,54,33,27,4,23,53,115,38,1,Matches
519,Michael Zetterer,de GER,GK,Zwolle,25,1995,19.0,1,1,1,0,0,1,5,4,0,0,0,1,2,9,3,Matches
520,Rick Zuijderwijk,nl NED,MF,Willem II,19,2001,0.3,3,1,2,1,0,2,3,1,1,1,0,1,4,1,0,Matches
521,Gianni Zuiverloon,nl NED,DF,ADO Den Haag,33,1986,7.1,12,9,6,5,1,5,12,7,9,5,4,12,24,35,0,Matches
522,Dario Đumić,ba BIH,DF,Twente,28,1992,17.7,20,17,14,6,0,7,14,7,14,8,6,13,33,64,0,Matches
