rk,player,nation,pos,squad,age,born,90s,att,live,dead,fk,tb,sw,crs,ti,ck,in,out,str,cmp,off,blocks,matches
1,Rayane Aabid,fr FRA,MF,Yeni Mal'spor,29,1992,20.6,,,,,,,42,,,,,,,,,Matches
2,Rayane Aabid,fr FRA,MF,Kasımpaşa,29,1992,4.7,,,,,,,5,,,,,,,,,Matches
3,Patrick van Aanholt,nl NED,DF,Galatasaray,30,1990,30.9,,,,,,,150,,,,,,,,,Matches
4,Sam Adekugbe,ca CAN,DF,Hatayspor,26,1995,32.5,,,,,,,95,,,,,,,,,Matches
5,Luiz Adriano,br BRA,"MF,FW",Antalyaspor,34,1987,13.4,,,,,,,4,,,,,,,,,Matches
6,Serhat Ahmetoğlu,,DF,Fatih Karagümrük,19,2002,1.6,,,,,,,5,,,,,,,,,Matches
7,Serge Aka,ci CIV,MF,Altay,26,1994,3.4,,,,,,,1,,,,,,,,,Matches
8,Eray Akar,,FW,Hatayspor,18,2003,0.3,,,,,,,1,,,,,,,,,Matches
9,Harun Akaydin,,DF,Kasımpaşa,15,2005,0.5,,,,,,,0,,,,,,,,,Matches
10,Samet Akaydın,tr TUR,DF,Adana Demirspor,27,1994,32.8,,,,,,,1,,,,,,,,,Matches
11,Emre Akbaba,tr TUR,MF,Alanyaspor,28,1992,25.0,,,,,,,110,,,,,,,,,Matches
12,Emre Akbaba,tr TUR,"FW,MF",Galatasaray,28,1992,0.3,,,,,,,4,,,,,,,,,Matches
13,Arda Akbulut,tr TUR,GK,Trabzonspor,20,2001,1.0,,,,,,,0,,,,,,,,,Matches
14,Halil Akbunar,tr TUR,"MF,FW",Göztepe,27,1993,27.7,,,,,,,126,,,,,,,,,Matches
15,Murat Akça,tr TUR,DF,Altay,31,1990,25.1,,,,,,,5,,,,,,,,,Matches
16,İbrahim Akdağ,tr TUR,MF,Kayserispor,30,1991,25.0,,,,,,,11,,,,,,,,,Matches
17,Yunus Akgün,tr TUR,MF,Adana Demirspor,21,2000,28.8,,,,,,,98,,,,,,,,,Matches
18,Babajide Akintola,ng NGA,MF,Adana Demirspor,25,1996,13.3,,,,,,,40,,,,,,,,,Matches
19,Gökhan Akkan,tr TUR,GK,Rizespor,26,1995,26.5,,,,,,,0,,,,,,,,,Matches
20,Murat Akşit,tr TUR,GK,Yeni Mal'spor,19,2002,0.2,,,,,,,0,,,,,,,,,Matches
21,Engin Aksoy,tr TUR,MF,Hatayspor,17,2003,0.1,,,,,,,0,,,,,,,,,Matches
22,Fatih Aksoy,tr TUR,"DF,MF",Alanyaspor,23,1997,29.1,,,,,,,2,,,,,,,,,Matches
23,Kerem Aktürkoğlu,tr TUR,"MF,FW",Galatasaray,22,1998,31.8,,,,,,,51,,,,,,,,,Matches
24,Ufuk Akyol,de GER,MF,Antalyaspor,23,1997,2.5,,,,,,,4,,,,,,,,,Matches
25,Eren Albayrak,tr TUR,"DF,MF",Antalyaspor,30,1991,0.9,,,,,,,8,,,,,,,,,Matches
Rk,Player,Nation,Pos,Squad,Age,Born,90s,Att,Live,Dead,FK,TB,Sw,Crs,TI,CK,In,Out,Str,Cmp,Off,Blocks,Matches
26,Eren Albayrak,tr TUR,DF,Rizespor,30,1991,8.6,,,,,,,39,,,,,,,,,Matches
27,Mehmet Albayrak,tr TUR,DF,Sivasspor,17,2004,0.7,,,,,,,1,,,,,,,,,Matches
28,Danijel Aleksić,rs SRB,MF,Başakşehir,30,1991,18.2,,,,,,,37,,,,,,,,,Matches
29,Doğan Alemdar,tr TUR,GK,Kayserispor,18,2002,1.0,,,,,,,0,,,,,,,,,Matches
30,Hasan Ali Kaldırım,tr TUR,DF,Başakşehir,31,1989,16.4,,,,,,,42,,,,,,,,,Matches
31,Ömer Ali Şahiner,tr TUR,"DF,MF",Başakşehir,29,1992,12.4,,,,,,,18,,,,,,,,,Matches
32,Kerim Alıcı,tr TUR,"DF,MF",Göztepe,24,1997,19.9,,,,,,,49,,,,,,,,,Matches
33,Barış Alper Yılmaz,tr TUR,"MF,FW",Galatasaray,21,2000,3.5,,,,,,,11,,,,,,,,,Matches
34,Koray Altınay,,"DF,MF",Sivasspor,29,1991,3.5,,,,,,,3,,,,,,,,,Matches
35,Kerem Altunisik,tr TUR,MF,Yeni Mal'spor,17,2004,0.6,,,,,,,0,,,,,,,,,Matches
36,Amilton,br BRA,MF,Konyaspor,31,1989,7.2,,,,,,,29,,,,,,,,,Matches
37,Amilton,br BRA,"MF,FW",Antalyaspor,31,1989,9.2,,,,,,,16,,,,,,,,,Matches
38,Wilker Ángel,ve VEN,DF,Göztepe,28,1993,13.5,,,,,,,1,,,,,,,,,Matches
39,Marin Aničić,ba BIH,DF,Konyaspor,31,1989,1.0,,,,,,,0,,,,,,,,,Matches
40,Taylan Antalyalı,tr TUR,MF,Galatasaray,26,1995,22.7,,,,,,,7,,,,,,,,,Matches
41,Aaron Appindangoyé,ga GAB,DF,Sivasspor,29,1992,2.8,,,,,,,0,,,,,,,,,Matches
42,Efe Arda Koyuncu,tr TUR,DF,Başakşehir,16,2005,1.0,,,,,,,0,,,,,,,,,Matches
43,Firat Arslan,,DF,Göztepe,18,2003,0.1,,,,,,,0,,,,,,,,,Matches
44,Hakan Arslan,tr TUR,MF,Sivasspor,33,1988,24.0,,,,,,,1,,,,,,,,,Matches
45,Işık Arslan,tr TUR,DF,Galatasaray,20,2001,0.2,,,,,,,0,,,,,,,,,Matches
46,Dino Arslanagic,be BEL,DF,Göztepe,28,1993,29.0,,,,,,,10,,,,,,,,,Matches
47,Vato Arveladze,ge GEO,FW,Fatih Karagümrük,23,1998,1.7,,,,,,,0,,,,,,,,,Matches
48,Serkan Asan,tr TUR,DF,Trabzonspor,22,1999,3.1,,,,,,,5,,,,,,,,,Matches
49,Britt Assombalonga,cd COD,FW,Adana Demirspor,28,1992,19.3,,,,,,,5,,,,,,,,,Matches
50,Gustavo Assuncao,pt POR,MF,Galatasaray,21,2000,1.5,,,,,,,1,,,,,,,,,Matches
Rk,Player,Nation,Pos,Squad,Age,Born,90s,Att,Live,Dead,FK,TB,Sw,Crs,TI,CK,In,Out,Str,Cmp,Off,Blocks,Matches
51,Kerem Atakan Kesgin,tr TUR,MF,Sivasspor,20,2000,13.4,,,,,,,22,,,,,,,,,Matches
52,Daniel Avramovski,mk MKD,MF,Kayserispor,26,1995,0.5,,,,,,,0,,,,,,,,,Matches
53,Chidozie Awaziem,ng NGA,DF,Alanyaspor,24,1997,16.9,,,,,,,0,,,,,,,,,Matches
54,Philip Awuku,tg TOG,DF,Yeni Mal'spor,21,2000,11.1,,,,,,,0,,,,,,,,,Matches
55,Selim Ay,tr TUR,DF,Rizespor,30,1991,21.9,,,,,,,4,,,,,,,,,Matches
56,Oğuz Aydın,tr TUR,"MF,FW",Alanyaspor,20,2000,6.7,,,,,,,27,,,,,,,,,Matches
57,Emirhan Aydoğan,tr TUR,MF,Alanyaspor,24,1997,0.6,,,,,,,2,,,,,,,,,Matches
58,Soner Aydoğdu,tr TUR,MF,Göztepe,30,1991,26.3,,,,,,,67,,,,,,,,,Matches
59,Sakıb Aytaç,tr TUR,DF,Kasımpaşa,29,1991,3.2,,,,,,,7,,,,,,,,,Matches
60,Serdar Aziz,tr TUR,DF,Fenerbahçe,30,1990,19.9,,,,,,,5,,,,,,,,,Matches
61,Mame Baba Thiam,sn SEN,MF,Kayserispor,28,1992,22.7,,,,,,,22,,,,,,,,,Matches
62,Atalay Babacan,tr TUR,MF,Galatasaray,21,2000,0.2,,,,,,,0,,,,,,,,,Matches
63,Volkan Babacan,tr TUR,GK,Başakşehir,32,1988,31.0,,,,,,,0,,,,,,,,,Matches
64,Khouma Babacar,sn SEN,"FW,MF",Alanyaspor,28,1993,5.9,,,,,,,0,,,,,,,,,Matches
65,Ryan Babel,nl NED,"MF,FW",Galatasaray,34,1986,17.5,,,,,,,51,,,,,,,,,Matches
66,Fabrício Baiano,br BRA,"MF,DF",Rizespor,29,1992,23.9,,,,,,,27,,,,,,,,,Matches
67,Anastasios Bakasetas,gr GRE,MF,Trabzonspor,28,1993,25.2,,,,,,,123,,,,,,,,,Matches
68,Makana Baku,de GER,"MF,FW",Göztepe,23,1998,8.9,,,,,,,19,,,,,,,,,Matches
69,Bünyamin Balcı,tr TUR,"DF,MF",Antalyaspor,21,2000,30.4,,,,,,,44,,,,,,,,,Matches
70,Ethem Balcı,,MF,Kayserispor,18,2003,0.2,,,,,,,2,,,,,,,,,Matches
71,Ibrahima Baldé,sn SEN,FW,Giresunspor,32,1989,13.8,,,,,,,3,,,,,,,,,Matches
72,Jure Balkovec,si SVN,DF,Fatih Karagümrük,26,1994,20.5,,,,,,,51,,,,,,,,,Matches
73,Mario Balotelli,it ITA,FW,Adana Demirspor,30,1990,23.2,,,,,,,20,,,,,,,,,Matches
74,Daouda Bamba,ci CIV,"FW,MF",Altay,26,1995,22.1,,,,,,,8,,,,,,,,,Matches
75,Rayyan Baniya,,DF,Fatih Karagümrük,22,1999,0.1,,,,,,,0,,,,,,,,,Matches
Rk,Player,Nation,Pos,Squad,Age,Born,90s,Att,Live,Dead,FK,TB,Sw,Crs,TI,CK,In,Out,Str,Cmp,Off,Blocks,Matches
76,Abdülkerim Bardakcı,tr TUR,DF,Konyaspor,26,1994,33.0,,,,,,,6,,,,,,,,,Matches
77,Sadık Baş,,"DF,MF",Hatayspor,27,1994,10.4,,,,,,,47,,,,,,,,,Matches
78,Barış Başdaş,tr TUR,DF,Yeni Mal'spor,31,1990,5.7,,,,,,,2,,,,,,,,,Matches
79,Emrah Başsan,tr TUR,MF,Kayserispor,29,1992,21.6,,,,,,,149,,,,,,,,,Matches
80,Michy Batshuayi,be BEL,FW,Beşiktaş,27,1993,26.8,,,,,,,3,,,,,,,,,Matches
81,Bilal Bayazit,nl NED,GK,Kayserispor,22,1999,5.0,,,,,,,0,,,,,,,,,Matches
82,Altay Bayındır,tr TUR,GK,Fenerbahçe,23,1998,23.8,,,,,,,0,,,,,,,,,Matches
83,Furkan Bayır,tr TUR,DF,Alanyaspor,21,2000,12.4,,,,,,,0,,,,,,,,,Matches
84,Emircan Bayrakdar,,DF,Yeni Mal'spor,18,2003,0.1,,,,,,,0,,,,,,,,,Matches
85,Gökdeniz Bayrakdar,tr TUR,"MF,FW",Antalyaspor,19,2001,10.6,,,,,,,6,,,,,,,,,Matches
86,Ömer Bayram,tr TUR,DF,Galatasaray,30,1991,10.5,,,,,,,100,,,,,,,,,Matches
87,Aziz Behich,au AUS,DF,Giresunspor,30,1990,30.9,,,,,,,89,,,,,,,,,Matches
88,Burak Bekaroğlu,,DF,Fatih Karagümrük,24,1997,24.4,,,,,,,0,,,,,,,,,Matches
89,Efkan Bekiroğlu,,MF,Alanyaspor,25,1995,16.7,,,,,,,6,,,,,,,,,Matches
90,Younès Belhanda,ma MAR,MF,Adana Demirspor,31,1990,13.4,,,,,,,32,,,,,,,,,Matches
91,Mortadha Ben Ouanes,tn TUN,"MF,DF",Kasımpaşa,27,1994,16.6,,,,,,,50,,,,,,,,,Matches
92,Medhi Benatia,ma MAR,DF,Fatih Karagümrük,34,1987,3.6,,,,,,,0,,,,,,,,,Matches
93,Yassine Benzia,dz ALG,MF,Hatayspor,26,1994,8.4,,,,,,,59,,,,,,,,,Matches
94,Mergim Berisha,de GER,"FW,MF",Fenerbahçe,23,1998,11.1,,,,,,,17,,,,,,,,,Matches
95,Andrea Bertolacci,it ITA,"MF,FW",Kayserispor,30,1991,6.9,,,,,,,19,,,,,,,,,Matches
96,Andrea Bertolacci,it ITA,MF,Fatih Karagümrük,30,1991,11.2,,,,,,,6,,,,,,,,,Matches
97,Lucas Biglia,ar ARG,MF,Fatih Karagümrük,35,1986,31.1,,,,,,,45,,,,,,,,,Matches
98,Hayrullah Bilazer,,DF,Giresunspor,26,1995,15.4,,,,,,,36,,,,,,,,,Matches
99,Emre Bilgin,tr TUR,GK,Beşiktaş,17,2004,3.0,,,,,,,0,,,,,,,,,Matches
100,Tayfur Bingöl,tr TUR,"DF,MF",Alanyaspor,28,1993,17.6,,,,,,,18,,,,,,,,,Matches
Rk,Player,Nation,Pos,Squad,Age,Born,90s,Att,Live,Dead,FK,TB,Sw,Crs,TI,CK,In,Out,Str,Cmp,Off,Blocks,Matches
101,Mame Biram Diouf,sn SEN,FW,Hatayspor,33,1987,33.4,,,,,,,19,,,,,,,,,Matches
102,Davide Biraschi,it ITA,DF,Fatih Karagümrük,27,1994,13.0,,,,,,,14,,,,,,,,,Matches
103,Kristijan Bistrović,hr CRO,MF,Fatih Karagümrük,23,1998,12.4,,,,,,,8,,,,,,,,,Matches
104,André Biyogo Poko,ga GAB,MF,Altay,28,1993,26.4,,,,,,,29,,,,,,,,,Matches
105,Birkir Bjarnason,is ISL,"MF,FW",Adana Demirspor,33,1988,20.5,,,,,,,15,,,,,,,,,Matches
106,Eric Björkander,se SWE,DF,Altay,25,1996,21.3,,,,,,,8,,,,,,,,,Matches
107,Sacha Boey,fr FRA,DF,Galatasaray,20,2000,11.9,,,,,,,28,,,,,,,,,Matches
108,Ruud Boffin,be BEL,GK,Antalyaspor,33,1987,37.0,,,,,,,0,,,,,,,,,Matches
109,Yannick Bolasie,cd COD,MF,Rizespor,32,1989,15.0,,,,,,,69,,,,,,,,,Matches
110,Fernando Boldrin,br BRA,MF,Rizespor,32,1989,21.5,,,,,,,128,,,,,,,,,Matches
111,Fabio Borini,it ITA,"MF,FW",Fatih Karagümrük,30,1991,16.3,,,,,,,17,,,,,,,,,Matches
112,Cristian Borja,co COL,"DF,MF",Alanyaspor,28,1993,24.0,,,,,,,51,,,,,,,,,Matches
113,Mehdi Boudjemaa,dz ALG,MF,Hatayspor,23,1998,19.6,,,,,,,11,,,,,,,,,Matches
114,Hijran Boyaci,,MF,Adana Demirspor,16,2005,0.2,,,,,,,0,,,,,,,,,Matches
115,Tyler Boyd,us USA,MF,Rizespor,26,1994,19.7,,,,,,,81,,,,,,,,,Matches
116,Can Bozdogan,de GER,MF,Beşiktaş,20,2001,12.5,,,,,,,22,,,,,,,,,Matches
117,Umut Bozok,tr TUR,"FW,MF",Kasımpaşa,24,1996,28.2,,,,,,,4,,,,,,,,,Matches
118,Tomáš Břečka,cz CZE,DF,Kasımpaşa,27,1994,11.9,,,,,,,0,,,,,,,,,Matches
119,Jeffrey Bruma,nl NED,DF,Kasımpaşa,29,1991,14.7,,,,,,,1,,,,,,,,,Matches
120,Buluthan Bulut,,MF,Alanyaspor,19,2002,0.3,,,,,,,1,,,,,,,,,Matches
121,Onur Bulut,tr TUR,DF,Kayserispor,27,1994,30.4,,,,,,,113,,,,,,,,,Matches
122,Mustafa Burak Bozan,,GK,Gaziantep FK,20,2000,3.1,,,,,,,0,,,,,,,,,Matches
123,Dženan Bureković,ba BIH,MF,Göztepe,26,1995,2.7,,,,,,,24,,,,,,,,,Matches
124,Adem Büyük,tr TUR,"FW,MF",Yeni Mal'spor,33,1987,18.3,,,,,,,12,,,,,,,,,Matches
125,Walter Bwalya,cd COD,FW,Yeni Mal'spor,26,1995,1.4,,,,,,,0,,,,,,,,,Matches
Rk,Player,Nation,Pos,Squad,Age,Born,90s,Att,Live,Dead,FK,TB,Sw,Crs,TI,CK,In,Out,Str,Cmp,Off,Blocks,Matches
126,Zymer Bytyqi,no NOR,"MF,FW",Konyaspor,24,1996,32.3,,,,,,,208,,,,,,,,,Matches
127,Torgeir Børven,no NOR,FW,Gaziantep FK,29,1991,2.0,,,,,,,1,,,,,,,,,Matches
128,Musa Çağıran,tr TUR,DF,Konyaspor,28,1992,5.5,,,,,,,4,,,,,,,,,Matches
129,Rahman Çağıran,tr TUR,MF,Yeni Mal'spor,26,1995,8.4,,,,,,,14,,,,,,,,,Matches
130,Oğulcan Çağlayan,tr TUR,"DF,MF",Galatasaray,25,1996,3.7,,,,,,,17,,,,,,,,,Matches
131,Júnior Caiçara,br BRA,DF,Başakşehir,32,1989,23.9,,,,,,,40,,,,,,,,,Matches
132,Uğurcan Çakır,tr TUR,GK,Trabzonspor,25,1996,35.9,,,,,,,0,,,,,,,,,Matches
133,Samba Camara,ml MLI,DF,Sivasspor,28,1992,13.7,,,,,,,2,,,,,,,,,Matches
134,Tarık Çamdal,tr TUR,DF,Adana Demirspor,30,1991,2.5,,,,,,,5,,,,,,,,,Matches
135,Burak Çamoğlu,tr TUR,DF,Hatayspor,24,1996,0.5,,,,,,,3,,,,,,,,,Matches
136,Gustavo Campanharo,br BRA,MF,Kayserispor,29,1992,14.6,,,,,,,23,,,,,,,,,Matches
137,Gastón Campi,ar ARG,DF,Yeni Mal'spor,30,1991,12.8,,,,,,,1,,,,,,,,,Matches
138,Erol Can Akdağ,,MF,Giresunspor,24,1996,0.5,,,,,,,0,,,,,,,,,Matches
139,İrfan Can Eğribayat,tr TUR,GK,Göztepe,23,1998,30.0,,,,,,,0,,,,,,,,,Matches
140,Efe Can Saçıkara,,MF,Göztepe,17,2004,1.4,,,,,,,6,,,,,,,,,Matches
141,Daniel Candeias,pt POR,"MF,FW",Alanyaspor,33,1988,17.1,,,,,,,118,,,,,,,,,Matches
142,Metin Caner Akbayrak,,MF,Giresunspor,17,2004,0.6,,,,,,,0,,,,,,,,,Matches
143,Atakan Çankaya,tr TUR,"DF,MF",Göztepe,23,1998,17.5,,,,,,,5,,,,,,,,,Matches
144,Erdem Canpolat,de GER,GK,Kasımpaşa,20,2001,3.0,,,,,,,0,,,,,,,,,Matches
145,Mahsun Çapkan,tr TUR,MF,Rizespor,21,1999,0.1,,,,,,,0,,,,,,,,,Matches
146,Miguel Filipe Nunes Cardoso,pt POR,"MF,DF",Kayserispor,27,1994,14.1,,,,,,,78,,,,,,,,,Matches
147,José Carlos Marafona,pt POR,GK,Alanyaspor,34,1987,16.0,,,,,,,0,,,,,,,,,Matches
148,Lionel Carole,fr FRA,DF,Kayserispor,30,1991,28.4,,,,,,,58,,,,,,,,,Matches
149,Lucas Castro,ar ARG,MF,Adana Demirspor,32,1989,4.4,,,,,,,10,,,,,,,,,Matches
150,Steven Caulker,sl SLE,DF,Gaziantep FK,29,1991,24.0,,,,,,,2,,,,,,,,,Matches
Rk,Player,Nation,Pos,Squad,Age,Born,90s,Att,Live,Dead,FK,TB,Sw,Crs,TI,CK,In,Out,Str,Cmp,Off,Blocks,Matches
151,Atalay Çayırlı,de GER,DF,Göztepe,15,2005,0.0,,,,,,,0,,,,,,,,,Matches
152,Endri Çekiçi,al ALB,"MF,FW",Konyaspor,24,1996,21.0,,,,,,,12,,,,,,,,,Matches
153,Erhan Çelenk,tr TUR,MF,Altay,32,1989,4.0,,,,,,,27,,,,,,,,,Matches
154,İzzet Çelik,tr TUR,MF,Adana Demirspor,17,2004,0.0,,,,,,,0,,,,,,,,,Matches
155,Murat Cem Akpınar,tr TUR,MF,Trabzonspor,22,1999,0.5,,,,,,,0,,,,,,,,,Matches
156,Tarık Çetin,tr TUR,GK,Rizespor,24,1997,9.5,,,,,,,0,,,,,,,,,Matches
157,Bülent Cevahir,tr TUR,DF,Hatayspor,29,1992,1.3,,,,,,,4,,,,,,,,,Matches
158,Oğuz Ceylan,tr TUR,"DF,MF",Gaziantep FK,30,1990,10.4,,,,,,,51,,,,,,,,,Matches
159,Nacer Chadli,be BEL,"MF,FW",Başakşehir,31,1989,14.5,,,,,,,17,,,,,,,,,Matches
160,Joe Champness,nz NZL,"FW,MF",Giresunspor,24,1997,1.5,,,,,,,1,,,,,,,,,Matches
161,Chiquinho,pt POR,MF,Giresunspor,26,1995,12.7,,,,,,,39,,,,,,,,,Matches
162,Mounir Chouiar,fr FRA,MF,Yeni Mal'spor,22,1999,22.7,,,,,,,50,,,,,,,,,Matches
163,Alexandru Cicâldău,ro ROU,MF,Galatasaray,24,1997,24.4,,,,,,,98,,,,,,,,,Matches
164,Atabey Çiçek,tr TUR,FW,Başakşehir,26,1995,1.1,,,,,,,1,,,,,,,,,Matches
165,Uğur Çiftçi,tr TUR,DF,Sivasspor,29,1992,29.4,,,,,,,100,,,,,,,,,Matches
166,Sadık Çiftpınar,tr TUR,DF,Yeni Mal'spor,28,1993,21.4,,,,,,,1,,,,,,,,,Matches
167,Tolga Ciğerci,tr TUR,MF,Başakşehir,29,1992,27.3,,,,,,,12,,,,,,,,,Matches
168,Mirza Cihan,,"FW,MF",Gaziantep FK,20,2000,2.9,,,,,,,1,,,,,,,,,Matches
169,Sokol Cikalleshi,al ALB,FW,Konyaspor,31,1990,24.1,,,,,,,14,,,,,,,,,Matches
170,Anıl Çınar,,DF,Giresunspor,18,2003,1.0,,,,,,,0,,,,,,,,,Matches
171,İsmail Çipe,tr TUR,GK,Galatasaray,26,1995,6.1,,,,,,,0,,,,,,,,,Matches
172,Papiss Cissé,sn SEN,FW,Rizespor,36,1985,7.2,,,,,,,6,,,,,,,,,Matches
173,Ramazan Civelek,tr TUR,"DF,MF",Kayserispor,25,1996,11.5,,,,,,,27,,,,,,,,,Matches
174,Isaac Cofie,gh GHA,MF,Sivasspor,29,1991,20.6,,,,,,,0,,,,,,,,,Matches
175,İsmail Çokçalış,tr TUR,DF,Adana Demirspor,21,2000,2.2,,,,,,,4,,,,,,,,,Matches
Rk,Player,Nation,Pos,Squad,Age,Born,90s,Att,Live,Dead,FK,TB,Sw,Crs,TI,CK,In,Out,Str,Cmp,Off,Blocks,Matches
176,Halit Çokyaşar,,FW,Sivasspor,19,2002,0.0,,,,,,,0,,,,,,,,,Matches
177,Emre Çolak,tr TUR,MF,Hatayspor,30,1991,2.7,,,,,,,20,,,,,,,,,Matches
178,Emre Çolak,tr TUR,MF,Başakşehir,30,1991,1.2,,,,,,,4,,,,,,,,,Matches
179,Kamil Çörekçi,tr TUR,DF,Hatayspor,29,1992,28.0,,,,,,,85,,,,,,,,,Matches
180,Andreas Cornelius,dk DEN,FW,Trabzonspor,28,1993,26.9,,,,,,,4,,,,,,,,,Matches
181,Göktan Cörüt,,GK,Giresunspor,21,2000,0.4,,,,,,,0,,,,,,,,,Matches
182,Crespo,pt POR,MF,Fenerbahçe,24,1996,18.6,,,,,,,18,,,,,,,,,Matches
183,Enzo Crivelli,fr FRA,FW,Antalyaspor,26,1995,5.0,,,,,,,0,,,,,,,,,Matches
184,Bryan Dabo,bf BFA,"MF,FW",Rizespor,29,1992,9.6,,,,,,,6,,,,,,,,,Matches
185,Erdon Daci,mk MKD,FW,Konyaspor,23,1998,0.1,,,,,,,0,,,,,,,,,Matches
186,Abdulsamed Damlu,tr TUR,GK,Yeni Mal'spor,22,1999,7.9,,,,,,,0,,,,,,,,,Matches
187,Sergio Antonio De Luiz Junior,br BRA,MF,Giresunspor,26,1995,30.4,,,,,,,75,,,,,,,,,Matches
188,Simon Deli,ci CIV,DF,Adana Demirspor,29,1991,15.5,,,,,,,2,,,,,,,,,Matches
189,Emre Demir,tr TUR,MF,Kayserispor,17,2004,0.3,,,,,,,1,,,,,,,,,Matches
190,Muhammet Demir,tr TUR,FW,Gaziantep FK,29,1992,27.2,,,,,,,3,,,,,,,,,Matches
191,Muhammet Demir,tr TUR,FW,Başakşehir,29,1992,0.9,,,,,,,0,,,,,,,,,Matches
192,Adil Demirbağ,tr TUR,DF,Konyaspor,23,1997,18.0,,,,,,,1,,,,,,,,,Matches
193,Bahattin Demircan,,MF,Fatih Karagümrük,18,2002,0.1,,,,,,,0,,,,,,,,,Matches
194,Uğur Demirok,tr TUR,DF,Kayserispor,33,1988,16.1,,,,,,,0,,,,,,,,,Matches
195,Kahraman Demirtapa,tr TUR,DF,Göztepe,27,1994,17.9,,,,,,,10,,,,,,,,,Matches
196,Stefano Denswil,sr SUR,DF,Trabzonspor,28,1993,21.6,,,,,,,7,,,,,,,,,Matches
197,Halil Dervişoğlu,tr TUR,"FW,MF",Galatasaray,21,1999,15.7,,,,,,,11,,,,,,,,,Matches
198,Ersin Destanoğlu,tr TUR,GK,Beşiktaş,20,2001,31.0,,,,,,,0,,,,,,,,,Matches
199,Franco Di Santo,ar ARG,FW,Göztepe,32,1989,11.0,,,,,,,14,,,,,,,,,Matches
200,Fousseni Diabaté,ml MLI,MF,Giresunspor,25,1995,28.6,,,,,,,41,,,,,,,,,Matches
Rk,Player,Nation,Pos,Squad,Age,Born,90s,Att,Live,Dead,FK,TB,Sw,Crs,TI,CK,In,Out,Str,Cmp,Off,Blocks,Matches
201,Mbaye Diagne,sn SEN,FW,Galatasaray,29,1991,7.4,,,,,,,1,,,,,,,,,Matches
202,Mamadou Diarra,sn SEN,DF,Giresunspor,23,1997,27.7,,,,,,,2,,,,,,,,,Matches
203,Pa Dibba,gm GAM,FW,Adana Demirspor,33,1987,0.2,,,,,,,2,,,,,,,,,Matches
204,Nouha Dicko,ml MLI,"FW,MF",Yeni Mal'spor,29,1992,14.6,,,,,,,15,,,,,,,,,Matches
205,Nouha Dicko,ml MLI,"FW,MF",Gaziantep FK,29,1992,8.7,,,,,,,16,,,,,,,,,Matches
206,Famara Diedhiou,sn SEN,FW,Alanyaspor,28,1992,17.7,,,,,,,3,,,,,,,,,Matches
207,Sahin Dik,tr TUR,DF,Giresunspor,17,2004,0.4,,,,,,,1,,,,,,,,,Matches
208,Soner Dikmen,tr TUR,MF,Konyaspor,27,1993,28.0,,,,,,,22,,,,,,,,,Matches
209,Emir Dilaver,at AUT,"DF,MF",Rizespor,30,1991,0.3,,,,,,,0,,,,,,,,,Matches
210,Nabil Dirar,ma MAR,"MF,DF",Kasımpaşa,35,1986,2.8,,,,,,,6,,,,,,,,,Matches
211,Djaniny,cv CPV,"FW,MF",Trabzonspor,30,1991,21.0,,,,,,,30,,,,,,,,,Matches
212,Papy Djilobodji,sn SEN,DF,Gaziantep FK,32,1988,29.1,,,,,,,11,,,,,,,,,Matches
213,Ryan Donk,sr SUR,DF,Kasımpaşa,35,1986,23.7,,,,,,,1,,,,,,,,,Matches
214,Godfred Donsah,gh GHA,MF,Yeni Mal'spor,25,1996,8.3,,,,,,,3,,,,,,,,,Matches
215,Douglas,br BRA,DF,Giresunspor,31,1990,5.3,,,,,,,1,,,,,,,,,Matches
216,Souleymane Doukara,mr MTN,FW,Giresunspor,29,1991,7.8,,,,,,,5,,,,,,,,,Matches
217,Léo Duarte,br BRA,DF,Başakşehir,25,1996,31.9,,,,,,,1,,,,,,,,,Matches
218,Jimmy Durmaz,se SWE,"MF,FW",Fatih Karagümrük,32,1989,20.2,,,,,,,20,,,,,,,,,Matches
219,Salih Dursun,tr TUR,DF,Fatih Karagümrük,30,1991,11.5,,,,,,,17,,,,,,,,,Matches
220,Serdar Dursun,tr TUR,FW,Fenerbahçe,29,1991,20.8,,,,,,,4,,,,,,,,,Matches
221,Houssam Eddine Ghacha,dz ALG,"MF,FW",Antalyaspor,25,1995,12.7,,,,,,,29,,,,,,,,,Matches
222,Wilson Eduardo,ao ANG,"FW,MF",Alanyaspor,31,1990,10.6,,,,,,,11,,,,,,,,,Matches
223,Onur Efe,tr TUR,MF,Altay,19,2002,0.1,,,,,,,0,,,,,,,,,Matches
224,Burak Efe Yaz,,MF,Yeni Mal'spor,17,2003,0.7,,,,,,,0,,,,,,,,,Matches
225,Muhammed Egemen Pehlivan,,FW,Fatih Karagümrük,21,2000,0.0,,,,,,,0,,,,,,,,,Matches
Rk,Player,Nation,Pos,Squad,Age,Born,90s,Att,Live,Dead,FK,TB,Sw,Crs,TI,CK,In,Out,Str,Cmp,Off,Blocks,Matches
226,Vegar Eggen Hedenstad,no NOR,DF,Fatih Karagümrük,30,1991,12.1,,,,,,,11,,,,,,,,,Matches
227,Omar Elabdellaoui,no NOR,DF,Galatasaray,29,1991,6.1,,,,,,,13,,,,,,,,,Matches
228,Eren Elmalı,tr TUR,DF,Kasımpaşa,21,2000,27.2,,,,,,,68,,,,,,,,,Matches
229,Muhammed Emin Sarıkaya,tr TUR,DF,Yeni Mal'spor,19,2002,1.1,,,,,,,3,,,,,,,,,Matches
230,Berkan Emir,tr TUR,"DF,MF",Göztepe,33,1988,26.1,,,,,,,267,,,,,,,,,Matches
231,Metin Emre Karaal,tr TUR,MF,Başakşehir,18,2003,0.0,,,,,,,0,,,,,,,,,Matches
232,Ahmet Engin,de GER,MF,Kasımpaşa,24,1996,8.9,,,,,,,24,,,,,,,,,Matches
233,Alexandru Epureanu,md MDA,DF,Başakşehir,34,1986,16.3,,,,,,,2,,,,,,,,,Matches
234,Mehmet Eray Özbek,,MF,Kayserispor,18,2003,0.0,,,,,,,0,,,,,,,,,Matches
235,Çagan Erciyas,tr TUR,DF,Alanyaspor,18,2003,0.6,,,,,,,0,,,,,,,,,Matches
236,Ziya Erdal,tr TUR,DF,Sivasspor,33,1988,9.1,,,,,,,21,,,,,,,,,Matches
237,Alparslan Erdem,tr TUR,DF,Fatih Karagümrük,32,1988,0.4,,,,,,,1,,,,,,,,,Matches
238,Mustafa Erdilman,,MF,Antalyaspor,17,2004,0.1,,,,,,,0,,,,,,,,,Matches
239,Doğan Erdoğan,tr TUR,MF,Gaziantep FK,24,1996,22.8,,,,,,,16,,,,,,,,,Matches
240,Eren Erdoğan,,MF,Altay,20,2001,4.5,,,,,,,12,,,,,,,,,Matches
241,Yusuf Erdoğan,tr TUR,MF,Kasımpaşa,28,1992,15.1,,,,,,,72,,,,,,,,,Matches
242,Yusuf Erdoğan,tr TUR,MF,Trabzonspor,28,1992,4.5,,,,,,,14,,,,,,,,,Matches
243,Muhammet Ergin,,FW,Sivasspor,20,2001,0.0,,,,,,,0,,,,,,,,,Matches
244,Onur Ergün,tr TUR,MF,Hatayspor,28,1992,20.8,,,,,,,11,,,,,,,,,Matches
245,Caner Erkin,tr TUR,DF,Fatih Karagümrük,32,1988,25.9,,,,,,,214,,,,,,,,,Matches
246,Hayrullah Erkip,,FW,Kayserispor,18,2003,1.2,,,,,,,2,,,,,,,,,Matches
247,Ertuğrul Ersoy,tr TUR,DF,Gaziantep FK,24,1997,19.9,,,,,,,3,,,,,,,,,Matches
248,Erten Ersu,tr TUR,GK,Konyaspor,27,1994,1.0,,,,,,,0,,,,,,,,,Matches
249,Osman Ertuğrul Çetin,tr TUR,GK,Fenerbahçe,18,2003,1.1,,,,,,,0,,,,,,,,,Matches
250,Mustafa Eskihellaç,tr TUR,MF,Yeni Mal'spor,24,1997,29.2,,,,,,,83,,,,,,,,,Matches
Rk,Player,Nation,Pos,Squad,Age,Born,90s,Att,Live,Dead,FK,TB,Sw,Crs,TI,CK,In,Out,Str,Cmp,Off,Blocks,Matches
251,Jean Evrard Kouassi,ci CIV,MF,Trabzonspor,26,1994,2.1,,,,,,,3,,,,,,,,,Matches
252,Erkan Eyibil,tr TUR,MF,Antalyaspor,20,2001,0.0,,,,,,,0,,,,,,,,,Matches
253,Valentin Eysseric,fr FRA,MF,Kasımpaşa,29,1992,23.4,,,,,,,124,,,,,,,,,Matches
254,Ahmet Eyüp Türkaslan,,GK,Yeni Mal'spor,26,1994,1.5,,,,,,,0,,,,,,,,,Matches
255,Francis Ezeh,ng NGA,MF,Adana Demirspor,23,1997,2.4,,,,,,,3,,,,,,,,,Matches
256,Fayçal Fajr,ma MAR,MF,Sivasspor,32,1988,25.8,,,,,,,139,,,,,,,,,Matches
257,Radamel Falcao,co COL,FW,Galatasaray,35,1986,0.1,,,,,,,0,,,,,,,,,Matches
258,Simon Falette,gn GUI,DF,Hatayspor,29,1992,8.0,,,,,,,1,,,,,,,,,Matches
259,Mamadou Fall,sn SEN,MF,Kasımpaşa,29,1991,11.6,,,,,,,23,,,,,,,,,Matches
260,Eren Fansa,,DF,Hatayspor,18,2003,0.0,,,,,,,0,,,,,,,,,Matches
261,Sofiane Feghouli,dz ALG,"MF,FW",Galatasaray,31,1989,11.0,,,,,,,40,,,,,,,,,Matches
262,Jorge Félix,es ESP,"MF,FW",Sivasspor,29,1991,7.0,,,,,,,2,,,,,,,,,Matches
263,Leroy Fer,nl NED,MF,Alanyaspor,31,1990,7.0,,,,,,,0,,,,,,,,,Matches
264,Gedson Fernandes,pt POR,MF,Rizespor,22,1999,9.9,,,,,,,31,,,,,,,,,Matches
265,Manuel Fernandes,pt POR,MF,Kayserispor,35,1986,1.5,,,,,,,10,,,,,,,,,Matches
266,Fernando,br BRA,MF,Antalyaspor,29,1992,16.1,,,,,,,76,,,,,,,,,Matches
267,Diogo Fesnard Sousa,pt POR,GK,Antalyaspor,22,1998,1.0,,,,,,,0,,,,,,,,,Matches
268,Mehmet Feyzi Yıldırım,tr TUR,DF,Kasımpaşa,25,1996,6.0,,,,,,,23,,,,,,,,,Matches
269,João Figueiredo,my MAS,"FW,MF",Gaziantep FK,25,1996,26.1,,,,,,,21,,,,,,,,,Matches
270,Flávio,br BRA,MF,Giresunspor,25,1996,33.7,,,,,,,24,,,,,,,,,Matches
271,Sherel Floranus,cw CUW,"DF,MF",Antalyaspor,22,1998,10.3,,,,,,,11,,,,,,,,,Matches
272,Fredy,ao ANG,MF,Antalyaspor,31,1990,26.5,,,,,,,91,,,,,,,,,Matches
273,Kerim Frei,tr TUR,"MF,FW",Fatih Karagümrük,27,1993,5.9,,,,,,,3,,,,,,,,,Matches
274,Mario Gavranović,ch SUI,FW,Kayserispor,31,1989,19.0,,,,,,,2,,,,,,,,,Matches
275,Gervinho,ci CIV,"MF,FW",Trabzonspor,34,1987,4.2,,,,,,,4,,,,,,,,,Matches
Rk,Player,Nation,Pos,Squad,Age,Born,90s,Att,Live,Dead,FK,TB,Sw,Crs,TI,CK,In,Out,Str,Cmp,Off,Blocks,Matches
276,Rachid Ghezzal,dz ALG,"MF,FW",Beşiktaş,29,1992,31.0,,,,,,,227,,,,,,,,,Matches
277,Okechukwu Godson Azubuike,ng NGA,MF,Yeni Mal'spor,24,1997,13.8,,,,,,,1,,,,,,,,,Matches
278,Okechukwu Godson Azubuike,ng NGA,MF,Sivasspor,24,1997,4.3,,,,,,,1,,,,,,,,,Matches
279,Bafétimbi Gomis,fr FRA,FW,Galatasaray,35,1985,8.9,,,,,,,1,,,,,,,,,Matches
280,Cenk Gönen,tr TUR,GK,Kayserispor,33,1988,2.0,,,,,,,0,,,,,,,,,Matches
281,Gökhan Gönül,tr TUR,DF,Rizespor,36,1985,21.2,,,,,,,63,,,,,,,,,Matches
282,Zafer Görgen,,GK,Rizespor,21,2000,2.0,,,,,,,0,,,,,,,,,Matches
283,Dimitris Goutas,gr GRE,DF,Sivasspor,27,1994,31.2,,,,,,,0,,,,,,,,,Matches
284,Max Gradel,ci CIV,"FW,MF",Sivasspor,33,1987,28.5,,,,,,,200,,,,,,,,,Matches
285,Ahmet Gülay,tr TUR,DF,Alanyaspor,18,2003,1.8,,,,,,,4,,,,,,,,,Matches
286,Fredrik Gulbrandsen,no NOR,"FW,MF",Başakşehir,28,1992,12.8,,,,,,,16,,,,,,,,,Matches
287,Arda Güler,tr TUR,MF,Fenerbahçe,16,2005,3.2,,,,,,,14,,,,,,,,,Matches
288,Semih Güler,,DF,Adana Demirspor,26,1994,5.3,,,,,,,2,,,,,,,,,Matches
289,Ceyhun Gülselam,tr TUR,MF,Altay,33,1987,13.9,,,,,,,4,,,,,,,,,Matches
290,Sinan Gümüş,de GER,MF,Antalyaspor,27,1994,1.2,,,,,,,2,,,,,,,,,Matches
291,Muhammed Gümüskaya,tr TUR,MF,Giresunspor,20,2001,7.5,,,,,,,33,,,,,,,,,Matches
292,Muhammed Gümüskaya,tr TUR,"MF,FW",Fenerbahçe,20,2001,5.7,,,,,,,27,,,,,,,,,Matches
293,Baris Gün,,DF,Giresunspor,17,2004,0.6,,,,,,,0,,,,,,,,,Matches
294,Tugay Gündem,,DF,Altay,18,2003,0.1,,,,,,,0,,,,,,,,,Matches
295,Umut Güneş,tr TUR,MF,Alanyaspor,21,2000,25.4,,,,,,,12,,,,,,,,,Matches
296,Mert Günok,tr TUR,GK,Beşiktaş,32,1989,4.0,,,,,,,0,,,,,,,,,Matches
297,Berke Gürbüz,,MF,Gaziantep FK,18,2003,0.0,,,,,,,0,,,,,,,,,Matches
298,Serdar Gürler,tr TUR,"MF,FW",Konyaspor,29,1991,14.3,,,,,,,79,,,,,,,,,Matches
299,Serdar Gürler,tr TUR,MF,Başakşehir,29,1991,7.4,,,,,,,29,,,,,,,,,Matches
300,Luiz Gustavo,br BRA,MF,Fenerbahçe,34,1987,16.9,,,,,,,16,,,,,,,,,Matches
Rk,Player,Nation,Pos,Squad,Age,Born,90s,Att,Live,Dead,FK,TB,Sw,Crs,TI,CK,In,Out,Str,Cmp,Off,Blocks,Matches
301,Günay Güvenç,tr TUR,GK,Gaziantep FK,30,1991,34.4,,,,,,,1,,,,,,,,,Matches
302,Oussama Haddadi,tn TUN,"DF,MF",Yeni Mal'spor,29,1992,25.5,,,,,,,50,,,,,,,,,Matches
303,Florent Hadergjonaj,xk KVX,DF,Kasımpaşa,27,1994,32.8,,,,,,,128,,,,,,,,,Matches
304,Amir Hadžiahmetović,ba BIH,MF,Konyaspor,24,1997,36.0,,,,,,,44,,,,,,,,,Matches
305,Karim Hafez,eg EGY,"DF,MF",Yeni Mal'spor,25,1996,25.6,,,,,,,143,,,,,,,,,Matches
306,Haris Hajradinović,ba BIH,MF,Kasımpaşa,27,1994,30.8,,,,,,,107,,,,,,,,,Matches
307,Marek Hamšík,sk SVK,MF,Trabzonspor,34,1987,23.3,,,,,,,84,,,,,,,,,Matches
308,Dogucan Haspolat,tr TUR,MF,Kasımpaşa,21,2000,22.7,,,,,,,20,,,,,,,,,Matches
309,Pedro Henrique,br BRA,"MF,FW",Sivasspor,31,1990,21.0,,,,,,,58,,,,,,,,,Matches
310,Sebastian Holmén,se SWE,DF,Rizespor,29,1992,32.2,,,,,,,6,,,,,,,,,Matches
311,Majid Hosseini,ir IRN,DF,Kayserispor,25,1996,27.1,,,,,,,3,,,,,,,,,Matches
312,Vitor Hugo,br BRA,DF,Trabzonspor,30,1991,27.4,,,,,,,0,,,,,,,,,Matches
313,Deniz Hummet,tr TUR,"MF,FW",Rizespor,24,1996,10.1,,,,,,,4,,,,,,,,,Matches
314,Atiba Hutchinson,ca CAN,MF,Beşiktaş,38,1983,14.1,,,,,,,5,,,,,,,,,Matches
315,Didier Ibrahim Ndong,ga GAB,MF,Yeni Mal'spor,27,1994,16.1,,,,,,,3,,,,,,,,,Matches
316,Brown Ideye,ng NGA,FW,Göztepe,32,1988,0.5,,,,,,,0,,,,,,,,,Matches
317,Edgar Ié,gw GNB,DF,Trabzonspor,27,1994,16.9,,,,,,,0,,,,,,,,,Matches
318,Ahmed Ildiz,tr TUR,MF,Alanyaspor,24,1996,2.4,,,,,,,3,,,,,,,,,Matches
319,Emirhan İlkhan,tr TUR,MF,Beşiktaş,17,2004,7.1,,,,,,,16,,,,,,,,,Matches
320,Gökhan Inler,ch SUI,MF,Adana Demirspor,37,1984,19.4,,,,,,,6,,,,,,,,,Matches
321,Adis Jahović,mk MKD,"FW,MF",Göztepe,34,1987,16.0,,,,,,,17,,,,,,,,,Matches
322,Leke James,ng NGA,FW,Sivasspor,28,1992,4.8,,,,,,,4,,,,,,,,,Matches
323,Jocelyn Janneh,gn GUI,MF,Kayserispor,18,2002,0.2,,,,,,,0,,,,,,,,,Matches
324,Jefferson,br BRA,MF,Gaziantep FK,27,1994,4.6,,,,,,,4,,,,,,,,,Matches
325,Juanfran,es ESP,DF,Alanyaspor,32,1988,33.8,,,,,,,166,,,,,,,,,Matches
Rk,Player,Nation,Pos,Squad,Age,Born,90s,Att,Live,Dead,FK,TB,Sw,Crs,TI,CK,In,Out,Str,Cmp,Off,Blocks,Matches
326,Nicolai Jørgensen,dk DEN,FW,Kasımpaşa,30,1991,9.3,,,,,,,4,,,,,,,,,Matches
327,Ayoub El Kaabi,ma MAR,"MF,FW",Hatayspor,28,1993,27.1,,,,,,,10,,,,,,,,,Matches
328,Deniz Kadah,de GER,FW,Altay,35,1986,5.2,,,,,,,0,,,,,,,,,Matches
329,Ferdi Kadioglu,tr TUR,"MF,DF",Fenerbahçe,21,1999,25.0,,,,,,,79,,,,,,,,,Matches
330,Kahraba,eg EGY,MF,Hatayspor,27,1994,3.4,,,,,,,12,,,,,,,,,Matches
331,İrfan Kahveci,tr TUR,"MF,FW",Fenerbahçe,26,1995,18.1,,,,,,,101,,,,,,,,,Matches
332,Kerem Kalafat,tr TUR,DF,Beşiktaş,20,2001,1.7,,,,,,,8,,,,,,,,,Matches
333,Berat Kalkan,mk MKD,FW,Kasımpaşa,18,2003,0.0,,,,,,,0,,,,,,,,,Matches
334,Kesselly Kamara,lr LBR,"MF,FW",Hatayspor,23,1997,8.8,,,,,,,9,,,,,,,,,Matches
335,Kaan Kanak,tr TUR,DF,Adana Demirspor,30,1990,14.1,,,,,,,42,,,,,,,,,Matches
336,Kubilay Kanatsızkuş,tr TUR,FW,Yeni Mal'spor,24,1997,3.8,,,,,,,0,,,,,,,,,Matches
337,Kubilay Kanatsızkuş,tr TUR,"FW,MF",Rizespor,24,1997,1.0,,,,,,,1,,,,,,,,,Matches
338,Burak Kapacak,tr TUR,DF,Fenerbahçe,21,1999,0.3,,,,,,,3,,,,,,,,,Matches
339,Mustafa Kapı,tr TUR,MF,Adana Demirspor,18,2002,1.1,,,,,,,0,,,,,,,,,Matches
340,Ahmetcan Kaplan,tr TUR,DF,Trabzonspor,18,2003,9.8,,,,,,,0,,,,,,,,,Matches
341,Emre Kaplan,tr TUR,DF,Hatayspor,20,2001,2.9,,,,,,,6,,,,,,,,,Matches
342,Emre Kaplan,tr TUR,DF,Başakşehir,20,2001,0.0,,,,,,,0,,,,,,,,,Matches
343,Ferhat Kaplan,tr TUR,GK,Adana Demirspor,32,1989,6.1,,,,,,,0,,,,,,,,,Matches
344,Leandro Kappel,sr SUR,"MF,FW",Altay,31,1989,32.1,,,,,,,95,,,,,,,,,Matches
345,Aytaç Kara,tr TUR,MF,Göztepe,28,1993,4.0,,,,,,,6,,,,,,,,,Matches
346,Aytaç Kara,tr TUR,MF,Galatasaray,28,1993,2.6,,,,,,,11,,,,,,,,,Matches
347,Efecan Karaca,tr TUR,"MF,FW",Alanyaspor,31,1989,30.9,,,,,,,56,,,,,,,,,Matches
348,Eren Karadağ,,MF,Rizespor,21,2000,0.3,,,,,,,2,,,,,,,,,Matches
349,Ahmet Karademir,,FW,Konyaspor,17,2004,0.0,,,,,,,0,,,,,,,,,Matches
350,Yusuf Karagöz,,GK,Alanyaspor,21,1999,3.0,,,,,,,0,,,,,,,,,Matches
Rk,Player,Nation,Pos,Squad,Age,Born,90s,Att,Live,Dead,FK,TB,Sw,Crs,TI,CK,In,Out,Str,Cmp,Off,Blocks,Matches
351,Vedat Karakuş,tr TUR,GK,Adana Demirspor,23,1998,1.0,,,,,,,0,,,,,,,,,Matches
352,Kenan Karaman,tr TUR,"MF,FW",Beşiktaş,27,1994,13.6,,,,,,,12,,,,,,,,,Matches
353,Yann Karamoh,fr FRA,"MF,FW",Fatih Karagümrük,23,1998,17.8,,,,,,,18,,,,,,,,,Matches
354,Kazımcan Karataş,tr TUR,"DF,MF",Altay,18,2003,16.0,,,,,,,51,,,,,,,,,Matches
355,Talha Karataş,nl NED,DF,Kayserispor,18,2003,0.5,,,,,,,2,,,,,,,,,Matches
356,Cebrail Karayel,tr TUR,"DF,MF",Altay,26,1994,27.3,,,,,,,78,,,,,,,,,Matches
357,Erce Kardeşler,tr TUR,GK,Trabzonspor,27,1994,1.1,,,,,,,0,,,,,,,,,Matches
358,Semih Kaya,tr TUR,DF,Yeni Mal'spor,30,1991,19.1,,,,,,,9,,,,,,,,,Matches
359,Semih Kaya,tr TUR,DF,Galatasaray,30,1991,2.0,,,,,,,4,,,,,,,,,Matches
360,Yalçın Kayan,tr TUR,"MF,FW",Göztepe,22,1999,16.4,,,,,,,32,,,,,,,,,Matches
361,Olarenwaju Kayode,ng NGA,"FW,MF",Sivasspor,28,1993,18.3,,,,,,,40,,,,,,,,,Matches
362,Olivier Kemen,cm CMR,MF,Kayserispor,25,1996,14.1,,,,,,,14,,,,,,,,,Matches
363,Ekrem Kılıçarslan,,GK,Gaziantep FK,23,1997,0.5,,,,,,,0,,,,,,,,,Matches
364,Emre Kılınç,tr TUR,MF,Galatasaray,26,1994,13.5,,,,,,,13,,,,,,,,,Matches
365,Serkan Kırıntılı,tr TUR,GK,Alanyaspor,36,1985,19.0,,,,,,,0,,,,,,,,,Matches
366,Stelios Kitsiou,gr GRE,"MF,DF",Gaziantep FK,27,1993,27.6,,,,,,,69,,,,,,,,,Matches
367,Alberk Koç,,DF,Konyaspor,24,1997,0.1,,,,,,,0,,,,,,,,,Matches
368,Alberk Koç,,DF,Rizespor,24,1997,3.3,,,,,,,29,,,,,,,,,Matches
369,Arif Kocaman,,DF,Kayserispor,17,2003,0.3,,,,,,,0,,,,,,,,,Matches
370,Okan Kocuk,tr TUR,GK,Giresunspor,26,1995,32.0,,,,,,,0,,,,,,,,,Matches
371,Bengali-Fodé Koita,gn GUI,"FW,MF",Trabzonspor,30,1990,2.1,,,,,,,0,,,,,,,,,Matches
372,Koka,eg EGY,FW,Konyaspor,28,1993,15.2,,,,,,,0,,,,,,,,,Matches
373,Dimitrios Kolovetsios,gr GRE,DF,Kayserispor,29,1991,19.9,,,,,,,0,,,,,,,,,Matches
374,Moussa Konaté,sn SEN,FW,Sivasspor,28,1993,2.6,,,,,,,0,,,,,,,,,Matches
375,Kasım Köşker,,MF,Giresunspor,18,2003,0.4,,,,,,,0,,,,,,,,,Matches
Rk,Player,Nation,Pos,Squad,Age,Born,90s,Att,Live,Dead,FK,TB,Sw,Crs,TI,CK,In,Out,Str,Cmp,Off,Blocks,Matches
376,İsmail Köybaşı,tr TUR,DF,Trabzonspor,32,1989,10.7,,,,,,,21,,,,,,,,,Matches
377,Nurettin Kücükdeniz,,FW,Altay,17,2004,0.5,,,,,,,0,,,,,,,,,Matches
378,Fyodor Kudryashov,ru RUS,DF,Antalyaspor,34,1987,25.1,,,,,,,2,,,,,,,,,Matches
379,Sinan Kurt,,MF,Adana Demirspor,25,1996,18.0,,,,,,,17,,,,,,,,,Matches
380,Arda Kurtulan,al ALB,DF,Fenerbahçe,18,2002,0.1,,,,,,,0,,,,,,,,,Matches
381,Fatih Kuruçuk,tr TUR,DF,Hatayspor,23,1998,26.2,,,,,,,2,,,,,,,,,Matches
382,Çağtay Kurukalıp,tr TUR,DF,Fenerbahçe,19,2002,1.0,,,,,,,3,,,,,,,,,Matches
383,Berkan Kutlu,tr TUR,MF,Galatasaray,23,1998,31.7,,,,,,,20,,,,,,,,,Matches
384,Ahmed Kutucu,tr TUR,"FW,MF",Başakşehir,21,2000,0.4,,,,,,,0,,,,,,,,,Matches
385,Furkan Kütük,,MF,Giresunspor,18,2002,1.0,,,,,,,0,,,,,,,,,Matches
386,Zoran Kvržić,ba BIH,MF,Kayserispor,32,1988,1.0,,,,,,,1,,,,,,,,,Matches
387,Cyle Larin,ca CAN,"MF,FW",Beşiktaş,26,1995,19.5,,,,,,,15,,,,,,,,,Matches
388,Joseph Larweh Attamah,gh GHA,"MF,DF",Kayserispor,27,1994,22.6,,,,,,,2,,,,,,,,,Matches
389,Lucas Lima,br BRA,DF,Başakşehir,29,1991,20.4,,,,,,,78,,,,,,,,,Matches
390,Mateusz Lis,pl POL,GK,Altay,24,1997,35.0,,,,,,,0,,,,,,,,,Matches
391,Saba Lobzhanidze,ge GEO,MF,Hatayspor,26,1994,27.0,,,,,,,96,,,,,,,,,Matches
392,Lourency,br BRA,"MF,FW",Göztepe,25,1996,14.3,,,,,,,35,,,,,,,,,Matches
393,Derrick Luckassen,nl NED,DF,Fatih Karagümrük,26,1995,17.9,,,,,,,0,,,,,,,,,Matches
394,Silviu Lung Jr.,ro ROU,GK,Kayserispor,32,1989,30.0,,,,,,,0,,,,,,,,,Matches
395,Christian Luyindama,cd COD,DF,Galatasaray,27,1994,7.3,,,,,,,0,,,,,,,,,Matches
396,Davidson da Luz Pereira,br BRA,MF,Alanyaspor,30,1991,19.0,,,,,,,27,,,,,,,,,Matches
397,Paul-Jose M'Poku,cd COD,MF,Konyaspor,29,1992,9.9,,,,,,,6,,,,,,,,,Matches
398,Awer Mabil,au AUS,MF,Kasımpaşa,25,1995,4.3,,,,,,,30,,,,,,,,,Matches
399,Izzet Malak,,MF,Göztepe,16,2005,0.2,,,,,,,0,,,,,,,,,Matches
400,Stevie Mallan,sct SCO,"MF,DF",Yeni Mal'spor,25,1996,9.3,,,,,,,31,,,,,,,,,Matches
Rk,Player,Nation,Pos,Squad,Age,Born,90s,Att,Live,Dead,FK,TB,Sw,Crs,TI,CK,In,Out,Str,Cmp,Off,Blocks,Matches
401,Yunus Mallı,tr TUR,"FW,MF",Trabzonspor,29,1992,0.6,,,,,,,0,,,,,,,,,Matches
402,El Mamy Tetah,mr MTN,FW,Alanyaspor,19,2001,0.1,,,,,,,0,,,,,,,,,Matches
403,Carlos Mané,gw GNB,MF,Kayserispor,27,1994,11.4,,,,,,,47,,,,,,,,,Matches
404,Marcão,br BRA,DF,Galatasaray,25,1996,25.3,,,,,,,1,,,,,,,,,Matches
405,Alexandru Maxim,ro ROU,"MF,FW",Gaziantep FK,31,1990,27.6,,,,,,,217,,,,,,,,,Matches
406,Admir Mehmedi,ch SUI,MF,Antalyaspor,30,1991,3.3,,,,,,,4,,,,,,,,,Matches
407,Ronaldo Mendes,br BRA,MF,Rizespor,28,1992,5.5,,,,,,,41,,,,,,,,,Matches
408,Hamza Mendyl,ma MAR,"MF,DF",Gaziantep FK,23,1997,11.5,,,,,,,39,,,,,,,,,Matches
409,Bernard Mensah,gh GHA,"MF,FW",Kayserispor,26,1994,5.3,,,,,,,12,,,,,,,,,Matches
410,Umut Meraş,tr TUR,"DF,MF",Beşiktaş,25,1995,14.9,,,,,,,49,,,,,,,,,Matches
411,Levent Mercan,de GER,MF,Fatih Karagümrük,20,2000,5.6,,,,,,,8,,,,,,,,,Matches
412,Alexander Merkel,kz KAZ,MF,Gaziantep FK,29,1992,11.2,,,,,,,10,,,,,,,,,Matches
413,Berat Mert,,DF,Yeni Mal'spor,16,2004,0.4,,,,,,,0,,,,,,,,,Matches
414,Yıldırım Mert Çetin,tr TUR,DF,Kayserispor,24,1997,9.1,,,,,,,0,,,,,,,,,Matches
415,Muhammed Mert,be BEL,MF,Hatayspor,26,1995,4.3,,,,,,,15,,,,,,,,,Matches
416,Ahmed El Messaoudi,ma MAR,MF,Gaziantep FK,25,1995,4.8,,,,,,,3,,,,,,,,,Matches
417,Miha Mevlja,si SVN,DF,Alanyaspor,31,1990,11.5,,,,,,,0,,,,,,,,,Matches
418,Max Meyer,de GER,MF,Fenerbahçe,25,1995,2.4,,,,,,,2,,,,,,,,,Matches
419,Konrad Michalak,pl POL,MF,Konyaspor,23,1997,16.5,,,,,,,56,,,,,,,,,Matches
420,Marko Mihojević,ba BIH,DF,Göztepe,25,1996,3.2,,,,,,,0,,,,,,,,,Matches
421,Deni Milošević,ba BIH,MF,Antalyaspor,26,1995,5.5,,,,,,,3,,,,,,,,,Matches
422,Nemanja Milunović,rs SRB,DF,Alanyaspor,32,1989,23.3,,,,,,,2,,,,,,,,,Matches
423,Metehan Mimaroğlu,,MF,Adana Demirspor,27,1994,2.3,,,,,,,5,,,,,,,,,Matches
424,Kim Min-jae,kr KOR,DF,Fenerbahçe,24,1996,29.6,,,,,,,2,,,,,,,,,Matches
425,Mert Miraç Altıntaş,,"FW,MF",Yeni Mal'spor,19,2001,3.4,,,,,,,3,,,,,,,,,Matches
Rk,Player,Nation,Pos,Squad,Age,Born,90s,Att,Live,Dead,FK,TB,Sw,Crs,TI,CK,In,Out,Str,Cmp,Off,Blocks,Matches
426,Mostafa Mohamed,eg EGY,FW,Galatasaray,23,1997,12.3,,,,,,,6,,,,,,,,,Matches
427,Javi Montero,es ESP,DF,Beşiktaş,22,1999,15.0,,,,,,,10,,,,,,,,,Matches
428,Emre Mor,tr TUR,MF,Fatih Karagümrük,24,1997,19.2,,,,,,,22,,,,,,,,,Matches
429,Olimpiu Moruțan,ro ROU,MF,Galatasaray,22,1999,11.7,,,,,,,29,,,,,,,,,Matches
430,François Moubandje,ch SUI,"MF,DF",Göztepe,31,1990,5.8,,,,,,,19,,,,,,,,,Matches
431,Atakan Müjde,,MF,Yeni Mal'spor,18,2003,3.2,,,,,,,1,,,,,,,,,Matches
432,Paul Mukairu,ng NGA,"FW,MF",Antalyaspor,21,2000,11.9,,,,,,,0,,,,,,,,,Matches
433,Jackson Muleka,cd COD,"FW,MF",Kasımpaşa,21,1999,11.8,,,,,,,12,,,,,,,,,Matches
434,Munir,ma MAR,GK,Hatayspor,32,1989,34.0,,,,,,,0,,,,,,,,,Matches
435,Arijanet Muric,xk KVX,GK,Adana Demirspor,22,1998,30.9,,,,,,,0,,,,,,,,,Matches
436,Ahmed Musa,ng NGA,"MF,FW",Fatih Karagümrük,28,1992,19.3,,,,,,,33,,,,,,,,,Matches
437,Fernando Muslera,uy URU,GK,Galatasaray,35,1986,24.9,,,,,,,0,,,,,,,,,Matches
438,Georges-Kévin N'Koudou,cm CMR,"MF,FW",Beşiktaş,26,1995,6.2,,,,,,,19,,,,,,,,,Matches
439,Fabrice N'Sakala,cd COD,DF,Beşiktaş,31,1990,3.8,,,,,,,10,,,,,,,,,Matches
440,Mohammad Naderi,ir IRN,DF,Altay,24,1996,18.1,,,,,,,35,,,,,,,,,Matches
441,Naldo,br BRA,DF,Antalyaspor,32,1988,30.1,,,,,,,1,,,,,,,,,Matches
442,Umut Nayir,tr TUR,FW,Giresunspor,28,1993,18.8,,,,,,,6,,,,,,,,,Matches
443,Alassane Ndao,sn SEN,MF,Antalyaspor,24,1996,10.3,,,,,,,22,,,,,,,,,Matches
444,Youssouf Ndayishimiye,bi BDI,"DF,MF",Başakşehir,22,1998,25.4,,,,,,,5,,,,,,,,,Matches
445,Cherif Ndiaye,sn SEN,"FW,MF",Göztepe,25,1996,23.6,,,,,,,17,,,,,,,,,Matches
446,Victor Nelsson,dk DEN,DF,Galatasaray,22,1998,36.0,,,,,,,2,,,,,,,,,Matches
447,Recep Niyaz,tr TUR,MF,Gaziantep FK,25,1995,21.0,,,,,,,21,,,,,,,,,Matches
448,Emre Nizam,,FW,Giresunspor,19,2002,0.0,,,,,,,0,,,,,,,,,Matches
449,João Novais,pt POR,MF,Alanyaspor,28,1993,20.4,,,,,,,85,,,,,,,,,Matches
450,Filip Novák,cz CZE,DF,Fenerbahçe,31,1990,15.8,,,,,,,17,,,,,,,,,Matches
Rk,Player,Nation,Pos,Squad,Age,Born,90s,Att,Live,Dead,FK,TB,Sw,Crs,TI,CK,In,Out,Str,Cmp,Off,Blocks,Matches
451,Jospin Nshimirimana,bi BDI,MF,Yeni Mal'spor,19,2001,14.2,,,,,,,4,,,,,,,,,Matches
452,Atınç Nukan,tr TUR,DF,Göztepe,28,1993,19.8,,,,,,,0,,,,,,,,,Matches
453,Anthony Nwakaeme,ng NGA,MF,Trabzonspor,32,1989,25.0,,,,,,,52,,,,,,,,,Matches
454,Obinna Nwobodo,ng NGA,MF,Göztepe,24,1996,27.8,,,,,,,10,,,,,,,,,Matches
455,Ahmet Oğuz,tr TUR,DF,Sivasspor,28,1993,21.1,,,,,,,54,,,,,,,,,Matches
456,Stefano Okaka,it ITA,FW,Başakşehir,31,1989,29.5,,,,,,,0,,,,,,,,,Matches
457,Burak Öksüz,,DF,Hatayspor,25,1996,30.5,,,,,,,2,,,,,,,,,Matches
458,Paweł Olkowski,pl POL,DF,Gaziantep FK,31,1990,1.3,,,,,,,5,,,,,,,,,Matches
459,Abdülkadir Ömür,tr TUR,MF,Trabzonspor,22,1999,24.2,,,,,,,33,,,,,,,,,Matches
460,Kaan Onaran,,MF,Sivasspor,17,2004,0.0,,,,,,,0,,,,,,,,,Matches
461,Samed Onur,tr TUR,FW,Fatih Karagümrük,19,2002,0.9,,,,,,,0,,,,,,,,,Matches
462,Cekdar Orhan,,MF,Giresunspor,23,1998,0.1,,,,,,,0,,,,,,,,,Matches
463,Bright Osayi-Samuel,ng NGA,"MF,DF",Fenerbahçe,23,1997,26.3,,,,,,,23,,,,,,,,,Matches
464,Haqi Osman,gh GHA,FW,Yeni Mal'spor,19,2002,3.9,,,,,,,1,,,,,,,,,Matches
465,Caner Osmanpaşa,tr TUR,DF,Sivasspor,33,1988,30.9,,,,,,,11,,,,,,,,,Matches
466,Şener Özbayraklı,tr TUR,DF,Başakşehir,31,1990,2.7,,,,,,,1,,,,,,,,,Matches
467,Ertaç Özbir,tr TUR,GK,Yeni Mal'spor,31,1989,28.5,,,,,,,0,,,,,,,,,Matches
468,Berkay Özcan,tr TUR,MF,Başakşehir,23,1998,27.6,,,,,,,22,,,,,,,,,Matches
469,Erdem Özcan,,FW,Altay,18,2002,0.9,,,,,,,5,,,,,,,,,Matches
470,Arda Özçimen,tr TUR,GK,Göztepe,19,2002,4.0,,,,,,,0,,,,,,,,,Matches
471,Berat Özdemir,tr TUR,MF,Trabzonspor,23,1998,19.1,,,,,,,2,,,,,,,,,Matches
472,Soner Özdemir,tr TUR,MF,Rizespor,18,2003,0.0,,,,,,,0,,,,,,,,,Matches
473,Berke Özer,tr TUR,GK,Fenerbahçe,21,2000,13.1,,,,,,,0,,,,,,,,,Matches
474,Kenan Özer,tr TUR,"DF,MF",Yeni Mal'spor,33,1987,7.7,,,,,,,20,,,,,,,,,Matches
475,Kenan Özer,tr TUR,MF,Gaziantep FK,33,1987,3.0,,,,,,,7,,,,,,,,,Matches
Rk,Player,Nation,Pos,Squad,Age,Born,90s,Att,Live,Dead,FK,TB,Sw,Crs,TI,CK,In,Out,Str,Cmp,Off,Blocks,Matches
476,Mesut Özil,de GER,MF,Fenerbahçe,32,1988,13.8,,,,,,,70,,,,,,,,,Matches
477,Özgür Özkaya,tr TUR,DF,Altay,33,1988,4.2,,,,,,,15,,,,,,,,,Matches
478,Ege Özkayimoglu,tr TUR,MF,Göztepe,20,2001,2.5,,,,,,,6,,,,,,,,,Matches
479,Hakan Özmert,tr TUR,MF,Antalyaspor,36,1985,10.9,,,,,,,40,,,,,,,,,Matches
480,Erhun Oztumer,,MF,Fatih Karagümrük,30,1991,8.9,,,,,,,0,,,,,,,,,Matches
481,Erhun Oztumer,,MF,Adana Demirspor,30,1991,1.8,,,,,,,0,,,,,,,,,Matches
482,Alpaslan Öztürk,tr TUR,"DF,MF",Galatasaray,28,1993,6.9,,,,,,,0,,,,,,,,,Matches
483,Bahadır Öztürk,tr TUR,DF,Antalyaspor,25,1995,2.5,,,,,,,0,,,,,,,,,Matches
484,Fatih Öztürk,tr TUR,GK,Galatasaray,34,1986,1.0,,,,,,,0,,,,,,,,,Matches
485,İbrahim Öztürk,tr TUR,DF,Altay,40,1981,19.1,,,,,,,3,,,,,,,,,Matches
486,Oğuzhan Özyakup,tr TUR,MF,Beşiktaş,28,1992,6.7,,,,,,,15,,,,,,,,,Matches
487,Marco Paixão,pt POR,FW,Altay,36,1984,7.4,,,,,,,8,,,,,,,,,Matches
488,Murat Paluli,tr TUR,"MF,DF",Göztepe,26,1994,19.3,,,,,,,51,,,,,,,,,Matches
489,İlhan Parlak,tr TUR,"FW,MF",Kayserispor,34,1987,8.8,,,,,,,2,,,,,,,,,Matches
490,Abdülkadir Parmak,tr TUR,MF,Kayserispor,26,1994,10.5,,,,,,,7,,,,,,,,,Matches
491,Abdülkadir Parmak,tr TUR,MF,Trabzonspor,26,1994,0.2,,,,,,,0,,,,,,,,,Matches
492,Halil Pehlivan,tr TUR,"DF,MF",Gaziantep FK,27,1993,14.3,,,,,,,45,,,,,,,,,Matches
493,Yasin Pehlivan,at AUT,MF,Rizespor,32,1989,4.5,,,,,,,0,,,,,,,,,Matches
494,Mustafa Pektemek,tr TUR,FW,Kayserispor,32,1988,12.2,,,,,,,7,,,,,,,,,Matches
495,Dimitris Pelkas,gr GRE,MF,Fenerbahçe,27,1993,8.6,,,,,,,18,,,,,,,,,Matches
496,Joey Pelupessy,id IDN,MF,Giresunspor,28,1993,9.1,,,,,,,0,,,,,,,,,Matches
497,Iñaki Peña,es ESP,GK,Galatasaray,22,1999,6.0,,,,,,,0,,,,,,,,,Matches
498,Bruno Peres,br BRA,DF,Trabzonspor,31,1990,23.9,,,,,,,76,,,,,,,,,Matches
499,Alexis Pérez,co COL,DF,Giresunspor,27,1994,33.9,,,,,,,5,,,,,,,,,Matches
500,Aleksandar Pešić,rs SRB,FW,Fatih Karagümrük,29,1992,27.5,,,,,,,8,,,,,,,,,Matches
Rk,Player,Nation,Pos,Squad,Age,Born,90s,Att,Live,Dead,FK,TB,Sw,Crs,TI,CK,In,Out,Str,Cmp,Off,Blocks,Matches
501,Lebogang Phiri,za RSA,MF,Rizespor,26,1994,11.1,,,,,,,7,,,,,,,,,Matches
502,Sergen Piçinciol,tr TUR,DF,Giresunspor,25,1995,8.4,,,,,,,1,,,,,,,,,Matches
503,César Pinares,cl CHI,MF,Altay,30,1991,21.7,,,,,,,80,,,,,,,,,Matches
504,Onurcan Piri,tr TUR,GK,Giresunspor,26,1994,5.6,,,,,,,0,,,,,,,,,Matches
505,Kenan Pirić,ba BIH,GK,Göztepe,27,1994,4.0,,,,,,,0,,,,,,,,,Matches
506,Pizzi,pt POR,MF,Başakşehir,31,1989,2.9,,,,,,,8,,,,,,,,,Matches
507,Miralem Pjanić,ba BIH,MF,Beşiktaş,31,1990,15.5,,,,,,,81,,,,,,,,,Matches
508,Joel Pohjanpalo,fi FIN,FW,Rizespor,26,1994,23.4,,,,,,,9,,,,,,,,,Matches
509,Andrea Poli,it ITA,MF,Antalyaspor,31,1989,19.3,,,,,,,3,,,,,,,,,Matches
510,Carlos Ponck,cv CPV,DF,Başakşehir,26,1995,2.5,,,,,,,1,,,,,,,,,Matches
511,Carlos Ponck,cv CPV,DF,Rizespor,26,1995,13.0,,,,,,,0,,,,,,,,,Matches
512,Strahil Popov,bg BUL,DF,Hatayspor,30,1990,2.5,,,,,,,19,,,,,,,,,Matches
513,Alper Potuk,tr TUR,MF,Rizespor,30,1991,13.7,,,,,,,29,,,,,,,,,Matches
514,Tymoteusz Puchacz,pl POL,DF,Trabzonspor,22,1999,8.2,,,,,,,14,,,,,,,,,Matches
515,Erick Pulgar,cl CHI,MF,Galatasaray,27,1994,6.7,,,,,,,10,,,,,,,,,Matches
516,Amar Rahmanović,ba BIH,MF,Konyaspor,27,1994,15.3,,,,,,,16,,,,,,,,,Matches
517,Joher Rassoul,sn SEN,DF,Adana Demirspor,25,1995,19.3,,,,,,,51,,,,,,,,,Matches
518,Loïc Rémy,fr FRA,FW,Adana Demirspor,34,1987,0.3,,,,,,,0,,,,,,,,,Matches
519,Loïc Rémy,fr FRA,FW,Rizespor,34,1987,3.0,,,,,,,0,,,,,,,,,Matches
520,Rúben Tiago Rodrigues Ribeiro,pt POR,MF,Hatayspor,33,1987,26.2,,,,,,,63,,,,,,,,,Matches
521,Martín Rodríguez,cl CHI,"MF,FW",Altay,26,1994,23.5,,,,,,,127,,,,,,,,,Matches
522,Valentin Rosier,fr FRA,"DF,MF",Beşiktaş,24,1996,30.1,,,,,,,92,,,,,,,,,Matches
523,Diego Rossi,uy URU,"MF,FW",Fenerbahçe,23,1998,21.8,,,,,,,37,,,,,,,,,Matches
524,Serdar Saatçı,tr TUR,DF,Beşiktaş,18,2003,9.5,,,,,,,5,,,,,,,,,Matches
525,Erik Sabo,sk SVK,MF,Rizespor,29,1991,23.2,,,,,,,16,,,,,,,,,Matches
Rk,Player,Nation,Pos,Squad,Age,Born,90s,Att,Live,Dead,FK,TB,Sw,Crs,TI,CK,In,Out,Str,Cmp,Off,Blocks,Matches
526,Isaac Sackey,gh GHA,"DF,MF",Hatayspor,27,1994,18.5,,,,,,,4,,,,,,,,,Matches
527,Loret Sadiku,al ALB,MF,Kasımpaşa,30,1991,9.9,,,,,,,2,,,,,,,,,Matches
528,Ángelo Sagal,cl CHI,"MF,FW",Gaziantep FK,28,1993,21.1,,,,,,,111,,,,,,,,,Matches
529,Cenk Şahin,tr TUR,"FW,MF",Gaziantep FK,26,1994,0.5,,,,,,,2,,,,,,,,,Matches
530,Nuri Şahin,tr TUR,MF,Antalyaspor,32,1988,6.7,,,,,,,19,,,,,,,,,Matches
531,Sedat Şahintürk,tr TUR,FW,Adana Demirspor,25,1996,0.5,,,,,,,1,,,,,,,,,Matches
532,Dylan Saint-Louis,cg CGO,"MF,FW",Hatayspor,26,1995,17.0,,,,,,,73,,,,,,,,,Matches
533,Yannis Salibur,fr FRA,"FW,MF",Fatih Karagümrük,30,1991,3.8,,,,,,,8,,,,,,,,,Matches
534,Mbwana Samatta,tz TAN,FW,Fenerbahçe,28,1992,1.8,,,,,,,1,,,,,,,,,Matches
535,Nazim Sangaré,tr TUR,"DF,MF",Fenerbahçe,27,1994,12.4,,,,,,,36,,,,,,,,,Matches
536,Younousse Sankharé,sn SEN,MF,Giresunspor,31,1989,3.7,,,,,,,3,,,,,,,,,Matches
537,Veysel Sarı,tr TUR,DF,Antalyaspor,33,1988,32.8,,,,,,,5,,,,,,,,,Matches
538,Yusuf Sari,tr TUR,MF,Rizespor,22,1998,8.0,,,,,,,38,,,,,,,,,Matches
539,Yusuf Sari,tr TUR,MF,Trabzonspor,22,1998,4.3,,,,,,,10,,,,,,,,,Matches
540,Efe Sarikaya,tr TUR,DF,Altay,15,2005,1.0,,,,,,,0,,,,,,,,,Matches
541,Ali Şaşal Vural,tr TUR,GK,Sivasspor,31,1990,25.0,,,,,,,0,,,,,,,,,Matches
542,Emre Satılmış,,GK,Sivasspor,24,1996,1.0,,,,,,,0,,,,,,,,,Matches
543,Enes Savucu,,FW,Yeni Mal'spor,17,2004,0.1,,,,,,,0,,,,,,,,,Matches
544,Gökhan Sazdağı,tr TUR,"MF,FW",Kayserispor,26,1994,10.7,,,,,,,13,,,,,,,,,Matches
545,Ibrahim Šehić,ba BIH,GK,Konyaspor,32,1988,37.0,,,,,,,0,,,,,,,,,Matches
546,Cengizhan Şen,,DF,Göztepe,16,2005,0.1,,,,,,,0,,,,,,,,,Matches
547,Muhammed Şengezer,tr TUR,GK,Başakşehir,24,1997,7.0,,,,,,,0,,,,,,,,,Matches
548,Tarkan Serbest,tr TUR,"DF,MF",Kasımpaşa,27,1994,25.0,,,,,,,5,,,,,,,,,Matches
549,Cemalil Sertel,tr TUR,DF,Rizespor,21,2000,24.8,,,,,,,62,,,,,,,,,Matches
550,Beykan Şimşek,tr TUR,MF,Göztepe,26,1995,1.7,,,,,,,6,,,,,,,,,Matches
Rk,Player,Nation,Pos,Squad,Age,Born,90s,Att,Live,Dead,FK,TB,Sw,Crs,TI,CK,In,Out,Str,Cmp,Off,Blocks,Matches
551,Doğukan Sınık,tr TUR,"MF,FW",Antalyaspor,22,1999,25.4,,,,,,,45,,,,,,,,,Matches
552,Emmanouil Siopis,gr GRE,MF,Alanyaspor,27,1994,1.0,,,,,,,0,,,,,,,,,Matches
553,Emmanouil Siopis,gr GRE,MF,Trabzonspor,27,1994,18.9,,,,,,,2,,,,,,,,,Matches
554,Guilherme Sityá,pt POR,DF,Konyaspor,31,1990,38.0,,,,,,,232,,,,,,,,,Matches
555,Nejc Skubic,si SVN,DF,Konyaspor,32,1989,34.4,,,,,,,69,,,,,,,,,Matches
556,José Sosa,ar ARG,MF,Fenerbahçe,36,1985,10.5,,,,,,,47,,,,,,,,,Matches
557,Josef de Souza,br BRA,MF,Beşiktaş,32,1989,29.0,,,,,,,7,,,,,,,,,Matches
558,Furkan Soyalp,tr TUR,MF,Gaziantep FK,26,1995,16.7,,,,,,,34,,,,,,,,,Matches
559,Uroš Spajić,rs SRB,DF,Kasımpaşa,28,1993,6.6,,,,,,,0,,,,,,,,,Matches
560,Benjamin Stambouli,fr FRA,MF,Adana Demirspor,30,1990,27.1,,,,,,,15,,,,,,,,,Matches
561,Luka Stankovski,mk MKD,MF,Gaziantep FK,18,2002,1.0,,,,,,,1,,,,,,,,,Matches
562,Magomed-Shapi Suleymanov,ru RUS,MF,Giresunspor,21,1999,22.3,,,,,,,54,,,,,,,,,Matches
563,Jonas Svensson,no NOR,DF,Adana Demirspor,28,1993,32.2,,,,,,,37,,,,,,,,,Matches
564,Attila Szalai,hu HUN,DF,Fenerbahçe,23,1998,24.8,,,,,,,21,,,,,,,,,Matches
565,Ravil Tagir,tr TUR,DF,Başakşehir,18,2003,6.2,,,,,,,1,,,,,,,,,Matches
566,Emirhan Tak,,FW,Sivasspor,18,2003,0.3,,,,,,,0,,,,,,,,,Matches
567,Tayyib Talha Sanuç,tr TUR,DF,Adana Demirspor,21,1999,22.9,,,,,,,1,,,,,,,,,Matches
568,Yusuf Talum,,MF,Göztepe,19,2001,0.0,,,,,,,0,,,,,,,,,Matches
569,Umut Tanis,,MF,Yeni Mal'spor,17,2004,2.2,,,,,,,0,,,,,,,,,Matches
570,Oussama Tannane,ma MAR,"FW,MF",Göztepe,27,1994,2.6,,,,,,,6,,,,,,,,,Matches
571,Emre Taşdemir,tr TUR,"DF,MF",Giresunspor,25,1995,5.1,,,,,,,38,,,,,,,,,Matches
572,Ertuğrul Taşkıran,tr TUR,GK,Kasımpaşa,31,1989,26.2,,,,,,,0,,,,,,,,,Matches
573,Efe Tatlı,,MF,Fatih Karagümrük,19,2002,3.3,,,,,,,0,,,,,,,,,Matches
574,Efe Tecimer,,FW,Rizespor,18,2003,0.4,,,,,,,0,,,,,,,,,Matches
575,Alex Teixeira,br BRA,"MF,FW",Beşiktaş,31,1990,13.8,,,,,,,8,,,,,,,,,Matches
Rk,Player,Nation,Pos,Squad,Age,Born,90s,Att,Live,Dead,FK,TB,Sw,Crs,TI,CK,In,Out,Str,Cmp,Off,Blocks,Matches
576,Mahmut Tekdemir,tr TUR,MF,Başakşehir,33,1988,22.4,,,,,,,12,,,,,,,,,Matches
577,Harun Tekin,tr TUR,GK,Kasımpaşa,32,1989,8.8,,,,,,,0,,,,,,,,,Matches
578,Selimcan Temel,,DF,Hatayspor,21,2000,1.4,,,,,,,7,,,,,,,,,Matches
579,Benjamin Tetteh,gh GHA,FW,Yeni Mal'spor,24,1997,22.2,,,,,,,22,,,,,,,,,Matches
580,Thaciano,br BRA,"MF,DF",Altay,26,1995,19.0,,,,,,,6,,,,,,,,,Matches
581,Khaly Thiam,sn SEN,"DF,MF",Altay,27,1994,26.0,,,,,,,8,,,,,,,,,Matches
582,David Tijanić,si SVN,"MF,FW",Göztepe,24,1997,18.0,,,,,,,30,,,,,,,,,Matches
583,Mickaël Tirpan,be BEL,"DF,MF",Kasımpaşa,27,1993,0.1,,,,,,,0,,,,,,,,,Matches
584,Marcel Tisserand,cd COD,DF,Fenerbahçe,28,1993,15.3,,,,,,,20,,,,,,,,,Matches
585,Dorukhan Toköz,tr TUR,"DF,MF",Trabzonspor,25,1996,23.4,,,,,,,11,,,,,,,,,Matches
586,Mehmet Topal,tr TUR,DF,Beşiktaş,35,1986,1.4,,,,,,,0,,,,,,,,,Matches
587,Cihan Topaloğlu,tr TUR,GK,Altay,29,1992,3.0,,,,,,,0,,,,,,,,,Matches
588,Emir Topçu,tr TUR,DF,Rizespor,20,2000,9.4,,,,,,,9,,,,,,,,,Matches
589,Yunus Toplu,,DF,Göztepe,16,2005,0.0,,,,,,,0,,,,,,,,,Matches
590,Gökhan Töre,tr TUR,MF,Beşiktaş,29,1992,2.9,,,,,,,16,,,,,,,,,Matches
591,Tunay Torun,tr TUR,FW,Fatih Karagümrük,31,1990,3.6,,,,,,,8,,,,,,,,,Matches
592,Tunay Torun,tr TUR,MF,Kasımpaşa,31,1990,1.3,,,,,,,5,,,,,,,,,Matches
593,Alin Toșca,ro ROU,DF,Gaziantep FK,29,1992,29.3,,,,,,,10,,,,,,,,,Matches
594,Abdoulaye Touré,gn GUI,MF,Fatih Karagümrük,27,1994,4.8,,,,,,,1,,,,,,,,,Matches
595,Adama Traoré,ml MLI,MF,Hatayspor,26,1995,14.4,,,,,,,33,,,,,,,,,Matches
596,Hamidou Traoré,ml MLI,MF,Giresunspor,24,1996,27.1,,,,,,,6,,,,,,,,,Matches
597,Michal Trávník,cz CZE,MF,Kasımpaşa,27,1994,19.2,,,,,,,58,,,,,,,,,Matches
598,Trézéguet,eg EGY,MF,Başakşehir,26,1994,11.5,,,,,,,18,,,,,,,,,Matches
599,Anders Trondsen,no NOR,DF,Trabzonspor,26,1995,6.9,,,,,,,9,,,,,,,,,Matches
600,Ozan Tufan,tr TUR,DF,Fenerbahçe,26,1995,1.9,,,,,,,2,,,,,,,,,Matches
Rk,Player,Nation,Pos,Squad,Age,Born,90s,Att,Live,Dead,FK,TB,Sw,Crs,TI,CK,In,Out,Str,Cmp,Off,Blocks,Matches
601,Arda Turan,tr TUR,"FW,MF",Galatasaray,34,1987,0.8,,,,,,,3,,,,,,,,,Matches
602,Yusuf Türk,,MF,Gaziantep FK,23,1998,0.5,,,,,,,1,,,,,,,,,Matches
603,Hüseyin Türkmen,tr TUR,DF,Trabzonspor,23,1998,7.8,,,,,,,2,,,,,,,,,Matches
604,Deniz Turuc,tr TUR,MF,Başakşehir,28,1993,21.2,,,,,,,130,,,,,,,,,Matches
605,Hüsamettin Tut,tr TUR,DF,Giresunspor,30,1991,0.5,,,,,,,0,,,,,,,,,Matches
606,Salih Uçan,tr TUR,MF,Beşiktaş,27,1994,4.9,,,,,,,9,,,,,,,,,Matches
607,Salih Uçan,tr TUR,MF,Başakşehir,27,1994,3.2,,,,,,,9,,,,,,,,,Matches
608,Adnan Ugur,be BEL,MF,Fatih Karagümrük,20,2001,13.0,,,,,,,2,,,,,,,,,Matches
609,Yigit Ulas,,MF,Yeni Mal'spor,17,2004,1.5,,,,,,,0,,,,,,,,,Matches
610,Oğulcan Ülgün,tr TUR,MF,Konyaspor,23,1998,7.4,,,,,,,3,,,,,,,,,Matches
611,Alper Uludağ,tr TUR,"DF,FW",Konyaspor,30,1990,0.1,,,,,,,0,,,,,,,,,Matches
612,Alper Uludağ,tr TUR,DF,Adana Demirspor,30,1990,5.7,,,,,,,22,,,,,,,,,Matches
613,Fredrik Ulvestad,no NOR,MF,Sivasspor,29,1992,10.7,,,,,,,3,,,,,,,,,Matches
614,Aminu Umar,ng NGA,MF,Rizespor,26,1995,15.1,,,,,,,28,,,,,,,,,Matches
615,Metehan Ünal,,MF,Yeni Mal'spor,17,2003,0.2,,,,,,,0,,,,,,,,,Matches
616,Tolga Ünlü,,DF,Altay,31,1989,8.4,,,,,,,29,,,,,,,,,Matches
617,Güvenc Usta,,FW,Rizespor,17,2004,0.3,,,,,,,0,,,,,,,,,Matches
618,Necip Uysal,tr TUR,"DF,MF",Beşiktaş,30,1991,17.3,,,,,,,9,,,,,,,,,Matches
619,Anthony Uzodimma,ng NGA,MF,Kayserispor,22,1999,1.6,,,,,,,1,,,,,,,,,Matches
620,Enner Valencia,ec ECU,"FW,MF",Fenerbahçe,31,1989,12.1,,,,,,,16,,,,,,,,,Matches
621,Kevin Varga,hu HUN,MF,Kasımpaşa,25,1996,6.5,,,,,,,10,,,,,,,,,Matches
622,Matías Vargas,ar ARG,MF,Adana Demirspor,24,1997,27.8,,,,,,,190,,,,,,,,,Matches
623,Amedej Vetrih,si SVN,"MF,DF",Gaziantep FK,30,1990,8.7,,,,,,,1,,,,,,,,,Matches
624,Domagoj Vida,hr CRO,DF,Beşiktaş,32,1989,26.6,,,,,,,2,,,,,,,,,Matches
625,Edin Višća,ba BIH,MF,Başakşehir,31,1990,16.0,,,,,,,91,,,,,,,,,Matches
Rk,Player,Nation,Pos,Squad,Age,Born,90s,Att,Live,Dead,FK,TB,Sw,Crs,TI,CK,In,Out,Str,Cmp,Off,Blocks,Matches
626,Edin Višća,ba BIH,MF,Trabzonspor,31,1990,16.9,,,,,,,93,,,,,,,,,Matches
627,Emiliano Viviano,it ITA,GK,Fatih Karagümrük,35,1985,38.0,,,,,,,0,,,,,,,,,Matches
628,Güray Vural,tr TUR,"DF,MF",Antalyaspor,33,1988,35.9,,,,,,,176,,,,,,,,,Matches
629,Wallace,br BRA,DF,Yeni Mal'spor,26,1994,17.6,,,,,,,1,,,,,,,,,Matches
630,Welinton,br BRA,DF,Beşiktaş,32,1989,19.8,,,,,,,6,,,,,,,,,Matches
631,Haji Wright,us USA,FW,Antalyaspor,23,1998,21.1,,,,,,,8,,,,,,,,,Matches
632,Güven Yalçın,tr TUR,"MF,FW",Beşiktaş,22,1999,10.8,,,,,,,13,,,,,,,,,Matches
633,Berat Yaman,,DF,Yeni Mal'spor,18,2002,1.3,,,,,,,0,,,,,,,,,Matches
634,Mert Yandaş,tr TUR,MF,Fenerbahçe,26,1994,15.9,,,,,,,87,,,,,,,,,Matches
635,Barış Yardımcı,tr TUR,DF,Konyaspor,28,1992,3.1,,,,,,,11,,,,,,,,,Matches
636,Erencan Yardimci,tr TUR,FW,Alanyaspor,19,2002,0.3,,,,,,,0,,,,,,,,,Matches
637,Erşan Yaşa,,DF,Yeni Mal'spor,20,2000,0.1,,,,,,,0,,,,,,,,,Matches
638,Karahan Yasir Subaşı,tr TUR,DF,Kayserispor,25,1996,8.5,,,,,,,21,,,,,,,,,Matches
639,Ahmed Yasser Rayan,eg EGY,"FW,MF",Altay,23,1998,9.4,,,,,,,3,,,,,,,,,Matches
640,Mustapha Yatabaré,ml MLI,FW,Sivasspor,35,1986,23.5,,,,,,,17,,,,,,,,,Matches
641,Zeki Yavru,tr TUR,"DF,MF",Giresunspor,29,1991,28.8,,,,,,,168,,,,,,,,,Matches
642,Uğurcan Yazgılı,tr TUR,DF,Konyaspor,22,1999,1.1,,,,,,,0,,,,,,,,,Matches
643,DeAndre Yedlin,us USA,DF,Galatasaray,28,1993,14.4,,,,,,,38,,,,,,,,,Matches
644,Erdoğan Yeşilyurt,,"MF,DF",Sivasspor,27,1993,22.3,,,,,,,112,,,,,,,,,Matches
645,Abdullah Yiğiter,,GK,Hatayspor,21,2000,4.0,,,,,,,0,,,,,,,,,Matches
646,Özkan Yiğiter,,MF,Sivasspor,21,2000,4.7,,,,,,,1,,,,,,,,,Matches
647,Bertuğ Yıldırım,tr TUR,FW,Hatayspor,19,2002,2.3,,,,,,,2,,,,,,,,,Matches
648,Muammer Yıldırım,tr TUR,GK,Sivasspor,30,1990,12.0,,,,,,,0,,,,,,,,,Matches
649,Zeki Yıldırım,tr TUR,MF,Altay,30,1991,18.1,,,,,,,14,,,,,,,,,Matches
650,Ahmet Yılmaz Çalık,tr TUR,DF,Konyaspor,27,1994,17.9,,,,,,,2,,,,,,,,,Matches
Rk,Player,Nation,Pos,Squad,Age,Born,90s,Att,Live,Dead,FK,TB,Sw,Crs,TI,CK,In,Out,Str,Cmp,Off,Blocks,Matches
651,Fatih Yılmaz,,DF,Giresunspor,19,2002,1.0,,,,,,,0,,,,,,,,,Matches
652,Kaan Yılmaz,tr TUR,FW,Giresunspor,17,2004,0.0,,,,,,,0,,,,,,,,,Matches
653,Rıdvan Yılmaz,tr TUR,"DF,MF",Beşiktaş,20,2001,22.7,,,,,,,82,,,,,,,,,Matches
654,Sefa Yılmaz,tr TUR,"MF,FW",Sivasspor,31,1990,5.0,,,,,,,11,,,,,,,,,Matches
655,Miha Zajc,si SVN,MF,Fenerbahçe,27,1994,24.6,,,,,,,35,,,,,,,,,Matches
656,Mehdi Zeffane,dz ALG,DF,Yeni Mal'spor,29,1992,9.0,,,,,,,39,,,,,,,,,Matches
657,Ersin Zehir,de GER,MF,Antalyaspor,23,1998,0.3,,,,,,,0,,,,,,,,,Matches
658,İsmail Zehir,tr TUR,MF,Alanyaspor,18,2003,0.2,,,,,,,0,,,,,,,,,Matches
659,Ulaş Zengin,,DF,Gaziantep FK,24,1997,0.7,,,,,,,0,,,,,,,,,Matches
660,Ervin Zukanović,ba BIH,DF,Fatih Karagümrük,34,1987,19.9,,,,,,,3,,,,,,,,,Matches
661,Peter Žulj,at AUT,MF,Başakşehir,28,1993,2.1,,,,,,,1,,,,,,,,,Matches
662,Damjan Đoković,hr CRO,MF,Adana Demirspor,31,1990,2.9,,,,,,,1,,,,,,,,,Matches
663,Damjan Đoković,hr CRO,MF,Rizespor,31,1990,16.4,,,,,,,11,,,,,,,,,Matches
