rk,player,nation,pos,squad,age,born,90s,att,live,dead,fk,tb,sw,crs,ti,ck,in,out,str,cmp,off,blocks,matches
1,Hiroyuki Abe,jp JPN,"FW,MF",Shonan Bellmare,34,1989,9.3,,,,,,,52,,,,,,,,,Matches
2,Hiroki Akiyama,jp JPN,MF,Albirex Niigata,23,2000,34.1,,,,,,,75,,,,,,,,,Matches
3,Juan Alano,br BRA,MF,Gamba Osaka,27,1996,8.5,,,,,,,14,,,,,,,,,Matches
4,Lukian Araújo de Almeida,br BRA,FW,Shonan Bellmare,32,1991,25.5,,,,,,,9,,,,,,,,,Matches
5,Tiago Alexandre Mendes Alves,pt POR,MF,Tokyo Verdy,27,1996,2.4,,,,,,,9,,,,,,,,,Matches
6,Jun Amano,jp JPN,MF,Marinos,32,1991,17.1,,,,,,,88,,,,,,,,,Matches
7,Koki Anzai,jp JPN,DF,Kashima Antlers,28,1995,37.8,,,,,,,103,,,,,,,,,Matches
8,Soma Anzai,jp JPN,"FW,MF",FC Tokyo,21,2002,23.0,,,,,,,51,,,,,,,,,Matches
9,Yūto Anzai,jp JPN,FW,Kyoto Sanga,18,2005,1.6,,,,,,,3,,,,,,,,,Matches
10,Ryota Aoki,jp JPN,MF,Consa Sapporo,27,1996,25.3,,,,,,,102,,,,,,,,,Matches
11,Toshihiro Aoyama,jp JPN,MF,Sanfrecce,37,1986,0.1,,,,,,,0,,,,,,,,,Matches
12,Naoto Arai,jp JPN,DF,Albirex Niigata,27,1996,2.0,,,,,,,6,,,,,,,,,Matches
13,Naoto Arai,jp JPN,MF,Sanfrecce,27,1996,22.0,,,,,,,175,,,,,,,,,Matches
14,Shota Arai,jp JPN,GK,Vissel Kobe,35,1988,1.1,,,,,,,0,,,,,,,,,Matches
15,Yūta Arai,jp JPN,MF,Tokyo Verdy,19,2004,0.7,,,,,,,0,,,,,,,,,Matches
16,Hayato Araki,jp JPN,DF,Sanfrecce,27,1996,25.6,,,,,,,1,,,,,,,,,Matches
17,Ryotaro Araki,jp JPN,"MF,FW",FC Tokyo,22,2002,21.5,,,,,,,112,,,,,,,,,Matches
18,Shunta Araki,jp JPN,"MF,FW",Machida Zelvia,24,1999,8.7,,,,,,,11,,,,,,,,,Matches
19,Takuma Arano,jp JPN,MF,Consa Sapporo,30,1993,20.8,,,,,,,5,,,,,,,,,Matches
20,Vinícius Araújo,br BRA,FW,Sagan Tosu,30,1993,4.5,,,,,,,12,,,,,,,,,Matches
21,Tolgay Arslan,de GER,"MF,FW",Sanfrecce,33,1990,8.9,,,,,,,12,,,,,,,,,Matches
22,Shogo Asada,jp JPN,DF,Kyoto Sanga,25,1998,16.9,,,,,,,3,,,,,,,,,Matches
23,Yuya Asano,jp JPN,"MF,FW",Consa Sapporo,26,1997,18.1,,,,,,,71,,,,,,,,,Matches
24,Kosei Ashibe,jp JPN,MF,Machida Zelvia,22,2001,0.1,,,,,,,1,,,,,,,,,Matches
25,Shunta Awaka,jp JPN,GK,Consa Sapporo,28,1995,2.0,,,,,,,0,,,,,,,,,Matches
Rk,Player,Nation,Pos,Squad,Age,Born,90s,Att,Live,Dead,FK,TB,Sw,Crs,TI,CK,In,Out,Str,Cmp,Off,Blocks,Matches
26,Kodjo Aziangbe,tg TOG,MF,Marinos,20,2003,1.2,,,,,,,0,,,,,,,,,Matches
27,Seiya Baba,jp JPN,"DF,MF",Consa Sapporo,22,2001,33.0,,,,,,,39,,,,,,,,,Matches
28,Amadou Bakayoko,sl SLE,FW,Consa Sapporo,28,1996,1.1,,,,,,,1,,,,,,,,,Matches
29,Kashif Bangunagande,jp JPN,DF,FC Tokyo,22,2001,16.2,,,,,,,62,,,,,,,,,Matches
30,Akimi Barada,jp JPN,MF,Shonan Bellmare,32,1991,13.8,,,,,,,53,,,,,,,,,Matches
31,Nassim Ben Khalifa,ch SUI,"FW,MF",Avispa Fukuoka,32,1992,0.8,,,,,,,2,,,,,,,,,Matches
32,Vitor Bueno,br BRA,MF,Cerezo Osaka,29,1994,10.0,,,,,,,35,,,,,,,,,Matches
33,Song Bumkeun,kr KOR,GK,Shonan Bellmare,26,1997,19.5,,,,,,,0,,,,,,,,,Matches
34,Capixaba,br BRA,"MF,FW",Cerezo Osaka,27,1997,18.0,,,,,,,86,,,,,,,,,Matches
35,Aleksandar Čavrić,rs SRB,"MF,FW",Kashima Antlers,29,1994,13.8,,,,,,,22,,,,,,,,,Matches
36,Yusuke Chajima,jp JPN,MF,Sanfrecce,32,1991,0.2,,,,,,,4,,,,,,,,,Matches
37,Ha Chang-rae,kr KOR,DF,Grampus,29,1994,19.5,,,,,,,0,,,,,,,,,Matches
38,Kazuhiko Chiba,jp JPN,DF,Albirex Niigata,38,1985,6.4,,,,,,,0,,,,,,,,,Matches
39,Kaito Chida,jp JPN,DF,Tokyo Verdy,29,1994,24.0,,,,,,,0,,,,,,,,,Matches
40,Kei Chinen,jp JPN,MF,Kashima Antlers,28,1995,31.9,,,,,,,23,,,,,,,,,Matches
41,Murilo Costa,br BRA,"FW,MF",Kyoto Sanga,29,1994,0.9,,,,,,,3,,,,,,,,,Matches
42,Jordy Croux,be BEL,MF,Júbilo Iwata,30,1994,8.5,,,,,,,80,,,,,,,,,Matches
43,Jordy Croux,be BEL,"FW,MF",Cerezo Osaka,30,1994,6.2,,,,,,,40,,,,,,,,,Matches
44,Danilo,br BRA,MF,Albirex Niigata,24,1999,8.5,,,,,,,53,,,,,,,,,Matches
45,Dawhan,br BRA,MF,Gamba Osaka,27,1996,29.4,,,,,,,2,,,,,,,,,Matches
46,Thomas Deng,au AUS,DF,Albirex Niigata,26,1997,25.4,,,,,,,0,,,,,,,,,Matches
47,Diego,br BRA,DF,Kashiwa Reysol,28,1995,33.5,,,,,,,58,,,,,,,,,Matches
48,Akira Disaro,jp JPN,FW,Shonan Bellmare,27,1996,0.7,,,,,,,0,,,,,,,,,Matches
49,Kanta Doi,jp JPN,DF,FC Tokyo,19,2004,13.7,,,,,,,0,,,,,,,,,Matches
50,Shoma Doi,jp JPN,MF,Kashima Antlers,31,1992,3.1,,,,,,,6,,,,,,,,,Matches
Rk,Player,Nation,Pos,Squad,Age,Born,90s,Att,Live,Dead,FK,TB,Sw,Crs,TI,CK,In,Out,Str,Cmp,Off,Blocks,Matches
51,Ibrahim Drešević,xk KVX,DF,Machida Zelvia,27,1997,30.3,,,,,,,6,,,,,,,,,Matches
52,Dudu,br BRA,DF,Marinos,30,1993,25.1,,,,,,,11,,,,,,,,,Matches
53,Mitchell Duke,au AUS,FW,Machida Zelvia,33,1991,9.3,,,,,,,20,,,,,,,,,Matches
54,Yusei Egawa,jp JPN,DF,Gamba Osaka,23,2000,1.0,,,,,,,0,,,,,,,,,Matches
55,Élber,br BRA,"MF,FW",Marinos,31,1992,19.9,,,,,,,54,,,,,,,,,Matches
56,Rafael Elias,br BRA,FW,Kyoto Sanga,24,1999,12.5,,,,,,,12,,,,,,,,,Matches
57,Keita Endo,jp JPN,"FW,MF",FC Tokyo,26,1997,16.8,,,,,,,54,,,,,,,,,Matches
58,Ryo Endo,jp JPN,DF,Albirex Niigata,25,1998,5.0,,,,,,,0,,,,,,,,,Matches
59,Erison,br BRA,FW,Kawa Frontale,24,1999,13.0,,,,,,,4,,,,,,,,,Matches
60,Everton,br BRA,MF,FC Tokyo,26,1997,2.2,,,,,,,13,,,,,,,,,Matches
61,Ezequiel,br BRA,"FW,MF",Sanfrecce,25,1998,1.3,,,,,,,2,,,,,,,,,Matches
62,Welton Felipe,br BRA,MF,Gamba Osaka,26,1997,26.4,,,,,,,26,,,,,,,,,Matches
63,Lucas Fernandes,br BRA,"MF,FW",Cerezo Osaka,29,1994,30.7,,,,,,,282,,,,,,,,,Matches
64,Michael Fitzgerald,nz NZL,DF,Albirex Niigata,35,1988,31.6,,,,,,,5,,,,,,,,,Matches
65,Tomoya Fujii,jp JPN,MF,Kashima Antlers,25,1998,9.5,,,,,,,39,,,,,,,,,Matches
66,Kotaro Fujikawa,jp JPN,FW,Júbilo Iwata,25,1998,3.9,,,,,,,5,,,,,,,,,Matches
67,Kazuki Fujimoto,jp JPN,MF,Machida Zelvia,25,1998,20.4,,,,,,,51,,,,,,,,,Matches
68,Shota Fujio,jp JPN,FW,Machida Zelvia,22,2001,23.9,,,,,,,14,,,,,,,,,Matches
69,Naoyuki Fujita,jp JPN,MF,Sagan Tosu,36,1987,1.4,,,,,,,12,,,,,,,,,Matches
70,Kensuke Fujiwara,jp JPN,MF,Júbilo Iwata,20,2003,4.1,,,,,,,40,,,,,,,,,Matches
71,Soya Fujiwara,jp JPN,DF,Albirex Niigata,28,1995,36.9,,,,,,,48,,,,,,,,,Matches
72,Kazuki Fukai,jp JPN,MF,Consa Sapporo,28,1995,1.1,,,,,,,0,,,,,,,,,Matches
73,Daiki Fukazawa,jp JPN,DF,Tokyo Verdy,25,1998,8.5,,,,,,,12,,,,,,,,,Matches
74,Shinnosuke Fukuda,jp JPN,DF,Kyoto Sanga,23,2000,31.6,,,,,,,147,,,,,,,,,Matches
75,Sho Fukuda,jp JPN,FW,Shonan Bellmare,22,2001,21.1,,,,,,,10,,,,,,,,,Matches
Rk,Player,Nation,Pos,Squad,Age,Born,90s,Att,Live,Dead,FK,TB,Sw,Crs,TI,CK,In,Out,Str,Cmp,Off,Blocks,Matches
76,Yuya Fukuda,jp JPN,MF,Gamba Osaka,24,1999,1.5,,,,,,,2,,,,,,,,,Matches
77,Koki Fukui,jp JPN,GK,Machida Zelvia,28,1995,1.2,,,,,,,0,,,,,,,,,Matches
78,Shimpei Fukuoka,jp JPN,MF,Kyoto Sanga,23,2000,14.5,,,,,,,25,,,,,,,,,Matches
79,Shota Fukuoka,jp JPN,DF,Gamba Osaka,28,1995,32.2,,,,,,,15,,,,,,,,,Matches
80,Akito Fukuta,jp JPN,MF,Sagan Tosu,31,1992,23.4,,,,,,,19,,,,,,,,,Matches
81,Yu Funabashi,jp JPN,MF,Kashima Antlers,21,2002,0.5,,,,,,,0,,,,,,,,,Matches
82,Kakeru Funaki,jp JPN,DF,Cerezo Osaka,25,1998,29.3,,,,,,,26,,,,,,,,,Matches
83,Yōsuke Furukawa,jp JPN,MF,Júbilo Iwata,20,2003,8.3,,,,,,,39,,,,,,,,,Matches
84,Ryo Germain,jp JPN,FW,Júbilo Iwata,28,1995,31.2,,,,,,,16,,,,,,,,,Matches
85,Leo Gomes,br BRA,MF,Júbilo Iwata,26,1997,23.2,,,,,,,7,,,,,,,,,Matches
86,Bafétimbi Gomis,fr FRA,FW,Kawa Frontale,38,1985,4.7,,,,,,,0,,,,,,,,,Matches
87,Douglas Grolli,br BRA,DF,Avispa Fukuoka,34,1989,22.0,,,,,,,14,,,,,,,,,Matches
88,Jay-Roy Grot,sr SUR,FW,Kashiwa Reysol,25,1998,0.6,,,,,,,0,,,,,,,,,Matches
89,Kim Gun-hee,kr KOR,FW,Consa Sapporo,28,1995,3.4,,,,,,,1,,,,,,,,,Matches
90,Samuel Gustafson,se SWE,MF,Urawa Reds,29,1995,22.6,,,,,,,55,,,,,,,,,Matches
91,Yutaro Hakamata,jp JPN,DF,Tokyo Verdy,27,1996,3.2,,,,,,,2,,,,,,,,,Matches
92,Riku Handa,jp JPN,DF,Gamba Osaka,22,2002,21.0,,,,,,,13,,,,,,,,,Matches
93,Kosuke Hara,jp JPN,MF,Consa Sapporo,18,2005,3.0,,,,,,,9,,,,,,,,,Matches
94,Taichi Hara,jp JPN,FW,Kyoto Sanga,24,1999,35.6,,,,,,,87,,,,,,,,,Matches
95,Wataru Harada,jp JPN,DF,Sagan Tosu,27,1996,30.6,,,,,,,70,,,,,,,,,Matches
96,Genki Haraguchi,jp JPN,MF,Urawa Reds,32,1991,5.1,,,,,,,3,,,,,,,,,Matches
97,Riki Harakawa,jp JPN,MF,FC Tokyo,30,1993,7.5,,,,,,,42,,,,,,,,,Matches
98,Motoki Hasegawa,jp JPN,MF,Albirex Niigata,25,1998,18.6,,,,,,,70,,,,,,,,,Matches
99,Takumi Hasegawa,jp JPN,"MF,DF",Albirex Niigata,25,1998,1.8,,,,,,,17,,,,,,,,,Matches
100,Tatsuya Hasegawa,jp JPN,"MF,FW",Consa Sapporo,29,1994,7.1,,,,,,,27,,,,,,,,,Matches
Rk,Player,Nation,Pos,Squad,Age,Born,90s,Att,Live,Dead,FK,TB,Sw,Crs,TI,CK,In,Out,Str,Cmp,Off,Blocks,Matches
101,Kento Hashimoto,jp JPN,DF,Albirex Niigata,24,1999,6.8,,,,,,,49,,,,,,,,,Matches
102,Taiga Hata,jp JPN,"MF,DF",Shonan Bellmare,22,2002,22.1,,,,,,,51,,,,,,,,,Matches
103,Shinnosuke Hatanaka,jp JPN,DF,Marinos,28,1995,14.1,,,,,,,0,,,,,,,,,Matches
104,Go Hatano,jp JPN,GK,FC Tokyo,25,1998,11.6,,,,,,,0,,,,,,,,,Matches
105,Ryo Hatsuse,jp JPN,DF,Vissel Kobe,26,1997,25.7,,,,,,,270,,,,,,,,,Matches
106,Fumiya Hayakawa,jp JPN,DF,Albirex Niigata,30,1994,11.3,,,,,,,5,,,,,,,,,Matches
107,Tomoki Hayakawa,jp JPN,GK,Kashima Antlers,24,1999,38.0,,,,,,,0,,,,,,,,,Matches
108,Yūki Hayasaka,jp JPN,GK,Kawa Frontale,24,1999,1.0,,,,,,,0,,,,,,,,,Matches
109,Daichi Hayashi,jp JPN,FW,Gamba Osaka,26,1997,0.1,,,,,,,0,,,,,,,,,Matches
110,Kotaro Hayashi,jp JPN,"DF,MF",Machida Zelvia,23,2000,31.7,,,,,,,52,,,,,,,,,Matches
111,Naoki Hayashi,jp JPN,DF,Tokyo Verdy,25,1998,25.7,,,,,,,5,,,,,,,,,Matches
112,Cesar Haydar,co COL,DF,Kawa Frontale,22,2001,2.0,,,,,,,0,,,,,,,,,Matches
113,Osamu Henry Iyoha,jp JPN,DF,Sanfrecce,25,1998,1.0,,,,,,,0,,,,,,,,,Matches
114,Keigo Higashi,jp JPN,MF,FC Tokyo,33,1990,7.8,,,,,,,10,,,,,,,,,Matches
115,Shunki Higashi,jp JPN,MF,Sanfrecce,23,2000,35.5,,,,,,,228,,,,,,,,,Matches
116,Yuta Higuchi,jp JPN,MF,Kashima Antlers,27,1996,17.3,,,,,,,109,,,,,,,,,Matches
117,Hassan Hilu,il ISR,DF,Júbilo Iwata,24,1999,8.7,,,,,,,0,,,,,,,,,Matches
118,Shota Hino,jp JPN,"FW,MF",Sagan Tosu,21,2002,6.9,,,,,,,32,,,,,,,,,Matches
119,Sora Hiraga,jp JPN,"FW,MF",Kyoto Sanga,18,2005,5.8,,,,,,,8,,,,,,,,,Matches
120,Rei Hirakawa,jp JPN,MF,Júbilo Iwata,23,2000,17.2,,,,,,,27,,,,,,,,,Matches
121,Yu Hirakawa,jp JPN,MF,Machida Zelvia,23,2001,17.4,,,,,,,76,,,,,,,,,Matches
122,Yuichi Hirano,jp JPN,MF,Cerezo Osaka,27,1996,2.0,,,,,,,2,,,,,,,,,Matches
123,Taiyo Hiraoka,jp JPN,MF,Shonan Bellmare,21,2002,19.2,,,,,,,27,,,,,,,,,Matches
124,Taiki Hirato,jp JPN,MF,Kyoto Sanga,26,1997,21.2,,,,,,,121,,,,,,,,,Matches
125,Yuto Hiratsuka,jp JPN,MF,Avispa Fukuoka,27,1996,1.2,,,,,,,5,,,,,,,,,Matches
Rk,Player,Nation,Pos,Squad,Age,Born,90s,Att,Live,Dead,FK,TB,Sw,Crs,TI,CK,In,Out,Str,Cmp,Off,Blocks,Matches
126,Rikuto Hirose,jp JPN,"FW,DF",Vissel Kobe,28,1995,13.9,,,,,,,46,,,,,,,,,Matches
127,Shion Homma,jp JPN,MF,Urawa Reds,23,2000,0.7,,,,,,,3,,,,,,,,,Matches
128,Yuki Honda,jp JPN,DF,Vissel Kobe,33,1991,14.9,,,,,,,10,,,,,,,,,Matches
129,Yuki Horigome,jp JPN,"MF,FW",Sagan Tosu,31,1992,12.7,,,,,,,35,,,,,,,,,Matches
130,Yuto Horigome,jp JPN,DF,Albirex Niigata,29,1994,15.5,,,,,,,33,,,,,,,,,Matches
131,Yota Horiuchi,jp JPN,MF,Urawa Reds,19,2004,0.4,,,,,,,0,,,,,,,,,Matches
132,Yuji Hoshi,jp JPN,"MF,DF",Albirex Niigata,31,1992,8.0,,,,,,,14,,,,,,,,,Matches
133,Mao Hosoya,jp JPN,FW,Kashiwa Reysol,22,2001,28.1,,,,,,,15,,,,,,,,,Matches
134,Justin Hubner,id IDN,DF,Cerezo Osaka,20,2003,0.9,,,,,,,0,,,,,,,,,Matches
135,Marius Høibråten,no NOR,DF,Urawa Reds,29,1995,35.9,,,,,,,1,,,,,,,,,Matches
136,Kazunari Ichimi,jp JPN,FW,Kyoto Sanga,26,1997,5.4,,,,,,,8,,,,,,,,,Matches
137,Jun Ichimori,jp JPN,GK,Gamba Osaka,32,1991,38.0,,,,,,,0,,,,,,,,,Matches
138,Haruya Ide,jp JPN,MF,Vissel Kobe,29,1994,11.9,,,,,,,34,,,,,,,,,Matches
139,Yosuke Ideguchi,jp JPN,MF,Vissel Kobe,27,1996,20.2,,,,,,,29,,,,,,,,,Matches
140,Rei Ieizumi,jp JPN,DF,Consa Sapporo,24,2000,5.4,,,,,,,0,,,,,,,,,Matches
141,Akihiro Ienaga,jp JPN,"MF,FW",Kawa Frontale,37,1986,27.8,,,,,,,71,,,,,,,,,Matches
142,Hiroki Iikura,jp JPN,GK,Marinos,37,1986,11.4,,,,,,,0,,,,,,,,,Matches
143,Nanasei Iino,jp JPN,"MF,FW",Vissel Kobe,27,1996,3.4,,,,,,,16,,,,,,,,,Matches
144,Jurato Ikeda,jp JPN,DF,Avispa Fukuoka,27,1996,0.1,,,,,,,0,,,,,,,,,Matches
145,Masaki Ikeda,jp JPN,MF,Shonan Bellmare,24,1999,24.3,,,,,,,54,,,,,,,,,Matches
146,Yuta Imazu,jp JPN,DF,Sagan Tosu,28,1995,4.7,,,,,,,0,,,,,,,,,Matches
147,Sho Inagaki,jp JPN,MF,Grampus,32,1991,34.1,,,,,,,27,,,,,,,,,Matches
148,Tetsuyuki Inami,jp JPN,"MF,DF",Tokyo Verdy,24,1999,14.6,,,,,,,11,,,,,,,,,Matches
149,Hayato Inamura,jp JPN,DF,Albirex Niigata,21,2002,6.4,,,,,,,1,,,,,,,,,Matches
150,Alen Inoue,jp JPN,FW,Sanfrecce,17,2006,0.5,,,,,,,0,,,,,,,,,Matches
Rk,Player,Nation,Pos,Squad,Age,Born,90s,Att,Live,Dead,FK,TB,Sw,Crs,TI,CK,In,Out,Str,Cmp,Off,Blocks,Matches
151,Kenta Inoue,jp JPN,"FW,MF",Marinos,25,1998,10.7,,,,,,,47,,,,,,,,,Matches
152,Rikito Inoue,jp JPN,DF,Urawa Reds,26,1997,14.9,,,,,,,1,,,,,,,,,Matches
153,Seiya Inoue,jp JPN,DF,Avispa Fukuoka,24,1999,16.5,,,,,,,15,,,,,,,,,Matches
154,Shion Inoue,jp JPN,DF,Grampus,23,2000,1.0,,,,,,,0,,,,,,,,,Matches
155,Taisei Inoue,jp JPN,DF,Sagan Tosu,21,2002,0.3,,,,,,,0,,,,,,,,,Matches
156,Tomoya Inukai,jp JPN,DF,Kashiwa Reysol,30,1993,24.3,,,,,,,2,,,,,,,,,Matches
157,Park Iru-gyu,jp JPN,GK,Sagan Tosu,34,1989,37.7,,,,,,,0,,,,,,,,,Matches
158,Masatoshi Ishida,jp JPN,MF,Júbilo Iwata,28,1995,0.9,,,,,,,0,,,,,,,,,Matches
159,Hideki Ishige,jp JPN,MF,Gamba Osaka,29,1994,0.5,,,,,,,0,,,,,,,,,Matches
160,Hirokazu Ishihara,jp JPN,DF,Urawa Reds,24,1999,26.2,,,,,,,45,,,,,,,,,Matches
161,Hisatsugu Ishii,jp JPN,FW,Shonan Bellmare,18,2005,3.2,,,,,,,6,,,,,,,,,Matches
162,Aozora Ishiyama,jp JPN,MF,Albirex Niigata,18,2006,0.3,,,,,,,0,,,,,,,,,Matches
163,Atsuki Ito,jp JPN,MF,Urawa Reds,25,1998,22.4,,,,,,,22,,,,,,,,,Matches
164,Makito Ito,jp JPN,DF,Júbilo Iwata,31,1992,13.2,,,,,,,0,,,,,,,,,Matches
165,Takuya Iwanami,jp JPN,DF,Vissel Kobe,29,1994,1.0,,,,,,,0,,,,,,,,,Matches
166,Ken Iwao,jp JPN,MF,Urawa Reds,35,1988,7.0,,,,,,,38,,,,,,,,,Matches
167,Yuto Iwasaki,jp JPN,MF,Avispa Fukuoka,25,1998,32.1,,,,,,,82,,,,,,,,,Matches
168,Ryuji Izumi,jp JPN,MF,Grampus,30,1993,22.1,,,,,,,29,,,,,,,,,Matches
169,Jajá,br BRA,FW,FC Tokyo,25,1998,3.1,,,,,,,11,,,,,,,,,Matches
170,Jajá,br BRA,FW,Sagan Tosu,25,1998,1.4,,,,,,,2,,,,,,,,,Matches
171,Issam Jebali,tn TUN,FW,Gamba Osaka,32,1991,4.2,,,,,,,1,,,,,,,,,Matches
172,Jesiel,br BRA,DF,Kawa Frontale,29,1994,10.6,,,,,,,0,,,,,,,,,Matches
173,Kim Jin-hyeon,kr KOR,GK,Cerezo Osaka,36,1987,38.0,,,,,,,0,,,,,,,,,Matches
174,Hisashi Jogo,jp JPN,MF,Avispa Fukuoka,37,1986,0.1,,,,,,,1,,,,,,,,,Matches
175,Bruno José,br BRA,MF,Júbilo Iwata,25,1998,6.0,,,,,,,31,,,,,,,,,Matches
Rk,Player,Nation,Pos,Squad,Age,Born,90s,Att,Live,Dead,FK,TB,Sw,Crs,TI,CK,In,Out,Str,Cmp,Off,Blocks,Matches
176,Marcos Júnior,br BRA,"MF,FW",Sanfrecce,31,1993,4.5,,,,,,,22,,,,,,,,,Matches
177,Kasper Junker,dk DEN,FW,Grampus,29,1994,8.5,,,,,,,3,,,,,,,,,Matches
178,Ryonosuke Kabayama,jp JPN,MF,Sagan Tosu,21,2002,0.7,,,,,,,1,,,,,,,,,Matches
179,Shinji Kagawa,jp JPN,MF,Cerezo Osaka,34,1989,6.3,,,,,,,5,,,,,,,,,Matches
180,Yuki Kakita,jp JPN,FW,Kashiwa Reysol,26,1997,3.9,,,,,,,4,,,,,,,,,Matches
181,Yuki Kakita,jp JPN,FW,Kashima Antlers,26,1997,0.5,,,,,,,0,,,,,,,,,Matches
182,Masashi Kamekawa,jp JPN,"DF,MF",Avispa Fukuoka,30,1993,11.5,,,,,,,24,,,,,,,,,Matches
183,Naoto Kamifukumoto,jp JPN,GK,Shonan Bellmare,34,1989,11.0,,,,,,,0,,,,,,,,,Matches
184,Naoto Kamifukumoto,jp JPN,GK,Kawa Frontale,34,1989,8.0,,,,,,,0,,,,,,,,,Matches
185,Takumi Kamijima,jp JPN,DF,Marinos,26,1997,25.5,,,,,,,0,,,,,,,,,Matches
186,Takeshi Kanamori,jp JPN,MF,Avispa Fukuoka,29,1994,9.7,,,,,,,16,,,,,,,,,Matches
187,Soma Kanda,jp JPN,FW,Kawa Frontale,18,2005,0.0,,,,,,,0,,,,,,,,,Matches
188,Daiki Kaneko,jp JPN,MF,Kyoto Sanga,25,1998,19.4,,,,,,,5,,,,,,,,,Matches
189,Shota Kaneko,jp JPN,MF,Júbilo Iwata,28,1995,6.8,,,,,,,4,,,,,,,,,Matches
190,Naoki Kanuma,jp JPN,"MF,DF",Júbilo Iwata,26,1997,3.9,,,,,,,1,,,,,,,,,Matches
191,Yoshifumi Kashiwa,jp JPN,MF,Sanfrecce,36,1987,0.6,,,,,,,4,,,,,,,,,Matches
192,Eiichi Katayama,jp JPN,DF,Kashiwa Reysol,32,1991,4.3,,,,,,,6,,,,,,,,,Matches
193,Hijiri Kato,jp JPN,DF,Marinos,22,2001,8.3,,,,,,,25,,,,,,,,,Matches
194,Ren Kato,jp JPN,DF,Marinos,24,1999,15.2,,,,,,,25,,,,,,,,,Matches
195,Hayao Kawabe,jp JPN,MF,Sanfrecce,28,1995,11.1,,,,,,,23,,,,,,,,,Matches
196,Naoki Kawaguchi,jp JPN,DF,Kashiwa Reysol,29,1994,5.4,,,,,,,15,,,,,,,,,Matches
197,So Kawahara,jp JPN,MF,Kawa Frontale,25,1998,5.9,,,,,,,22,,,,,,,,,Matches
198,So Kawahara,jp JPN,MF,Sagan Tosu,25,1998,23.4,,,,,,,69,,,,,,,,,Matches
199,Keito Kawamura,jp JPN,FW,Tokyo Verdy,24,1999,0.4,,,,,,,1,,,,,,,,,Matches
200,Takumu Kawamura,jp JPN,MF,Sanfrecce,24,1999,13.1,,,,,,,4,,,,,,,,,Matches
Rk,Player,Nation,Pos,Squad,Age,Born,90s,Att,Live,Dead,FK,TB,Sw,Crs,TI,CK,In,Out,Str,Cmp,Off,Blocks,Matches
201,Ikki Kawasaki,jp JPN,MF,Júbilo Iwata,26,1997,0.1,,,,,,,0,,,,,,,,,Matches
202,Sota Kawasaki,jp JPN,MF,Kyoto Sanga,22,2001,28.2,,,,,,,23,,,,,,,,,Matches
203,Eiji Kawashima,jp JPN,GK,Júbilo Iwata,40,1983,31.6,,,,,,,0,,,,,,,,,Matches
204,Atsushi Kawata,jp JPN,MF,Sagan Tosu,31,1992,0.7,,,,,,,2,,,,,,,,,Matches
205,Akinari Kawazura,jp JPN,DF,Grampus,29,1994,23.9,,,,,,,6,,,,,,,,,Matches
206,Hinata Kida,jp JPN,MF,Cerezo Osaka,23,2000,6.3,,,,,,,11,,,,,,,,,Matches
207,Takuya Kida,jp JPN,MF,Marinos,29,1994,23.2,,,,,,,0,,,,,,,,,Matches
208,Ryuho Kikuchi,jp JPN,DF,Vissel Kobe,27,1996,5.4,,,,,,,2,,,,,,,,,Matches
209,Taichi Kikuchi,jp JPN,MF,Grampus,24,1999,5.9,,,,,,,24,,,,,,,,,Matches
210,Taichi Kikuchi,jp JPN,MF,Sagan Tosu,24,1999,13.6,,,,,,,28,,,,,,,,,Matches
211,Yasuki Kimoto,jp JPN,DF,FC Tokyo,30,1993,15.0,,,,,,,1,,,,,,,,,Matches
212,Seiji Kimura,jp JPN,DF,Sagan Tosu,22,2001,22.4,,,,,,,5,,,,,,,,,Matches
213,Yūdai Kimura,jp JPN,FW,Tokyo Verdy,22,2001,30.6,,,,,,,5,,,,,,,,,Matches
214,Kosuke Kinoshita,jp JPN,FW,Kashiwa Reysol,29,1994,20.6,,,,,,,6,,,,,,,,,Matches
215,Takeru Kishimoto,jp JPN,"MF,DF",Gamba Osaka,26,1997,10.9,,,,,,,48,,,,,,,,,Matches
216,Fumiya Kitajima,jp JPN,DF,Sagan Tosu,18,2005,1.0,,,,,,,5,,,,,,,,,Matches
217,Yuji Kitajima,jp JPN,MF,Avispa Fukuoka,23,2000,4.5,,,,,,,43,,,,,,,,,Matches
218,Sota Kitano,jp JPN,MF,Cerezo Osaka,19,2004,9.0,,,,,,,6,,,,,,,,,Matches
219,Hiroshi Kiyotake,jp JPN,MF,Sagan Tosu,34,1989,2.6,,,,,,,17,,,,,,,,,Matches
220,Hiroshi Kiyotake,jp JPN,"FW,MF",Cerezo Osaka,34,1989,0.9,,,,,,,7,,,,,,,,,Matches
221,Takahiro Ko,jp JPN,MF,FC Tokyo,25,1998,31.9,,,,,,,20,,,,,,,,,Matches
222,Yu Kobayashi,jp JPN,FW,Kawa Frontale,36,1987,7.5,,,,,,,11,,,,,,,,,Matches
223,Yuki Kobayashi,jp JPN,"MF,FW",Consa Sapporo,31,1992,9.5,,,,,,,36,,,,,,,,,Matches
224,Jun Kodama,jp JPN,GK,Consa Sapporo,26,1997,1.0,,,,,,,0,,,,,,,,,Matches
225,Tsuyoshi Kodama,jp JPN,GK,FC Tokyo,36,1987,0.5,,,,,,,0,,,,,,,,,Matches
Rk,Player,Nation,Pos,Squad,Age,Born,90s,Att,Live,Dead,FK,TB,Sw,Crs,TI,CK,In,Out,Str,Cmp,Off,Blocks,Matches
226,Taiyo Koga,jp JPN,DF,Kashiwa Reysol,25,1998,36.9,,,,,,,3,,,,,,,,,Matches
227,Ryuta Koike,jp JPN,"MF,DF",Marinos,28,1995,4.4,,,,,,,6,,,,,,,,,Matches
228,Yuta Koike,jp JPN,FW,Marinos,27,1996,0.6,,,,,,,3,,,,,,,,,Matches
229,Kei Koizumi,jp JPN,MF,FC Tokyo,28,1995,28.0,,,,,,,16,,,,,,,,,Matches
230,Yoshio Koizumi,jp JPN,"MF,FW",Urawa Reds,27,1996,7.9,,,,,,,18,,,,,,,,,Matches
231,Ryosuke Kojima,jp JPN,GK,Albirex Niigata,27,1997,33.0,,,,,,,1,,,,,,,,,Matches
232,Yoshiaki Komai,jp JPN,"MF,FW",Consa Sapporo,31,1992,35.3,,,,,,,23,,,,,,,,,Matches
233,Yota Komi,jp JPN,MF,Albirex Niigata,21,2002,20.5,,,,,,,36,,,,,,,,,Matches
234,Tomoki Kondo,jp JPN,MF,Consa Sapporo,22,2001,24.5,,,,,,,62,,,,,,,,,Matches
235,Kazuya Konno,jp JPN,MF,Avispa Fukuoka,26,1997,29.8,,,,,,,181,,,,,,,,,Matches
236,Shinzo Koroki,jp JPN,FW,Urawa Reds,37,1986,3.3,,,,,,,1,,,,,,,,,Matches
237,Sota Koshimichi,jp JPN,MF,Sanfrecce,19,2004,6.7,,,,,,,38,,,,,,,,,Matches
238,Tomoya Koyamatsu,jp JPN,"FW,MF",Kashiwa Reysol,28,1995,19.6,,,,,,,25,,,,,,,,,Matches
239,Tojiro Kubo,jp JPN,"MF,DF",Grampus,24,1999,5.8,,,,,,,20,,,,,,,,,Matches
240,Tojiro Kubo,jp JPN,MF,Sagan Tosu,24,1999,5.1,,,,,,,17,,,,,,,,,Matches
241,Koki Kumasaka,jp JPN,MF,Kashiwa Reysol,22,2001,2.3,,,,,,,1,,,,,,,,,Matches
242,Kazuki Kumasawa,jp JPN,FW,Kashiwa Reysol,23,2001,3.0,,,,,,,3,,,,,,,,,Matches
243,Shu Kurata,jp JPN,MF,Gamba Osaka,35,1988,8.7,,,,,,,15,,,,,,,,,Matches
244,Keisuke Kurokawa,jp JPN,DF,Gamba Osaka,26,1997,36.8,,,,,,,108,,,,,,,,,Matches
245,Shintaro Kurumaya,jp JPN,DF,Kawa Frontale,31,1992,1.2,,,,,,,0,,,,,,,,,Matches
246,Yuya Kuwasaki,jp JPN,"MF,DF",Vissel Kobe,25,1998,4.0,,,,,,,5,,,,,,,,,Matches
247,Kanji Kuwayama,jp JPN,FW,Machida Zelvia,21,2002,0.7,,,,,,,0,,,,,,,,,Matches
248,Mitchell Langerak,au AUS,GK,Grampus,35,1988,35.0,,,,,,,1,,,,,,,,,Matches
249,Neta Lavi,il ISR,MF,Gamba Osaka,27,1996,8.7,,,,,,,3,,,,,,,,,Matches
250,Leonardo,br BRA,FW,Cerezo Osaka,28,1995,35.7,,,,,,,7,,,,,,,,,Matches
Rk,Player,Nation,Pos,Squad,Age,Born,90s,Att,Live,Dead,FK,TB,Sw,Crs,TI,CK,In,Out,Str,Cmp,Off,Blocks,Matches
251,Erik Lima,br BRA,"FW,MF",Machida Zelvia,29,1994,9.9,,,,,,,18,,,,,,,,,Matches
252,Bryan Linssen,nl NED,FW,Urawa Reds,33,1990,9.3,,,,,,,2,,,,,,,,,Matches
253,Anderson Lopes,br BRA,FW,Marinos,30,1993,35.0,,,,,,,5,,,,,,,,,Matches
254,Hiroyuki Mae,jp JPN,MF,Avispa Fukuoka,28,1995,33.3,,,,,,,85,,,,,,,,,Matches
255,Naoki Maeda,jp JPN,"FW,MF",Urawa Reds,29,1994,14.9,,,,,,,59,,,,,,,,,Matches
256,Yota Maejima,jp JPN,MF,Avispa Fukuoka,26,1997,20.2,,,,,,,41,,,,,,,,,Matches
257,Daiya Maekawa,jp JPN,GK,Vissel Kobe,29,1994,36.8,,,,,,,0,,,,,,,,,Matches
258,Seiya Maikuma,jp JPN,DF,Cerezo Osaka,26,1997,13.6,,,,,,,37,,,,,,,,,Matches
259,Marcinho,br BRA,"MF,FW",Kawa Frontale,28,1995,25.9,,,,,,,19,,,,,,,,,Matches
260,Yusuke Maruhashi,jp JPN,DF,Sagan Tosu,33,1990,11.7,,,,,,,25,,,,,,,,,Matches
261,Yuichi Maruyama,jp JPN,DF,Kawa Frontale,34,1989,5.7,,,,,,,1,,,,,,,,,Matches
262,Ken Masui,jp JPN,MF,Grampus,22,2001,8.5,,,,,,,40,,,,,,,,,Matches
263,Yūgo Masukake,jp JPN,FW,Kashiwa Reysol,20,2003,0.0,,,,,,,0,,,,,,,,,Matches
264,Yan Matheus,br BRA,"FW,MF",Marinos,25,1998,26.3,,,,,,,107,,,,,,,,,Matches
265,Ken Matsubara,jp JPN,DF,Marinos,30,1993,26.7,,,,,,,55,,,,,,,,,Matches
266,Ko Matsubara,jp JPN,"DF,MF",Júbilo Iwata,27,1996,33.7,,,,,,,176,,,,,,,,,Matches
267,Eitaro Matsuda,jp JPN,MF,Albirex Niigata,22,2001,13.2,,,,,,,59,,,,,,,,,Matches
268,Keita Matsuda,jp JPN,DF,Kyoto Sanga,23,2000,2.4,,,,,,,1,,,,,,,,,Matches
269,Riku Matsuda,jp JPN,DF,Gamba Osaka,32,1991,7.2,,,,,,,37,,,,,,,,,Matches
270,Temma Matsuda,jp JPN,"MF,FW",Kyoto Sanga,28,1995,15.8,,,,,,,54,,,,,,,,,Matches
271,Yuan Matsuhashi,jp JPN,"MF,DF",Tokyo Verdy,22,2001,8.3,,,,,,,10,,,,,,,,,Matches
272,Kuryū Matsuki,jp JPN,MF,FC Tokyo,20,2003,14.0,,,,,,,42,,,,,,,,,Matches
273,Hiroya Matsumoto,jp JPN,MF,Sanfrecce,23,2000,0.4,,,,,,,0,,,,,,,,,Matches
274,Kenta Matsumoto,jp JPN,GK,Kashiwa Reysol,26,1997,32.0,,,,,,,0,,,,,,,,,Matches
275,Masaya Matsumoto,jp JPN,MF,Júbilo Iwata,29,1995,24.8,,,,,,,66,,,,,,,,,Matches
Rk,Player,Nation,Pos,Squad,Age,Born,90s,Att,Live,Dead,FK,TB,Sw,Crs,TI,CK,In,Out,Str,Cmp,Off,Blocks,Matches
276,Taishi Matsumoto,jp JPN,MF,Sanfrecce,25,1998,31.1,,,,,,,59,,,,,,,,,Matches
277,Sere Matsumura,jp JPN,"MF,DF",Shonan Bellmare,20,2003,3.1,,,,,,,0,,,,,,,,,Matches
278,Yuta Matsumura,id IDN,MF,Tokyo Verdy,22,2001,4.3,,,,,,,19,,,,,,,,,Matches
279,Yuta Matsumura,id IDN,MF,Kashima Antlers,22,2001,1.2,,,,,,,6,,,,,,,,,Matches
280,Yusuke Matsuo,jp JPN,"FW,MF",Urawa Reds,26,1997,12.5,,,,,,,33,,,,,,,,,Matches
281,Daiki Matsuoka,jp JPN,MF,Avispa Fukuoka,22,2001,26.7,,,,,,,19,,,,,,,,,Matches
282,Hiroki Mawatari,jp JPN,GK,Shonan Bellmare,29,1994,3.4,,,,,,,0,,,,,,,,,Matches
283,Ryotaro Meshino,jp JPN,MF,Gamba Osaka,25,1998,4.1,,,,,,,3,,,,,,,,,Matches
284,Soma Meshino,jp JPN,MF,Tokyo Verdy,22,2001,1.0,,,,,,,5,,,,,,,,,Matches
285,Tomoya Miki,jp JPN,MF,Tokyo Verdy,25,1998,27.6,,,,,,,78,,,,,,,,,Matches
286,Kenedyegbus Mikuni,jp JPN,DF,Grampus,23,2000,34.1,,,,,,,5,,,,,,,,,Matches
287,Radomir Milosavljević,rs SRB,"FW,MF",Kashima Antlers,31,1992,1.0,,,,,,,1,,,,,,,,,Matches
288,Kim Min-tae,kr KOR,DF,Shonan Bellmare,30,1993,31.5,,,,,,,1,,,,,,,,,Matches
289,Jang Mingyu,kr KOR,DF,Machida Zelvia,24,1999,16.0,,,,,,,2,,,,,,,,,Matches
290,Park Mingyu,kr KOR,DF,Consa Sapporo,28,1995,12.8,,,,,,,18,,,,,,,,,Matches
291,Kento Misao,jp JPN,"DF,MF",Kashima Antlers,27,1996,12.7,,,,,,,17,,,,,,,,,Matches
292,Yuto Misao,jp JPN,DF,Kyoto Sanga,32,1991,11.3,,,,,,,29,,,,,,,,,Matches
293,Rin Mito,jp JPN,MF,Gamba Osaka,21,2002,3.4,,,,,,,3,,,,,,,,,Matches
294,Hiromu Mitsumaru,jp JPN,DF,Kashiwa Reysol,30,1993,3.2,,,,,,,14,,,,,,,,,Matches
295,Makoto Mitsuta,jp JPN,MF,Sanfrecce,24,1999,22.6,,,,,,,198,,,,,,,,,Matches
296,Genta Miura,jp JPN,DF,Gamba Osaka,28,1995,9.0,,,,,,,4,,,,,,,,,Matches
297,Ryuki Miura,jp JPN,GK,Júbilo Iwata,31,1992,3.0,,,,,,,0,,,,,,,,,Matches
298,Sota Miura,jp JPN,DF,Kawa Frontale,23,2000,18.3,,,,,,,108,,,,,,,,,Matches
299,Daiki Miya,jp JPN,DF,Avispa Fukuoka,27,1996,20.3,,,,,,,33,,,,,,,,,Matches
300,Ten Miyagi,jp JPN,FW,Kawa Frontale,22,2001,0.7,,,,,,,2,,,,,,,,,Matches
Rk,Player,Nation,Pos,Squad,Age,Born,90s,Att,Live,Dead,FK,TB,Sw,Crs,TI,CK,In,Out,Str,Cmp,Off,Blocks,Matches
301,Kazuya Miyahara,jp JPN,"DF,MF",Tokyo Verdy,27,1996,27.0,,,,,,,34,,,,,,,,,Matches
302,Ryo Miyaichi,jp JPN,"FW,MF",Marinos,31,1992,11.3,,,,,,,52,,,,,,,,,Matches
303,Eiji Miyamoto,jp JPN,MF,Albirex Niigata,25,1998,19.1,,,,,,,7,,,,,,,,,Matches
304,Yūta Miyamoto,jp JPN,DF,Kyoto Sanga,24,1999,24.7,,,,,,,22,,,,,,,,,Matches
305,Taisei Miyashiro,jp JPN,"MF,FW",Vissel Kobe,23,2000,23.1,,,,,,,20,,,,,,,,,Matches
306,Takumi Miyayoshi,jp JPN,FW,Kyoto Sanga,31,1992,2.4,,,,,,,4,,,,,,,,,Matches
307,Hiroki Miyazawa,jp JPN,"MF,DF",Consa Sapporo,34,1989,11.0,,,,,,,1,,,,,,,,,Matches
308,Kota Mizunuma,jp JPN,"FW,MF",Marinos,33,1990,7.2,,,,,,,66,,,,,,,,,Matches
309,Henry Mochizuki,jp JPN,"DF,MF",Machida Zelvia,22,2001,18.5,,,,,,,45,,,,,,,,,Matches
310,Riku Morioka,jp JPN,DF,Júbilo Iwata,25,1998,5.8,,,,,,,0,,,,,,,,,Matches
311,Masato Morishige,jp JPN,DF,FC Tokyo,36,1987,19.3,,,,,,,0,,,,,,,,,Matches
312,Tsukasa Morishima,jp JPN,MF,Grampus,26,1997,34.3,,,,,,,141,,,,,,,,,Matches
313,Koki Morita,jp JPN,MF,Tokyo Verdy,23,2000,28.7,,,,,,,14,,,,,,,,,Matches
314,Tatsuya Morita,jp JPN,GK,Kashiwa Reysol,33,1990,2.0,,,,,,,0,,,,,,,,,Matches
315,Kentaro Moriya,jp JPN,MF,Sagan Tosu,35,1988,0.1,,,,,,,0,,,,,,,,,Matches
316,Kimiya Moriyama,jp JPN,DF,Avispa Fukuoka,21,2002,1.5,,,,,,,4,,,,,,,,,Matches
317,Shu Morooka,jp JPN,"MF,FW",Kashima Antlers,23,2000,21.7,,,,,,,37,,,,,,,,,Matches
318,Masaaki Murakami,jp JPN,GK,Avispa Fukuoka,31,1992,25.5,,,,,,,0,,,,,,,,,Matches
319,Yuhi Murakami,jp JPN,"FW,DF",Marinos,23,2000,1.9,,,,,,,7,,,,,,,,,Matches
320,Yoshinori Mutō,jp JPN,"FW,MF",Vissel Kobe,31,1992,34.3,,,,,,,95,,,,,,,,,Matches
321,Yuki Muto,jp JPN,"FW,MF",Kashiwa Reysol,35,1988,0.6,,,,,,,0,,,,,,,,,Matches
322,Kato Mutsuki,jp JPN,"MF,FW",Sanfrecce,26,1997,34.1,,,,,,,65,,,,,,,,,Matches
323,Kensuke Nagai,jp JPN,"FW,MF",Grampus,34,1989,23.8,,,,,,,45,,,,,,,,,Matches
324,Takumi Nagaishi,jp JPN,GK,Avispa Fukuoka,27,1996,12.5,,,,,,,0,,,,,,,,,Matches
325,Motoki Nagakura,jp JPN,"FW,MF",Albirex Niigata,24,1999,21.0,,,,,,,5,,,,,,,,,Matches
Rk,Player,Nation,Pos,Squad,Age,Born,90s,Att,Live,Dead,FK,TB,Sw,Crs,TI,CK,In,Out,Str,Cmp,Off,Blocks,Matches
326,Yoichi Naganuma,jp JPN,"MF,DF",Sagan Tosu,26,1997,21.2,,,,,,,27,,,,,,,,,Matches
327,Yoichi Naganuma,jp JPN,"DF,MF",Urawa Reds,26,1997,4.5,,,,,,,6,,,,,,,,,Matches
328,Shiva Nagasawa,jp JPN,DF,Sagan Tosu,22,2001,1.5,,,,,,,1,,,,,,,,,Matches
329,Katsuya Nagato,jp JPN,DF,Marinos,29,1995,17.4,,,,,,,52,,,,,,,,,Matches
330,Yuto Nagatomo,jp JPN,DF,FC Tokyo,37,1986,18.0,,,,,,,33,,,,,,,,,Matches
331,Shintaro Nago,jp JPN,MF,Kashima Antlers,27,1996,26.5,,,,,,,141,,,,,,,,,Matches
332,Teruhito Nakagawa,jp JPN,"MF,FW",FC Tokyo,31,1992,25.7,,,,,,,22,,,,,,,,,Matches
333,Hikaru Nakahara,jp JPN,MF,Sagan Tosu,27,1996,14.9,,,,,,,64,,,,,,,,,Matches
334,Shoya Nakajima,jp JPN,FW,Urawa Reds,29,1994,9.1,,,,,,,30,,,,,,,,,Matches
335,Yotaro Nakajima,jp JPN,MF,Sanfrecce,17,2006,3.4,,,,,,,10,,,,,,,,,Matches
336,Hayato Nakama,jp JPN,MF,Kashima Antlers,31,1992,20.1,,,,,,,22,,,,,,,,,Matches
337,Hotaka Nakamura,jp JPN,DF,FC Tokyo,26,1997,11.0,,,,,,,15,,,,,,,,,Matches
338,Shun Nakamura,jp JPN,MF,Júbilo Iwata,29,1994,11.1,,,,,,,43,,,,,,,,,Matches
339,Toya Nakamura,jp JPN,DF,Consa Sapporo,23,2000,18.4,,,,,,,17,,,,,,,,,Matches
340,Ryuma Nakano,jp JPN,MF,Kyoto Sanga,21,2002,0.7,,,,,,,2,,,,,,,,,Matches
341,Shinya Nakano,jp JPN,DF,Gamba Osaka,20,2003,2.6,,,,,,,10,,,,,,,,,Matches
342,Shuto Nakano,jp JPN,"DF,MF",Sanfrecce,23,2000,37.1,,,,,,,63,,,,,,,,,Matches
343,Yuki Nakashima,jp JPN,"MF,FW",Machida Zelvia,39,1984,2.3,,,,,,,3,,,,,,,,,Matches
344,Shinnosuke Nakatani,jp JPN,DF,Gamba Osaka,27,1996,38.0,,,,,,,2,,,,,,,,,Matches
345,Katsuhiro Nakayama,jp JPN,MF,Grampus,27,1996,19.4,,,,,,,54,,,,,,,,,Matches
346,Yuta Nakayama,jp JPN,DF,Machida Zelvia,26,1997,3.7,,,,,,,2,,,,,,,,,Matches
347,Tatsuki Nara,jp JPN,DF,Avispa Fukuoka,30,1993,10.9,,,,,,,0,,,,,,,,,Matches
348,Yoshiki Narahara,jp JPN,MF,Sagan Tosu,19,2004,3.7,,,,,,,6,,,,,,,,,Matches
349,Ryo Nemoto,jp JPN,FW,Shonan Bellmare,23,2000,2.5,,,,,,,1,,,,,,,,,Matches
350,Ayumi Niekawa,jp JPN,GK,Urawa Reds,29,1994,2.1,,,,,,,0,,,,,,,,,Matches
Rk,Player,Nation,Pos,Squad,Age,Born,90s,Att,Live,Dead,FK,TB,Sw,Crs,TI,CK,In,Out,Str,Cmp,Off,Blocks,Matches
351,Shusaku Nishikawa,jp JPN,GK,Urawa Reds,37,1986,35.9,,,,,,,0,,,,,,,,,Matches
352,Shunsuke Nishikubo,jp JPN,"DF,MF",Júbilo Iwata,20,2003,10.9,,,,,,,43,,,,,,,,,Matches
353,Takuma Nishimura,jp JPN,MF,Marinos,27,1996,6.9,,,,,,,10,,,,,,,,,Matches
354,Shota Nishino,jp JPN,DF,Consa Sapporo,19,2004,0.7,,,,,,,0,,,,,,,,,Matches
355,Ryūya Nishio,jp JPN,DF,Cerezo Osaka,22,2001,28.2,,,,,,,3,,,,,,,,,Matches
356,Kento Nishiya,jp JPN,MF,Sagan Tosu,24,1999,8.7,,,,,,,37,,,,,,,,,Matches
357,Rio Nitta,jp JPN,FW,Urawa Reds,20,2003,2.6,,,,,,,10,,,,,,,,,Matches
358,Kyohei Noborizato,jp JPN,DF,Cerezo Osaka,33,1990,16.3,,,,,,,9,,,,,,,,,Matches
359,Hiroki Noda,jp JPN,DF,Kashiwa Reysol,26,1997,4.7,,,,,,,2,,,,,,,,,Matches
360,Yuki Nogami,jp JPN,"DF,MF",Grampus,32,1991,20.5,,,,,,,28,,,,,,,,,Matches
361,Kimito Nono,jp JPN,DF,Kashima Antlers,21,2002,30.1,,,,,,,37,,,,,,,,,Matches
362,Gakuto Notsuda,jp JPN,MF,Sanfrecce,29,1994,0.8,,,,,,,1,,,,,,,,,Matches
363,Reon Nozawa,jp JPN,FW,FC Tokyo,20,2003,1.5,,,,,,,2,,,,,,,,,Matches
364,Taishi Nozawa,jp JPN,GK,FC Tokyo,21,2002,25.9,,,,,,,0,,,,,,,,,Matches
365,Takaya Numata,jp JPN,FW,Machida Zelvia,24,1999,0.0,,,,,,,1,,,,,,,,,Matches
366,Itsuki Oda,jp JPN,MF,Avispa Fukuoka,25,1998,18.1,,,,,,,71,,,,,,,,,Matches
367,Tsuyoshi Ogashiwa,jp JPN,"MF,FW",FC Tokyo,25,1998,3.5,,,,,,,4,,,,,,,,,Matches
368,Daiki Ogawa,jp JPN,DF,Júbilo Iwata,32,1991,0.8,,,,,,,1,,,,,,,,,Matches
369,Takahiro Ogihara,jp JPN,MF,Vissel Kobe,32,1991,32.2,,,,,,,125,,,,,,,,,Matches
370,Motoki Ohara,jp JPN,MF,Sanfrecce,23,2000,1.3,,,,,,,5,,,,,,,,,Matches
371,Yuki Ohashi,jp JPN,"MF,FW",Sanfrecce,27,1996,20.8,,,,,,,26,,,,,,,,,Matches
372,Ayumu Ohata,jp JPN,DF,Urawa Reds,22,2001,19.8,,,,,,,49,,,,,,,,,Matches
373,Kazuki Oiwa,jp JPN,DF,Shonan Bellmare,34,1989,20.2,,,,,,,4,,,,,,,,,Matches
374,Teppei Oka,jp JPN,DF,FC Tokyo,22,2001,16.6,,,,,,,2,,,,,,,,,Matches
375,Yamato Okada,jp JPN,DF,Consa Sapporo,22,2001,0.2,,,,,,,0,,,,,,,,,Matches
Rk,Player,Nation,Pos,Squad,Age,Born,90s,Att,Live,Dead,FK,TB,Sw,Crs,TI,CK,In,Out,Str,Cmp,Off,Blocks,Matches
376,Masahiro Okamoto,jp JPN,GK,Sagan Tosu,40,1983,0.3,,,,,,,0,,,,,,,,,Matches
377,Takuya Okamoto,jp JPN,"MF,DF",Shonan Bellmare,31,1992,5.0,,,,,,,25,,,,,,,,,Matches
378,Daihachi Okamura,jp JPN,DF,Consa Sapporo,26,1997,32.0,,,,,,,2,,,,,,,,,Matches
379,Tomoaki Okubo,jp JPN,"MF,FW",Urawa Reds,25,1998,14.8,,,,,,,22,,,,,,,,,Matches
380,Hayato Okuda,jp JPN,DF,Cerezo Osaka,22,2001,16.9,,,,,,,51,,,,,,,,,Matches
381,Jin Okumura,jp JPN,"MF,FW",Albirex Niigata,22,2001,8.2,,,,,,,9,,,,,,,,,Matches
382,Hiroaki Okuno,jp JPN,MF,Cerezo Osaka,34,1989,29.3,,,,,,,9,,,,,,,,,Matches
383,Kohei Okuno,jp JPN,MF,Shonan Bellmare,23,2000,8.1,,,,,,,14,,,,,,,,,Matches
384,Masayuki Okuyama,jp JPN,DF,Machida Zelvia,30,1993,0.5,,,,,,,2,,,,,,,,,Matches
385,Diego Oliveira,br BRA,FW,FC Tokyo,33,1990,23.2,,,,,,,9,,,,,,,,,Matches
386,Lucas Oliveira,br BRA,DF,Kyoto Sanga,27,1996,0.3,,,,,,,2,,,,,,,,,Matches
387,Matheus Caldeira Vidotto de Oliveira,br BRA,GK,Tokyo Verdy,29,1994,38.0,,,,,,,0,,,,,,,,,Matches
388,Takuma Ominami,jp JPN,DF,Kawa Frontale,26,1997,19.9,,,,,,,15,,,,,,,,,Matches
389,Shingo Omori,jp JPN,FW,Consa Sapporo,22,2001,3.8,,,,,,,3,,,,,,,,,Matches
390,Hijiri Onaga,jp JPN,"MF,DF",Tokyo Verdy,28,1995,29.6,,,,,,,121,,,,,,,,,Matches
391,Kazunari Ono,jp JPN,DF,Shonan Bellmare,34,1989,13.9,,,,,,,5,,,,,,,,,Matches
392,Masahito Ono,jp JPN,MF,Grampus,27,1996,1.7,,,,,,,6,,,,,,,,,Matches
393,Yuji Ono,jp JPN,FW,Albirex Niigata,31,1992,12.6,,,,,,,35,,,,,,,,,Matches
394,Kosuke Onose,jp JPN,MF,Shonan Bellmare,30,1993,12.2,,,,,,,50,,,,,,,,,Matches
395,Leo Osaki,jp JPN,"MF,DF",Consa Sapporo,32,1991,12.8,,,,,,,3,,,,,,,,,Matches
396,Keisuke Ōsako,jp JPN,GK,Sanfrecce,24,1999,38.0,,,,,,,0,,,,,,,,,Matches
397,Yuya Osako,jp JPN,FW,Vissel Kobe,33,1990,33.0,,,,,,,50,,,,,,,,,Matches
398,Ryota Oshima,jp JPN,MF,Kawa Frontale,31,1993,7.5,,,,,,,8,,,,,,,,,Matches
399,Gakuji Ota,jp JPN,GK,Kyoto Sanga,33,1990,7.4,,,,,,,0,,,,,,,,,Matches
400,Shusuke Ota,jp JPN,MF,Albirex Niigata,27,1996,8.2,,,,,,,26,,,,,,,,,Matches
Rk,Player,Nation,Pos,Squad,Age,Born,90s,Att,Live,Dead,FK,TB,Sw,Crs,TI,CK,In,Out,Str,Cmp,Off,Blocks,Matches
401,Gonçalo Paciência,pt POR,FW,Sanfrecce,29,1994,4.1,,,,,,,4,,,,,,,,,Matches
402,Guilherme Parede,br BRA,MF,Kashima Antlers,28,1995,2.0,,,,,,,10,,,,,,,,,Matches
403,Patric,br BRA,FW,Grampus,36,1987,12.9,,,,,,,2,,,,,,,,,Matches
404,Jean Patric,br BRA,"FW,MF",Vissel Kobe,26,1997,9.8,,,,,,,42,,,,,,,,,Matches
405,Matheus Peixoto,br BRA,FW,Júbilo Iwata,28,1995,22.8,,,,,,,11,,,,,,,,,Matches
406,Luiz Phellype,br BRA,FW,Shonan Bellmare,30,1993,0.5,,,,,,,0,,,,,,,,,Matches
407,William Popp,jp JPN,GK,Marinos,29,1994,24.3,,,,,,,0,,,,,,,,,Matches
408,Eakkanit Punya,th THA,MF,Urawa Reds,24,1999,1.3,,,,,,,0,,,,,,,,,Matches
409,Ricardo,br BRA,DF,Júbilo Iwata,26,1997,30.4,,,,,,,2,,,,,,,,,Matches
410,Zé Ricardo,br BRA,MF,Kawa Frontale,24,1999,4.4,,,,,,,3,,,,,,,,,Matches
411,Marcelo Ryan,br BRA,FW,Sagan Tosu,21,2002,24.0,,,,,,,18,,,,,,,,,Matches
412,Kosuke Saito,jp JPN,MF,Tokyo Verdy,26,1997,27.3,,,,,,,56,,,,,,,,,Matches
413,Gōtoku Sakai,jp JPN,DF,Vissel Kobe,32,1991,26.7,,,,,,,103,,,,,,,,,Matches
414,Hiroki Sakai,jp JPN,DF,Urawa Reds,33,1990,6.2,,,,,,,15,,,,,,,,,Matches
415,Noriyoshi Sakai,jp JPN,"FW,MF",Grampus,31,1992,0.6,,,,,,,1,,,,,,,,,Matches
416,Keisuke Sakaiya,jp JPN,"DF,MF",Sagan Tosu,18,2005,6.2,,,,,,,10,,,,,,,,,Matches
417,Keigo Sakakibara,jp JPN,"MF,DF",Marinos,23,2000,5.0,,,,,,,5,,,,,,,,,Matches
418,Kyota Sakakibara,jp JPN,MF,Grampus,22,2001,1.4,,,,,,,10,,,,,,,,,Matches
419,Isa Sakamoto,jp JPN,"MF,FW",Gamba Osaka,20,2003,26.1,,,,,,,1,,,,,,,,,Matches
420,Reiya Sakata,jp JPN,"MF,DF",Cerezo Osaka,19,2004,4.9,,,,,,,10,,,,,,,,,Matches
421,Jordi Sánchez,es ESP,FW,Consa Sapporo,29,1994,1.7,,,,,,,1,,,,,,,,,Matches
422,Yuki Saneto,jp JPN,DF,Marinos,35,1989,0.6,,,,,,,0,,,,,,,,,Matches
423,Na Sang-ho,kr KOR,"MF,FW",Machida Zelvia,27,1996,14.5,,,,,,,50,,,,,,,,,Matches
424,Kaishu Sano,jp JPN,MF,Kashima Antlers,23,2000,19.9,,,,,,,3,,,,,,,,,Matches
425,Thiago Santana,br BRA,FW,Urawa Reds,30,1993,23.6,,,,,,,12,,,,,,,,,Matches
Rk,Player,Nation,Pos,Squad,Age,Born,90s,Att,Live,Dead,FK,TB,Sw,Crs,TI,CK,In,Out,Str,Cmp,Off,Blocks,Matches
426,Supachok Sarachat,th THA,"MF,FW",Consa Sapporo,25,1998,15.4,,,,,,,33,,,,,,,,,Matches
427,Asahi Sasaki,jp JPN,DF,Kawa Frontale,24,2000,33.8,,,,,,,73,,,,,,,,,Matches
428,Daiju Sasaki,jp JPN,"FW,MF",Vissel Kobe,33,1990,19.4,,,,,,,45,,,,,,,,,Matches
429,Masato Sasaki,jp JPN,GK,Kashiwa Reysol,21,2002,4.0,,,,,,,0,,,,,,,,,Matches
430,Sho Sasaki,jp JPN,DF,Sanfrecce,34,1989,36.0,,,,,,,17,,,,,,,,,Matches
431,Kyō Satō,jp JPN,DF,Kyoto Sanga,23,2000,23.4,,,,,,,56,,,,,,,,,Matches
432,Ryoga Sato,jp JPN,"MF,FW",Avispa Fukuoka,24,1999,12.7,,,,,,,1,,,,,,,,,Matches
433,Ryūnosuke Satō,jp JPN,MF,FC Tokyo,17,2006,0.6,,,,,,,1,,,,,,,,,Matches
434,Yota Sato,jp JPN,DF,Urawa Reds,25,1998,13.2,,,,,,,2,,,,,,,,,Matches
435,Matheus Sávio,br BRA,"MF,FW",Kashiwa Reysol,26,1997,37.2,,,,,,,283,,,,,,,,,Matches
436,Alexander Scholz,dk DEN,DF,Urawa Reds,31,1992,12.1,,,,,,,5,,,,,,,,,Matches
437,Yusuke Segawa,jp JPN,DF,Kawa Frontale,29,1994,13.0,,,,,,,30,,,,,,,,,Matches
438,Oh Sehun,kr KOR,FW,Machida Zelvia,25,1999,24.6,,,,,,,2,,,,,,,,,Matches
439,Ikuma Sekigawa,jp JPN,DF,Kashima Antlers,23,2000,36.4,,,,,,,2,,,,,,,,,Matches
440,Hiroki Sekine,jp JPN,DF,Kashiwa Reysol,21,2002,29.7,,,,,,,106,,,,,,,,,Matches
441,Takahiro Sekine,jp JPN,"MF,DF",Urawa Reds,28,1995,16.7,,,,,,,19,,,,,,,,,Matches
442,Tatsuki Seko,jp JPN,MF,Kawa Frontale,26,1997,14.1,,,,,,,72,,,,,,,,,Matches
443,Keiya Sento,jp JPN,MF,Machida Zelvia,29,1994,24.1,,,,,,,37,,,,,,,,,Matches
444,Gaku Shibasaki,jp JPN,MF,Kashima Antlers,31,1992,15.1,,,,,,,44,,,,,,,,,Matches
445,Kai Shibato,jp JPN,MF,Machida Zelvia,28,1995,16.1,,,,,,,6,,,,,,,,,Matches
446,Masaya Shibayama,jp JPN,MF,Cerezo Osaka,21,2002,11.3,,,,,,,48,,,,,,,,,Matches
447,Takaaki Shichi,jp JPN,MF,Sanfrecce,30,1993,3.3,,,,,,,26,,,,,,,,,Matches
448,Takuya Shigehiro,jp JPN,MF,Grampus,28,1995,0.7,,,,,,,1,,,,,,,,,Matches
449,Masato Shigemi,jp JPN,MF,Avispa Fukuoka,22,2001,20.2,,,,,,,10,,,,,,,,,Matches
450,Keiya Shiihashi,jp JPN,MF,Grampus,26,1997,27.3,,,,,,,15,,,,,,,,,Matches
Rk,Player,Nation,Pos,Squad,Age,Born,90s,Att,Live,Dead,FK,TB,Sw,Crs,TI,CK,In,Out,Str,Cmp,Off,Blocks,Matches
451,Yuzuru Shimada,jp JPN,MF,Albirex Niigata,33,1990,14.0,,,,,,,15,,,,,,,,,Matches
452,Takuya Shimamura,jp JPN,MF,Kashiwa Reysol,24,1999,11.1,,,,,,,22,,,,,,,,,Matches
453,Hokuto Shimoda,jp JPN,MF,Machida Zelvia,32,1991,17.6,,,,,,,70,,,,,,,,,Matches
454,Ryosuke Shindo,jp JPN,DF,Cerezo Osaka,27,1996,8.3,,,,,,,1,,,,,,,,,Matches
455,Kento Shiogai,jp JPN,FW,Marinos,18,2005,2.2,,,,,,,2,,,,,,,,,Matches
456,Tsukasa Shiotani,jp JPN,"DF,MF",Sanfrecce,35,1988,34.6,,,,,,,17,,,,,,,,,Matches
457,Eiji Shirai,jp JPN,MF,Kashiwa Reysol,28,1995,29.7,,,,,,,19,,,,,,,,,Matches
458,Haruto Shirai,jp JPN,FW,Consa Sapporo,24,1999,2.3,,,,,,,2,,,,,,,,,Matches
459,Kosuke Shirai,jp JPN,DF,FC Tokyo,29,1994,16.5,,,,,,,65,,,,,,,,,Matches
460,Fuma Shirasaka,jp JPN,GK,Marinos,27,1996,2.3,,,,,,,0,,,,,,,,,Matches
461,Ryōhei Shirasaki,jp JPN,MF,Machida Zelvia,30,1993,12.9,,,,,,,8,,,,,,,,,Matches
462,Gen Shoji,jp JPN,DF,Machida Zelvia,31,1992,29.5,,,,,,,3,,,,,,,,,Matches
463,Vykintas Slivka,lt LTU,"MF,FW",Sagan Tosu,28,1995,10.0,,,,,,,16,,,,,,,,,Matches
464,Ola Solbakken,no NOR,"FW,MF",Urawa Reds,25,1998,3.6,,,,,,,8,,,,,,,,,Matches
465,Yuki Soma,jp JPN,"MF,FW",Machida Zelvia,26,1997,8.4,,,,,,,79,,,,,,,,,Matches
466,Yuki Soma,jp JPN,MF,Grampus,26,1997,0.9,,,,,,,10,,,,,,,,,Matches
467,Itsuki Someno,jp JPN,"FW,MF",Tokyo Verdy,22,2001,28.9,,,,,,,41,,,,,,,,,Matches
468,Pieros Sotiriou,cy CYP,FW,Sanfrecce,31,1993,13.1,,,,,,,4,,,,,,,,,Matches
469,Daiki Suga,jp JPN,"MF,DF",Consa Sapporo,25,1998,30.6,,,,,,,62,,,,,,,,,Matches
470,Hidehiro Sugai,jp JPN,DF,Kashima Antlers,25,1998,1.6,,,,,,,1,,,,,,,,,Matches
471,Takanori Sugeno,jp JPN,GK,Consa Sapporo,39,1984,35.0,,,,,,,0,,,,,,,,,Matches
472,Mitsuki Sugimoto,jp JPN,GK,Júbilo Iwata,22,2001,1.4,,,,,,,0,,,,,,,,,Matches
473,Daiki Sugioka,jp JPN,"DF,MF",Shonan Bellmare,25,1998,8.8,,,,,,,48,,,,,,,,,Matches
474,Daiki Sugioka,jp JPN,DF,Machida Zelvia,25,1998,9.8,,,,,,,53,,,,,,,,,Matches
475,Kohshiro Sumi,jp JPN,DF,Júbilo Iwata,21,2002,0.3,,,,,,,2,,,,,,,,,Matches
Rk,Player,Nation,Pos,Squad,Age,Born,90s,Att,Live,Dead,FK,TB,Sw,Crs,TI,CK,In,Out,Str,Cmp,Off,Blocks,Matches
476,Jung Sung-ryong,kr KOR,GK,Kawa Frontale,39,1985,29.0,,,,,,,0,,,,,,,,,Matches
477,Gu Sung-yun,kr KOR,GK,Kyoto Sanga,29,1994,30.6,,,,,,,0,,,,,,,,,Matches
478,Akito Suzuki,jp JPN,FW,Shonan Bellmare,20,2003,22.2,,,,,,,9,,,,,,,,,Matches
479,Daichi Suzuki,jp JPN,FW,Sagan Tosu,17,2006,1.9,,,,,,,0,,,,,,,,,Matches
480,Junnosuke Suzuki,jp JPN,DF,Shonan Bellmare,20,2003,18.3,,,,,,,4,,,,,,,,,Matches
481,Junya Suzuki,jp JPN,DF,Machida Zelvia,28,1996,15.9,,,,,,,144,,,,,,,,,Matches
482,Kaito Suzuki,jp JPN,DF,Júbilo Iwata,21,2002,19.4,,,,,,,3,,,,,,,,,Matches
483,Koji Suzuki,jp JPN,FW,Albirex Niigata,34,1989,12.4,,,,,,,2,,,,,,,,,Matches
484,Musashi Suzuki,jp JPN,FW,Consa Sapporo,29,1994,27.6,,,,,,,8,,,,,,,,,Matches
485,Toichi Suzuki,jp JPN,"DF,MF",Kyoto Sanga,23,2000,5.6,,,,,,,24,,,,,,,,,Matches
486,Tokuma Suzuki,jp JPN,MF,Gamba Osaka,26,1997,33.6,,,,,,,55,,,,,,,,,Matches
487,Yoshinori Suzuki,jp JPN,DF,Kyoto Sanga,31,1992,23.6,,,,,,,1,,,,,,,,,Matches
488,Yuma Suzuki,jp JPN,FW,Kashima Antlers,27,1996,33.7,,,,,,,38,,,,,,,,,Matches
489,Yuto Suzuki,jp JPN,"MF,DF",Shonan Bellmare,30,1993,36.8,,,,,,,60,,,,,,,,,Matches
490,Koki Tachi,jp JPN,DF,Shonan Bellmare,26,1997,2.9,,,,,,,1,,,,,,,,,Matches
491,Kento Tachibanada,jp JPN,"MF,DF",Kawa Frontale,25,1998,32.9,,,,,,,20,,,,,,,,,Matches
492,Nam Tae-hee,kr KOR,MF,Marinos,32,1991,6.6,,,,,,,34,,,,,,,,,Matches
493,Kim Taehyeon,kr KOR,DF,Sagan Tosu,23,2000,23.5,,,,,,,1,,,,,,,,,Matches
494,Kyosuke Tagawa,jp JPN,"FW,MF",Kashima Antlers,24,1999,1.0,,,,,,,2,,,,,,,,,Matches
495,Tomohiro Taira,jp JPN,DF,Tokyo Verdy,33,1990,0.0,,,,,,,0,,,,,,,,,Matches
496,Yoshiaki Takagi,jp JPN,MF,Albirex Niigata,31,1992,9.3,,,,,,,63,,,,,,,,,Matches
497,Daigo Takahashi,jp JPN,MF,Machida Zelvia,24,1999,1.2,,,,,,,6,,,,,,,,,Matches
498,Naoya Takahashi,jp JPN,DF,Shonan Bellmare,22,2001,14.7,,,,,,,1,,,,,,,,,Matches
499,Toshiki Takahashi,jp JPN,FW,Urawa Reds,26,1998,0.1,,,,,,,0,,,,,,,,,Matches
500,Keita Takahata,jp JPN,MF,Júbilo Iwata,23,2000,7.4,,,,,,,25,,,,,,,,,Matches
Rk,Player,Nation,Pos,Squad,Age,Born,90s,Att,Live,Dead,FK,TB,Sw,Crs,TI,CK,In,Out,Str,Cmp,Off,Blocks,Matches
501,Kōta Takai,jp JPN,DF,Kawa Frontale,19,2004,20.8,,,,,,,1,,,,,,,,,Matches
502,Tomoki Takamine,jp JPN,MF,Kashiwa Reysol,26,1997,8.6,,,,,,,7,,,,,,,,,Matches
503,Ryu Takao,jp JPN,DF,Consa Sapporo,27,1996,13.5,,,,,,,18,,,,,,,,,Matches
504,Hidetoshi Takeda,jp JPN,"MF,FW",Urawa Reds,22,2001,4.6,,,,,,,42,,,,,,,,,Matches
505,Shohei Takeda,jp JPN,MF,Kyoto Sanga,29,1994,9.9,,,,,,,32,,,,,,,,,Matches
506,Yohei Takeda,jp JPN,GK,Grampus,36,1987,3.0,,,,,,,0,,,,,,,,,Matches
507,Talles,br BRA,MF,Kashima Antlers,25,1998,1.9,,,,,,,8,,,,,,,,,Matches
508,Hirotaka Tameda,jp JPN,"MF,FW",Cerezo Osaka,30,1993,18.4,,,,,,,55,,,,,,,,,Matches
509,Shūto Tanabe,jp JPN,DF,Kawa Frontale,21,2002,0.8,,,,,,,4,,,,,,,,,Matches
510,Hiromu Tanaka,jp JPN,MF,Consa Sapporo,24,1999,5.4,,,,,,,25,,,,,,,,,Matches
511,Katsuyuki Tanaka,jp JPN,MF,Consa Sapporo,21,2002,3.5,,,,,,,24,,,,,,,,,Matches
512,Satoshi Tanaka,jp JPN,MF,Shonan Bellmare,21,2002,32.5,,,,,,,35,,,,,,,,,Matches
513,Shunta Tanaka,jp JPN,"MF,DF",Cerezo Osaka,26,1997,36.5,,,,,,,6,,,,,,,,,Matches
514,Tatsuya Tanaka,jp JPN,MF,Avispa Fukuoka,31,1992,0.7,,,,,,,2,,,,,,,,,Matches
515,Kosei Tani,jp JPN,GK,Machida Zelvia,23,2000,36.8,,,,,,,0,,,,,,,,,Matches
516,Hiroto Taniguchi,jp JPN,DF,Tokyo Verdy,24,1999,26.8,,,,,,,3,,,,,,,,,Matches
517,Kaito Taniguchi,jp JPN,"MF,FW",Albirex Niigata,28,1995,22.4,,,,,,,21,,,,,,,,,Matches
518,Masaya Tashiro,jp JPN,DF,Avispa Fukuoka,30,1993,36.8,,,,,,,13,,,,,,,,,Matches
519,Yugo Tatsuta,jp JPN,DF,Kashiwa Reysol,25,1998,10.0,,,,,,,2,,,,,,,,,Matches
520,Kota Tawaratsumida,jp JPN,"FW,MF",FC Tokyo,19,2004,18.8,,,,,,,63,,,,,,,,,Matches
521,Hisashi Tawiah,jp JPN,DF,Kyoto Sanga,25,1998,16.1,,,,,,,1,,,,,,,,,Matches
522,Tsubasa Terayama,jp JPN,MF,FC Tokyo,23,2000,0.5,,,,,,,1,,,,,,,,,Matches
523,Tsubasa Terayama,jp JPN,"MF,FW",Sagan Tosu,23,2000,2.5,,,,,,,0,,,,,,,,,Matches
524,Kohei Tezuka,jp JPN,MF,Kashiwa Reysol,27,1996,10.1,,,,,,,57,,,,,,,,,Matches
525,Kohei Tezuka,jp JPN,MF,Sagan Tosu,27,1996,12.0,,,,,,,63,,,,,,,,,Matches
Rk,Player,Nation,Pos,Squad,Age,Born,90s,Att,Live,Dead,FK,TB,Sw,Crs,TI,CK,In,Out,Str,Cmp,Off,Blocks,Matches
526,Matheus Thuler,br BRA,DF,Vissel Kobe,24,1999,35.5,,,,,,,0,,,,,,,,,Matches
527,Cayman Togashi,jp JPN,"MF,FW",Sagan Tosu,30,1993,27.1,,,,,,,18,,,,,,,,,Matches
528,Homare Tokuda,jp JPN,FW,Kashima Antlers,16,2007,1.3,,,,,,,1,,,,,,,,,Matches
529,Shuhei Tokumoto,jp JPN,DF,FC Tokyo,28,1995,5.5,,,,,,,37,,,,,,,,,Matches
530,Shuhei Tokumoto,jp JPN,MF,Grampus,28,1995,8.0,,,,,,,49,,,,,,,,,Matches
531,Daiki Tomii,jp JPN,GK,Shonan Bellmare,34,1989,4.0,,,,,,,0,,,,,,,,,Matches
532,Daiya Tono,jp JPN,MF,Kawa Frontale,24,1999,19.3,,,,,,,34,,,,,,,,,Matches
533,Koji Toriumi,jp JPN,DF,Cerezo Osaka,28,1995,26.1,,,,,,,0,,,,,,,,,Matches
534,Sachiro Toshima,jp JPN,MF,Kashiwa Reysol,28,1995,16.5,,,,,,,25,,,,,,,,,Matches
535,Shoji Toyama,jp JPN,MF,Gamba Osaka,21,2002,1.9,,,,,,,8,,,,,,,,,Matches
536,Yuta Toyokawa,jp JPN,"FW,MF",Kyoto Sanga,29,1994,16.0,,,,,,,12,,,,,,,,,Matches
537,Henrique Trevisan,br BRA,DF,FC Tokyo,27,1997,16.4,,,,,,,2,,,,,,,,,Matches
538,Yūya Tsuboi,jp JPN,GK,Júbilo Iwata,24,1999,2.0,,,,,,,0,,,,,,,,,Matches
539,Takumi Tsuchiya,jp JPN,MF,Kashiwa Reysol,20,2003,10.1,,,,,,,4,,,,,,,,,Matches
540,Koki Tsukagawa,jp JPN,MF,Kyoto Sanga,29,1994,0.9,,,,,,,1,,,,,,,,,Matches
541,Keisuke Tsukui,jp JPN,DF,Kashima Antlers,19,2004,1.1,,,,,,,1,,,,,,,,,Matches
542,Yuto Tsunashima,jp JPN,"DF,MF",Tokyo Verdy,23,2000,20.0,,,,,,,9,,,,,,,,,Matches
543,Reiju Tsuruno,jp JPN,"MF,FW",Avispa Fukuoka,23,2001,2.6,,,,,,,3,,,,,,,,,Matches
544,Marco Túlio,br BRA,FW,Kyoto Sanga,25,1998,21.7,,,,,,,65,,,,,,,,,Matches
545,Takuya Uchida,jp JPN,"DF,MF",Grampus,25,1998,20.9,,,,,,,20,,,,,,,,,Matches
546,Naomichi Ueda,jp JPN,DF,Kashima Antlers,29,1994,38.0,,,,,,,5,,,,,,,,,Matches
547,Katsunori Ueebisu,jp JPN,DF,Sagan Tosu,27,1996,10.8,,,,,,,15,,,,,,,,,Matches
548,Rikiya Uehara,jp JPN,MF,Júbilo Iwata,27,1996,26.3,,,,,,,104,,,,,,,,,Matches
549,Satoki Uejo,jp JPN,"MF,FW",Cerezo Osaka,26,1997,8.3,,,,,,,4,,,,,,,,,Matches
550,Hiroto Uemura,jp JPN,"DF,MF",Júbilo Iwata,22,2001,32.9,,,,,,,44,,,,,,,,,Matches
Rk,Player,Nation,Pos,Squad,Age,Born,90s,Att,Live,Dead,FK,TB,Sw,Crs,TI,CK,In,Out,Str,Cmp,Off,Blocks,Matches
551,Asahi Uenaka,jp JPN,"MF,FW",Marinos,22,2001,13.7,,,,,,,9,,,,,,,,,Matches
552,Tomoya Ugajin,jp JPN,"DF,MF",Urawa Reds,35,1988,0.1,,,,,,,1,,,,,,,,,Matches
553,Zento Uno,jp JPN,MF,Machida Zelvia,20,2003,2.8,,,,,,,1,,,,,,,,,Matches
554,Fumiya Unoki,jp JPN,MF,Kashiwa Reysol,22,2001,1.9,,,,,,,17,,,,,,,,,Matches
555,Takashi Usami,jp JPN,"FW,MF",Gamba Osaka,31,1992,29.5,,,,,,,193,,,,,,,,,Matches
556,Byron Vásquez,cl CHI,MF,Machida Zelvia,23,2000,7.8,,,,,,,18,,,,,,,,,Matches
557,Patrick Verhon,br BRA,MF,Kawa Frontale,19,2004,0.3,,,,,,,2,,,,,,,,,Matches
558,Douglas Vieira,br BRA,FW,Sanfrecce,36,1987,5.8,,,,,,,6,,,,,,,,,Matches
559,Yasuto Wakizaka,jp JPN,MF,Kawa Frontale,28,1995,30.3,,,,,,,147,,,,,,,,,Matches
560,Keigo Watanabe,jp JPN,FW,Shonan Bellmare,21,2002,0.1,,,,,,,0,,,,,,,,,Matches
561,Kota Watanabe,jp JPN,MF,Marinos,25,1998,25.6,,,,,,,14,,,,,,,,,Matches
562,Ryo Watanabe,jp JPN,"FW,MF",Júbilo Iwata,27,1996,7.1,,,,,,,1,,,,,,,,,Matches
563,Ryo Watanabe,jp JPN,FW,Cerezo Osaka,27,1996,0.9,,,,,,,0,,,,,,,,,Matches
564,Ryohei Watanabe,jp JPN,MF,Sagan Tosu,21,2002,2.1,,,,,,,1,,,,,,,,,Matches
565,Ryoma Watanabe,jp JPN,"MF,DF",Urawa Reds,27,1996,37.6,,,,,,,151,,,,,,,,,Matches
566,Taiki Watanabe,jp JPN,DF,Marinos,24,1999,12.4,,,,,,,4,,,,,,,,,Matches
567,Wellington,br BRA,FW,Avispa Fukuoka,35,1988,20.3,,,,,,,4,,,,,,,,,Matches
568,Sai van Wermeskerken,jp JPN,DF,Kawa Frontale,29,1994,19.4,,,,,,,66,,,,,,,,,Matches
569,Weverton,br BRA,MF,Júbilo Iwata,21,2002,0.0,,,,,,,0,,,,,,,,,Matches
570,Teppei Yachida,jp JPN,MF,Kyoto Sanga,22,2001,1.1,,,,,,,9,,,,,,,,,Matches
571,Fūki Yamada,jp JPN,MF,Tokyo Verdy,22,2001,13.2,,,,,,,57,,,,,,,,,Matches
572,Goki Yamada,jp JPN,"FW,MF",Tokyo Verdy,23,2000,6.9,,,,,,,6,,,,,,,,,Matches
573,Hiroki Yamada,jp JPN,MF,Júbilo Iwata,35,1988,9.2,,,,,,,19,,,,,,,,,Matches
574,Hiroto Yamada,jp JPN,FW,Cerezo Osaka,23,2000,3.2,,,,,,,7,,,,,,,,,Matches
575,Kota Yamada,jp JPN,MF,Gamba Osaka,24,1999,15.6,,,,,,,5,,,,,,,,,Matches
Rk,Player,Nation,Pos,Squad,Age,Born,90s,Att,Live,Dead,FK,TB,Sw,Crs,TI,CK,In,Out,Str,Cmp,Off,Blocks,Matches
576,Naoki Yamada,jp JPN,MF,Shonan Bellmare,33,1990,3.6,,,,,,,6,,,,,,,,,Matches
577,Shin Yamada,jp JPN,"FW,MF",Kawa Frontale,23,2000,22.4,,,,,,,9,,,,,,,,,Matches
578,Yuto Yamada,jp JPN,DF,Tokyo Verdy,22,2001,0.7,,,,,,,0,,,,,,,,,Matches
579,Yuto Yamada,jp JPN,MF,Kashiwa Reysol,23,2000,22.5,,,,,,,34,,,,,,,,,Matches
580,Yuya Yamagishi,jp JPN,"MF,FW",Grampus,30,1993,16.5,,,,,,,3,,,,,,,,,Matches
581,Hotaru Yamaguchi,jp JPN,MF,Vissel Kobe,33,1990,22.7,,,,,,,24,,,,,,,,,Matches
582,Tetsushi Yamakawa,jp JPN,DF,Vissel Kobe,26,1997,36.2,,,,,,,7,,,,,,,,,Matches
583,Kohei Yamakoshi,jp JPN,DF,Tokyo Verdy,30,1993,2.3,,,,,,,7,,,,,,,,,Matches
584,Hiroto Yamami,jp JPN,MF,Tokyo Verdy,24,1999,16.8,,,,,,,115,,,,,,,,,Matches
585,Ota Yamamoto,jp JPN,FW,Kashiwa Reysol,19,2004,1.4,,,,,,,7,,,,,,,,,Matches
586,Yuki Yamamoto,jp JPN,MF,Kawa Frontale,26,1997,12.9,,,,,,,42,,,,,,,,,Matches
587,Kazuya Yamamura,jp JPN,MF,Marinos,34,1989,1.3,,,,,,,0,,,,,,,,,Matches
588,Ryosuke Yamanaka,jp JPN,MF,Grampus,30,1993,10.3,,,,,,,142,,,,,,,,,Matches
589,Riku Yamane,jp JPN,MF,Marinos,20,2003,13.2,,,,,,,14,,,,,,,,,Matches
590,Ryogo Yamasaki,jp JPN,FW,Cerezo Osaka,31,1992,2.2,,,,,,,1,,,,,,,,,Matches
591,Ryogo Yamasaki,jp JPN,FW,Kyoto Sanga,31,1992,4.2,,,,,,,0,,,,,,,,,Matches
592,Taichi Yamasaki,jp JPN,DF,Sanfrecce,23,2001,0.0,,,,,,,0,,,,,,,,,Matches
593,Keita Yamashita,jp JPN,FW,FC Tokyo,27,1996,0.8,,,,,,,0,,,,,,,,,Matches
594,Ryoya Yamashita,jp JPN,MF,Gamba Osaka,26,1997,18.5,,,,,,,32,,,,,,,,,Matches
595,Tatsuya Yamashita,jp JPN,DF,Cerezo Osaka,36,1987,0.2,,,,,,,0,,,,,,,,,Matches
596,Hinata Yamauchi,jp JPN,"MF,FW",Kawa Frontale,22,2001,4.4,,,,,,,4,,,,,,,,,Matches
597,Kakeru Yamauchi,jp JPN,MF,Vissel Kobe,22,2002,2.1,,,,,,,4,,,,,,,,,Matches
598,Kosuke Yamazaki,jp JPN,DF,Sagan Tosu,28,1995,27.1,,,,,,,1,,,,,,,,,Matches
599,Kaito Yasui,jp JPN,MF,Urawa Reds,23,2000,26.8,,,,,,,9,,,,,,,,,Matches
600,Takuya Yasui,jp JPN,MF,Machida Zelvia,25,1998,0.9,,,,,,,7,,,,,,,,,Matches
Rk,Player,Nation,Pos,Squad,Age,Born,90s,Att,Live,Dead,FK,TB,Sw,Crs,TI,CK,In,Out,Str,Cmp,Off,Blocks,Matches
601,Ayumu Yokoyama,jp JPN,MF,Sagan Tosu,20,2003,14.3,,,,,,,54,,,,,,,,,Matches
602,Takuji Yonemoto,jp JPN,MF,Grampus,33,1990,9.0,,,,,,,4,,,,,,,,,Matches
603,Takuji Yonemoto,jp JPN,MF,Kyoto Sanga,33,1990,4.8,,,,,,,5,,,,,,,,,Matches
604,Arata Yoshida,jp JPN,MF,Shonan Bellmare,23,2000,3.2,,,,,,,24,,,,,,,,,Matches
605,Haruki Yoshida,jp JPN,DF,Grampus,22,2001,7.2,,,,,,,6,,,,,,,,,Matches
606,Manato Yoshida,jp JPN,MF,Marinos,22,2001,0.2,,,,,,,1,,,,,,,,,Matches
607,Koya Yuruki,jp JPN,FW,Vissel Kobe,28,1995,3.6,,,,,,,29,,,,,,,,,Matches
608,Masato Yuzawa,jp JPN,MF,Avispa Fukuoka,30,1993,11.5,,,,,,,45,,,,,,,,,Matches
609,Shahab Zahedi,ir IRN,FW,Avispa Fukuoka,28,1995,15.7,,,,,,,7,,,,,,,,,Matches
610,Koto Abe,jp JPN,GK,Albirex Niigata,26,1997,5.0,,,,,,,0,,,,,,,,,Matches
