rk,player,nation,pos,squad,age,born,90s,tkl,tklw,def_3rd,mid_3rd,att_3rd,tkl_challe,att,lost,blocks,sh,pass,int,tkl_int,clr,err,matches
1,Brenden Aaronson,us USA,MF,Philadelphia Union,19,2000,21.2,32,16,15,9,8,12,44,32,40,4,36,9,41,9,0,Matches
2,Saad Abdul-Salaam,us USA,DF,FC Cincinnati,28,1991,4.7,8,5,5,3,0,2,7,5,8,1,7,6,14,13,0,Matches
3,Mohammed Abu,gh GHA,MF,D.C. United,28,1991,3.7,6,5,6,0,0,3,6,3,8,1,7,13,19,5,0,Matches
4,Lalas Abubakar,gh GHA,DF,Colorado Rapids,25,1994,16.8,26,17,17,9,0,11,17,6,29,24,5,26,52,80,0,Matches
5,David Accam,gh GHA,"FW,MF",Nashville SC,29,1990,2.3,1,0,1,0,0,1,5,4,2,0,2,1,2,1,0,Matches
6,Nicolás Acevedo,uy URU,MF,NYCFC,20,1999,1.5,9,4,3,4,2,3,9,6,2,0,2,2,11,4,0,Matches
7,Ifunanyachi Achara,us USA,MF,Toronto FC,22,1997,1.0,2,2,1,1,0,1,2,1,1,0,1,0,2,1,0,Matches
8,Bryan Acosta,hn HON,MF,FC Dallas,26,1993,8.4,9,7,4,4,1,3,5,2,7,2,5,10,19,6,1,Matches
9,Kellyn Acosta,us USA,MF,Colorado Rapids,24,1995,12.7,19,8,7,9,3,7,15,8,11,4,7,8,27,9,1,Matches
10,Mo Adams,eng ENG,MF,Atlanta Utd,23,1996,8.7,23,12,9,13,1,2,10,8,11,3,8,10,33,2,0,Matches
11,Fanendo Adi,ng NGA,FW,Columbus Crew,29,1990,2.0,2,2,0,1,1,1,1,0,1,0,1,0,2,2,0,Matches
12,Ali Adnan Kadhim,iq IRQ,"DF,MF",Vancouver W'caps,26,1993,19.6,39,26,23,16,0,23,50,27,24,6,18,40,79,65,0,Matches
13,Harrison Afful,gh GHA,DF,Columbus Crew,33,1986,20.0,36,21,21,9,6,20,28,8,9,5,4,57,93,44,2,Matches
14,Juan Agudelo,us USA,FW,Inter Miami,27,1992,9.4,10,8,1,8,1,2,12,10,9,1,8,3,13,8,0,Matches
15,Matheus Aiás,br BRA,"FW,MF",Orlando City,23,1996,0.2,1,1,1,0,0,0,1,1,0,0,0,0,1,1,0,Matches
16,José Aja,uy URU,DF,Minnesota Utd,26,1993,11.9,26,20,23,1,2,24,35,11,17,11,6,20,46,63,0,Matches
17,Jacob Akanyirige,us USA,DF,SJ Earthquakes,18,2001,0.8,1,1,1,0,0,0,0,0,0,0,0,4,5,1,0,Matches
18,Tesho Akindele,ca CAN,FW,Orlando City,27,1992,9.1,9,3,3,4,2,4,9,5,6,1,5,4,13,8,0,Matches
19,Ayo Akinola,ca CAN,"FW,MF",Toronto FC,20,2000,11.8,3,1,0,2,1,1,7,6,2,1,1,1,4,4,0,Matches
20,Oswaldo Alanís,mx MEX,DF,SJ Earthquakes,30,1989,13.2,19,11,12,7,0,12,20,8,15,8,7,17,36,43,0,Matches
21,Fatai Alashe,us USA,MF,Columbus Crew,26,1993,4.8,1,0,1,0,0,0,5,5,6,0,6,4,5,2,0,Matches
22,Fatai Alashe,us USA,MF,FC Cincinnati,26,1993,0.3,2,1,2,0,0,1,1,0,0,0,0,0,2,1,0,Matches
23,Ignacio Aliseda,ar ARG,"FW,MF",Chicago Fire,19,2000,15.5,9,4,3,5,1,5,12,7,8,0,8,10,19,5,0,Matches
24,Osvaldo Alonso,cu CUB,MF,Minnesota Utd,34,1985,8.3,14,7,9,3,2,8,20,12,8,4,4,11,25,10,0,Matches
25,Jozy Altidore,us USA,FW,Toronto FC,30,1989,8.3,4,3,0,3,1,0,3,3,3,1,2,1,5,4,0,Matches
Rk,Player,Nation,Pos,Squad,Age,Born,90s,Tkl,TklW,Def 3rd,Mid 3rd,Att 3rd,Tkl,Att,Lost,Blocks,Sh,Pass,Int,Tkl+Int,Clr,Err,Matches
26,Alexander Alvarado,ec ECU,"FW,MF",Orlando City,20,1999,0.3,2,0,1,0,1,2,4,2,0,0,0,2,4,1,0,Matches
27,Efrain Alvarez,mx MEX,"FW,MF",LA Galaxy,17,2002,8.0,11,5,1,8,2,3,13,10,6,0,6,10,21,3,0,Matches
28,Luis Amarilla,py PAR,FW,Minnesota Utd,24,1995,4.7,3,2,0,2,1,0,4,4,2,0,2,1,4,1,0,Matches
29,Frankie Amaya,us USA,MF,FC Cincinnati,19,2000,19.3,60,39,28,23,9,14,48,34,22,6,16,25,85,19,0,Matches
30,Mikey Ambrose,us USA,DF,Inter Miami,26,1993,3.4,4,2,3,1,0,2,3,1,2,0,2,4,8,4,0,Matches
31,José Andrés Martínez,ve VEN,MF,Philadelphia Union,25,1994,12.7,31,20,18,11,2,11,33,22,19,7,12,23,54,18,0,Matches
32,Jalil Anibaba,us USA,DF,Nashville SC,31,1988,6.5,7,4,4,2,1,4,4,0,9,4,5,6,13,16,0,Matches
33,Brian Anunga,cm CMR,MF,Nashville SC,23,1996,8.7,15,9,12,2,1,5,11,6,10,1,9,15,30,9,1,Matches
34,Julian Araujo,mx MEX,"DF,FW",LA Galaxy,18,2001,14.3,37,28,20,8,9,18,31,13,28,5,23,25,62,25,0,Matches
35,Luis Argudo,us USA,MF,Inter Miami,24,1995,0.1,0,0,0,0,0,0,0,0,0,0,0,0,0,0,0,Matches
36,Daniel Armando Ríos,mx MEX,FW,Nashville SC,24,1995,7.8,3,0,0,3,0,0,3,3,5,0,5,1,4,1,0,Matches
37,Xavier Arreaga,ec ECU,DF,Seattle Sounders,25,1994,12.7,22,13,15,7,0,16,27,11,9,2,7,27,49,38,1,Matches
38,Paul Arriola,us USA,"DF,MF",D.C. United,24,1995,0.2,0,0,0,0,0,0,1,1,0,0,0,1,1,1,0,Matches
39,Artur,br BRA,MF,Columbus Crew,23,1996,20.3,74,40,27,37,10,34,61,27,26,6,20,28,102,18,0,Matches
40,Yamil Asad,ar ARG,"MF,FW",D.C. United,25,1994,17.5,44,27,28,10,6,21,51,30,26,6,20,18,62,5,0,Matches
41,Dairon Asprilla,co COL,"FW,MF",Portland Timbers,27,1992,0.5,3,2,1,1,1,1,1,0,0,0,0,2,5,0,0,Matches
42,Joshua Atencio,us USA,"MF,DF",Seattle Sounders,18,2002,0.2,0,0,0,0,0,0,1,1,0,0,0,0,0,0,0,Matches
43,Jeff Attinella,us USA,GK,Portland Timbers,31,1988,1.0,0,0,0,0,0,0,0,0,0,0,0,0,0,0,0,Matches
44,Eduard Atuesta,co COL,MF,LAFC,22,1997,14.7,32,24,10,16,6,15,44,29,19,0,19,31,63,15,0,Matches
45,Auro,br BRA,DF,Toronto FC,24,1996,16.6,30,22,13,13,4,15,29,14,10,0,10,25,55,32,0,Matches
46,Micheal Azira,ug UGA,"MF,DF",Chicago Fire,32,1987,1.4,2,1,1,1,0,2,2,0,0,0,0,5,7,3,0,Matches
47,Dominique Badji,sn SEN,FW,Nashville SC,27,1992,8.3,2,0,0,0,2,0,2,2,4,1,3,2,4,7,0,Matches
48,Zico Bailey,ph PHI,DF,FC Cincinnati,19,2000,3.3,7,5,3,3,1,3,8,5,2,2,0,10,17,10,0,Matches
49,Theo Bair,ca CAN,"FW,MF",Vancouver W'caps,20,1999,4.9,5,3,1,0,4,1,3,2,1,1,0,1,6,5,0,Matches
50,Corey Baird,us USA,"FW,MF",Real Salt Lake,24,1996,17.0,16,10,5,7,4,4,21,17,14,0,14,5,21,6,0,Matches
Rk,Player,Nation,Pos,Squad,Age,Born,90s,Tkl,TklW,Def 3rd,Mid 3rd,Att 3rd,Tkl,Att,Lost,Blocks,Sh,Pass,Int,Tkl+Int,Clr,Err,Matches
51,Michael Baldisimo,ph PHI,MF,Vancouver W'caps,19,2000,7.8,15,7,8,6,1,8,16,8,11,1,10,10,25,10,0,Matches
52,Esequiel Barco,ar ARG,"MF,FW",Atlanta Utd,20,1999,11.5,10,7,4,4,2,3,10,7,9,0,9,2,12,1,0,Matches
53,Tom Barlow,us USA,FW,NY Red Bulls,24,1995,10.8,8,2,2,3,3,1,9,8,5,3,2,0,8,2,0,Matches
54,Álvaro Barreal,ar ARG,"FW,MF",FC Cincinnati,19,2000,3.6,10,6,5,2,3,6,14,8,7,0,7,4,14,1,0,Matches
55,Michael Barrios,co COL,"FW,MF",FC Dallas,28,1991,18.6,14,10,3,6,5,5,20,15,19,3,16,8,22,5,1,Matches
56,Cole Bassett,us USA,MF,Colorado Rapids,18,2001,10.9,12,9,4,5,3,6,14,8,9,2,7,3,15,11,0,Matches
57,Clement Bayiha,ca CAN,"DF,FW",Montreal Impact,20,1999,0.8,2,1,1,0,1,0,0,0,0,0,0,5,7,0,0,Matches
58,Tanner Beason,us USA,DF,SJ Earthquakes,22,1997,9.0,16,8,12,4,0,11,18,7,22,13,9,21,37,34,2,Matches
59,Brayan Beckeles,hn HON,DF,Nashville SC,34,1985,0.8,1,1,0,1,0,0,2,2,0,0,0,1,2,4,0,Matches
60,Kyle Beckerman,us USA,MF,Real Salt Lake,37,1982,4.3,7,2,4,2,1,2,9,7,2,0,2,6,13,6,0,Matches
61,Alejandro Bedoya,us USA,MF,Philadelphia Union,32,1987,20.3,43,19,16,19,8,12,28,16,23,8,15,31,74,21,0,Matches
62,George Bello,us USA,DF,Atlanta Utd,18,2002,18.3,50,32,30,15,5,12,22,10,15,4,11,18,68,19,0,Matches
63,Jordan Bender,us USA,"MF,FW",Orlando City,18,2001,0.5,0,0,0,0,0,0,0,0,0,0,0,0,0,0,0,Matches
64,Joe Bendik,us USA,GK,Philadelphia Union,30,1989,1.0,0,0,0,0,0,0,0,0,0,0,0,0,0,1,0,Matches
65,Nicolas Benezet,fr FRA,FW,Colorado Rapids,28,1991,5.5,9,7,2,3,4,4,10,6,2,0,2,4,13,3,0,Matches
66,Sebastian Berhalter,us USA,MF,Columbus Crew,18,2001,4.4,9,5,2,7,0,3,11,8,6,1,5,6,15,5,0,Matches
67,Robert Berić,si SVN,FW,Chicago Fire,28,1991,21.4,11,7,3,5,3,4,23,19,14,1,13,7,18,7,0,Matches
68,Matt Besler,us USA,DF,Sporting KC,32,1987,9.0,13,8,9,4,0,7,9,2,9,4,5,12,25,29,0,Matches
69,Nick Besler,us USA,"MF,DF",Real Salt Lake,26,1993,6.3,12,6,5,6,1,7,19,12,11,3,8,11,23,8,1,Matches
70,Janio Bikel,gw GNB,"MF,DF",Vancouver W'caps,24,1995,10.5,35,22,25,10,0,12,19,7,12,4,8,11,46,20,1,Matches
71,Noah Billingsley,nz NZL,DF,Minnesota Utd,22,1997,0.1,1,0,0,1,0,0,1,1,0,0,0,1,2,2,0,Matches
72,David Bingham,us USA,GK,LA Galaxy,30,1989,18.0,1,1,1,0,0,1,1,0,0,0,0,0,1,8,1,Matches
73,Luis Binks,eng ENG,DF,Montreal Impact,18,2001,19.6,24,11,19,5,0,11,22,11,21,14,7,46,70,101,1,Matches
74,Steve Birnbaum,us USA,DF,D.C. United,29,1991,10.0,4,3,1,2,1,1,5,4,7,6,1,18,22,53,0,Matches
75,José Bizama,cl CHI,DF,Houston Dynamo,25,1994,6.3,7,4,6,1,0,2,13,11,7,4,3,13,20,18,1,Matches
Rk,Player,Nation,Pos,Squad,Age,Born,90s,Tkl,TklW,Def 3rd,Mid 3rd,Att 3rd,Tkl,Att,Lost,Blocks,Sh,Pass,Int,Tkl+Int,Clr,Err,Matches
76,Tristan Blackmon,us USA,DF,LAFC,23,1996,10.9,20,12,11,8,1,12,19,7,13,3,10,33,53,34,0,Matches
77,Andre Blake,jm JAM,GK,Philadelphia Union,29,1990,21.0,1,1,1,0,0,1,1,0,0,0,0,0,1,13,1,Matches
78,Sebastián Blanco,ar ARG,"FW,MF",Portland Timbers,31,1988,7.4,7,5,4,2,1,3,14,11,6,0,6,10,17,5,1,Matches
79,Latif Blessing,gh GHA,"MF,DF",LAFC,23,1996,19.1,49,32,20,23,6,16,40,24,29,4,25,34,83,22,0,Matches
80,Emmanuel Boateng,gh GHA,"FW,MF",Columbus Crew,26,1994,3.6,3,3,2,0,1,1,2,1,4,1,3,4,7,4,0,Matches
81,Pablo Bonilla,ve VEN,DF,Portland Timbers,20,1999,9.8,18,11,13,4,1,9,21,12,5,2,3,11,29,27,0,Matches
82,Alex Bono,us USA,GK,Toronto FC,25,1994,3.0,0,0,0,0,0,0,0,0,0,0,0,0,0,5,0,Matches
83,Jonathan Bornstein,us USA,DF,Chicago Fire,35,1984,12.7,31,18,19,11,1,13,30,17,14,2,12,28,59,39,0,Matches
84,Gustavo Bou,ar ARG,"MF,FW",NE Revolution,29,1990,14.8,14,10,0,9,5,5,15,10,14,1,13,11,25,1,0,Matches
85,Michael Boxall,nz NZL,DF,Minnesota Utd,31,1988,19.0,31,19,25,6,0,17,28,11,29,19,10,38,69,92,0,Matches
86,Michael Bradley,us USA,MF,Toronto FC,32,1987,11.8,19,13,10,9,0,10,21,11,9,1,8,10,29,14,0,Matches
87,Zachary Brault-Guillard,ca CAN,DF,Montreal Impact,21,1998,19.9,29,15,17,8,4,10,27,17,7,6,1,26,55,40,0,Matches
88,Bressan,br BRA,DF,FC Dallas,27,1993,13.0,20,12,14,5,1,14,24,10,16,8,8,35,55,52,0,Matches
89,Frédéric Brillant,fr FRA,DF,D.C. United,34,1985,18.7,35,23,29,6,0,24,41,17,30,21,9,25,60,100,1,Matches
90,Brandt Bronico,us USA,"DF,MF",Chicago Fire,24,1995,3.1,3,2,1,2,0,1,6,5,7,2,5,4,7,6,0,Matches
91,Will Bruin,us USA,FW,Seattle Sounders,30,1989,6.3,5,3,0,4,1,2,4,2,1,0,1,0,5,2,0,Matches
92,Tajon Buchanan,ca CAN,"FW,DF",NE Revolution,20,1999,12.1,22,10,8,10,4,6,16,10,19,2,17,9,31,5,0,Matches
93,Adam Buksa,pl POL,FW,NE Revolution,23,1996,16.7,9,5,1,6,2,2,14,12,11,0,11,4,13,13,0,Matches
94,Teal Bunbury,us USA,"FW,MF",NE Revolution,29,1990,16.2,16,13,2,9,5,3,18,15,18,3,15,20,36,8,0,Matches
95,Cory Burke,jm JAM,FW,Philadelphia Union,28,1991,1.3,2,0,0,2,0,0,1,1,1,0,1,0,2,4,0,Matches
96,Evan Bush,us USA,GK,Vancouver W'caps,33,1986,8.0,1,0,1,0,0,1,1,0,1,0,1,0,1,3,0,Matches
97,Gianluca Busio,us USA,"MF,FW",Sporting KC,17,2002,14.1,39,29,14,20,5,17,35,18,19,1,18,19,58,7,0,Matches
98,Alexander Büttner,nl NED,DF,NE Revolution,30,1989,13.9,30,18,19,8,3,13,31,18,10,2,8,31,61,24,0,Matches
99,Handwalla Bwana,so SOM,"FW,MF",Nashville SC,22,1997,0.5,1,0,0,0,1,1,1,0,0,0,0,0,1,0,0,Matches
100,Handwalla Bwana,so SOM,"FW,MF",Seattle Sounders,22,1997,2.0,3,1,1,0,2,0,1,1,3,0,3,1,4,2,0,Matches
Rk,Player,Nation,Pos,Squad,Age,Born,90s,Tkl,TklW,Def 3rd,Mid 3rd,Att 3rd,Tkl,Att,Lost,Blocks,Sh,Pass,Int,Tkl+Int,Clr,Err,Matches
101,Brandon Bye,us USA,DF,NE Revolution,24,1995,18.2,21,10,11,7,3,11,17,6,22,6,16,25,46,56,0,Matches
102,Víctor Cabrera,ar ARG,DF,Houston Dynamo,26,1993,7.3,15,9,9,6,0,9,20,11,11,8,3,22,37,38,0,Matches
103,Chris Cadden,sct SCO,DF,Columbus Crew,23,1996,3.9,5,3,4,1,0,1,2,1,4,1,3,2,7,11,0,Matches
104,Jhonder Cádiz,ve VEN,FW,Nashville SC,24,1995,2.5,4,2,0,3,1,4,5,1,0,0,0,0,4,2,0,Matches
105,Scott Caldwell,us USA,MF,NE Revolution,28,1991,12.8,19,10,10,7,2,10,26,16,18,3,15,28,47,9,0,Matches
106,Alexander Callens,pe PER,DF,NYCFC,27,1992,21.5,36,20,22,13,1,17,24,7,24,12,12,33,69,74,1,Matches
107,Eric Calvillo,sv SLV,"MF,DF",SJ Earthquakes,22,1998,2.1,1,0,1,0,0,0,0,0,6,0,6,4,5,2,0,Matches
108,Francisco Calvo,cr CRC,DF,Chicago Fire,27,1992,21.2,35,27,23,10,2,17,30,13,28,21,7,77,112,90,2,Matches
109,Rudy Camacho,fr FRA,DF,Montreal Impact,28,1991,13.2,21,13,14,7,0,11,17,6,17,11,6,26,47,56,2,Matches
110,George Campbell,us USA,DF,Atlanta Utd,18,2001,0.5,1,0,1,0,0,1,1,0,2,2,0,1,2,2,0,Matches
111,Reggie Cannon,us USA,DF,FC Dallas,21,1998,5.0,5,3,5,0,0,2,3,1,3,0,3,3,8,7,0,Matches
112,Russell Canouse,us USA,"MF,DF",D.C. United,24,1995,13.7,36,22,18,12,6,20,35,15,18,9,9,21,57,31,0,Matches
113,Antonio Carlos,br BRA,DF,Orlando City,26,1993,18.2,14,10,11,3,0,6,15,9,15,13,2,43,57,103,0,Matches
114,Julián Carranza,ar ARG,FW,Inter Miami,19,2000,6.1,16,10,2,7,7,8,19,11,10,2,8,5,21,2,0,Matches
115,Julio Cascante,cr CRC,DF,Portland Timbers,26,1993,4.5,4,2,2,2,0,3,5,2,3,2,1,3,7,19,0,Matches
116,Cristian Cásseres Jr.,ve VEN,MF,NY Red Bulls,20,2000,14.6,53,30,25,20,8,21,48,27,28,2,26,32,85,13,0,Matches
117,Valentín Castellanos,ar ARG,FW,NYCFC,21,1998,14.9,16,9,1,8,7,7,22,15,12,0,12,3,19,8,0,Matches
118,Edgar Castillo,us USA,DF,Atlanta Utd,33,1986,1.6,7,5,4,1,2,4,8,4,3,0,3,1,8,6,0,Matches
119,Manuel Castro,uy URU,"FW,MF",Atlanta Utd,24,1995,2.9,8,4,2,5,1,3,6,3,1,0,1,1,9,0,0,Matches
120,Lucas Cavallini,ca CAN,FW,Vancouver W'caps,27,1992,16.2,14,9,2,8,4,0,8,8,10,0,10,6,20,12,0,Matches
121,Darwin Cerén,sv SLV,MF,Houston Dynamo,30,1989,17.0,38,24,13,18,7,15,32,17,21,5,16,34,72,13,0,Matches
122,Edwin Cerrillo,us USA,MF,FC Dallas,19,2000,0.2,1,1,1,0,0,0,0,0,0,0,0,0,1,0,0,Matches
123,Thomás Chacón,uy URU,FW,Minnesota Utd,19,2000,1.9,3,1,0,3,0,0,6,6,4,0,4,3,6,1,0,Matches
124,Maikel Chang,cu CUB,"FW,MF",Real Salt Lake,28,1991,12.3,20,9,10,5,5,9,25,16,15,0,15,15,35,8,0,Matches
125,Maxime Chanot,lu LUX,DF,NYCFC,30,1989,19.0,39,25,26,11,2,14,19,5,27,17,10,40,79,101,0,Matches
Rk,Player,Nation,Pos,Squad,Age,Born,90s,Tkl,TklW,Def 3rd,Mid 3rd,Att 3rd,Tkl,Att,Lost,Blocks,Sh,Pass,Int,Tkl+Int,Clr,Err,Matches
126,Jay Chapman,ca CAN,"MF,DF",Inter Miami,26,1994,2.3,4,3,1,2,1,2,4,2,5,1,4,1,5,0,0,Matches
127,Diego Chará,co COL,MF,Portland Timbers,33,1986,20.0,41,27,24,15,2,13,33,20,38,8,30,33,74,27,1,Matches
128,Yimmi Chará,co COL,"FW,MF",Portland Timbers,28,1991,13.7,22,12,10,7,5,9,20,11,6,0,6,12,34,3,0,Matches
129,José Cifuentes,ec ECU,MF,LAFC,20,1999,12.7,43,24,13,23,7,16,35,19,23,1,22,13,56,7,0,Matches
130,Laurent Ciman,be BEL,DF,Toronto FC,34,1985,6.0,7,6,6,1,0,6,11,5,7,5,2,13,20,28,0,Matches
131,Caden Clark,us USA,"FW,MF",NY Red Bulls,16,2003,3.1,7,6,6,1,0,1,5,4,8,2,6,3,10,3,0,Matches
132,Steve Clark,us USA,GK,Portland Timbers,33,1986,20.0,2,1,2,0,0,2,3,1,0,0,0,0,2,13,1,Matches
133,Elliot Collier,nz NZL,"FW,MF",Chicago Fire,24,1995,5.9,7,4,2,2,3,1,6,5,8,1,7,3,10,5,0,Matches
134,Tomás Conechny,ar ARG,"MF,FW",Portland Timbers,21,1998,2.1,3,2,1,1,1,0,6,6,1,0,1,1,4,2,0,Matches
135,Derek Cornelius,ca CAN,DF,Vancouver W'caps,22,1997,11.3,21,12,19,2,0,11,17,6,20,11,9,9,30,57,0,Matches
136,Joe Corona,us USA,MF,LA Galaxy,29,1990,10.9,25,12,11,14,0,12,35,23,11,2,9,21,46,14,0,Matches
137,Cade Cowell,us USA,"MF,FW",SJ Earthquakes,16,2003,5.3,13,6,4,3,6,4,10,6,3,0,3,3,16,6,0,Matches
138,Warren Creavalle,us USA,MF,Philadelphia Union,29,1990,4.3,9,9,2,6,1,2,12,10,9,1,8,22,31,9,0,Matches
139,Maxime Crépeau,ca CAN,GK,Vancouver W'caps,25,1994,3.6,0,0,0,0,0,0,0,0,0,0,0,0,0,4,1,Matches
140,Allan Cruz,cr CRC,"MF,FW",FC Cincinnati,23,1996,8.4,13,7,0,11,2,3,15,12,5,0,5,4,17,5,0,Matches
141,Emil Cuello,us USA,"MF,FW",LA Galaxy,23,1997,2.7,3,1,1,2,0,1,5,4,5,1,4,6,9,2,0,Matches
142,Cristián Dajome,co COL,"MF,FW",Vancouver W'caps,26,1994,17.7,40,26,18,13,9,14,44,30,19,3,16,14,54,10,1,Matches
143,Rashawn Dally,jm JAM,"FW,MF",FC Cincinnati,23,1997,0.8,2,1,2,0,0,1,2,1,0,0,0,0,2,1,0,Matches
144,Jürgen Damm,mx MEX,FW,Atlanta Utd,27,1992,7.0,6,3,3,1,2,4,10,6,3,0,3,4,10,3,0,Matches
145,Mario Daniel Vega,ar ARG,GK,SJ Earthquakes,35,1984,12.0,0,0,0,0,0,0,1,1,1,0,1,0,0,12,2,Matches
146,Abu Danladi,gh GHA,FW,Nashville SC,24,1995,6.4,14,10,4,6,4,3,19,16,8,1,7,7,21,0,0,Matches
147,Jesús David Murillo,co COL,DF,LAFC,25,1994,4.5,8,3,5,2,1,5,12,7,2,2,0,11,19,20,0,Matches
148,Sean Davis,us USA,MF,NY Red Bulls,26,1993,12.0,23,13,8,11,4,13,28,15,24,9,15,23,46,10,0,Matches
149,Jack De Vries,us USA,MF,Philadelphia Union,17,2002,0.2,2,1,0,1,1,1,2,1,0,0,0,0,2,0,0,Matches
150,Alex DeJohn,us USA,DF,Orlando City,28,1991,0.6,0,0,0,0,0,0,1,1,1,1,0,1,1,6,0,Matches
Rk,Player,Nation,Pos,Squad,Age,Born,90s,Tkl,TklW,Def 3rd,Mid 3rd,Att 3rd,Tkl,Att,Lost,Blocks,Sh,Pass,Int,Tkl+Int,Clr,Err,Matches
151,A.J. DeLaGarza,gu GUM,DF,Inter Miami,32,1987,4.7,8,7,6,2,0,4,4,0,5,5,0,4,12,11,0,Matches
152,Antonio Delamea Mlinar,si SVN,DF,NE Revolution,28,1991,3.6,6,3,4,2,0,4,6,2,3,2,1,6,12,17,1,Matches
153,Jordy Delem,mq MTQ,MF,Seattle Sounders,26,1993,8.2,14,9,6,7,1,6,7,1,8,5,3,16,30,13,0,Matches
154,Nick DeLeon,us USA,"FW,MF",Toronto FC,29,1990,10.3,15,10,7,6,2,5,14,9,14,1,13,12,27,6,0,Matches
155,Marky Delgado,us USA,MF,Toronto FC,24,1995,16.0,30,15,9,14,7,15,32,17,21,5,16,29,59,11,0,Matches
156,Mathieu Deplagne,fr FRA,DF,FC Cincinnati,28,1991,13.0,26,20,18,8,0,14,24,10,10,4,6,19,45,31,1,Matches
157,Nick DePuy,us USA,DF,LA Galaxy,25,1994,15.7,25,18,18,7,0,16,20,4,21,14,7,31,56,67,0,Matches
158,Maikel van der Werff,nl NED,DF,FC Cincinnati,30,1989,10.8,13,9,11,1,1,7,15,8,19,12,7,20,33,35,1,Matches
159,Joey DeZart,jm JAM,MF,Orlando City,21,1998,4.2,4,3,1,3,0,3,7,4,5,0,5,5,9,6,0,Matches
160,Justin Dhillon,us USA,FW,Seattle Sounders,24,1995,0.1,0,0,0,0,0,0,0,0,0,0,0,0,0,0,0,Matches
161,Amadou Dia,us USA,DF,Sporting KC,26,1993,9.4,20,12,13,6,1,3,11,8,8,0,8,22,42,27,0,Matches
162,Luis Díaz,cr CRC,"FW,MF",Columbus Crew,21,1998,13.0,13,9,7,2,4,7,17,10,18,0,18,11,24,6,0,Matches
163,Bakaye Dibassy,ml MLI,DF,Minnesota Utd,30,1989,9.5,10,7,7,3,0,6,9,3,11,8,3,22,32,40,1,Matches
164,Daryl Dike,us USA,FW,Orlando City,19,2000,13.5,10,6,2,6,2,3,8,5,9,1,8,1,11,17,0,Matches
165,Adama Diomande,no NOR,FW,LAFC,29,1990,0.2,0,0,0,0,0,0,0,0,0,0,0,0,0,0,0,Matches
166,Clément Diop,sn SEN,GK,Montreal Impact,26,1993,20.0,1,0,1,0,0,0,3,3,1,0,1,1,2,9,2,Matches
167,Ethan Dobbelaere,us USA,FW,Seattle Sounders,17,2002,0.6,0,0,0,0,0,0,1,1,1,0,1,1,1,2,0,Matches
168,Griffin Dorsey,us USA,DF,Toronto FC,20,1999,0.1,0,0,0,0,0,0,0,0,0,0,0,1,1,0,0,Matches
169,Jonathan dos Santos,mx MEX,MF,LA Galaxy,29,1990,7.8,8,4,4,4,0,3,20,17,7,0,7,11,19,2,0,Matches
170,Thiago dos Santos,br BRA,MF,FC Dallas,30,1989,18.0,60,33,33,27,0,28,61,33,23,7,16,22,82,38,1,Matches
171,Hassani Dotson,us USA,"MF,DF",Minnesota Utd,22,1997,13.5,37,20,15,18,4,14,27,13,25,8,17,25,62,20,1,Matches
172,Erik Duenas,us USA,"DF,MF",LAFC,15,2004,0.4,1,0,0,0,1,1,3,2,0,0,0,1,2,0,0,Matches
173,Bryce Duke,us USA,MF,LAFC,18,2001,2.7,6,3,2,2,2,2,7,5,5,1,4,2,8,0,0,Matches
174,Cameron Duke,us USA,MF,Sporting KC,18,2001,2.5,4,2,0,2,2,1,7,6,6,0,6,2,6,2,0,Matches
175,Cameron Dunbar,us USA,MF,LA Galaxy,17,2002,0.9,1,1,0,1,0,1,3,2,2,0,2,1,2,1,0,Matches
Rk,Player,Nation,Pos,Squad,Age,Born,90s,Tkl,TklW,Def 3rd,Mid 3rd,Att 3rd,Tkl,Att,Lost,Blocks,Sh,Pass,Int,Tkl+Int,Clr,Err,Matches
176,Kyle Duncan,us USA,DF,NY Red Bulls,22,1997,21.2,44,25,18,15,11,24,42,18,35,7,28,48,92,56,0,Matches
177,Chris Duvall,us USA,DF,Portland Timbers,28,1991,8.3,12,9,10,1,1,10,19,9,6,2,4,7,19,38,0,Matches
178,Dom Dwyer,us USA,FW,Orlando City,29,1990,1.4,1,1,0,0,1,0,1,1,1,1,0,1,2,1,0,Matches
179,Jeremy Ebobisse,us USA,"FW,MF",Portland Timbers,22,1997,11.8,6,4,0,2,4,6,18,12,9,2,7,6,12,13,1,Matches
180,Bobby Edwards,us USA,GK,FC Cincinnati,24,1995,2.0,0,0,0,0,0,0,0,0,0,0,0,0,0,0,1,Matches
181,Raheem Edwards,ca CAN,"FW,MF",Minnesota Utd,24,1995,3.0,5,4,5,0,0,4,8,4,3,0,3,5,10,0,0,Matches
182,Mandela Egbo,eng ENG,DF,NY Red Bulls,22,1997,5.0,5,5,1,4,0,3,8,5,4,0,4,8,13,10,0,Matches
183,Alberth Elis,hn HON,FW,Houston Dynamo,23,1996,4.2,6,3,1,2,3,1,3,2,3,0,3,3,9,3,0,Matches
184,Jack Elliott,eng ENG,"DF,MF",Philadelphia Union,24,1995,10.9,27,20,15,12,0,8,12,4,21,7,14,16,43,39,0,Matches
185,Tsubasa Endoh,jp JPN,"MF,FW",Toronto FC,26,1993,6.9,8,5,1,5,2,3,6,3,6,1,5,6,14,6,0,Matches
186,Magnus Eriksson,se SWE,MF,SJ Earthquakes,29,1990,5.0,8,2,3,3,2,2,9,7,4,0,4,3,11,6,0,Matches
187,Franco Escobar,ar ARG,DF,Atlanta Utd,24,1995,15.3,40,22,27,11,2,23,43,20,17,7,10,31,71,21,0,Matches
188,Cristian Espinoza,ar ARG,"MF,FW",SJ Earthquakes,24,1995,20.0,18,9,10,7,1,11,33,22,19,0,19,15,33,11,1,Matches
189,Roger Espinoza,hn HON,MF,Sporting KC,33,1986,10.5,27,21,7,14,6,9,27,18,5,0,5,16,43,9,0,Matches
190,Derrick Etienne,ht HAI,"FW,MF",Columbus Crew,23,1996,10.0,12,5,3,7,2,3,10,7,5,1,4,10,22,4,0,Matches
191,Diego Fagúndez,uy URU,"MF,FW",NE Revolution,24,1995,10.8,17,8,4,10,3,7,22,15,14,1,13,14,31,6,0,Matches
192,Rod Fanni,fr FRA,DF,Montreal Impact,38,1981,10.5,11,8,6,5,0,3,4,1,14,13,1,21,32,37,0,Matches
193,Marco Farfan,us USA,DF,Portland Timbers,21,1998,9.5,32,18,22,9,1,16,24,8,6,2,4,8,40,47,0,Matches
194,Andrew Farrell,us USA,DF,NE Revolution,27,1992,19.0,24,16,14,9,1,11,19,8,21,14,7,26,50,76,0,Matches
195,Felipe,br BRA,MF,D.C. United,29,1990,7.0,16,11,6,7,3,8,19,11,6,3,3,5,21,7,0,Matches
196,Luis Felipe,br BRA,MF,SJ Earthquakes,24,1996,2.2,9,3,5,4,0,4,12,8,1,0,1,5,14,0,0,Matches
197,Rolf Feltscher,ve VEN,DF,LA Galaxy,29,1990,13.9,18,13,13,4,1,10,21,11,10,5,5,24,42,38,0,Matches
198,Gerso Fernandes,pt POR,"FW,MF",Sporting KC,28,1991,9.1,15,13,5,5,5,3,9,6,7,0,7,4,19,1,0,Matches
199,Omir Fernandez,us USA,"FW,MF",NY Red Bulls,20,1999,6.4,8,4,5,1,2,4,11,7,11,0,11,4,12,2,0,Matches
200,Jesús Ferreira,us USA,"MF,FW",FC Dallas,19,2000,10.8,26,18,11,11,4,6,22,16,4,0,4,12,38,9,0,Matches
Rk,Player,Nation,Pos,Squad,Age,Born,90s,Tkl,TklW,Def 3rd,Mid 3rd,Att 3rd,Tkl,Att,Lost,Blocks,Sh,Pass,Int,Tkl+Int,Clr,Err,Matches
201,Carlos Fierro,mx MEX,"MF,FW",SJ Earthquakes,25,1994,10.7,13,8,4,6,3,3,17,14,9,0,9,6,19,6,0,Matches
202,Jorge Figal,ar ARG,DF,Inter Miami,25,1994,19.4,26,18,13,9,4,13,24,11,22,8,14,34,60,40,1,Matches
203,Maynor Figueroa,hn HON,DF,Houston Dynamo,36,1983,19.1,44,28,32,12,0,31,43,12,28,21,7,41,85,74,1,Matches
204,Ethan Finlay,us USA,FW,Minnesota Utd,29,1990,10.6,22,14,5,12,5,8,17,9,15,0,15,5,27,7,0,Matches
205,Oniel Fisher,jm JAM,DF,D.C. United,28,1991,7.5,5,2,3,1,1,2,6,4,14,6,8,15,20,33,0,Matches
206,Andrés Flores,sv SLV,"FW,MF",Portland Timbers,29,1990,2.1,2,1,1,1,0,0,3,3,1,1,0,2,4,0,0,Matches
207,Edison Flores,pe PER,"MF,FW",D.C. United,25,1994,9.6,15,8,4,9,2,6,14,8,8,0,8,10,25,2,0,Matches
208,Anthony Fontana,us USA,"MF,FW",Philadelphia Union,20,1999,5.7,18,11,5,8,5,4,17,13,4,0,4,1,19,0,0,Matches
209,Andreu Fontàs,es ESP,DF,Sporting KC,30,1989,3.0,3,2,1,2,0,0,2,2,1,0,1,4,7,11,0,Matches
210,Waylon Francis,cr CRC,DF,Columbus Crew,29,1990,2.2,2,2,1,1,0,2,2,0,0,0,0,4,6,9,0,Matches
211,Przemysław Frankowski,pl POL,"FW,MF",Chicago Fire,24,1995,16.2,19,9,8,7,4,7,32,25,19,1,18,18,37,14,1,Matches
212,Liam Fraser,ca CAN,"MF,FW",Toronto FC,21,1998,4.9,12,9,6,6,0,7,10,3,4,2,2,5,17,9,0,Matches
213,Matt Freese,us USA,GK,Philadelphia Union,21,1998,1.0,0,0,0,0,0,0,0,0,0,0,0,0,0,0,0,Matches
214,Stefan Frei,ch SUI,GK,Seattle Sounders,33,1986,22.0,0,0,0,0,0,0,0,0,0,0,0,0,0,4,1,Matches
215,Alejandro Fuenmayor,ve VEN,DF,Houston Dynamo,23,1996,3.4,6,2,4,2,0,1,2,1,6,4,2,12,18,12,1,Matches
216,Gilbert Fuentes,us USA,FW,SJ Earthquakes,17,2002,0.1,0,0,0,0,0,0,0,0,0,0,0,0,0,0,0,Matches
217,Ray Gaddis,us USA,DF,Philadelphia Union,30,1990,14.1,32,17,21,7,4,14,32,18,9,1,8,17,49,25,0,Matches
218,Tony Gallacher,sct SCO,DF,Toronto FC,20,1999,5.1,11,10,8,2,1,7,11,4,7,4,3,14,25,19,1,Matches
219,Jon Gallagher,ie IRL,"FW,MF",Atlanta Utd,23,1996,10.9,9,3,2,6,1,4,10,6,9,2,7,7,16,5,0,Matches
220,Erickson Gallardo,ve VEN,"MF,FW",Toronto FC,26,1993,1.8,5,1,1,3,1,2,8,6,1,0,1,0,5,1,0,Matches
221,Pedro Gallese,pe PER,GK,Orlando City,29,1990,19.0,0,0,0,0,0,0,2,2,0,0,0,0,0,10,0,Matches
222,Braian Galván,ar ARG,FW,Colorado Rapids,19,2000,2.8,4,2,1,3,0,2,4,2,2,0,2,0,4,1,0,Matches
223,Boniek García,hn HON,MF,Houston Dynamo,35,1984,9.2,17,9,9,7,1,9,21,12,10,3,7,12,29,10,0,Matches
224,Christopher Garcia,us USA,FW,Real Salt Lake,17,2003,0.0,0,0,0,0,0,0,0,0,0,0,0,0,0,0,0,Matches
225,Greg Garza,us USA,DF,FC Cincinnati,28,1991,5.7,3,2,3,0,0,0,4,4,2,0,2,8,11,8,0,Matches
Rk,Player,Nation,Pos,Squad,Age,Born,90s,Tkl,TklW,Def 3rd,Mid 3rd,Att 3rd,Tkl,Att,Lost,Blocks,Sh,Pass,Int,Tkl+Int,Clr,Err,Matches
226,Chase Gasper,us USA,DF,Minnesota Utd,24,1996,16.6,29,20,19,6,4,18,32,14,23,7,16,30,59,46,0,Matches
227,Carles Gil,es ESP,"FW,MF",NE Revolution,27,1992,4.1,0,0,0,0,0,0,6,6,3,0,3,0,0,1,0,Matches
228,Gastón Giménez,py PAR,MF,Chicago Fire,28,1991,17.3,43,30,14,18,11,17,43,26,26,2,24,44,87,19,1,Matches
229,Francisco Ginella,uy URU,MF,LAFC,21,1999,12.9,25,12,6,15,4,6,34,28,16,1,15,19,44,7,1,Matches
230,Justen Glad,us USA,DF,Real Salt Lake,22,1997,14.2,37,20,24,10,3,22,38,16,20,9,11,27,64,50,1,Matches
231,Jakob Glesnes,no NOR,DF,Philadelphia Union,25,1994,16.6,15,8,8,6,1,4,12,8,13,9,4,32,47,88,0,Matches
232,Aníbal Godoy,pa PAN,MF,Nashville SC,29,1990,16.6,35,19,15,20,0,12,27,15,14,4,10,39,74,15,0,Matches
233,Erik Godoy,ar ARG,DF,Vancouver W'caps,26,1993,10.4,11,8,10,1,0,7,10,3,16,10,6,23,34,43,0,Matches
234,Yeimar Gómez Andrade,co COL,DF,Seattle Sounders,27,1992,18.0,31,17,21,10,0,13,21,8,13,7,6,52,83,69,1,Matches
235,Giancarlo González,cr CRC,DF,LA Galaxy,31,1988,8.4,4,3,3,1,0,2,4,2,12,7,5,7,11,38,0,Matches
236,Jesse Gonzalez,mx MEX,GK,FC Dallas,24,1995,2.0,0,0,0,0,0,0,0,0,0,0,0,0,0,2,0,Matches
237,Omar Gonzalez,us USA,DF,Toronto FC,31,1988,20.8,17,11,12,4,1,10,13,3,14,10,4,21,38,76,0,Matches
238,Leandro González Pirez,ar ARG,DF,Inter Miami,27,1992,16.0,19,10,16,3,0,12,23,11,13,7,6,24,43,44,2,Matches
239,Yony González,co COL,FW,LA Galaxy,25,1994,5.3,5,4,3,2,0,2,4,2,3,2,1,2,7,8,0,Matches
240,Ján Greguš,sk SVK,MF,Minnesota Utd,29,1991,17.7,31,16,16,7,8,18,35,17,12,2,10,34,65,11,1,Matches
241,Julian Gressel,us USA,"MF,DF",D.C. United,26,1993,18.6,23,16,10,11,2,9,39,30,18,5,13,27,50,21,1,Matches
242,Brian Gutiérrez,us USA,"MF,FW",Chicago Fire,16,2003,0.4,2,2,0,1,1,0,1,1,1,0,1,0,2,0,0,Matches
243,Cristián Gutiérrez,cl CHI,"DF,MF",Vancouver W'caps,22,1997,7.4,14,8,9,4,1,11,18,7,8,1,7,20,34,21,0,Matches
244,Andrew Gutman,us USA,DF,FC Cincinnati,23,1996,16.0,34,19,27,3,4,17,30,13,23,6,17,17,51,45,1,Matches
245,Brad Guzan,us USA,GK,Atlanta Utd,35,1984,23.0,1,1,1,0,0,1,1,0,0,0,0,1,2,10,2,Matches
246,Joe Gyau,us USA,"FW,DF",FC Cincinnati,27,1992,19.9,19,11,9,7,3,5,18,13,22,2,20,9,28,16,0,Matches
247,Nick Hagglund,us USA,DF,FC Cincinnati,27,1992,8.3,13,3,9,4,0,5,7,2,8,6,2,22,35,37,0,Matches
248,Marlon Hairston,us USA,"MF,DF",Minnesota Utd,25,1994,4.5,11,8,4,5,2,6,11,5,4,1,3,10,21,6,0,Matches
249,Siad Haji,so SOM,"MF,DF",SJ Earthquakes,20,1999,0.6,5,4,1,2,2,2,4,2,0,0,0,1,6,0,0,Matches
250,Bill Hamid,us USA,GK,D.C. United,29,1990,17.0,0,0,0,0,0,0,1,1,0,0,0,0,0,6,0,Matches
Rk,Player,Nation,Pos,Squad,Age,Born,90s,Tkl,TklW,Def 3rd,Mid 3rd,Att 3rd,Tkl,Att,Lost,Blocks,Sh,Pass,Int,Tkl+Int,Clr,Err,Matches
251,Jordan Hamilton,ca CAN,"DF,FW",Columbus Crew,23,1996,0.2,1,1,0,1,0,1,2,1,0,0,0,0,1,0,0,Matches
252,Niko Hansen,dk DEN,FW,Houston Dynamo,25,1994,8.0,2,2,0,2,0,2,6,4,6,1,5,6,8,7,0,Matches
253,Carlos Harvey,pa PAN,"MF,FW",LA Galaxy,19,2000,1.2,11,3,6,5,0,3,4,1,2,0,2,0,11,1,0,Matches
254,Jordan Harvey,us USA,DF,LAFC,36,1984,8.4,14,7,10,3,1,6,11,5,9,6,3,15,29,28,0,Matches
255,Thomas Hasal,ca CAN,GK,Vancouver W'caps,20,1999,8.4,1,0,1,0,0,1,1,0,0,0,0,1,2,6,0,Matches
256,Jacori Hayes,us USA,"MF,FW",Minnesota Utd,24,1995,6.7,12,7,1,10,1,5,8,3,9,2,7,14,26,4,0,Matches
257,Héber,br BRA,FW,NYCFC,28,1991,9.9,5,3,1,1,3,2,11,9,5,0,5,2,7,2,0,Matches
258,Matt Hedges,us USA,DF,FC Dallas,29,1990,17.1,29,19,22,6,1,15,25,10,32,22,10,26,55,89,1,Matches
259,Fabian Herbers,de GER,"MF,FW",Chicago Fire,26,1993,15.1,31,22,8,14,9,10,29,19,25,2,23,15,46,10,0,Matches
260,Felipe Hernandez,us USA,MF,Sporting KC,21,1998,8.7,11,5,5,5,1,2,12,10,9,1,8,12,23,8,0,Matches
261,Javier Hernández,mx MEX,FW,LA Galaxy,31,1988,8.4,1,0,0,1,0,1,5,4,1,0,1,2,3,7,0,Matches
262,Aaron Herrera,gt GUA,DF,Real Salt Lake,22,1997,19.9,49,33,32,10,7,24,36,12,22,9,13,36,85,32,2,Matches
263,Federico Higuaín,ar ARG,"MF,FW",D.C. United,35,1984,1.8,2,0,1,1,0,1,5,4,0,0,0,1,3,0,0,Matches
264,Federico Higuaín,ar ARG,"DF,MF",Inter Miami,35,1984,0.3,0,0,0,0,0,0,0,0,0,0,0,1,1,0,0,Matches
265,Gonzalo Higuaín,ar ARG,FW,Inter Miami,32,1987,8.9,8,5,3,2,3,4,8,4,8,0,8,0,8,5,0,Matches
266,Danny Hoesen,nl NED,FW,SJ Earthquakes,29,1991,2.8,1,0,1,0,0,0,5,5,1,0,1,1,2,2,0,Matches
267,Ryan Hollingshead,us USA,"DF,FW",FC Dallas,28,1991,19.2,43,28,25,17,1,22,43,21,22,11,11,41,84,41,2,Matches
268,Erik Holt,us USA,DF,Real Salt Lake,23,1996,4.3,5,5,5,0,0,4,9,5,6,2,4,1,6,13,0,Matches
269,Shandon Hopeau,us USA,"FW,MF",Seattle Sounders,21,1998,0.9,0,0,0,0,0,0,0,0,0,0,0,1,1,3,0,Matches
270,Erik Hurtado,us USA,"FW,MF",Sporting KC,29,1990,4.2,4,2,1,1,2,1,2,1,2,1,1,1,5,0,0,Matches
271,Emerson Hyndman,us USA,MF,Atlanta Utd,23,1996,15.3,22,11,9,9,4,4,16,12,16,3,13,11,33,6,1,Matches
272,Miguel Ibarra,us USA,"FW,MF",Seattle Sounders,29,1990,2.8,3,2,2,1,0,1,2,1,1,0,1,4,7,1,0,Matches
273,Sebastien Ibeagha,us USA,DF,NYCFC,28,1992,3.2,6,4,3,3,0,2,3,1,5,3,2,7,13,11,0,Matches
274,Milan Iloski,us USA,FW,Real Salt Lake,20,1999,0.0,0,0,0,0,0,0,0,0,0,0,0,0,0,0,0,Matches
275,Ilsinho,br BRA,"FW,MF",Philadelphia Union,34,1985,7.1,10,5,4,4,2,3,9,6,3,0,3,4,14,6,0,Matches
Rk,Player,Nation,Pos,Squad,Age,Born,90s,Tkl,TklW,Def 3rd,Mid 3rd,Att 3rd,Tkl,Att,Lost,Blocks,Sh,Pass,Int,Tkl+Int,Clr,Err,Matches
276,Hwang In-beom,kr KOR,MF,Vancouver W'caps,23,1996,5.0,8,5,5,3,0,5,10,5,7,1,6,12,20,4,1,Matches
277,Emiliano Insúa,ar ARG,DF,LA Galaxy,31,1989,20.9,52,34,32,16,4,30,56,26,15,6,9,28,80,37,0,Matches
278,Clint Irwin,us USA,GK,Colorado Rapids,30,1989,4.0,0,0,0,0,0,0,0,0,0,0,0,0,0,1,1,Matches
279,Aljaž Ivačič,si SVN,GK,Portland Timbers,26,1993,2.0,0,0,0,0,0,0,0,0,0,0,0,0,0,1,0,Matches
280,Anthony Jackson-Hamel,ca CAN,FW,Montreal Impact,26,1993,2.2,0,0,0,0,0,0,3,3,3,0,3,2,2,0,0,Matches
281,Adam Jahn,us USA,FW,Atlanta Utd,29,1991,11.9,8,5,1,4,3,3,12,9,8,1,7,1,9,10,0,Matches
282,Dejan Jakovic,ca CAN,DF,LAFC,34,1985,11.9,19,13,13,6,0,10,15,5,16,10,6,23,42,31,1,Matches
283,Robin Jansson,se SWE,DF,Orlando City,28,1991,22.0,20,12,12,8,0,13,16,3,26,20,6,17,37,98,1,Matches
284,Franco Jara,ar ARG,FW,FC Dallas,31,1988,15.3,15,8,1,8,6,7,18,11,10,3,7,2,17,1,0,Matches
285,David Jensen,dk DEN,GK,NY Red Bulls,27,1992,10.3,0,0,0,0,0,0,0,0,0,0,0,0,0,7,0,Matches
286,Hector Jiménez,us USA,DF,Columbus Crew,31,1988,4.2,8,5,3,4,1,7,8,1,6,1,5,7,15,5,0,Matches
287,Sam Johnson,lr LBR,"FW,MF",Real Salt Lake,26,1993,3.7,2,1,1,0,1,0,2,2,1,0,1,3,5,3,0,Matches
288,Sean Johnson,us USA,GK,NYCFC,30,1989,23.0,1,1,1,0,0,1,4,3,0,0,0,0,1,6,1,Matches
289,Alistair Johnston,ca CAN,DF,Nashville SC,21,1998,15.2,40,30,27,10,3,17,29,12,18,7,11,18,58,36,0,Matches
290,DeJuan Jones,us USA,DF,NE Revolution,22,1997,12.6,27,20,15,10,2,13,28,15,16,3,13,23,50,22,0,Matches
291,Derrick Jones,us USA,"FW,MF",Nashville SC,22,1997,10.1,14,6,4,6,4,5,12,7,8,0,8,5,19,5,0,Matches
292,Joevin Jones,tt TRI,"FW,DF",Seattle Sounders,28,1991,9.2,8,5,5,3,0,5,7,2,4,2,2,6,14,9,0,Matches
293,Siem de Jong,nl NED,"MF,FW",FC Cincinnati,31,1989,8.8,13,8,4,8,1,2,12,10,4,0,4,6,19,5,0,Matches
294,Judson,br BRA,MF,SJ Earthquakes,26,1993,18.8,82,54,46,28,8,31,81,50,33,4,29,27,109,31,0,Matches
295,Florian Jungwirth,de GER,"DF,MF",SJ Earthquakes,31,1989,17.9,35,16,23,12,0,25,45,20,18,9,9,30,65,50,1,Matches
296,Sam Junqua,us USA,"DF,FW",Houston Dynamo,23,1996,2.8,8,6,3,1,4,0,3,3,4,0,4,2,10,4,0,Matches
297,Mathias Jørgensen,dk DEN,FW,NY Red Bulls,19,2000,3.0,1,0,0,0,1,0,1,1,0,0,0,0,1,1,0,Matches
298,Kaku,py PAR,"MF,FW",NY Red Bulls,25,1995,12.0,12,10,4,6,2,5,15,10,15,0,15,7,19,1,0,Matches
299,Brent Kallman,us USA,DF,Minnesota Utd,29,1990,3.0,4,2,2,2,0,0,1,1,5,3,2,8,12,15,1,Matches
300,Kei Kamara,sl SLE,FW,Colorado Rapids,35,1984,5.8,1,1,0,1,0,0,2,2,4,2,2,3,4,6,0,Matches
Rk,Player,Nation,Pos,Squad,Age,Born,90s,Tkl,TklW,Def 3rd,Mid 3rd,Att 3rd,Tkl,Att,Lost,Blocks,Sh,Pass,Int,Tkl+Int,Clr,Err,Matches
301,Kei Kamara,sl SLE,FW,Minnesota Utd,35,1984,5.0,1,1,0,0,1,0,1,1,1,1,0,1,2,8,0,Matches
302,Ola Kamara,no NOR,FW,D.C. United,30,1989,14.7,5,2,1,2,2,2,13,11,7,0,7,2,7,7,0,Matches
303,Johan Kappelhof,nl NED,DF,Chicago Fire,29,1990,2.2,6,3,5,1,0,1,3,2,2,2,0,9,15,10,0,Matches
304,Guram Kashia,ge GEO,DF,SJ Earthquakes,32,1987,5.4,18,10,13,5,0,9,20,11,11,7,4,5,23,9,0,Matches
305,Aleksandar Katai,rs SRB,"MF,FW",LA Galaxy,28,1991,1.3,8,4,2,1,5,3,3,0,3,2,1,1,9,1,0,Matches
306,Mark-Anthony Kaye,ca CAN,MF,LAFC,25,1994,12.1,25,18,5,15,5,12,31,19,19,4,15,7,32,12,0,Matches
307,Aboubacar Keita,us USA,DF,Columbus Crew,19,2000,10.5,11,6,8,3,0,2,4,2,15,13,2,7,18,33,1,Matches
308,Jeremy Kelly,us USA,DF,Colorado Rapids,22,1997,2.8,6,3,4,1,1,4,7,3,4,2,2,3,9,9,0,Matches
309,Henry Kessler,us USA,DF,NE Revolution,21,1998,20.3,30,21,22,8,0,13,17,4,20,6,14,34,64,90,0,Matches
310,Jasser Khmiri,tn TUN,DF,Vancouver W'caps,22,1997,4.3,2,1,2,0,0,1,2,1,7,5,2,8,10,25,0,Matches
311,Jerome Kiesewetter,us USA,FW,Inter Miami,26,1993,0.3,0,0,0,0,0,0,0,0,0,0,0,0,0,0,0,Matches
312,Gadi Kinda,il ISR,"MF,FW",Sporting KC,25,1994,15.4,22,16,6,14,2,8,32,24,7,1,6,9,31,6,0,Matches
313,Perry Kitchen,us USA,MF,LA Galaxy,27,1992,19.1,45,33,23,22,0,22,37,15,19,6,13,27,72,32,0,Matches
314,Mustafa Kizza,ug UGA,"DF,MF",Montreal Impact,20,1999,0.2,0,0,0,0,0,0,1,1,0,0,0,1,1,0,0,Matches
315,Jonathan Klinsmann,us USA,GK,LA Galaxy,22,1997,4.0,0,0,0,0,0,0,0,0,0,0,0,0,0,1,1,Matches
316,Sacha Kljestan,us USA,MF,LA Galaxy,34,1985,8.6,14,9,8,3,3,4,16,12,9,1,8,14,28,5,0,Matches
317,Brad Knighton,us USA,GK,NE Revolution,34,1985,1.0,0,0,0,0,0,0,0,0,0,0,0,0,0,0,0,Matches
318,Kai Koreniuk,nl NED,"FW,MF",LA Galaxy,21,1998,0.2,0,0,0,0,0,0,0,0,1,0,1,0,0,0,0,Matches
319,Franko Kovačević,hr CRO,FW,FC Cincinnati,20,1999,1.0,1,1,0,1,0,0,0,0,1,0,1,0,1,1,0,Matches
320,Damir Kreilach,hr CRO,"FW,MF",Real Salt Lake,30,1989,19.6,19,11,4,10,5,11,30,19,17,1,16,9,28,16,0,Matches
321,Bojan Krkić,es ESP,"FW,MF",Montreal Impact,29,1990,12.8,5,5,2,2,1,2,9,7,9,0,9,7,12,4,0,Matches
322,Kenneth Kronholm,de GER,GK,Chicago Fire,34,1985,5.0,0,0,0,0,0,0,1,1,0,0,0,0,0,4,1,Matches
323,Yuya Kubo,jp JPN,"FW,MF",FC Cincinnati,26,1993,14.2,29,17,4,20,5,15,35,20,11,1,10,13,42,5,0,Matches
324,Matt LaGrassa,us USA,MF,Nashville SC,27,1993,4.2,6,1,2,2,2,3,8,5,8,1,7,9,15,4,0,Matches
325,Foster Langsdorf,us USA,FW,Minnesota Utd,24,1995,0.1,0,0,0,0,0,0,0,0,0,0,0,0,0,0,0,Matches
Rk,Player,Nation,Pos,Squad,Age,Born,90s,Tkl,TklW,Def 3rd,Mid 3rd,Att 3rd,Tkl,Att,Lost,Blocks,Sh,Pass,Int,Tkl+Int,Clr,Err,Matches
326,Lassi Lappalainen,fi FIN,"FW,DF",Montreal Impact,21,1998,7.6,9,6,5,2,2,6,14,8,8,1,7,3,12,4,1,Matches
327,Jeff Larentowicz,us USA,MF,Atlanta Utd,36,1983,12.4,17,9,10,7,0,7,17,10,12,6,6,23,40,16,1,Matches
328,Richie Laryea,ca CAN,DF,Toronto FC,25,1995,15.5,30,17,22,5,3,14,27,13,9,3,6,17,47,32,0,Matches
329,Ariel Lassiter,cr CRC,"FW,MF",Houston Dynamo,25,1994,10.5,3,2,0,1,2,1,6,5,5,1,4,5,8,9,0,Matches
330,Randall Leal,cr CRC,"FW,MF",Nashville SC,23,1997,17.8,23,15,13,7,3,5,23,18,18,0,18,22,45,8,0,Matches
331,Kelvin Leerdam,sr SUR,DF,Seattle Sounders,29,1990,17.1,19,13,13,5,1,8,17,9,13,7,6,19,38,38,0,Matches
332,Nico Lemoine,us USA,"FW,MF",Houston Dynamo,19,2000,1.9,3,1,1,1,1,0,1,1,0,0,0,1,4,1,0,Matches
333,Brooks Lennon,us USA,"DF,FW",Atlanta Utd,22,1997,19.5,26,12,14,7,5,13,35,22,16,5,11,17,43,49,1,Matches
334,Jonathan Lewis,us USA,"FW,MF",Colorado Rapids,22,1997,7.9,8,5,2,4,2,3,9,6,4,0,4,4,12,6,0,Matches
335,Danny Leyva,us USA,MF,Seattle Sounders,16,2003,0.6,0,0,0,0,0,0,0,0,0,0,0,0,0,0,0,Matches
336,Nick Lima,us USA,DF,SJ Earthquakes,25,1994,17.0,14,8,8,3,3,6,19,13,23,6,17,35,49,37,0,Matches
337,Jaylin Lindsey,us USA,DF,Sporting KC,19,2000,11.8,23,15,11,10,2,9,12,3,8,3,5,19,42,29,1,Matches
338,Sebastian Lletget,us USA,"MF,FW",LA Galaxy,27,1992,18.7,18,12,6,4,8,7,21,14,25,4,21,13,31,20,0,Matches
339,Jürgen Locadia,cw CUW,FW,FC Cincinnati,26,1993,15.2,8,5,2,3,3,1,7,6,11,0,11,1,9,5,0,Matches
340,Robin Lod,fi FIN,FW,Minnesota Utd,26,1993,17.6,34,15,9,19,6,12,31,19,17,3,14,15,49,9,1,Matches
341,Nicolás Lodeiro,uy URU,MF,Seattle Sounders,30,1989,19.8,22,11,4,10,8,7,37,30,10,0,10,14,36,4,0,Matches
342,David Loera,us USA,"MF,DF",Orlando City,21,1998,0.2,0,0,0,0,0,0,0,0,0,0,0,1,1,0,0,Matches
343,Aaron Long,us USA,DF,NY Red Bulls,27,1992,14.8,11,7,8,3,0,6,10,4,17,12,5,25,36,58,0,Matches
344,Marcos López,pe PER,DF,SJ Earthquakes,20,1999,11.0,16,10,9,5,2,8,20,12,14,9,5,13,29,25,0,Matches
345,Marvin Loría,cr CRC,"FW,MF",Portland Timbers,22,1997,7.9,9,5,5,4,0,4,14,10,8,0,8,15,24,7,0,Matches
346,Daniel Lovitz,us USA,DF,Nashville SC,28,1991,21.0,42,28,21,14,7,16,33,17,19,8,11,27,69,57,0,Matches
347,Jorge Luis Corrales,cu CUB,DF,Montreal Impact,28,1991,11.9,12,6,7,2,3,7,22,15,12,2,10,20,32,22,0,Matches
348,Everton Luiz,br BRA,MF,Real Salt Lake,31,1988,10.2,23,12,10,11,2,6,23,17,8,2,6,21,44,10,0,Matches
349,Adam Lundqvist,se SWE,DF,Houston Dynamo,25,1994,20.2,61,41,46,8,7,31,60,29,20,1,19,35,96,50,0,Matches
350,Larrys Mabiala,cd COD,DF,Portland Timbers,32,1987,14.6,21,13,16,5,0,9,14,5,18,11,7,26,47,87,1,Matches
Rk,Player,Nation,Pos,Squad,Age,Born,90s,Tkl,TklW,Def 3rd,Mid 3rd,Att 3rd,Tkl,Att,Lost,Blocks,Sh,Pass,Int,Tkl+Int,Clr,Err,Matches
351,Emanuel Maciel,ar ARG,MF,Montreal Impact,22,1997,8.6,12,9,2,10,0,4,10,6,12,0,12,14,26,12,0,Matches
352,Gary Mackay-Steven,sct SCO,FW,NYCFC,29,1990,10.6,24,15,11,7,6,9,16,7,14,0,14,10,34,3,0,Matches
353,Zac MacMath,us USA,GK,Real Salt Lake,28,1991,6.0,0,0,0,0,0,0,0,0,0,0,0,0,0,3,0,Matches
354,Jack Maher,us USA,DF,Nashville SC,20,1999,1.4,1,1,1,0,0,1,2,1,1,1,0,3,4,6,0,Matches
355,Christian Makoun,ve VEN,DF,Inter Miami,19,2000,2.1,0,0,0,0,0,0,0,0,3,1,2,3,3,15,0,Matches
356,Michael Mancienne,sc SEY,DF,NE Revolution,32,1988,3.5,3,3,2,1,0,0,0,0,4,2,2,7,10,12,1,Matches
357,Kekuta Manneh,us USA,"FW,DF",NE Revolution,25,1994,2.0,1,0,0,1,0,0,1,1,1,0,1,2,3,1,0,Matches
358,Kekuta Manneh,us USA,MF,FC Cincinnati,25,1994,0.7,1,1,1,0,0,0,0,0,0,0,0,0,1,0,0,Matches
359,Mauro Manotas,co COL,FW,Houston Dynamo,24,1995,14.8,3,2,1,1,1,2,10,8,6,1,5,1,4,26,0,Matches
360,J.T. Marcinkowski,us USA,GK,SJ Earthquakes,22,1997,11.0,0,0,0,0,0,0,1,1,0,0,0,1,1,2,1,Matches
361,Marko Marić,hr CRO,GK,Houston Dynamo,24,1996,23.0,0,0,0,0,0,0,0,0,0,0,0,1,1,10,1,Matches
362,Paul Marie,fr FRA,DF,SJ Earthquakes,24,1995,4.0,9,7,3,4,2,5,12,7,5,3,2,7,16,7,1,Matches
363,Jahkeele Marshall-Rutty,ca CAN,FW,Toronto FC,15,2004,0.2,0,0,0,0,0,0,1,1,0,0,0,0,0,0,0,Matches
364,Douglas Martinez,hn HON,FW,Real Salt Lake,22,1997,9.3,13,8,2,7,4,3,12,9,5,0,5,1,14,5,0,Matches
365,Josef Martínez,ve VEN,FW,Atlanta Utd,26,1993,0.8,0,0,0,0,0,0,0,0,0,0,0,0,0,1,0,Matches
366,Tomás Martínez,ar ARG,"MF,FW",Houston Dynamo,24,1995,3.9,8,5,3,1,4,2,19,17,5,0,5,2,10,2,1,Matches
367,Luís Martins,pt POR,DF,Sporting KC,27,1992,8.6,17,11,10,5,2,12,18,6,5,0,5,11,28,19,1,Matches
368,Rónald Matarrita,cr CRC,DF,NYCFC,25,1994,18.3,61,38,27,22,12,27,44,17,31,4,27,36,97,25,0,Matches
369,Blaise Matuidi,fr FRA,MF,Inter Miami,32,1987,14.1,25,16,7,14,4,8,21,13,15,4,11,14,39,8,0,Matches
370,Jimmy Maurer,us USA,GK,FC Dallas,31,1988,15.5,0,0,0,0,0,0,0,0,0,0,0,1,1,5,0,Matches
371,Chris Mavinga,cd COD,DF,Toronto FC,28,1991,16.8,24,16,18,5,1,15,23,8,17,10,7,33,57,57,1,Matches
372,Olivier Mbaizo,cm CMR,DF,Philadelphia Union,22,1997,11.7,30,18,20,5,5,16,23,7,9,2,7,25,55,15,0,Matches
373,Thomas McCabe,us USA,MF,FC Cincinnati,21,1998,0.1,0,0,0,0,0,0,0,0,0,0,0,0,0,0,0,Matches
374,John McCarthy,us USA,GK,Inter Miami,27,1992,8.0,0,0,0,0,0,0,0,0,0,0,0,0,0,3,1,Matches
375,Dax McCarty,us USA,MF,Nashville SC,32,1987,18.6,37,22,14,21,2,16,38,22,20,4,16,34,71,29,0,Matches
Rk,Player,Nation,Pos,Squad,Age,Born,90s,Tkl,TklW,Def 3rd,Mid 3rd,Att 3rd,Tkl,Att,Lost,Blocks,Sh,Pass,Int,Tkl+Int,Clr,Err,Matches
376,Mark McKenzie,us USA,DF,Philadelphia Union,20,1999,22.0,37,24,24,13,0,12,20,8,24,17,7,41,78,104,1,Matches
377,Jimmy McLaughlin,us USA,DF,FC Cincinnati,26,1993,0.0,0,0,0,0,0,0,0,0,0,0,0,0,0,0,0,Matches
378,Thomas McNamara,us USA,"FW,MF",Houston Dynamo,28,1991,2.0,2,2,2,0,0,1,2,1,1,1,0,0,2,3,0,Matches
379,Thomas McNamara,us USA,MF,NE Revolution,28,1991,9.5,16,12,7,8,1,2,11,9,12,1,11,10,26,7,0,Matches
380,Ryan Meara,us USA,GK,NY Red Bulls,29,1990,12.7,0,0,0,0,0,0,0,0,0,0,0,0,0,8,0,Matches
381,Jesús Medina,py PAR,"MF,FW",NYCFC,22,1997,16.5,25,13,7,8,10,7,34,27,14,0,14,8,33,6,0,Matches
382,Álvaro Medrán,es ESP,MF,Chicago Fire,25,1994,22.1,29,19,9,16,4,16,36,20,23,6,17,24,53,10,0,Matches
383,Jimmy Medranda,co COL,FW,Nashville SC,25,1994,0.1,0,0,0,0,0,0,0,0,0,0,0,0,0,0,0,Matches
384,Jimmy Medranda,co COL,DF,Seattle Sounders,25,1994,0.2,4,2,1,2,1,3,3,0,0,0,0,0,4,1,0,Matches
385,Haris Medunjanin,ba BIH,MF,FC Cincinnati,34,1985,19.2,27,18,12,12,3,16,33,17,11,4,7,22,49,18,0,Matches
386,Phelipe Megiolaro,br BRA,GK,FC Dallas,20,1999,1.0,0,0,0,0,0,0,0,0,0,0,0,0,0,1,0,Matches
387,Tim Melia,us USA,GK,Sporting KC,33,1986,19.8,0,0,0,0,0,0,2,2,0,0,0,0,0,10,1,Matches
388,Jhegson Méndez,ec ECU,MF,Orlando City,22,1997,12.1,44,27,26,16,2,23,57,34,14,5,9,9,53,14,0,Matches
389,Jonathan Mensah,gh GHA,DF,Columbus Crew,29,1990,23.0,11,8,7,4,0,6,16,10,37,30,7,34,45,116,2,Matches
390,Justin Meram,iq IRQ,"FW,MF",Real Salt Lake,31,1988,12.7,26,15,8,8,10,12,37,25,22,0,22,3,29,8,0,Matches
391,Bryan Meredith,us USA,GK,Vancouver W'caps,30,1989,3.0,0,0,0,0,0,0,0,0,0,0,0,0,0,3,0,Matches
392,Romain Métanire,mg MAD,DF,Minnesota Utd,29,1990,19.8,41,26,22,14,5,21,38,17,20,4,16,31,72,34,0,Matches
393,Patrick Metcalfe,ca CAN,MF,Vancouver W'caps,21,1998,2.3,3,1,1,2,0,1,5,4,2,0,2,3,6,6,0,Matches
394,Fernando Meza,ar ARG,DF,Atlanta Utd,29,1990,11.9,9,5,7,1,1,4,6,2,7,5,2,17,26,40,0,Matches
395,Nicolás Mezquida,uy URU,"MF,FW",Colorado Rapids,28,1992,5.3,12,8,3,5,4,5,13,8,9,1,8,4,16,5,0,Matches
396,Benji Michel,us USA,"FW,MF",Orlando City,22,1997,9.4,10,7,3,7,0,7,19,12,9,1,8,3,13,20,0,Matches
397,Djordje Mihailovic,us USA,"MF,FW",Chicago Fire,21,1998,13.0,23,14,11,7,5,10,20,10,17,6,11,27,50,8,0,Matches
398,Manuel Milinković,rs SRB,"MF,FW",Vancouver W'caps,25,1994,10.0,20,14,12,5,3,4,11,7,16,0,16,5,25,1,0,Matches
399,Eric Miller,us USA,"DF,MF",Nashville SC,27,1993,4.8,5,2,2,2,1,2,4,2,5,1,4,4,9,9,0,Matches
400,Kamal Miller,ca CAN,DF,Orlando City,22,1997,9.0,17,10,13,4,0,9,20,11,9,2,7,27,44,29,0,Matches
Rk,Player,Nation,Pos,Squad,Age,Born,90s,Tkl,TklW,Def 3rd,Mid 3rd,Att 3rd,Tkl,Att,Lost,Blocks,Sh,Pass,Int,Tkl+Int,Clr,Err,Matches
401,Tyler Miller,us USA,GK,Minnesota Utd,26,1993,5.0,0,0,0,0,0,0,0,0,0,0,0,0,0,5,1,Matches
402,Ben Mines,us USA,"MF,FW",NY Red Bulls,19,2000,1.9,7,3,1,3,3,2,4,2,1,0,1,1,8,0,0,Matches
403,Alexandru Mitriță,ro ROU,"MF,FW",NYCFC,24,1995,7.8,8,6,5,2,1,4,12,8,3,0,3,1,9,0,0,Matches
404,Youness Mokhtar,ma MAR,"FW,MF",Columbus Crew,28,1991,8.9,17,10,4,8,5,4,12,8,11,0,11,2,19,2,0,Matches
405,Kamohelo Mokotjo,za RSA,MF,FC Cincinnati,28,1991,6.1,9,3,6,3,0,4,9,5,5,1,4,9,18,4,0,Matches
406,Kevin Molino,tt TRI,"FW,MF",Minnesota Utd,29,1990,14.0,22,9,7,10,5,8,18,10,17,0,17,12,34,4,0,Matches
407,Mohamed El Monir,ly LBY,DF,LAFC,27,1992,6.7,22,15,15,6,1,11,23,12,11,1,10,16,38,12,0,Matches
408,Jamiro Monteiro,cv CPV,MF,Philadelphia Union,26,1993,21.5,46,26,14,20,12,14,50,36,20,0,20,20,66,2,0,Matches
409,Fredy Montero,co COL,FW,Vancouver W'caps,32,1987,11.8,25,13,10,11,4,10,21,11,6,0,6,4,29,5,0,Matches
410,Drew Moor,us USA,DF,Colorado Rapids,36,1984,5.4,5,0,5,0,0,1,2,1,3,2,1,11,16,17,0,Matches
411,Felipe Mora,cl CHI,FW,Portland Timbers,26,1993,13.4,11,8,2,4,5,4,12,8,7,0,7,6,17,11,0,Matches
412,Joseph Mora,cr CRC,DF,D.C. United,27,1993,17.6,51,36,36,12,3,31,47,16,24,4,20,25,76,52,0,Matches
413,Maximiliano Moralez,ar ARG,"MF,FW",NYCFC,32,1987,9.7,12,8,2,5,5,2,25,23,11,0,11,9,21,2,0,Matches
414,Jorge Moreira,py PAR,DF,Portland Timbers,29,1990,1.0,0,0,0,0,0,0,1,1,1,0,1,0,0,0,0,Matches
415,Junior Moreno,ve VEN,MF,D.C. United,26,1993,19.1,33,17,17,14,2,12,26,14,22,9,13,26,59,30,1,Matches
416,Marcelino Moreno,ar ARG,MF,Atlanta Utd,25,1994,5.1,8,6,2,6,0,1,6,5,6,0,6,0,8,0,0,Matches
417,Lewis Morgan,sct SCO,"FW,MF",Inter Miami,23,1996,21.6,23,15,7,9,7,9,19,10,11,0,11,18,41,9,0,Matches
418,Aidan Morris,us USA,MF,Columbus Crew,18,2001,4.1,20,12,10,9,1,10,14,4,3,0,3,10,30,2,0,Matches
419,Jordan Morris,us USA,FW,Seattle Sounders,25,1994,19.1,11,8,5,6,0,5,15,10,16,4,12,8,19,7,0,Matches
420,Justin Morrow,us USA,DF,Toronto FC,32,1987,10.7,32,18,19,9,4,16,24,8,12,2,10,13,45,19,0,Matches
421,João Moutinho,pt POR,DF,Orlando City,22,1998,7.6,12,8,9,3,0,6,12,6,7,2,5,10,22,21,0,Matches
422,Chris Mueller,us USA,"FW,MF",Orlando City,23,1996,16.3,21,11,6,10,5,6,16,10,22,1,21,8,29,9,0,Matches
423,Hany Mukhtar,de GER,"MF,FW",Nashville SC,24,1995,12.1,21,9,4,12,5,9,22,13,6,0,6,8,29,3,0,Matches
424,Patrick Mullins,us USA,FW,Toronto FC,27,1992,4.6,5,3,2,2,1,1,4,3,2,1,1,2,7,1,0,Matches
425,Jake Mulraney,ie IRL,"FW,DF",Atlanta Utd,23,1996,7.9,17,8,11,5,1,8,18,10,7,0,7,7,24,5,1,Matches
Rk,Player,Nation,Pos,Squad,Age,Born,90s,Tkl,TklW,Def 3rd,Mid 3rd,Att 3rd,Tkl,Att,Lost,Blocks,Sh,Pass,Int,Tkl+Int,Clr,Err,Matches
426,James Musa,nz NZL,"DF,MF",Minnesota Utd,27,1992,1.8,5,3,3,2,0,3,4,1,2,2,0,4,9,7,0,Matches
427,Daniel Musovski,us USA,FW,LAFC,24,1995,7.1,5,3,2,1,2,2,6,4,7,2,5,1,6,6,0,Matches
428,Alex Muyl,us USA,"FW,MF",Nashville SC,24,1995,12.1,20,10,7,11,2,6,24,18,17,1,16,11,31,2,0,Matches
429,Alex Muyl,us USA,MF,NY Red Bulls,24,1995,0.6,1,1,1,0,0,1,3,2,1,0,1,2,3,3,0,Matches
430,Darlington Nagbe,us USA,MF,Columbus Crew,29,1990,13.3,15,8,4,10,1,5,16,11,16,7,9,14,29,8,0,Matches
431,Andy Najar,hn HON,"DF,MF",LAFC,26,1993,2.1,3,2,1,2,0,3,6,3,1,0,1,6,9,5,0,Matches
432,Younes Namli,dk DEN,"MF,FW",Colorado Rapids,25,1994,14.0,17,11,3,10,4,4,23,19,12,3,9,11,28,9,0,Matches
433,Nani,pt POR,"FW,MF",Orlando City,33,1986,15.8,13,9,6,4,3,7,25,18,15,1,14,10,23,10,1,Matches
434,Miguel Navarro,ve VEN,DF,Chicago Fire,20,1999,10.8,22,13,15,7,0,8,22,14,12,2,10,22,44,32,1,Matches
435,Dylan Nealis,us USA,"DF,MF",Inter Miami,21,1998,12.3,17,7,10,3,4,9,27,18,17,8,9,13,30,34,2,Matches
436,Sean Nealis,us USA,DF,NY Red Bulls,23,1997,5.0,6,3,5,0,1,4,5,1,7,3,4,11,17,20,0,Matches
437,Jayden Nelson,ca CAN,"FW,MF",Toronto FC,17,2002,1.6,6,2,5,1,0,2,10,8,4,1,3,0,6,0,0,Matches
438,John Nelson,us USA,DF,FC Dallas,21,1998,7.9,17,7,10,7,0,9,17,8,13,7,6,8,25,30,1,Matches
439,Krisztián Németh,hu HUN,FW,Columbus Crew,31,1989,2.1,1,1,1,0,0,1,3,2,2,0,2,1,2,4,0,Matches
440,Jake Nerwinski,us USA,DF,Vancouver W'caps,25,1994,18.9,23,13,16,4,3,14,31,17,23,14,9,29,52,63,1,Matches
441,Lee Nguyen,us USA,MF,NE Revolution,33,1986,8.0,6,5,0,4,2,1,16,15,8,4,4,5,11,0,0,Matches
442,Lee Nguyen,us USA,MF,Inter Miami,33,1986,1.1,2,1,0,0,2,2,2,0,2,0,2,1,3,0,0,Matches
443,Sam Nicholson,sct SCO,FW,Colorado Rapids,25,1995,1.9,3,1,0,2,1,2,3,1,0,0,0,0,3,0,0,Matches
444,Gonzalo Nicolás Martínez,ar ARG,"MF,FW",Atlanta Utd,26,1993,6.5,4,2,0,0,4,0,5,5,1,0,1,1,5,2,1,Matches
445,Jarosław Niezgoda,pl POL,FW,Portland Timbers,24,1995,6.7,5,3,0,3,2,0,3,3,1,0,1,3,8,1,0,Matches
446,Moses Nyeman,us USA,MF,D.C. United,16,2003,5.5,13,5,7,5,1,4,16,12,5,1,4,9,22,7,0,Matches
447,Shane O'Neill,us USA,DF,Seattle Sounders,26,1993,13.8,21,11,15,6,0,11,17,6,16,12,4,21,42,45,0,Matches
448,David Ochoa,us USA,GK,Real Salt Lake,19,2001,1.0,0,0,0,0,0,0,1,1,0,0,0,0,0,1,0,Matches
449,Chris Odoi-Atsem,us USA,DF,D.C. United,24,1995,8.6,15,11,11,3,1,8,12,4,9,2,7,15,30,20,0,Matches
450,Noble Okello,ca CAN,MF,Toronto FC,19,2000,0.3,1,1,1,0,0,1,1,0,1,1,0,0,1,2,0,Matches
Rk,Player,Nation,Pos,Squad,Age,Born,90s,Tkl,TklW,Def 3rd,Mid 3rd,Att 3rd,Tkl,Att,Lost,Blocks,Sh,Pass,Int,Tkl+Int,Clr,Err,Matches
451,Orji Okwonkwo,ng NGA,"FW,MF",Montreal Impact,22,1998,5.5,5,5,2,2,1,2,6,4,5,0,5,4,9,0,0,Matches
452,Wyatt Omsberg,us USA,DF,Chicago Fire,24,1995,2.1,5,3,3,1,1,2,2,0,2,1,1,3,8,17,0,Matches
453,Zdeněk Ondrášek,cz CZE,FW,FC Dallas,31,1988,3.5,3,3,1,1,1,0,2,2,3,0,3,2,5,3,0,Matches
454,Nedum Onuoha,eng ENG,DF,Real Salt Lake,33,1986,14.6,7,4,3,3,1,0,5,5,18,12,6,18,25,55,0,Matches
455,Ike Opara,us USA,DF,Minnesota Utd,30,1989,2.0,2,2,1,1,0,0,2,2,2,2,0,8,10,9,0,Matches
456,Kwadwo Opoku,gh GHA,FW,LAFC,18,2001,0.6,2,2,0,1,1,0,1,1,1,0,1,1,3,1,0,Matches
457,Jonathan Osorio,ca CAN,MF,Toronto FC,27,1992,15.6,27,19,11,14,2,6,20,14,11,1,10,16,43,19,0,Matches
458,Leonard Owusu,gh GHA,MF,Vancouver W'caps,22,1997,14.5,26,12,14,10,2,11,42,31,10,3,7,20,46,17,0,Matches
459,Juan Pablo Torres,us USA,FW,NYCFC,20,1999,0.0,0,0,0,0,0,0,0,0,1,0,1,0,0,0,0,Matches
460,Diego Palacios,ec ECU,DF,LAFC,20,1999,13.6,45,34,21,17,7,19,38,19,17,3,14,33,78,32,0,Matches
461,Marcelo Palomino,us USA,MF,Houston Dynamo,18,2001,0.3,0,0,0,0,0,0,0,0,0,0,0,1,1,1,0,Matches
462,James Pantemis,ca CAN,GK,Montreal Impact,22,1997,3.0,0,0,0,0,0,0,0,0,0,0,0,0,0,1,1,Matches
463,Cristhian Paredes,py PAR,MF,Portland Timbers,21,1998,9.1,24,14,9,12,3,7,31,24,15,2,13,24,48,14,0,Matches
464,Kevin Paredes,us USA,"MF,DF",D.C. United,16,2003,10.5,32,18,20,10,2,16,29,13,18,0,18,17,49,19,0,Matches
465,Tim Parker,us USA,DF,NY Red Bulls,26,1993,18.0,17,11,12,5,0,8,9,1,14,10,4,20,37,58,1,Matches
466,Keaton Parks,us USA,MF,NYCFC,22,1997,19.2,49,31,16,18,15,19,43,24,14,2,12,15,64,27,4,Matches
467,Santiago Patiño,us USA,FW,Orlando City,22,1997,0.1,0,0,0,0,0,0,0,0,0,0,0,0,0,1,0,Matches
468,João Paulo Mior,br BRA,MF,Seattle Sounders,28,1991,16.7,54,36,29,21,4,25,66,41,23,4,19,30,84,16,0,Matches
469,Cristian Pavón,ar ARG,"FW,MF",LA Galaxy,24,1996,22.0,24,13,6,10,8,13,41,28,19,0,19,16,40,1,0,Matches
470,Damiano Pecile,ca CAN,FW,Vancouver W'caps,17,2002,0.0,0,0,0,0,0,0,0,0,0,0,0,0,0,0,0,Matches
471,Matías Pellegrini,ar ARG,"FW,MF",Inter Miami,19,2000,10.7,30,17,7,16,7,13,32,19,21,0,21,10,40,6,0,Matches
472,Ronaldo Peña,ve VEN,FW,Houston Dynamo,22,1997,0.4,1,0,0,0,1,1,1,0,0,0,0,1,2,0,0,Matches
473,Jason Pendant,vn VIE,DF,NY Red Bulls,22,1997,17.9,26,16,16,7,3,20,35,15,19,3,16,25,51,27,0,Matches
474,Cristian Penilla,ec ECU,"FW,MF",NE Revolution,28,1991,10.7,19,9,7,8,4,6,15,9,10,1,9,6,25,4,0,Matches
475,Ricardo Pepi,us USA,"FW,MF",FC Dallas,17,2003,5.2,3,3,2,1,0,3,8,5,5,0,5,2,5,3,0,Matches
Rk,Player,Nation,Pos,Squad,Age,Born,90s,Tkl,TklW,Def 3rd,Mid 3rd,Att 3rd,Tkl,Att,Lost,Blocks,Sh,Pass,Int,Tkl+Int,Clr,Err,Matches
476,Andrés Perea,us USA,"MF,FW",Orlando City,19,2000,13.3,31,17,14,15,2,13,37,24,23,7,16,15,46,25,0,Matches
477,Mauricio Pereyra,uy URU,"MF,FW",Orlando City,29,1990,12.2,16,5,2,9,5,6,27,21,9,0,9,10,26,4,0,Matches
478,Adrien Perez,us USA,FW,LAFC,24,1995,3.4,3,2,2,1,0,0,2,2,2,0,2,0,3,1,0,Matches
479,Tom Pettersson,se SWE,DF,FC Cincinnati,29,1990,12.7,18,13,13,5,0,7,11,4,15,8,7,34,52,45,0,Matches
480,Pablo Piatti,ar ARG,"MF,FW",Toronto FC,30,1989,14.7,28,17,16,8,4,14,63,49,24,0,24,10,38,8,0,Matches
481,Fafà Picault,ht HAI,FW,FC Dallas,28,1991,11.5,25,16,13,7,5,7,15,8,16,4,12,6,31,4,0,Matches
482,Samuel Piette,ca CAN,"MF,FW",Montreal Impact,25,1994,21.5,41,24,20,13,8,13,43,30,21,4,17,20,61,25,0,Matches
483,Mauricio Pineda,us USA,"DF,MF",Chicago Fire,22,1997,22.4,29,22,18,10,1,12,24,12,23,10,13,34,63,64,0,Matches
484,Donovan Pines,us USA,DF,D.C. United,21,1998,15.0,46,27,36,8,2,16,22,6,21,12,9,45,91,91,1,Matches
485,Rodolfo Pizarro,mx MEX,"MF,FW",Inter Miami,25,1994,17.5,15,8,4,8,3,3,18,15,11,0,11,8,23,2,0,Matches
486,Andy Polo,pe PER,"MF,FW",Portland Timbers,25,1994,8.4,9,6,4,4,1,3,11,8,5,0,5,10,19,8,0,Matches
487,Matt Polster,us USA,MF,NE Revolution,26,1993,8.4,19,11,6,11,2,9,18,9,12,2,10,20,39,9,0,Matches
488,Paxton Pomykal,us USA,"MF,FW",FC Dallas,20,1999,1.7,3,2,2,1,0,2,2,0,2,0,2,1,4,1,0,Matches
489,Justin Portillo,us USA,MF,Real Salt Lake,27,1992,3.0,4,2,2,2,0,0,2,2,4,1,3,4,8,5,0,Matches
490,Alvas Powell,jm JAM,DF,Inter Miami,25,1994,2.2,7,4,5,2,0,2,8,6,5,3,2,4,11,5,0,Matches
491,Alejandro Pozuelo,es ESP,"FW,MF",Toronto FC,28,1991,22.3,22,11,5,9,8,8,27,19,12,0,12,9,31,7,1,Matches
492,Jack Price,eng ENG,MF,Colorado Rapids,27,1992,14.6,21,14,11,10,0,9,29,20,6,2,4,23,44,22,1,Matches
493,Ralph Priso-Mbongue,ca CAN,MF,Toronto FC,17,2002,1.8,13,8,6,7,0,5,7,2,1,0,1,3,16,3,0,Matches
494,Kacper Przybyłko,pl POL,FW,Philadelphia Union,26,1993,21.9,18,13,2,8,8,7,27,20,17,4,13,7,25,32,0,Matches
495,Alan Pulido,mx MEX,FW,Sporting KC,28,1991,10.6,7,5,1,3,3,0,6,6,11,0,11,3,10,3,0,Matches
496,Roberto Punčec,hr CRO,DF,Sporting KC,28,1991,18.6,20,12,15,5,0,6,17,11,15,11,4,25,45,59,1,Matches
497,Andrew Putna,us USA,GK,Real Salt Lake,25,1994,15.0,0,0,0,0,0,0,2,2,0,0,0,1,1,4,2,Matches
498,Valeri Qazaishvili,ge GEO,"FW,MF",SJ Earthquakes,27,1993,8.9,8,8,3,2,3,1,6,5,6,1,5,7,15,2,0,Matches
499,Darwin Quintero,co COL,"FW,MF",Houston Dynamo,32,1987,18.7,26,13,7,14,5,10,36,26,20,1,19,9,35,4,0,Matches
500,Romell Quioto,hn HON,"FW,MF",Montreal Impact,28,1991,16.5,6,3,0,5,1,1,2,1,8,1,7,5,11,7,0,Matches
Rk,Player,Nation,Pos,Squad,Age,Born,90s,Tkl,TklW,Def 3rd,Mid 3rd,Att 3rd,Tkl,Att,Lost,Blocks,Sh,Pass,Int,Tkl+Int,Clr,Err,Matches
501,Jukka Raitala,fi FIN,DF,Montreal Impact,31,1988,15.0,27,18,17,8,2,12,17,5,9,3,6,22,49,39,0,Matches
502,Christian Ramirez,us USA,"FW,MF",Houston Dynamo,28,1991,7.5,4,4,1,2,1,2,4,2,4,1,3,1,5,11,0,Matches
503,Jeizon Ramírez,ve VEN,"MF,FW",Real Salt Lake,18,2001,1.0,3,3,2,0,1,0,0,0,1,0,1,1,4,2,0,Matches
504,Greg Ranjitsingh,tt TRI,GK,Minnesota Utd,26,1993,3.0,0,0,0,0,0,0,0,0,0,0,0,0,0,2,1,Matches
505,Ryan Raposo,ca CAN,"MF,FW",Vancouver W'caps,20,1999,4.3,4,4,2,1,1,2,6,4,2,1,1,4,8,3,0,Matches
506,Matthew Real,us USA,DF,Philadelphia Union,20,1999,7.0,14,11,5,9,0,8,20,12,9,4,5,9,23,38,0,Matches
507,Adrien Regattin,ma MAR,"FW,MF",FC Cincinnati,28,1991,7.0,5,5,1,3,1,0,7,7,7,1,6,2,7,3,0,Matches
508,Winston Reid,nz NZL,DF,Sporting KC,31,1988,8.1,11,6,8,3,0,4,4,0,5,2,3,15,26,36,0,Matches
509,Eric Remedi,ar ARG,MF,Atlanta Utd,24,1995,12.9,18,12,10,7,1,4,22,18,7,2,5,17,35,13,0,Matches
510,Justin Rennicks,us USA,"FW,DF",NE Revolution,20,1999,0.4,2,2,2,0,0,0,0,0,0,0,0,0,2,0,0,Matches
511,Andrés Reyes,co COL,DF,Inter Miami,20,1999,12.2,16,12,10,4,2,8,13,5,5,4,1,24,40,34,0,Matches
512,Yordy Reyna,pe PER,"FW,MF",D.C. United,26,1993,2.6,0,0,0,0,0,0,2,2,0,0,0,1,1,0,0,Matches
513,Yordy Reyna,pe PER,"FW,MF",Vancouver W'caps,26,1993,4.4,2,1,0,1,1,0,3,3,4,1,3,2,4,1,0,Matches
514,Bryan Reynolds,us USA,DF,FC Dallas,18,2001,14.1,28,21,10,14,4,12,19,7,14,9,5,8,36,33,0,Matches
515,Andre Reynolds II,us USA,DF,Chicago Fire,18,2001,0.2,0,0,0,0,0,0,0,0,1,0,1,0,0,2,0,Matches
516,Emanuel Reynoso,ar ARG,"MF,FW",Minnesota Utd,24,1995,9.2,20,17,4,11,5,3,19,16,9,0,9,10,30,1,0,Matches
517,Andrés Ricaurte,co COL,MF,FC Dallas,28,1991,12.3,26,20,14,9,3,11,34,23,19,5,14,10,36,9,0,Matches
518,Spencer Richey,us USA,GK,FC Cincinnati,27,1992,9.1,0,0,0,0,0,0,0,0,0,0,0,0,0,5,0,Matches
519,Tosaint Ricketts,ca CAN,"FW,MF",Vancouver W'caps,32,1987,5.1,6,4,4,0,2,1,5,4,6,1,5,3,9,3,0,Matches
520,Alexander Ring,fi FIN,"MF,FW",NYCFC,28,1991,22.4,57,28,27,27,3,28,72,44,37,8,29,44,101,22,0,Matches
521,Andrés Ríos,ar ARG,"FW,MF",SJ Earthquakes,30,1989,18.9,7,4,1,5,1,4,17,13,12,1,11,9,16,14,0,Matches
522,Gelmin Rivas,ve VEN,FW,D.C. United,30,1989,5.6,4,3,0,3,1,1,3,2,2,0,2,4,8,2,0,Matches
523,Robinho,br BRA,"MF,DF",Orlando City,25,1995,1.6,5,3,2,2,1,2,7,5,2,0,2,1,6,0,0,Matches
524,Miles Robinson,us USA,DF,Atlanta Utd,22,1997,15.5,18,16,7,11,0,10,16,6,27,14,13,20,38,48,0,Matches
525,Robbie Robinson,us USA,"FW,MF",Inter Miami,21,1998,4.8,2,1,0,2,0,1,4,3,3,0,3,2,4,0,0,Matches
Rk,Player,Nation,Pos,Squad,Age,Born,90s,Tkl,TklW,Def 3rd,Mid 3rd,Att 3rd,Tkl,Att,Lost,Blocks,Sh,Pass,Int,Tkl+Int,Clr,Err,Matches
526,Luis Robles,us USA,GK,Inter Miami,35,1984,15.0,0,0,0,0,0,0,0,0,0,0,0,0,0,6,0,Matches
527,Tony Rocha,bz BLZ,"MF,FW",NYCFC,26,1993,0.6,3,2,0,0,3,1,4,3,1,0,1,2,5,0,0,Matches
528,Brian Rodríguez,uy URU,FW,LAFC,19,2000,16.0,10,6,1,8,1,5,21,16,8,0,8,9,19,4,0,Matches
529,Memo Rodriguez,us USA,"MF,FW",Houston Dynamo,24,1995,17.7,28,15,14,9,5,13,38,25,13,0,13,10,38,9,0,Matches
530,Alex Roldan,sv SLV,"DF,FW",Seattle Sounders,23,1996,6.4,20,12,13,5,2,7,15,8,7,1,6,10,30,15,0,Matches
531,Cristian Roldan,us USA,"MF,FW",Seattle Sounders,24,1995,21.0,34,20,12,16,6,15,33,18,15,4,11,19,53,30,1,Matches
532,David Romney,us USA,DF,Nashville SC,26,1993,23.0,7,6,4,3,0,4,8,4,23,19,4,20,27,107,0,Matches
533,Eloy Room,cw CUW,GK,Columbus Crew,30,1989,16.8,1,1,1,0,0,0,0,0,1,0,1,1,2,3,0,Matches
534,Andy Rose,au AUS,DF,Vancouver W'caps,29,1990,9.5,5,4,4,0,1,4,6,2,11,11,0,14,19,43,0,Matches
535,Oriol Rosell,es ESP,MF,Orlando City,27,1992,6.4,25,17,14,9,2,7,16,9,8,1,7,11,36,9,0,Matches
536,Keegan Rosenberry,us USA,DF,Colorado Rapids,26,1993,15.1,19,14,9,8,2,11,22,11,21,9,12,37,56,45,1,Matches
537,Matheus Rossetto,br BRA,"MF,FW",Atlanta Utd,23,1996,8.7,12,10,5,5,2,3,9,6,7,1,6,6,18,3,1,Matches
538,Diego Rossi,uy URU,FW,LAFC,21,1998,18.8,10,6,3,3,4,3,18,15,14,1,13,4,14,5,0,Matches
539,Giuseppe Rossi,it ITA,"FW,MF",Real Salt Lake,32,1987,1.9,2,1,0,1,1,1,2,1,0,0,0,0,2,0,0,Matches
540,Brian Rowe,us USA,GK,Orlando City,31,1988,4.0,0,0,0,0,0,0,0,0,0,0,0,0,0,0,0,Matches
541,Kelyn Rowe,us USA,"MF,FW",NE Revolution,28,1991,9.9,15,5,6,8,1,7,18,11,12,3,9,18,33,5,0,Matches
542,Daniel Royer,at AUT,FW,NY Red Bulls,29,1990,15.0,10,6,1,8,1,4,19,15,19,1,18,6,16,10,0,Matches
543,Ruan,br BRA,DF,Orlando City,24,1995,17.7,39,30,27,9,3,19,30,11,10,2,8,14,53,31,1,Matches
544,Diego Rubio,cl CHI,FW,Colorado Rapids,26,1993,11.5,10,4,3,4,3,1,8,7,20,2,18,7,17,20,0,Matches
545,Raúl Ruidíaz,pe PER,FW,Seattle Sounders,29,1990,15.8,3,2,1,2,0,1,9,8,7,0,7,4,7,1,0,Matches
546,Pablo Ruíz,ar ARG,MF,Real Salt Lake,21,1998,14.7,47,33,21,21,5,18,47,29,32,2,30,27,74,9,0,Matches
547,Albert Rusnák,sk SVK,"MF,FW",Real Salt Lake,25,1994,14.3,10,5,2,4,4,4,12,8,3,0,3,3,13,0,0,Matches
548,Johnny Russell,sct SCO,"FW,MF",Sporting KC,29,1990,16.9,23,9,8,11,4,13,33,20,15,1,14,15,38,9,0,Matches
549,Marc Rzatkowski,de GER,"MF,FW",NY Red Bulls,29,1990,7.8,16,8,7,7,2,6,20,14,11,1,10,4,20,3,0,Matches
550,Michael Salazar,bz BLZ,FW,Houston Dynamo,27,1992,0.1,0,0,0,0,0,0,0,0,0,0,0,0,0,0,0,Matches
Rk,Player,Nation,Pos,Squad,Age,Born,90s,Tkl,TklW,Def 3rd,Mid 3rd,Att 3rd,Tkl,Att,Lost,Blocks,Sh,Pass,Int,Tkl+Int,Clr,Err,Matches
551,Shea Salinas,us USA,"MF,DF",SJ Earthquakes,33,1986,8.8,11,6,7,3,1,3,16,13,10,1,9,11,22,10,1,Matches
552,Dániel Sallói,hu HUN,"FW,MF",Sporting KC,23,1996,1.9,0,0,0,0,0,0,2,2,3,0,3,3,3,1,0,Matches
553,Ilie Sánchez,es ESP,MF,Sporting KC,29,1990,14.0,23,16,8,14,1,12,30,18,12,1,11,25,48,14,0,Matches
554,Richard Sánchez,mx MEX,GK,Sporting KC,25,1994,1.2,0,0,0,0,0,0,0,0,0,0,0,0,0,0,0,Matches
555,James Sands,us USA,"MF,DF",NYCFC,19,2000,15.6,33,18,12,19,2,13,24,11,27,10,17,30,63,35,0,Matches
556,Harold Santiago Mosquera,co COL,FW,FC Dallas,24,1995,4.6,9,4,8,1,0,3,9,6,5,1,4,2,11,4,0,Matches
557,Sergio Santos Gomes,br BRA,FW,Philadelphia Union,25,1994,13.4,22,17,7,9,6,3,12,9,12,0,12,8,30,19,0,Matches
558,Pedro Santos,pt POR,"FW,MF",Columbus Crew,31,1988,20.4,47,29,20,18,9,20,44,24,20,1,19,19,66,16,0,Matches
559,C.J. Sapong,us USA,FW,Chicago Fire,31,1988,5.3,7,3,2,5,0,2,5,3,7,2,5,4,11,9,0,Matches
560,Joe Scally,us USA,DF,NYCFC,17,2002,0.8,0,0,0,0,0,0,0,0,1,0,1,0,0,1,0,Matches
561,Rodrigo Schlegel,ar ARG,DF,Orlando City,22,1997,7.2,18,12,13,4,1,10,14,4,10,6,4,5,23,35,0,Matches
562,Tate Schmitt,us USA,"DF,FW",Real Salt Lake,22,1997,2.8,3,2,0,2,1,3,9,6,5,0,5,2,5,2,0,Matches
563,Aaron Schoenfeld,us USA,FW,Minnesota Utd,29,1990,4.4,6,3,0,3,3,2,6,4,2,0,2,3,9,2,0,Matches
564,Patrick Seagrist,us USA,DF,NY Red Bulls,21,1998,2.7,5,4,5,0,0,3,7,4,1,1,0,5,10,9,0,Matches
565,Dante Sealy,tt TRI,"FW,DF",FC Dallas,16,2003,0.6,0,0,0,0,0,0,2,2,0,0,0,0,0,0,0,Matches
566,Eddie Segura,co COL,DF,LAFC,22,1997,20.9,38,24,23,12,3,24,48,24,28,11,17,45,83,71,0,Matches
567,Ulises Segura,cr CRC,"FW,MF",D.C. United,26,1993,7.6,10,10,6,3,1,5,13,8,7,0,7,3,13,6,0,Matches
568,Chris Seitz,us USA,GK,D.C. United,32,1987,6.0,0,0,0,0,0,0,0,0,0,0,0,0,0,5,1,Matches
569,Amar Sejdic,us USA,MF,Montreal Impact,23,1996,7.6,12,7,5,7,0,3,10,7,10,1,9,14,26,6,0,Matches
570,Boris Sekulić,sk SVK,DF,Chicago Fire,28,1991,20.2,12,6,10,1,1,7,22,15,20,9,11,23,35,42,0,Matches
571,Brandon Servania,us USA,MF,FC Dallas,20,1999,4.5,9,2,4,5,0,4,7,3,4,0,4,5,14,4,0,Matches
572,Jacob Shaffelburg,ca CAN,"MF,FW",Toronto FC,20,1999,1.4,1,1,0,1,0,1,5,4,3,0,3,1,2,0,0,Matches
573,Brek Shea,us USA,"FW,DF",Inter Miami,29,1990,7.0,7,4,2,4,1,2,8,6,6,2,4,7,14,11,0,Matches
574,Khiry Shelton,us USA,"FW,MF",Sporting KC,26,1993,16.1,21,12,5,10,6,5,15,10,15,1,14,11,32,14,0,Matches
575,Andre Shinyashiki,br BRA,FW,Colorado Rapids,24,1995,11.4,21,13,7,12,2,8,25,17,14,2,12,5,26,9,0,Matches
Rk,Player,Nation,Pos,Squad,Age,Born,90s,Tkl,TklW,Def 3rd,Mid 3rd,Att 3rd,Tkl,Att,Lost,Blocks,Sh,Pass,Int,Tkl+Int,Clr,Err,Matches
576,Harry Shipp,us USA,FW,Seattle Sounders,28,1991,0.4,0,0,0,0,0,0,0,0,1,0,1,0,0,0,0,Matches
577,Shamit Shome,bd BAN,"DF,MF",Montreal Impact,22,1997,3.2,8,5,3,2,3,1,8,7,7,1,6,7,15,4,0,Matches
578,Bobby Shuttleworth,us USA,GK,Chicago Fire,32,1987,17.0,1,0,1,0,0,1,3,2,0,0,0,1,2,7,1,Matches
579,Danilo da Silva,br BRA,DF,LAFC,33,1986,0.4,0,0,0,0,0,0,0,0,1,1,0,0,0,4,0,Matches
580,Marcelo Silva,uy URU,DF,Real Salt Lake,30,1989,14.5,19,12,14,5,0,10,16,6,12,7,5,28,47,60,1,Matches
581,Josh Sims,eng ENG,MF,NY Red Bulls,22,1997,0.5,0,0,0,0,0,0,0,0,2,0,2,0,0,1,0,Matches
582,Seth Sinovic,us USA,DF,NE Revolution,33,1987,0.2,0,0,0,0,0,0,0,0,0,0,0,1,1,1,0,Matches
583,Pablo Sisniega,mx MEX,GK,LAFC,24,1995,14.0,0,0,0,0,0,0,0,0,0,0,0,0,0,5,0,Matches
584,Axel Sjöberg,se SWE,DF,D.C. United,28,1991,1.9,1,0,1,0,0,0,1,1,9,9,0,4,5,13,0,Matches
585,Jack Skahan,us USA,MF,SJ Earthquakes,21,1998,0.1,1,0,1,0,0,0,0,0,0,0,0,0,1,0,0,Matches
586,Brad Smith,au AUS,"DF,FW",Seattle Sounders,25,1994,1.7,3,3,2,1,0,2,3,1,3,0,3,0,3,4,0,Matches
587,Graham Smith,us USA,DF,Sporting KC,24,1995,3.5,4,2,4,0,0,2,5,3,3,3,0,5,9,17,0,Matches
588,Kyle Smith,us USA,DF,Orlando City,28,1992,11.4,31,17,20,9,2,18,38,20,9,4,5,11,42,44,0,Matches
589,Erik Sorga,ee EST,FW,D.C. United,20,1999,7.5,6,3,2,4,0,3,10,7,4,1,3,3,9,0,0,Matches
590,Connor Sparrow,us USA,GK,Chicago Fire,25,1994,1.0,0,0,0,0,0,0,0,0,0,0,0,0,0,0,0,Matches
591,Dayne St. Clair,ca CAN,GK,Minnesota Utd,22,1997,13.0,1,1,1,0,0,0,0,0,1,0,1,2,3,6,1,Matches
592,Caleb Stanko,us USA,MF,FC Cincinnati,26,1993,5.2,7,4,7,0,0,2,7,5,4,0,4,5,12,7,0,Matches
593,Daniel Steres,us USA,DF,LA Galaxy,29,1990,20.0,32,21,29,3,0,20,26,6,19,11,8,21,53,87,1,Matches
594,Luka Stojanović,rs SRB,MF,Chicago Fire,26,1994,0.7,1,1,0,1,0,0,0,0,3,1,2,2,3,3,0,Matches
595,Jared Stroud,us USA,"MF,FW",NY Red Bulls,23,1996,10.3,17,15,6,7,4,10,21,11,21,2,19,9,26,2,0,Matches
596,Aljaž Struna,si SVN,DF,Houston Dynamo,29,1990,15.9,6,4,4,1,1,3,9,6,25,20,5,15,21,66,2,Matches
597,Gustav Svensson,se SWE,MF,Seattle Sounders,32,1987,10.6,27,15,14,11,2,19,36,17,15,3,12,26,53,14,1,Matches
598,Ben Sweat,us USA,DF,Inter Miami,28,1991,18.5,32,20,19,4,9,16,35,19,18,4,14,32,64,35,1,Matches
599,Ballou Tabla,ca CAN,"FW,MF",Montreal Impact,20,1999,1.1,0,0,0,0,0,0,0,0,0,0,0,1,1,0,0,Matches
600,Saphir Taïder,dz ALG,MF,Montreal Impact,27,1992,10.6,12,5,8,3,1,7,14,7,10,0,10,2,14,9,0,Matches
Rk,Player,Nation,Pos,Squad,Age,Born,90s,Tkl,TklW,Def 3rd,Mid 3rd,Att 3rd,Tkl,Att,Lost,Blocks,Sh,Pass,Int,Tkl+Int,Clr,Err,Matches
601,Ismael Tajouri-Shradi,ly LBY,"FW,MF",NYCFC,25,1994,7.5,9,3,2,5,2,3,11,8,2,0,2,4,13,1,0,Matches
602,Andrew Tarbell,us USA,GK,Columbus Crew,26,1993,6.2,0,0,0,0,0,0,0,0,0,0,0,0,0,1,0,Matches
603,Amro Tarek,eg EGY,DF,NY Red Bulls,27,1992,10.4,17,11,12,5,0,10,22,12,11,5,6,21,38,50,2,Matches
604,Russell Teibert,ca CAN,MF,Vancouver W'caps,27,1992,17.6,14,6,4,7,3,4,25,21,18,6,12,26,40,37,0,Matches
605,Carlos Terán,co COL,DF,Chicago Fire,19,2000,0.2,0,0,0,0,0,0,2,2,0,0,0,0,0,2,0,Matches
606,Tanner Tessmann,us USA,MF,FC Dallas,18,2001,11.2,24,18,16,7,1,6,15,9,9,4,5,15,39,10,0,Matches
607,Samuel Tetteh,gh GHA,"FW,MF",NY Red Bulls,23,1996,3.7,7,2,2,2,3,1,1,0,3,0,3,1,8,0,0,Matches
608,Tommy Thompson,us USA,"DF,MF",SJ Earthquakes,24,1995,12.5,15,9,8,7,0,4,20,16,8,2,6,19,34,13,0,Matches
609,Anton Tinnerholm,se SWE,DF,NYCFC,28,1991,22.2,43,33,25,13,5,28,54,26,11,2,9,18,61,24,0,Matches
610,Donny Toia,us USA,DF,Real Salt Lake,27,1992,18.6,44,22,17,23,4,22,42,20,17,5,12,43,87,47,1,Matches
611,Nouhou Tolo,cm CMR,DF,Seattle Sounders,22,1997,15.6,44,26,25,15,4,23,34,11,11,2,9,30,74,54,0,Matches
612,Christian Torres,mx MEX,FW,LAFC,15,2004,2.4,3,2,2,1,0,0,0,0,3,0,3,1,4,1,0,Matches
613,Erick Torres,mx MEX,FW,Atlanta Utd,27,1993,5.5,1,1,0,1,0,0,1,1,2,0,2,4,5,2,0,Matches
614,Román Torres,pa PAN,"DF,MF",Seattle Sounders,33,1986,0.3,0,0,0,0,0,0,0,0,0,0,0,2,2,1,0,Matches
615,Román Torres,pa PAN,DF,Inter Miami,33,1986,3.6,6,6,5,1,0,4,6,2,6,6,0,3,9,10,0,Matches
616,Mason Toye,us USA,FW,Minnesota Utd,21,1998,4.9,2,0,0,0,2,1,4,3,3,1,2,1,3,0,0,Matches
617,Mason Toye,us USA,"FW,MF",Montreal Impact,21,1998,1.7,2,0,0,2,0,0,0,0,1,0,1,0,2,1,0,Matches
618,Diedie Traoré,fr FRA,DF,LA Galaxy,21,1999,1.0,3,2,1,1,1,2,3,1,0,0,0,1,4,2,0,Matches
619,Mohamed Traore,sn SEN,DF,LAFC,17,2002,0.5,0,0,0,0,0,0,2,2,1,1,0,0,0,1,1,Matches
620,Wil Trapp,us USA,MF,Inter Miami,27,1993,15.1,37,18,16,17,4,14,29,15,21,5,16,29,66,11,0,Matches
621,Auston Trusty,us USA,DF,Colorado Rapids,21,1998,5.9,9,6,6,3,0,4,10,6,7,3,4,9,18,20,0,Matches
622,Bill Tuiloma,nz NZL,DF,Portland Timbers,24,1995,9.2,7,6,5,2,0,4,7,3,11,9,2,16,23,50,0,Matches
623,Cole Turner,us USA,MF,Philadelphia Union,18,2001,0.0,0,0,0,0,0,0,0,0,0,0,0,0,0,0,0,Matches
624,Matt Turner,us USA,GK,NE Revolution,25,1994,22.0,1,1,1,0,0,0,0,0,0,0,0,1,2,8,0,Matches
625,Ema Twumasi,gh GHA,"MF,FW",FC Dallas,22,1997,0.4,3,3,0,2,1,2,2,0,0,0,0,1,4,0,0,Matches
Rk,Player,Nation,Pos,Squad,Age,Born,90s,Tkl,TklW,Def 3rd,Mid 3rd,Att 3rd,Tkl,Att,Lost,Blocks,Sh,Pass,Int,Tkl+Int,Clr,Err,Matches
626,Przemysław Tytoń,pl POL,GK,FC Cincinnati,33,1987,11.9,0,0,0,0,0,0,1,1,0,0,0,0,0,6,0,Matches
627,Victor Ulloa,us USA,MF,Inter Miami,27,1992,15.9,33,23,14,16,3,13,43,30,11,3,8,29,62,20,0,Matches
628,Maximiliano Urruti,ar ARG,"FW,MF",Montreal Impact,28,1991,9.9,19,11,5,11,3,9,21,12,12,0,12,5,24,4,1,Matches
629,Júnior Urso,br BRA,MF,Orlando City,30,1989,19.0,39,23,18,18,3,12,38,26,12,4,8,20,59,18,0,Matches
630,Zarek Valentin,pr PUR,DF,Houston Dynamo,28,1991,18.0,29,15,24,2,3,15,34,19,19,9,10,26,55,55,0,Matches
631,Milton Valenzuela,ar ARG,DF,Columbus Crew,21,1998,16.1,32,15,12,14,6,14,34,20,23,7,16,17,49,29,0,Matches
632,Diego Valeri,ar ARG,"MF,FW",Portland Timbers,33,1986,18.0,24,16,3,14,7,9,40,31,21,4,17,5,29,16,0,Matches
633,Florian Valot,fr FRA,"MF,FW",NY Red Bulls,26,1993,16.7,43,29,13,26,4,15,46,31,31,1,30,36,79,14,0,Matches
634,Brandon Vazquez,us USA,"FW,MF",FC Cincinnati,21,1998,8.7,11,5,2,6,3,4,15,11,7,0,7,3,14,3,0,Matches
635,Carlos Vela,mx MEX,FW,LAFC,30,1989,4.7,5,4,0,2,3,1,4,3,1,0,1,2,7,2,0,Matches
636,Matías Vera,ar ARG,MF,Houston Dynamo,24,1995,18.8,35,19,18,15,2,22,59,37,25,6,19,30,65,22,0,Matches
637,Kenneth Vermeer,nl NED,GK,LAFC,34,1986,8.0,1,1,1,0,0,1,2,1,0,0,0,1,2,4,0,Matches
638,Ranko Veselinović,rs SRB,DF,Vancouver W'caps,20,1999,15.4,15,6,11,4,0,7,19,12,31,22,9,16,31,81,0,Matches
639,Jorge Villafaña,us USA,DF,Portland Timbers,30,1989,17.2,38,20,25,9,4,22,37,15,20,9,11,17,55,44,0,Matches
640,Sam Vines,us USA,DF,Colorado Rapids,20,1999,18.0,25,15,16,8,1,10,21,11,15,5,10,24,49,23,0,Matches
641,Kai Wagner,de GER,DF,Philadelphia Union,22,1997,13.1,23,13,9,12,2,13,23,10,24,8,16,14,37,32,1,Matches
642,Anton Walkes,eng ENG,DF,Atlanta Utd,22,1997,14.8,15,13,11,3,1,6,13,7,13,11,2,11,26,43,1,Matches
643,Victor Wanyama,ke KEN,MF,Montreal Impact,28,1991,21.0,37,27,22,12,3,9,26,17,24,4,20,34,71,39,1,Matches
644,Collen Warner,us USA,MF,Colorado Rapids,31,1988,2.9,9,3,4,3,2,4,9,5,1,1,0,3,12,1,0,Matches
645,Taylor Washington,us USA,"MF,FW",Nashville SC,26,1993,4.5,5,4,4,1,0,4,4,0,5,2,3,6,11,7,0,Matches
646,Kendall Waston,cr CRC,DF,FC Cincinnati,32,1988,17.0,19,10,15,4,0,8,13,5,14,12,2,33,52,77,1,Matches
647,Joel Waterman,ca CAN,DF,Montreal Impact,24,1996,6.1,0,0,0,0,0,0,4,4,5,5,0,7,7,18,0,Matches
648,Quentin Westberg,us USA,GK,Toronto FC,33,1986,20.0,0,0,0,0,0,0,1,1,0,0,0,0,0,12,1,Matches
649,Brian White,us USA,FW,NY Red Bulls,23,1996,9.7,5,1,1,4,0,1,4,3,14,3,11,1,6,5,0,Matches
650,Gordon Wild,de GER,"MF,FW",LA Galaxy,24,1995,0.4,0,0,0,0,0,0,1,1,0,0,0,0,0,1,0,Matches
Rk,Player,Nation,Pos,Squad,Age,Born,90s,Tkl,TklW,Def 3rd,Mid 3rd,Att 3rd,Tkl,Att,Lost,Blocks,Sh,Pass,Int,Tkl+Int,Clr,Err,Matches
651,JJ Williams,us USA,FW,Atlanta Utd,22,1998,0.1,0,0,0,0,0,0,0,0,0,0,0,0,0,0,0,Matches
652,Josh Williams,us USA,DF,Columbus Crew,31,1988,11.4,3,1,0,2,1,1,4,3,6,3,3,14,17,34,0,Matches
653,Eryk Williamson,us USA,MF,Portland Timbers,22,1997,15.7,29,19,15,10,4,12,29,17,20,6,14,38,67,17,1,Matches
654,Joe Willis,us USA,GK,Nashville SC,31,1988,23.0,0,0,0,0,0,0,0,0,0,0,0,2,2,8,0,Matches
655,Danny Wilson,sct SCO,DF,Colorado Rapids,28,1991,8.2,13,8,10,1,2,6,12,6,14,10,4,11,24,34,0,Matches
656,Alan Winn,us USA,"FW,DF",Nashville SC,23,1996,2.7,4,3,0,4,0,1,2,1,6,0,6,3,7,1,0,Matches
657,Tyler Wolff,us USA,"MF,FW",Atlanta Utd,16,2003,1.3,6,4,1,3,2,2,3,1,1,0,1,1,7,1,0,Matches
658,Chris Wondolowski,us USA,"FW,MF",SJ Earthquakes,37,1983,14.2,7,5,2,3,2,2,9,7,5,1,4,2,9,8,0,Matches
659,Andrew Wooten,us USA,FW,Philadelphia Union,30,1989,5.0,5,2,1,3,1,2,4,2,2,0,2,2,7,5,0,Matches
660,Vito Wormgoor,nl NED,DF,Columbus Crew,31,1988,1.2,0,0,0,0,0,0,0,0,1,1,0,4,4,1,0,Matches
661,Bradley Wright-Phillips,eng ENG,FW,LAFC,34,1985,11.9,8,4,1,5,2,3,11,8,8,1,7,2,10,11,0,Matches
662,Laurence Wyke,eng ENG,DF,Atlanta Utd,23,1996,2.5,6,1,5,0,1,4,6,2,3,1,2,4,10,5,1,Matches
663,Karifa Yao,ca CAN,DF,Montreal Impact,19,2000,1.4,2,2,1,1,0,2,3,1,1,1,0,2,4,4,0,Matches
664,William Yarbrough,us USA,GK,Colorado Rapids,30,1989,14.0,1,1,1,0,0,0,0,0,0,0,0,0,1,7,1,Matches
665,Dru Yearwood,eng ENG,MF,NY Red Bulls,19,2000,6.8,17,8,7,8,2,2,14,12,9,0,9,13,30,8,0,Matches
666,Griffin Yow,us USA,"MF,FW",D.C. United,17,2002,4.3,14,10,7,5,2,5,12,7,12,2,10,5,19,3,0,Matches
667,Jackson Yueill,us USA,MF,SJ Earthquakes,22,1997,20.7,27,13,10,14,3,8,22,14,13,6,7,19,46,15,0,Matches
668,Wilfried Zahibo,cf CTA,MF,Houston Dynamo,26,1993,1.3,2,0,1,1,0,1,4,3,2,0,2,3,5,3,1,Matches
669,Wilfried Zahibo,cf CTA,MF,NE Revolution,26,1993,2.0,8,5,1,5,2,2,2,0,3,1,2,3,11,2,0,Matches
670,Renzo Zambrano,ve VEN,MF,Portland Timbers,25,1994,1.1,3,2,2,0,1,2,4,2,1,0,1,0,3,0,0,Matches
671,Gyasi Zardes,us USA,FW,Columbus Crew,28,1991,19.0,12,5,1,6,5,5,10,5,11,1,10,3,15,24,0,Matches
672,Eriq Zavaleta,sv SLV,DF,Toronto FC,27,1992,3.1,0,0,0,0,0,0,0,0,3,2,1,3,3,12,0,Matches
673,Gedion Zelalem,us USA,MF,NYCFC,23,1997,0.2,1,0,1,0,0,1,2,1,0,0,0,1,2,0,0,Matches
674,Lucas Zelarayán,am ARM,"MF,FW",Columbus Crew,27,1992,11.5,15,8,2,7,6,5,17,12,8,1,7,4,19,1,0,Matches
675,Reto Ziegler,ch SUI,DF,FC Dallas,34,1986,17.0,14,7,8,6,0,10,13,3,23,17,6,17,31,71,0,Matches
Rk,Player,Nation,Pos,Squad,Age,Born,90s,Tkl,TklW,Def 3rd,Mid 3rd,Att 3rd,Tkl,Att,Lost,Blocks,Sh,Pass,Int,Tkl+Int,Clr,Err,Matches
676,Walker Zimmerman,us USA,DF,Nashville SC,26,1993,21.7,23,14,18,4,1,7,13,6,21,17,4,38,61,115,2,Matches
677,Kyle Zobeck,us USA,GK,FC Dallas,29,1990,3.5,0,0,0,0,0,0,0,0,0,0,0,0,0,0,0,Matches
678,Ethan Zubak,us USA,FW,LA Galaxy,21,1998,8.7,3,1,0,2,1,1,4,3,8,0,8,2,5,5,0,Matches
679,Dario Župarić,ba BIH,DF,Portland Timbers,27,1992,17.9,18,10,11,6,1,8,16,8,15,8,7,21,39,95,0,Matches
680,Graham Zusi,us USA,DF,Sporting KC,33,1986,13.6,30,18,16,10,4,20,36,16,21,3,18,13,43,21,1,Matches
681,Guðmundur Þórarinsson,is ISL,DF,NYCFC,27,1992,7.7,24,14,10,9,5,10,13,3,10,0,10,10,34,11,0,Matches
