rk,player,nation,pos,squad,age,born,90s,cmp,att,cmp_total,totdist,prgdist,cmp_short,att_short,cmp_medium,att_medium,cmp_long,att_long,ast,a_xag,kp,1_3,ppa,crspa,matches
1,Rayane Aabid,fr FRA,MF,Hatayspor,30,1992,14.7,,,,,,,,,,,,0,,,,,,Matches
2,Patrick van Aanholt,nl NED,DF,Galatasaray,31,1990,8.9,,,,,,,,,,,,2,,,,,,Matches
3,Kristal Abazaj,al ALB,MF,İstanbulspor,26,1996,2.1,,,,,,,,,,,,0,,,,,,Matches
4,Vincent Aboubakar,cm CMR,FW,Beşiktaş,30,1992,14.6,,,,,,,,,,,,2,,,,,,Matches
5,Yaw Ackah,gh GHA,MF,Kayserispor,23,1999,4.7,,,,,,,,,,,,0,,,,,,Matches
6,Sam Adekugbe,ca CAN,DF,Hatayspor,27,1995,15.2,,,,,,,,,,,,0,,,,,,Matches
7,Sam Adekugbe,ca CAN,DF,Galatasaray,27,1995,5.7,,,,,,,,,,,,1,,,,,,Matches
8,Luiz Adriano,br BRA,"MF,FW",Antalyaspor,35,1987,13.1,,,,,,,,,,,,1,,,,,,Matches
9,Samet Akaydın,tr TUR,DF,Fenerbahçe,28,1994,16.8,,,,,,,,,,,,0,,,,,,Matches
10,Samet Akaydın,tr TUR,DF,Adana Demirspor,28,1994,15.7,,,,,,,,,,,,0,,,,,,Matches
11,Emre Akbaba,tr TUR,"MF,FW",Adana Demirspor,29,1992,19.1,,,,,,,,,,,,4,,,,,,Matches
12,Emre Akbaba,tr TUR,MF,Galatasaray,29,1992,1.9,,,,,,,,,,,,0,,,,,,Matches
13,Ümit Akdag,ro ROU,DF,Alanyaspor,18,2003,0.5,,,,,,,,,,,,0,,,,,,Matches
14,Yunus Akgün,tr TUR,MF,Galatasaray,22,2000,11.3,,,,,,,,,,,,2,,,,,,Matches
15,Babajide Akintola,ng NGA,MF,Adana Demirspor,26,1996,18.1,,,,,,,,,,,,1,,,,,,Matches
16,Gökhan Akkan,tr TUR,GK,Ankaragücü,27,1995,22.3,,,,,,,,,,,,0,,,,,,Matches
17,Hamza Akman,tr TUR,MF,Galatasaray,17,2004,0.1,,,,,,,,,,,,0,,,,,,Matches
18,Özgur Aksaka,,MF,Galatasaray,19,2003,0.0,,,,,,,,,,,,0,,,,,,Matches
19,Engin Aksoy,tr TUR,DF,Hatayspor,18,2003,1.1,,,,,,,,,,,,0,,,,,,Matches
20,Fatih Aksoy,tr TUR,DF,Alanyaspor,24,1997,21.2,,,,,,,,,,,,0,,,,,,Matches
21,Kerem Aktürkoğlu,tr TUR,MF,Galatasaray,23,1998,28.8,,,,,,,,,,,,11,,,,,,Matches
22,Ufuk Akyol,de GER,MF,Antalyaspor,24,1997,18.0,,,,,,,,,,,,0,,,,,,Matches
23,Mehmet Albayrak,tr TUR,MF,Sivasspor,18,2004,0.1,,,,,,,,,,,,0,,,,,,Matches
24,Danijel Aleksić,rs SRB,MF,Başakşehir,31,1991,18.2,,,,,,,,,,,,2,,,,,,Matches
25,Rúnar Alex Rúnarsson,is ISL,GK,Alanyaspor,27,1995,29.4,,,,,,,,,,,,1,,,,,,Matches
Rk,Player,Nation,Pos,Squad,Age,Born,90s,Cmp,Att,Cmp%,TotDist,PrgDist,Cmp,Att,Cmp,Att,Cmp,Att,Ast,A-xAG,KP,1/3,PPA,CrsPA,Matches
26,Mehmet Ali Büyüksayar,tr TUR,FW,Konyaspor,18,2004,1.3,,,,,,,,,,,,0,,,,,,Matches
27,Hasan Ali Kaldırım,tr TUR,"DF,MF",Ankaragücü,32,1989,5.2,,,,,,,,,,,,0,,,,,,Matches
28,Hasan Ali Kaldırım,tr TUR,DF,Başakşehir,32,1989,5.4,,,,,,,,,,,,0,,,,,,Matches
29,Ömer Ali Şahiner,tr TUR,"DF,MF",Başakşehir,30,1992,21.6,,,,,,,,,,,,1,,,,,,Matches
30,Kerim Alıcı,tr TUR,DF,Hatayspor,25,1997,3.1,,,,,,,,,,,,1,,,,,,Matches
31,Ezgjan Alioski,mk MKD,"DF,MF",Fenerbahçe,30,1992,9.4,,,,,,,,,,,,0,,,,,,Matches
32,Dele Alli,eng ENG,MF,Beşiktaş,26,1996,7.9,,,,,,,,,,,,0,,,,,,Matches
33,Barış Alper Yılmaz,tr TUR,"MF,FW",Galatasaray,22,2000,9.5,,,,,,,,,,,,2,,,,,,Matches
34,Taha Altıkardeş,tr TUR,DF,Trabzonspor,18,2003,2.0,,,,,,,,,,,,0,,,,,,Matches
35,Amilton,br BRA,MF,Konyaspor,32,1989,2.4,,,,,,,,,,,,0,,,,,,Matches
36,Karol Angielski,pl POL,FW,Sivasspor,26,1996,3.7,,,,,,,,,,,,0,,,,,,Matches
37,Taylan Antalyalı,tr TUR,MF,Ankaragücü,27,1995,23.6,,,,,,,,,,,,4,,,,,,Matches
38,Taylan Antalyalı,tr TUR,MF,Galatasaray,27,1995,0.1,,,,,,,,,,,,0,,,,,,Matches
39,Nicholas Anwan,ng NGA,MF,Fatih Karagümrük,21,2001,5.6,,,,,,,,,,,,0,,,,,,Matches
40,Aaron Appindangoyé,ga GAB,DF,Sivasspor,30,1992,14.6,,,,,,,,,,,,0,,,,,,Matches
41,Willian Arão,br BRA,MF,Fenerbahçe,29,1992,25.5,,,,,,,,,,,,4,,,,,,Matches
42,Alp Arda,,GK,İstanbulspor,27,1995,2.0,,,,,,,,,,,,0,,,,,,Matches
43,Ramón Arias,uy URU,DF,Giresunspor,30,1992,28.8,,,,,,,,,,,,0,,,,,,Matches
44,Batuhan Arici,,DF,Ümraniyespor,19,2003,1.1,,,,,,,,,,,,0,,,,,,Matches
45,Gboly Ariyibi,us USA,MF,Ankaragücü,27,1995,3.1,,,,,,,,,,,,0,,,,,,Matches
46,Hakan Arslan,tr TUR,MF,Sivasspor,34,1988,15.0,,,,,,,,,,,,0,,,,,,Matches
47,Muhammet Arslantaş,tr TUR,FW,Başakşehir,21,2001,0.3,,,,,,,,,,,,0,,,,,,Matches
48,Ömürcan Artan,,"DF,MF",Gaziantep FK,23,1999,3.2,,,,,,,,,,,,1,,,,,,Matches
49,Serkan Asan,tr TUR,DF,Trabzonspor,23,1999,1.1,,,,,,,,,,,,0,,,,,,Matches
50,Britt Assombalonga,cd COD,FW,Adana Demirspor,29,1992,4.5,,,,,,,,,,,,1,,,,,,Matches
Rk,Player,Nation,Pos,Squad,Age,Born,90s,Cmp,Att,Cmp%,TotDist,PrgDist,Cmp,Att,Cmp,Att,Cmp,Att,Ast,A-xAG,KP,1/3,PPA,CrsPA,Matches
51,Kerem Atakan Kesgin,tr TUR,MF,Beşiktaş,21,2000,0.5,,,,,,,,,,,,0,,,,,,Matches
52,Kerem Atakan Kesgin,tr TUR,MF,Sivasspor,21,2000,1.7,,,,,,,,,,,,0,,,,,,Matches
53,Onur Atasayar,,DF,Ümraniyespor,27,1995,16.4,,,,,,,,,,,,1,,,,,,Matches
54,Christian Atsu,gh GHA,"FW,MF",Hatayspor,30,1992,0.5,,,,,,,,,,,,0,,,,,,Matches
55,Durel Avounou,cg CGO,MF,Ümraniyespor,24,1997,19.3,,,,,,,,,,,,2,,,,,,Matches
56,Abdullah Aydın,,MF,İstanbulspor,22,2000,0.2,,,,,,,,,,,,0,,,,,,Matches
57,Oğuz Aydın,tr TUR,"MF,FW",Alanyaspor,21,2000,13.8,,,,,,,,,,,,1,,,,,,Matches
58,Taylan Aydın,tr TUR,DF,Kasımpaşa,16,2006,0.1,,,,,,,,,,,,0,,,,,,Matches
59,Soner Aydoğdu,tr TUR,MF,Antalyaspor,31,1991,5.6,,,,,,,,,,,,1,,,,,,Matches
60,Berkay Aydoğmuş,,MF,Başakşehir,18,2004,0.7,,,,,,,,,,,,0,,,,,,Matches
61,Kaan Ayhan,tr TUR,DF,Galatasaray,27,1994,1.3,,,,,,,,,,,,0,,,,,,Matches
62,Onur Ayık,tr TUR,"FW,MF",Ümraniyespor,32,1990,16.5,,,,,,,,,,,,0,,,,,,Matches
63,Serdar Aziz,tr TUR,DF,Fenerbahçe,31,1990,10.8,,,,,,,,,,,,1,,,,,,Matches
64,Mahamadou Ba,ml MLI,MF,İstanbulspor,22,1999,12.7,,,,,,,,,,,,0,,,,,,Matches
65,Mame Baba Thiam,sn SEN,"FW,MF",Kayserispor,29,1992,21.5,,,,,,,,,,,,3,,,,,,Matches
66,Volkan Babacan,tr TUR,GK,Başakşehir,33,1988,21.0,,,,,,,,,,,,0,,,,,,Matches
67,Onurhan Babuscu,at AUT,MF,Gaziantep FK,18,2003,0.3,,,,,,,,,,,,0,,,,,,Matches
68,Kağan Bağış,,MF,İstanbulspor,24,1998,1.6,,,,,,,,,,,,0,,,,,,Matches
69,Stéphane Bahoken,cm CMR,FW,Kasımpaşa,30,1992,17.4,,,,,,,,,,,,2,,,,,,Matches
70,Riad Bajić,ba BIH,FW,Giresunspor,28,1994,31.9,,,,,,,,,,,,2,,,,,,Matches
71,Anastasios Bakasetas,gr GRE,MF,Trabzonspor,29,1993,23.3,,,,,,,,,,,,5,,,,,,Matches
72,Bünyamin Balcı,tr TUR,"DF,MF",Antalyaspor,22,2000,31.2,,,,,,,,,,,,3,,,,,,Matches
73,Jure Balkovec,si SVN,DF,Alanyaspor,27,1994,21.2,,,,,,,,,,,,1,,,,,,Matches
74,Mario Balotelli,it ITA,FW,Adana Demirspor,31,1990,0.8,,,,,,,,,,,,0,,,,,,Matches
75,Rayyan Baniya,,DF,Fatih Karagümrük,23,1999,25.0,,,,,,,,,,,,0,,,,,,Matches
Rk,Player,Nation,Pos,Squad,Age,Born,90s,Cmp,Att,Cmp%,TotDist,PrgDist,Cmp,Att,Cmp,Att,Cmp,Att,Ast,A-xAG,KP,1/3,PPA,CrsPA,Matches
76,Abdülkerim Bardakcı,tr TUR,DF,Galatasaray,27,1994,29.5,,,,,,,,,,,,3,,,,,,Matches
77,Enis Bardhi,mk MKD,MF,Trabzonspor,27,1995,14.8,,,,,,,,,,,,0,,,,,,Matches
78,Marc Bartra,es ESP,DF,Trabzonspor,31,1991,25.2,,,,,,,,,,,,1,,,,,,Matches
79,Sadık Baş,,"FW,DF",Hatayspor,28,1994,1.6,,,,,,,,,,,,0,,,,,,Matches
80,Emrah Başsan,tr TUR,MF,Kayserispor,30,1992,13.6,,,,,,,,,,,,4,,,,,,Matches
81,Michy Batshuayi,be BEL,FW,Fenerbahçe,28,1993,13.5,,,,,,,,,,,,1,,,,,,Matches
82,Bilal Bayazit,nl NED,GK,Kayserispor,23,1999,29.9,,,,,,,,,,,,0,,,,,,Matches
83,Altay Bayındır,tr TUR,GK,Fenerbahçe,24,1998,26.0,,,,,,,,,,,,0,,,,,,Matches
84,Furkan Bayır,tr TUR,DF,Alanyaspor,22,2000,31.0,,,,,,,,,,,,0,,,,,,Matches
85,Gökdeniz Bayrakdar,tr TUR,MF,Antalyaspor,20,2001,4.6,,,,,,,,,,,,0,,,,,,Matches
86,Emin Bayram,tr TUR,DF,Galatasaray,19,2003,4.7,,,,,,,,,,,,0,,,,,,Matches
87,Burak Bekaroğlu,,DF,Hatayspor,25,1997,3.0,,,,,,,,,,,,0,,,,,,Matches
88,Burak Bekaroğlu,,DF,Fatih Karagümrük,25,1997,2.0,,,,,,,,,,,,0,,,,,,Matches
89,Efkan Bekiroğlu,,MF,Alanyaspor,26,1995,15.8,,,,,,,,,,,,1,,,,,,Matches
90,Younès Belhanda,ma MAR,"FW,MF",Adana Demirspor,32,1990,25.2,,,,,,,,,,,,7,,,,,,Matches
91,Mortadha Ben Ouanes,tn TUN,"DF,MF",Kasımpaşa,28,1994,26.5,,,,,,,,,,,,4,,,,,,Matches
92,Oğuzhan Berber,tr TUR,"DF,MF",İstanbulspor,30,1992,12.7,,,,,,,,,,,,0,,,,,,Matches
93,Giorgi Beridze,ge GEO,MF,Ankaragücü,25,1997,18.6,,,,,,,,,,,,2,,,,,,Matches
94,Rahmetullah Berişbek,tr TUR,MF,Giresunspor,23,1999,2.9,,,,,,,,,,,,0,,,,,,Matches
95,Mergim Berisha,de GER,FW,Fenerbahçe,24,1998,0.2,,,,,,,,,,,,0,,,,,,Matches
96,Andrea Bertolacci,it ITA,MF,Kayserispor,31,1991,2.7,,,,,,,,,,,,0,,,,,,Matches
97,Andrea Bertolacci,it ITA,MF,Fatih Karagümrük,31,1991,9.2,,,,,,,,,,,,3,,,,,,Matches
98,Adel Bettaieb,tn TUN,FW,Ümraniyespor,25,1997,8.0,,,,,,,,,,,,0,,,,,,Matches
99,Lucas Biglia,ar ARG,MF,Başakşehir,36,1986,18.2,,,,,,,,,,,,0,,,,,,Matches
100,Hayrullah Bilazer,,DF,Giresunspor,27,1995,30.4,,,,,,,,,,,,2,,,,,,Matches
Rk,Player,Nation,Pos,Squad,Age,Born,90s,Cmp,Att,Cmp%,TotDist,PrgDist,Cmp,Att,Cmp,Att,Cmp,Att,Ast,A-xAG,KP,1/3,PPA,CrsPA,Matches
101,Emre Bilgin,tr TUR,GK,Beşiktaş,18,2004,2.0,,,,,,,,,,,,0,,,,,,Matches
102,Tayfur Bingöl,tr TUR,MF,Alanyaspor,29,1993,1.5,,,,,,,,,,,,0,,,,,,Matches
103,Tayfur Bingöl,tr TUR,"MF,DF",Beşiktaş,29,1993,10.6,,,,,,,,,,,,2,,,,,,Matches
104,Mame Biram Diouf,sn SEN,FW,Konyaspor,34,1987,18.3,,,,,,,,,,,,1,,,,,,Matches
105,Davide Biraschi,it ITA,DF,Fatih Karagümrük,28,1994,27.5,,,,,,,,,,,,0,,,,,,Matches
106,Birkir Bjarnason,is ISL,"MF,FW",Adana Demirspor,34,1988,2.5,,,,,,,,,,,,2,,,,,,Matches
107,Sacha Boey,fr FRA,DF,Galatasaray,21,2000,30.1,,,,,,,,,,,,4,,,,,,Matches
108,Ruud Boffin,be BEL,GK,Antalyaspor,34,1987,7.0,,,,,,,,,,,,0,,,,,,Matches
109,Fabio Borini,it ITA,"FW,MF",Fatih Karagümrük,31,1991,26.3,,,,,,,,,,,,8,,,,,,Matches
110,Arif Boşluk,,"MF,DF",Trabzonspor,19,2003,3.2,,,,,,,,,,,,0,,,,,,Matches
111,Andreas Bouchalakis,gr GRE,MF,Konyaspor,29,1993,8.1,,,,,,,,,,,,0,,,,,,Matches
112,Mehdi Boudjemaa,dz ALG,MF,Hatayspor,24,1998,12.0,,,,,,,,,,,,0,,,,,,Matches
113,Tyler Boyd,us USA,"FW,MF",Beşiktaş,27,1994,0.5,,,,,,,,,,,,0,,,,,,Matches
114,Umut Bozok,tr TUR,FW,Trabzonspor,25,1996,12.7,,,,,,,,,,,,1,,,,,,Matches
115,Bruma,pt POR,"FW,MF",Fenerbahçe,27,1994,0.3,,,,,,,,,,,,0,,,,,,Matches
116,Jeffrey Bruma,nl NED,DF,Kasımpaşa,30,1991,8.1,,,,,,,,,,,,0,,,,,,Matches
117,Onur Bulut,tr TUR,DF,Beşiktaş,28,1994,6.5,,,,,,,,,,,,1,,,,,,Matches
118,Onur Bulut,tr TUR,DF,Kayserispor,28,1994,21.0,,,,,,,,,,,,3,,,,,,Matches
119,Zymer Bytyqi,no NOR,MF,Konyaspor,25,1996,16.5,,,,,,,,,,,,1,,,,,,Matches
120,Torgeir Børven,no NOR,FW,Gaziantep FK,30,1991,0.2,,,,,,,,,,,,0,,,,,,Matches
121,Musa Çağıran,tr TUR,MF,Hatayspor,29,1992,4.5,,,,,,,,,,,,0,,,,,,Matches
122,Oğulcan Çağlayan,tr TUR,"FW,MF",Giresunspor,26,1996,2.0,,,,,,,,,,,,0,,,,,,Matches
123,Júnior Caiçara,br BRA,DF,Başakşehir,33,1989,7.1,,,,,,,,,,,,1,,,,,,Matches
124,Jordy Caicedo,ec ECU,FW,Sivasspor,24,1997,5.3,,,,,,,,,,,,1,,,,,,Matches
125,Aldin Čajić,ba BIH,MF,İstanbulspor,29,1992,1.4,,,,,,,,,,,,0,,,,,,Matches
Rk,Player,Nation,Pos,Squad,Age,Born,90s,Cmp,Att,Cmp%,TotDist,PrgDist,Cmp,Att,Cmp,Att,Cmp,Att,Ast,A-xAG,KP,1/3,PPA,CrsPA,Matches
126,Uğurcan Çakır,tr TUR,GK,Trabzonspor,26,1996,30.7,,,,,,,,,,,,0,,,,,,Matches
127,Francisco Calvo,cr CRC,DF,Konyaspor,30,1992,30.8,,,,,,,,,,,,0,,,,,,Matches
128,Samba Camara,ml MLI,DF,Sivasspor,29,1992,5.8,,,,,,,,,,,,0,,,,,,Matches
129,Gustavo Campanharo,br BRA,MF,Kayserispor,30,1992,18.9,,,,,,,,,,,,1,,,,,,Matches
130,Jorman Campuzano,co COL,MF,Giresunspor,26,1996,23.4,,,,,,,,,,,,0,,,,,,Matches
131,Erol Can Akdağ,,MF,Giresunspor,25,1996,0.7,,,,,,,,,,,,0,,,,,,Matches
132,İrfan Can Eğribayat,tr TUR,GK,Fenerbahçe,24,1998,8.0,,,,,,,,,,,,0,,,,,,Matches
133,Faruk Can Genç,,DF,Giresunspor,22,2000,6.9,,,,,,,,,,,,1,,,,,,Matches
134,Mert Can,,DF,Ankaragücü,17,2005,0.0,,,,,,,,,,,,0,,,,,,Matches
135,Daniel Candeias,pt POR,"MF,FW",Alanyaspor,34,1988,17.4,,,,,,,,,,,,3,,,,,,Matches
136,Atakan Çankaya,tr TUR,DF,Ankaragücü,24,1998,14.9,,,,,,,,,,,,0,,,,,,Matches
137,Erdem Canpolat,de GER,GK,Kasımpaşa,21,2001,9.0,,,,,,,,,,,,0,,,,,,Matches
138,Miguel Filipe Nunes Cardoso,pt POR,"MF,FW",Kayserispor,28,1994,25.9,,,,,,,,,,,,6,,,,,,Matches
139,Lionel Carole,fr FRA,DF,Kayserispor,31,1991,22.2,,,,,,,,,,,,1,,,,,,Matches
140,Steven Caulker,sl SLE,DF,Fatih Karagümrük,30,1991,4.2,,,,,,,,,,,,0,,,,,,Matches
141,Ivan Cavaleiro,pt POR,"MF,FW",Alanyaspor,28,1993,12.0,,,,,,,,,,,,5,,,,,,Matches
142,Endri Çekiçi,al ALB,MF,Konyaspor,25,1996,12.2,,,,,,,,,,,,0,,,,,,Matches
143,Batuhan Çelik,tr TUR,FW,Başakşehir,17,2005,0.4,,,,,,,,,,,,0,,,,,,Matches
144,Bersant Celina,xk KVX,MF,Kasımpaşa,25,1996,10.9,,,,,,,,,,,,1,,,,,,Matches
145,Murat Cem Akpınar,tr TUR,MF,Giresunspor,23,1999,9.0,,,,,,,,,,,,0,,,,,,Matches
146,Muzaffer Cem Kablan,,GK,Fatih Karagümrük,22,2000,0.1,,,,,,,,,,,,0,,,,,,Matches
147,Sahverdi Cetin,de GER,MF,Ankaragücü,21,2000,0.0,,,,,,,,,,,,0,,,,,,Matches
148,Erdem Çetinkaya,tr TUR,FW,Kasımpaşa,21,2001,0.4,,,,,,,,,,,,0,,,,,,Matches
149,Oğuz Ceylan,tr TUR,DF,Ankaragücü,31,1990,8.1,,,,,,,,,,,,1,,,,,,Matches
150,Nacer Chadli,be BEL,MF,Başakşehir,32,1989,0.7,,,,,,,,,,,,0,,,,,,Matches
Rk,Player,Nation,Pos,Squad,Age,Born,90s,Cmp,Att,Cmp%,TotDist,PrgDist,Cmp,Att,Cmp,Att,Cmp,Att,Ast,A-xAG,KP,1/3,PPA,CrsPA,Matches
151,Charis Charisis,gr GRE,MF,Sivasspor,27,1995,19.3,,,,,,,,,,,,1,,,,,,Matches
152,Anastasios Chatzigiovannis,gr GRE,"MF,FW",Ankaragücü,25,1997,9.3,,,,,,,,,,,,2,,,,,,Matches
153,Mounir Chouiar,fr FRA,"FW,MF",Başakşehir,23,1999,10.5,,,,,,,,,,,,4,,,,,,Matches
154,Mounir Chouiar,fr FRA,"MF,FW",Kasımpaşa,23,1999,10.6,,,,,,,,,,,,1,,,,,,Matches
155,Alexandru Cicâldău,ro ROU,MF,Galatasaray,25,1997,0.1,,,,,,,,,,,,0,,,,,,Matches
156,Ibrahim Cicek,,MF,Ankaragücü,15,2006,0.1,,,,,,,,,,,,0,,,,,,Matches
157,Uğur Çiftçi,tr TUR,DF,Sivasspor,30,1992,19.9,,,,,,,,,,,,4,,,,,,Matches
158,Sadık Çiftpınar,tr TUR,DF,Kasımpaşa,29,1993,11.3,,,,,,,,,,,,0,,,,,,Matches
159,Tolga Ciğerci,tr TUR,MF,Ankaragücü,30,1992,15.9,,,,,,,,,,,,3,,,,,,Matches
160,Mirza Cihan,,MF,Gaziantep FK,21,2000,1.6,,,,,,,,,,,,0,,,,,,Matches
161,Sokol Cikalleshi,al ALB,FW,Konyaspor,32,1990,1.1,,,,,,,,,,,,0,,,,,,Matches
162,Ramazan Civelek,tr TUR,MF,Kayserispor,26,1996,12.8,,,,,,,,,,,,2,,,,,,Matches
163,Isaac Cofie,gh GHA,MF,Sivasspor,30,1991,9.6,,,,,,,,,,,,0,,,,,,Matches
164,İsmail Çokçalış,tr TUR,DF,Adana Demirspor,22,2000,4.5,,,,,,,,,,,,2,,,,,,Matches
165,Ebrima Colley,gm GAM,"FW,MF",Fatih Karagümrük,22,2000,16.4,,,,,,,,,,,,6,,,,,,Matches
166,Omar Colley,gm GAM,DF,Beşiktaş,29,1992,10.0,,,,,,,,,,,,0,,,,,,Matches
167,Kamil Çörekçi,tr TUR,DF,Hatayspor,30,1992,15.9,,,,,,,,,,,,1,,,,,,Matches
168,Andreas Cornelius,dk DEN,FW,Trabzonspor,29,1993,3.8,,,,,,,,,,,,1,,,,,,Matches
169,Crespo,pt POR,MF,Fenerbahçe,25,1996,12.9,,,,,,,,,,,,2,,,,,,Matches
170,Enzo Crivelli,fr FRA,FW,Başakşehir,27,1995,0.2,,,,,,,,,,,,0,,,,,,Matches
171,Mehmet Dadakdeniz,tr TUR,GK,Antalyaspor,22,1999,1.0,,,,,,,,,,,,0,,,,,,Matches
172,Brahim Darri,nl NED,"FW,MF",Fatih Karagümrük,27,1994,0.1,,,,,,,,,,,,1,,,,,,Matches
173,Doğan Davas,,MF,Giresunspor,24,1997,5.7,,,,,,,,,,,,2,,,,,,Matches
174,Sergio Antonio De Luiz Junior,br BRA,MF,Giresunspor,27,1995,26.1,,,,,,,,,,,,6,,,,,,Matches
175,Yonathan Del Valle,ve VEN,"FW,MF",Ümraniyespor,32,1990,8.0,,,,,,,,,,,,1,,,,,,Matches
Rk,Player,Nation,Pos,Squad,Age,Born,90s,Cmp,Att,Cmp%,TotDist,PrgDist,Cmp,Att,Cmp,Att,Cmp,Att,Ast,A-xAG,KP,1/3,PPA,CrsPA,Matches
176,Simon Deli,ci CIV,DF,İstanbulspor,30,1991,7.8,,,,,,,,,,,,0,,,,,,Matches
177,Anıl Demir,,GK,Ümraniyespor,25,1996,1.0,,,,,,,,,,,,0,,,,,,Matches
178,Muhammet Demir,tr TUR,FW,Konyaspor,30,1992,15.6,,,,,,,,,,,,0,,,,,,Matches
179,Yusuf Demir,at AUT,MF,Galatasaray,19,2003,0.8,,,,,,,,,,,,0,,,,,,Matches
180,Adil Demirbağ,tr TUR,DF,Konyaspor,24,1997,26.6,,,,,,,,,,,,0,,,,,,Matches
181,Kahraman Demirtapa,tr TUR,DF,Konyaspor,28,1994,2.8,,,,,,,,,,,,0,,,,,,Matches
182,Stefano Denswil,sr SUR,DF,Trabzonspor,29,1993,13.2,,,,,,,,,,,,0,,,,,,Matches
183,Eren Derdiyok,ch SUI,FW,Ankaragücü,34,1988,0.3,,,,,,,,,,,,0,,,,,,Matches
184,Ersin Destanoğlu,tr TUR,GK,Beşiktaş,21,2001,9.0,,,,,,,,,,,,0,,,,,,Matches
185,Lamine Diack,sn SEN,MF,Ankaragücü,21,2000,15.4,,,,,,,,,,,,0,,,,,,Matches
186,Mbaye Diagne,sn SEN,FW,Fatih Karagümrük,30,1991,27.8,,,,,,,,,,,,5,,,,,,Matches
187,Famara Diedhiou,sn SEN,FW,Alanyaspor,29,1992,0.3,,,,,,,,,,,,0,,,,,,Matches
188,Soner Dikmen,tr TUR,MF,Konyaspor,28,1993,28.0,,,,,,,,,,,,1,,,,,,Matches
189,Selim Dilli,,DF,Kasımpaşa,24,1998,0.1,,,,,,,,,,,,0,,,,,,Matches
190,Deniz Dilmen,,GK,Başakşehir,17,2005,1.0,,,,,,,,,,,,0,,,,,,Matches
191,Djaniny,cv CPV,"MF,FW",Trabzonspor,31,1991,8.6,,,,,,,,,,,,2,,,,,,Matches
192,Papy Djilobodji,sn SEN,DF,Gaziantep FK,33,1988,18.1,,,,,,,,,,,,1,,,,,,Matches
193,Papy Djilobodji,sn SEN,DF,Kasımpaşa,33,1988,10.0,,,,,,,,,,,,0,,,,,,Matches
194,Ryan Donk,sr SUR,DF,Kasımpaşa,36,1986,19.0,,,,,,,,,,,,1,,,,,,Matches
195,Idrissa Doumbia,ci CIV,MF,Alanyaspor,24,1998,16.0,,,,,,,,,,,,1,,,,,,Matches
196,Ibrahim Drešević,xk KVX,DF,Fatih Karagümrük,25,1997,32.0,,,,,,,,,,,,0,,,,,,Matches
197,Léo Duarte,br BRA,DF,Başakşehir,26,1996,27.9,,,,,,,,,,,,1,,,,,,Matches
198,Leo Dubois,fr FRA,DF,Galatasaray,27,1994,11.0,,,,,,,,,,,,1,,,,,,Matches
199,Jeremy Dudziak,tn TUN,MF,Hatayspor,26,1995,1.0,,,,,,,,,,,,0,,,,,,Matches
200,Tuncer Duhan Aksu,,DF,İstanbulspor,24,1997,23.6,,,,,,,,,,,,0,,,,,,Matches
Rk,Player,Nation,Pos,Squad,Age,Born,90s,Cmp,Att,Cmp%,TotDist,PrgDist,Cmp,Att,Cmp,Att,Cmp,Att,Ast,A-xAG,KP,1/3,PPA,CrsPA,Matches
201,Demeaco Duhaney,eng ENG,DF,İstanbulspor,23,1998,17.9,,,,,,,,,,,,0,,,,,,Matches
202,Abdullah Durak,tr TUR,MF,Ankaragücü,35,1987,2.0,,,,,,,,,,,,0,,,,,,Matches
203,Jimmy Durmaz,se SWE,MF,Fatih Karagümrük,33,1989,10.7,,,,,,,,,,,,0,,,,,,Matches
204,Abdurrahim Dursun,tr TUR,DF,Adana Demirspor,23,1998,3.6,,,,,,,,,,,,1,,,,,,Matches
205,Salih Dursun,tr TUR,DF,Fatih Karagümrük,31,1991,9.7,,,,,,,,,,,,1,,,,,,Matches
206,Serdar Dursun,tr TUR,FW,Fenerbahçe,30,1991,4.0,,,,,,,,,,,,3,,,,,,Matches
207,Artem Dzyuba,ru RUS,FW,Adana Demirspor,33,1988,1.8,,,,,,,,,,,,0,,,,,,Matches
208,Patrick Ebert,de GER,"FW,MF",İstanbulspor,35,1987,1.7,,,,,,,,,,,,0,,,,,,Matches
209,Houssam Eddine Ghacha,dz ALG,MF,Antalyaspor,26,1995,13.4,,,,,,,,,,,,1,,,,,,Matches
210,Wilson Eduardo,ao ANG,"FW,MF",Alanyaspor,32,1990,7.8,,,,,,,,,,,,1,,,,,,Matches
211,Eren Elmalı,tr TUR,DF,Trabzonspor,22,2000,30.8,,,,,,,,,,,,3,,,,,,Matches
212,Yunus Emre Mertoğlu,,MF,Ümraniyespor,21,2001,0.7,,,,,,,,,,,,0,,,,,,Matches
213,Hasan Emre Yeşilyurt,,DF,Kasımpaşa,21,2000,0.2,,,,,,,,,,,,0,,,,,,Matches
214,Ahmet Engin,de GER,MF,Kasımpaşa,25,1996,8.0,,,,,,,,,,,,3,,,,,,Matches
215,Alexandru Epureanu,md MDA,DF,Ümraniyespor,35,1986,13.0,,,,,,,,,,,,0,,,,,,Matches
216,Alexandru Epureanu,md MDA,DF,Başakşehir,35,1986,3.4,,,,,,,,,,,,0,,,,,,Matches
217,Çagan Erciyas,tr TUR,DF,Alanyaspor,19,2003,0.6,,,,,,,,,,,,0,,,,,,Matches
218,Ziya Erdal,tr TUR,DF,Sivasspor,34,1988,11.6,,,,,,,,,,,,0,,,,,,Matches
219,Mustafa Erdilman,,MF,Antalyaspor,18,2004,0.5,,,,,,,,,,,,1,,,,,,Matches
220,Okan Erdogan,de GER,DF,İstanbulspor,23,1998,29.1,,,,,,,,,,,,1,,,,,,Matches
221,Osman Erdogan,,FW,Ümraniyespor,18,2004,0.1,,,,,,,,,,,,0,,,,,,Matches
222,Yusuf Erdoğan,tr TUR,"DF,MF",Trabzonspor,29,1992,0.6,,,,,,,,,,,,0,,,,,,Matches
223,Yusuf Erdoğan,tr TUR,MF,Adana Demirspor,29,1992,1.7,,,,,,,,,,,,0,,,,,,Matches
224,Erhan Erentürk,tr TUR,GK,Konyaspor,27,1995,5.0,,,,,,,,,,,,0,,,,,,Matches
225,Onur Ergün,tr TUR,MF,Hatayspor,29,1992,13.6,,,,,,,,,,,,0,,,,,,Matches
Rk,Player,Nation,Pos,Squad,Age,Born,90s,Cmp,Att,Cmp%,TotDist,PrgDist,Cmp,Att,Cmp,Att,Cmp,Att,Ast,A-xAG,KP,1/3,PPA,CrsPA,Matches
226,Onur Ergün,tr TUR,MF,İstanbulspor,29,1992,6.7,,,,,,,,,,,,0,,,,,,Matches
227,Caner Erkin,tr TUR,DF,Fatih Karagümrük,33,1988,12.0,,,,,,,,,,,,6,,,,,,Matches
228,Caner Erkin,tr TUR,DF,Başakşehir,33,1988,3.7,,,,,,,,,,,,1,,,,,,Matches
229,Ertuğrul Ersoy,tr TUR,DF,İstanbulspor,25,1997,0.6,,,,,,,,,,,,0,,,,,,Matches
230,Ertuğrul Ersoy,tr TUR,DF,Gaziantep FK,25,1997,17.8,,,,,,,,,,,,0,,,,,,Matches
231,Mustafa Eser,tr TUR,DF,Ümraniyespor,20,2001,7.4,,,,,,,,,,,,0,,,,,,Matches
232,Mustafa Eskihellaç,tr TUR,MF,Gaziantep FK,25,1997,9.7,,,,,,,,,,,,0,,,,,,Matches
233,Mustafa Eskihellaç,tr TUR,MF,Kasımpaşa,25,1997,2.6,,,,,,,,,,,,0,,,,,,Matches
234,Berat Eskin,,MF,Kayserispor,17,2004,0.2,,,,,,,,,,,,0,,,,,,Matches
235,Valon Ethemi,mk MKD,MF,İstanbulspor,24,1997,24.6,,,,,,,,,,,,4,,,,,,Matches
236,Jean Evrard Kouassi,ci CIV,"FW,MF",Fatih Karagümrük,27,1994,8.9,,,,,,,,,,,,1,,,,,,Matches
237,Jean Evrard Kouassi,ci CIV,"FW,MF",Trabzonspor,27,1994,1.3,,,,,,,,,,,,0,,,,,,Matches
238,Erkan Eyibil,tr TUR,MF,Antalyaspor,21,2001,0.2,,,,,,,,,,,,0,,,,,,Matches
239,Valentin Eysseric,fr FRA,MF,Kasımpaşa,30,1992,28.6,,,,,,,,,,,,3,,,,,,Matches
240,Simon Falette,gn GUI,DF,Hatayspor,30,1992,6.4,,,,,,,,,,,,0,,,,,,Matches
241,Mamadou Fall,sn SEN,"MF,FW",Kasımpaşa,30,1991,32.8,,,,,,,,,,,,3,,,,,,Matches
242,Zouhair Feddal,ma MAR,DF,Alanyaspor,33,1989,4.9,,,,,,,,,,,,0,,,,,,Matches
243,Sofiane Feghouli,dz ALG,MF,Fatih Karagümrük,32,1989,3.5,,,,,,,,,,,,1,,,,,,Matches
244,Leroy Fer,nl NED,"MF,DF",Alanyaspor,32,1990,25.8,,,,,,,,,,,,2,,,,,,Matches
245,Zinedine Ferhat,dz ALG,MF,Alanyaspor,29,1993,11.7,,,,,,,,,,,,2,,,,,,Matches
246,Gedson Fernandes,pt POR,MF,Beşiktaş,23,1999,29.6,,,,,,,,,,,,5,,,,,,Matches
247,Fernando,br BRA,MF,Antalyaspor,30,1992,28.7,,,,,,,,,,,,2,,,,,,Matches
248,Mehmet Feyzi Yıldırım,tr TUR,MF,Kasımpaşa,26,1996,1.0,,,,,,,,,,,,0,,,,,,Matches
249,João Figueiredo,my MAS,"FW,MF",Gaziantep FK,26,1996,19.4,,,,,,,,,,,,1,,,,,,Matches
250,João Figueiredo,my MAS,FW,Başakşehir,26,1996,9.1,,,,,,,,,,,,0,,,,,,Matches
Rk,Player,Nation,Pos,Squad,Age,Born,90s,Cmp,Att,Cmp%,TotDist,PrgDist,Cmp,Att,Cmp,Att,Cmp,Att,Ast,A-xAG,KP,1/3,PPA,CrsPA,Matches
251,Sherel Floranus,cw CUW,DF,Antalyaspor,23,1998,5.3,,,,,,,,,,,,0,,,,,,Matches
252,Fredy,ao ANG,MF,Antalyaspor,32,1990,16.5,,,,,,,,,,,,2,,,,,,Matches
253,Kerim Frei,tr TUR,"FW,MF",Fatih Karagümrük,28,1993,6.0,,,,,,,,,,,,0,,,,,,Matches
254,Emeka Friday Eze,ng NGA,FW,İstanbulspor,25,1996,12.4,,,,,,,,,,,,2,,,,,,Matches
255,Nika Gagnidze,ge GEO,MF,Ümraniyespor,21,2001,0.5,,,,,,,,,,,,0,,,,,,Matches
256,Mario Gavranović,ch SUI,FW,Kayserispor,32,1989,13.5,,,,,,,,,,,,0,,,,,,Matches
257,Jean-Philippe Gbamin,ci CIV,"MF,DF",Trabzonspor,26,1995,10.3,,,,,,,,,,,,0,,,,,,Matches
258,Turgay Gemicibaşi,,MF,Kasımpaşa,26,1996,3.3,,,,,,,,,,,,0,,,,,,Matches
259,Geraldo,ao ANG,"MF,FW",Ümraniyespor,30,1991,20.6,,,,,,,,,,,,4,,,,,,Matches
260,Amar Gerxhaliu,xk KVX,DF,Antalyaspor,20,2002,2.3,,,,,,,,,,,,0,,,,,,Matches
261,Baran Gezek,tr TUR,MF,Kayserispor,16,2005,1.3,,,,,,,,,,,,0,,,,,,Matches
262,Valentin Gheorghe,ro ROU,"MF,DF",Ümraniyespor,25,1997,11.0,,,,,,,,,,,,0,,,,,,Matches
263,Rachid Ghezzal,dz ALG,MF,Beşiktaş,30,1992,5.5,,,,,,,,,,,,3,,,,,,Matches
264,Ali Gholizadeh,ir IRN,MF,Kasımpaşa,26,1996,1.6,,,,,,,,,,,,1,,,,,,Matches
265,Tomislav Glumac,hr CRO,DF,Ümraniyespor,31,1991,26.3,,,,,,,,,,,,0,,,,,,Matches
266,Okechukwu Godson Azubuike,ng NGA,MF,Başakşehir,25,1997,0.1,,,,,,,,,,,,0,,,,,,Matches
267,Emre Gökay,tr TUR,FW,Sivasspor,16,2006,1.0,,,,,,,,,,,,0,,,,,,Matches
268,Serkan Göksu,tr TUR,"MF,DF",Ümraniyespor,29,1993,21.0,,,,,,,,,,,,0,,,,,,Matches
269,Maxi Gómez,uy URU,FW,Trabzonspor,25,1996,21.3,,,,,,,,,,,,3,,,,,,Matches
270,Bafétimbi Gomis,fr FRA,FW,Galatasaray,36,1985,7.6,,,,,,,,,,,,0,,,,,,Matches
271,Cenk Gönen,tr TUR,GK,Kayserispor,34,1988,4.1,,,,,,,,,,,,0,,,,,,Matches
272,Dimitris Goutas,gr GRE,DF,Sivasspor,28,1994,29.8,,,,,,,,,,,,2,,,,,,Matches
273,Max Gradel,ci CIV,"MF,FW",Sivasspor,34,1987,25.1,,,,,,,,,,,,5,,,,,,Matches
274,Daniel Graovac,ba BIH,DF,Kasımpaşa,28,1993,11.5,,,,,,,,,,,,0,,,,,,Matches
275,Ahmet Gülay,tr TUR,DF,Alanyaspor,19,2003,0.2,,,,,,,,,,,,0,,,,,,Matches
Rk,Player,Nation,Pos,Squad,Age,Born,90s,Cmp,Att,Cmp%,TotDist,PrgDist,Cmp,Att,Cmp,Att,Cmp,Att,Ast,A-xAG,KP,1/3,PPA,CrsPA,Matches
276,Fredrik Gulbrandsen,no NOR,"FW,MF",Adana Demirspor,29,1992,6.9,,,,,,,,,,,,3,,,,,,Matches
277,Arda Güler,tr TUR,MF,Fenerbahçe,17,2005,10.1,,,,,,,,,,,,3,,,,,,Matches
278,Semih Güler,,DF,Adana Demirspor,27,1994,24.3,,,,,,,,,,,,1,,,,,,Matches
279,Sinan Gümüş,de GER,"MF,FW",Antalyaspor,28,1994,5.3,,,,,,,,,,,,0,,,,,,Matches
280,Umut Güneş,tr TUR,MF,Alanyaspor,22,2000,20.2,,,,,,,,,,,,1,,,,,,Matches
281,Bahadır Güngördü,,GK,Ankaragücü,24,1997,11.7,,,,,,,,,,,,0,,,,,,Matches
282,Mert Günok,tr TUR,GK,Beşiktaş,33,1989,23.0,,,,,,,,,,,,0,,,,,,Matches
283,Oğuz Gürbulak,,MF,Ümraniyespor,29,1992,19.0,,,,,,,,,,,,3,,,,,,Matches
284,Yasin Güreler,,DF,Ankaragücü,31,1991,9.3,,,,,,,,,,,,0,,,,,,Matches
285,Sindri Guri,al ALB,FW,İstanbulspor,28,1993,2.8,,,,,,,,,,,,0,,,,,,Matches
286,Serdar Gürler,tr TUR,"MF,FW",Başakşehir,30,1991,20.8,,,,,,,,,,,,3,,,,,,Matches
287,Günay Güvenç,tr TUR,GK,Gaziantep FK,31,1991,22.0,,,,,,,,,,,,2,,,,,,Matches
288,Günay Güvenç,tr TUR,GK,Kasımpaşa,31,1991,8.0,,,,,,,,,,,,0,,,,,,Matches
289,Günes Güventürk,,FW,Ümraniyespor,17,2005,0.1,,,,,,,,,,,,0,,,,,,Matches
290,Florent Hadergjonaj,xk KVX,DF,Kasımpaşa,28,1994,22.5,,,,,,,,,,,,1,,,,,,Matches
291,Amir Hadžiahmetović,ba BIH,MF,Beşiktaş,25,1997,10.7,,,,,,,,,,,,2,,,,,,Matches
292,Amir Hadžiahmetović,ba BIH,MF,Konyaspor,25,1997,18.0,,,,,,,,,,,,2,,,,,,Matches
293,Haris Hajradinović,ba BIH,MF,Kasımpaşa,28,1994,24.7,,,,,,,,,,,,2,,,,,,Matches
294,Marek Hamšík,sk SVK,MF,Trabzonspor,35,1987,11.9,,,,,,,,,,,,2,,,,,,Matches
295,Matěj Hanousek,cz CZE,"DF,MF",Gaziantep FK,29,1993,14.0,,,,,,,,,,,,0,,,,,,Matches
296,Matěj Hanousek,cz CZE,"MF,DF",Ankaragücü,29,1993,9.1,,,,,,,,,,,,0,,,,,,Matches
297,Dogucan Haspolat,tr TUR,"MF,DF",Trabzonspor,22,2000,8.4,,,,,,,,,,,,1,,,,,,Matches
298,Gustavo Henrique,br BRA,DF,Fenerbahçe,29,1993,11.5,,,,,,,,,,,,1,,,,,,Matches
299,Majid Hosseini,ir IRN,DF,Kayserispor,26,1996,22.4,,,,,,,,,,,,1,,,,,,Matches
300,Vitor Hugo,br BRA,DF,Trabzonspor,31,1991,17.6,,,,,,,,,,,,0,,,,,,Matches
Rk,Player,Nation,Pos,Squad,Age,Born,90s,Cmp,Att,Cmp%,TotDist,PrgDist,Cmp,Att,Cmp,Att,Cmp,Att,Ast,A-xAG,KP,1/3,PPA,CrsPA,Matches
301,Atiba Hutchinson,ca CAN,MF,Beşiktaş,39,1983,0.9,,,,,,,,,,,,0,,,,,,Matches
302,Mauro Icardi,ar ARG,FW,Galatasaray,29,1993,20.9,,,,,,,,,,,,7,,,,,,Matches
303,Edgar Ié,gw GNB,DF,Başakşehir,28,1994,2.2,,,,,,,,,,,,0,,,,,,Matches
304,Uche Ikpeazu,ug UGA,FW,Konyaspor,27,1995,2.2,,,,,,,,,,,,1,,,,,,Matches
305,Gökhan Inler,ch SUI,MF,Adana Demirspor,38,1984,12.5,,,,,,,,,,,,3,,,,,,Matches
306,Hamza Jaganjac,ba BIH,FW,Adana Demirspor,18,2004,0.1,,,,,,,,,,,,0,,,,,,Matches
307,Leke James,ng NGA,FW,Sivasspor,29,1992,6.7,,,,,,,,,,,,0,,,,,,Matches
308,Adnan Januzaj,be BEL,"MF,FW",Başakşehir,27,1995,6.9,,,,,,,,,,,,3,,,,,,Matches
309,David Jensen,dk DEN,GK,İstanbulspor,30,1992,32.0,,,,,,,,,,,,0,,,,,,Matches
310,Jesé,es ESP,"MF,FW",Ankaragücü,29,1993,6.5,,,,,,,,,,,,1,,,,,,Matches
311,Marko Jevtović,rs SRB,MF,Gaziantep FK,29,1993,20.9,,,,,,,,,,,,0,,,,,,Matches
312,Ayoub El Kaabi,ma MAR,"FW,MF",Hatayspor,29,1993,20.0,,,,,,,,,,,,3,,,,,,Matches
313,Emir Kaan Gültekin,tr TUR,"MF,FW",İstanbulspor,21,2000,11.9,,,,,,,,,,,,2,,,,,,Matches
314,Ali Kaan Güneren,tr TUR,MF,Ankaragücü,22,2000,0.6,,,,,,,,,,,,0,,,,,,Matches
315,Melih Kabasakal,,MF,İstanbulspor,26,1996,15.0,,,,,,,,,,,,0,,,,,,Matches
316,Ferdi Kadioglu,tr TUR,"DF,MF",Fenerbahçe,22,1999,31.7,,,,,,,,,,,,4,,,,,,Matches
317,İrfan Kahveci,tr TUR,MF,Fenerbahçe,27,1995,16.7,,,,,,,,,,,,2,,,,,,Matches
318,Berat Kalkan,mk MKD,FW,Kasımpaşa,19,2003,1.5,,,,,,,,,,,,0,,,,,,Matches
319,Kesselly Kamara,lr LBR,"FW,MF",Hatayspor,24,1997,0.2,,,,,,,,,,,,0,,,,,,Matches
320,Kaan Kanak,tr TUR,"MF,DF",Hatayspor,31,1990,8.9,,,,,,,,,,,,0,,,,,,Matches
321,Burak Kapacak,tr TUR,FW,Fatih Karagümrük,22,1999,2.9,,,,,,,,,,,,1,,,,,,Matches
322,Ferhat Kaplan,tr TUR,GK,Giresunspor,33,1989,12.2,,,,,,,,,,,,0,,,,,,Matches
323,Aytaç Kara,tr TUR,MF,Kasımpaşa,29,1993,16.7,,,,,,,,,,,,1,,,,,,Matches
324,Efecan Karaca,tr TUR,"MF,FW",Alanyaspor,32,1989,25.9,,,,,,,,,,,,6,,,,,,Matches
325,Goran Karaćić,ba BIH,GK,Adana Demirspor,25,1996,1.0,,,,,,,,,,,,0,,,,,,Matches
Rk,Player,Nation,Pos,Squad,Age,Born,90s,Cmp,Att,Cmp%,TotDist,PrgDist,Cmp,Att,Cmp,Att,Cmp,Att,Ast,A-xAG,KP,1/3,PPA,CrsPA,Matches
326,Yusuf Karagöz,,GK,Alanyaspor,22,1999,4.6,,,,,,,,,,,,0,,,,,,Matches
327,Vedat Karakuş,tr TUR,GK,Adana Demirspor,24,1998,1.0,,,,,,,,,,,,0,,,,,,Matches
328,Kenan Karaman,tr TUR,"FW,MF",Beşiktaş,28,1994,0.4,,,,,,,,,,,,0,,,,,,Matches
329,Kazımcan Karataş,tr TUR,DF,Galatasaray,19,2003,8.0,,,,,,,,,,,,0,,,,,,Matches
330,Cebrail Karayel,tr TUR,DF,Konyaspor,27,1994,5.4,,,,,,,,,,,,1,,,,,,Matches
331,Erce Kardeşler,tr TUR,GK,Hatayspor,28,1994,21.0,,,,,,,,,,,,0,,,,,,Matches
332,Ali Karimi,ir IRN,"MF,DF",Kayserispor,28,1994,10.6,,,,,,,,,,,,0,,,,,,Matches
333,Eden Karzev,il ISR,MF,Başakşehir,22,2000,1.0,,,,,,,,,,,,0,,,,,,Matches
334,Salih Kavrazlı,tr TUR,FW,Adana Demirspor,20,2002,0.3,,,,,,,,,,,,0,,,,,,Matches
335,Doğukan Kaya,,GK,Ankaragücü,22,2000,1.0,,,,,,,,,,,,0,,,,,,Matches
336,Ayberk Kaygısız,tr TUR,DF,Başakşehir,17,2004,0.2,,,,,,,,,,,,0,,,,,,Matches
337,Olarenwaju Kayode,ng NGA,FW,Ümraniyespor,29,1993,5.7,,,,,,,,,,,,0,,,,,,Matches
338,Colin Kazim-Richards,tr TUR,FW,Fatih Karagümrük,35,1986,3.3,,,,,,,,,,,,1,,,,,,Matches
339,Kader Keita,ci CIV,MF,Sivasspor,21,2000,10.1,,,,,,,,,,,,0,,,,,,Matches
340,Olivier Kemen,cm CMR,MF,Kayserispor,26,1996,21.6,,,,,,,,,,,,4,,,,,,Matches
341,Philippe Keny,sn SEN,FW,Başakşehir,23,1999,11.5,,,,,,,,,,,,1,,,,,,Matches
342,Semih Kılıçsoy,tr TUR,FW,Beşiktaş,16,2005,0.5,,,,,,,,,,,,0,,,,,,Matches
343,Emre Kılınç,tr TUR,"MF,FW",Ankaragücü,27,1994,21.8,,,,,,,,,,,,2,,,,,,Matches
344,Emre Kılınç,tr TUR,"FW,MF",Galatasaray,27,1994,0.4,,,,,,,,,,,,0,,,,,,Matches
345,Joshua King,no NOR,"FW,MF",Fenerbahçe,30,1992,9.3,,,,,,,,,,,,1,,,,,,Matches
346,Serkan Kırıntılı,tr TUR,GK,Ümraniyespor,37,1985,9.2,,,,,,,,,,,,0,,,,,,Matches
347,Stelios Kitsiou,gr GRE,"DF,MF",Gaziantep FK,28,1993,19.7,,,,,,,,,,,,2,,,,,,Matches
348,Stelios Kitsiou,gr GRE,"MF,DF",Ankaragücü,28,1993,9.5,,,,,,,,,,,,1,,,,,,Matches
349,Arda Kızıldağ,tr TUR,DF,Gaziantep FK,23,1998,4.6,,,,,,,,,,,,0,,,,,,Matches
350,Arda Kızıldağ,tr TUR,DF,Ankaragücü,23,1998,5.0,,,,,,,,,,,,1,,,,,,Matches
Rk,Player,Nation,Pos,Squad,Age,Born,90s,Cmp,Att,Cmp%,TotDist,PrgDist,Cmp,Att,Cmp,Att,Cmp,Att,Ast,A-xAG,KP,1/3,PPA,CrsPA,Matches
351,Arif Kocaman,,DF,Kayserispor,18,2003,11.8,,,,,,,,,,,,0,,,,,,Matches
352,Okan Kocuk,tr TUR,GK,Galatasaray,27,1995,1.1,,,,,,,,,,,,0,,,,,,Matches
353,Bengali-Fodé Koita,gn GUI,FW,Kasımpaşa,31,1990,9.1,,,,,,,,,,,,1,,,,,,Matches
354,Koka,eg EGY,FW,Alanyaspor,29,1993,19.9,,,,,,,,,,,,1,,,,,,Matches
355,Dimitrios Kolovetsios,gr GRE,DF,Kayserispor,30,1991,29.0,,,,,,,,,,,,0,,,,,,Matches
356,Efthimis Koulouris,gr GRE,FW,Alanyaspor,26,1996,5.3,,,,,,,,,,,,0,,,,,,Matches
357,Beren Kücükbasarik,,MF,Ümraniyespor,17,2005,0.2,,,,,,,,,,,,0,,,,,,Matches
358,Fyodor Kudryashov,ru RUS,DF,Antalyaspor,35,1987,9.6,,,,,,,,,,,,0,,,,,,Matches
359,Mert Kurt,be BEL,FW,Giresunspor,19,2002,0.4,,,,,,,,,,,,1,,,,,,Matches
360,Berkan Kutlu,tr TUR,MF,Galatasaray,24,1998,8.5,,,,,,,,,,,,0,,,,,,Matches
361,Brandley Kuwas,cw CUW,"MF,FW",Giresunspor,29,1992,14.3,,,,,,,,,,,,4,,,,,,Matches
362,Montassir Lahtimi,ma MAR,MF,Trabzonspor,21,2001,1.6,,,,,,,,,,,,0,,,,,,Matches
363,Sam Larsson,se SWE,"MF,FW",Antalyaspor,29,1993,23.6,,,,,,,,,,,,4,,,,,,Matches
364,Joseph Larweh Attamah,gh GHA,"DF,MF",Kayserispor,28,1994,7.2,,,,,,,,,,,,0,,,,,,Matches
365,Helton Leite,br BRA,GK,Antalyaspor,31,1990,17.0,,,,,,,,,,,,0,,,,,,Matches
366,Mauricio Lemos,uy URU,DF,Fenerbahçe,26,1995,1.3,,,,,,,,,,,,0,,,,,,Matches
367,Ermir Lenjani,al ALB,DF,Ümraniyespor,32,1989,14.0,,,,,,,,,,,,2,,,,,,Matches
368,Lucas Lima,br BRA,DF,Başakşehir,30,1991,24.7,,,,,,,,,,,,2,,,,,,Matches
369,Lincoln,br BRA,"MF,DF",Fenerbahçe,23,1998,14.5,,,,,,,,,,,,6,,,,,,Matches
370,Adem Ljajić,rs SRB,"FW,MF",Fatih Karagümrük,30,1991,1.2,,,,,,,,,,,,1,,,,,,Matches
371,Saba Lobzhanidze,ge GEO,"FW,MF",Hatayspor,27,1994,17.1,,,,,,,,,,,,4,,,,,,Matches
372,Saba Lobzhanidze,ge GEO,"FW,MF",Fatih Karagümrük,27,1994,7.2,,,,,,,,,,,,2,,,,,,Matches
373,Jason Lokilo,be BEL,MF,İstanbulspor,23,1998,12.5,,,,,,,,,,,,3,,,,,,Matches
374,Florian Loshaj,xk KVX,MF,İstanbulspor,25,1996,4.0,,,,,,,,,,,,1,,,,,,Matches
375,Zé Luís,cv CPV,FW,Hatayspor,31,1991,6.7,,,,,,,,,,,,1,,,,,,Matches
Rk,Player,Nation,Pos,Squad,Age,Born,90s,Cmp,Att,Cmp%,TotDist,PrgDist,Cmp,Att,Cmp,Att,Cmp,Att,Ast,A-xAG,KP,1/3,PPA,CrsPA,Matches
376,Arnaud Lusamba,cd COD,MF,Alanyaspor,25,1997,16.1,,,,,,,,,,,,1,,,,,,Matches
377,Christian Luyindama,cd COD,DF,Antalyaspor,28,1994,4.3,,,,,,,,,,,,1,,,,,,Matches
378,Federico Macheda,it ITA,"FW,MF",Ankaragücü,30,1991,3.9,,,,,,,,,,,,0,,,,,,Matches
379,Mahir Madatov,az AZE,"MF,FW",Konyaspor,25,1997,6.9,,,,,,,,,,,,0,,,,,,Matches
380,Ahmet Malatyali,,MF,Kayserispor,19,2003,0.0,,,,,,,,,,,,0,,,,,,Matches
381,Kévin Malcuit,ma MAR,DF,Ankaragücü,31,1991,18.5,,,,,,,,,,,,3,,,,,,Matches
382,Salih Malkoçoglu,,MF,Trabzonspor,17,2005,0.1,,,,,,,,,,,,0,,,,,,Matches
383,Yunus Mallı,tr TUR,"FW,MF",Kasımpaşa,30,1992,1.7,,,,,,,,,,,,0,,,,,,Matches
384,Mickael Malsa,mq MTQ,MF,Kasımpaşa,26,1995,9.5,,,,,,,,,,,,0,,,,,,Matches
385,Carlos Mané,gw GNB,"MF,FW",Kayserispor,28,1994,16.3,,,,,,,,,,,,4,,,,,,Matches
386,Jovan Manev,mk MKD,DF,Adana Demirspor,21,2001,5.0,,,,,,,,,,,,0,,,,,,Matches
387,Lazar Marković,rs SRB,MF,Gaziantep FK,28,1994,10.5,,,,,,,,,,,,2,,,,,,Matches
388,Lazar Marković,rs SRB,MF,Trabzonspor,28,1994,3.9,,,,,,,,,,,,0,,,,,,Matches
389,Marlon,br BRA,DF,Ankaragücü,25,1997,11.1,,,,,,,,,,,,1,,,,,,Matches
390,Arthur Masuaku,cd COD,DF,Beşiktaş,28,1993,28.9,,,,,,,,,,,,6,,,,,,Matches
391,Juan Mata,es ESP,MF,Galatasaray,34,1988,3.8,,,,,,,,,,,,1,,,,,,Matches
392,Alexandru Maxim,ro ROU,MF,Beşiktaş,32,1990,3.1,,,,,,,,,,,,0,,,,,,Matches
393,Alexandru Maxim,ro ROU,"MF,FW",Gaziantep FK,32,1990,20.9,,,,,,,,,,,,5,,,,,,Matches
394,Admir Mehmedi,ch SUI,MF,Antalyaspor,31,1991,3.1,,,,,,,,,,,,0,,,,,,Matches
395,Adi Mehremić,ba BIH,DF,İstanbulspor,30,1992,7.2,,,,,,,,,,,,0,,,,,,Matches
396,Robert Mejía,co COL,MF,Giresunspor,21,2000,24.4,,,,,,,,,,,,0,,,,,,Matches
397,Bernard Mensah,gh GHA,MF,Kayserispor,27,1994,19.9,,,,,,,,,,,,3,,,,,,Matches
398,Umut Meraş,tr TUR,DF,Beşiktaş,26,1995,4.8,,,,,,,,,,,,0,,,,,,Matches
399,Levent Mercan,de GER,DF,Fatih Karagümrük,21,2000,23.3,,,,,,,,,,,,1,,,,,,Matches
400,Alexander Merkel,kz KAZ,MF,Gaziantep FK,30,1992,8.4,,,,,,,,,,,,1,,,,,,Matches
Rk,Player,Nation,Pos,Squad,Age,Born,90s,Cmp,Att,Cmp%,TotDist,PrgDist,Cmp,Att,Cmp,Att,Cmp,Att,Ast,A-xAG,KP,1/3,PPA,CrsPA,Matches
401,Yıldırım Mert Çetin,tr TUR,DF,Adana Demirspor,25,1997,6.6,,,,,,,,,,,,0,,,,,,Matches
402,Muhammed Mert,be BEL,MF,Hatayspor,27,1995,0.7,,,,,,,,,,,,0,,,,,,Matches
403,Dries Mertens,be BEL,MF,Galatasaray,35,1987,22.7,,,,,,,,,,,,3,,,,,,Matches
404,Konrad Michalak,pl POL,MF,Konyaspor,24,1997,17.9,,,,,,,,,,,,0,,,,,,Matches
405,Fredrik Midtsjø,no NOR,MF,Galatasaray,28,1993,6.9,,,,,,,,,,,,2,,,,,,Matches
406,Milson,ao ANG,"MF,FW",Ankaragücü,22,1999,5.2,,,,,,,,,,,,1,,,,,,Matches
407,Metehan Mimaroğlu,,FW,Ümraniyespor,28,1994,3.1,,,,,,,,,,,,0,,,,,,Matches
408,Efecan Mızrakçı,,DF,Fatih Karagümrük,18,2004,0.1,,,,,,,,,,,,0,,,,,,Matches
409,Javi Montero,es ESP,DF,Beşiktaş,23,1999,2.5,,,,,,,,,,,,0,,,,,,Matches
410,Emre Mor,tr TUR,MF,Fenerbahçe,25,1997,12.5,,,,,,,,,,,,2,,,,,,Matches
411,Pedro Filipe Barbosa Moreira,pt POR,MF,Ankaragücü,29,1992,14.9,,,,,,,,,,,,1,,,,,,Matches
412,Jorge Morel,py PAR,DF,Adana Demirspor,24,1998,10.1,,,,,,,,,,,,0,,,,,,Matches
413,Marlos Moreno,co COL,MF,Konyaspor,25,1996,9.7,,,,,,,,,,,,2,,,,,,Matches
414,Bevic Moussiti-Oko,cg CGO,FW,Ankaragücü,27,1995,0.7,,,,,,,,,,,,0,,,,,,Matches
415,Antonio Mršić,hr CRO,MF,Ümraniyespor,35,1987,11.1,,,,,,,,,,,,2,,,,,,Matches
416,Nihad Mujakić,ba BIH,DF,Ankaragücü,24,1998,32.0,,,,,,,,,,,,0,,,,,,Matches
417,Jackson Muleka,cd COD,"MF,FW",Beşiktaş,22,1999,12.9,,,,,,,,,,,,1,,,,,,Matches
418,Robert Murić,hr CRO,MF,Konyaspor,26,1996,8.8,,,,,,,,,,,,2,,,,,,Matches
419,Ahmed Musa,ng NGA,MF,Fatih Karagümrük,29,1992,1.2,,,,,,,,,,,,0,,,,,,Matches
420,Ahmed Musa,ng NGA,"FW,MF",Sivasspor,29,1992,3.6,,,,,,,,,,,,0,,,,,,Matches
421,Fernando Muslera,uy URU,GK,Galatasaray,36,1986,32.9,,,,,,,,,,,,0,,,,,,Matches
422,Clinton N'Jie,cm CMR,"MF,FW",Sivasspor,28,1993,16.6,,,,,,,,,,,,0,,,,,,Matches
423,Georges-Kévin N'Koudou,cm CMR,"MF,FW",Beşiktaş,27,1995,12.2,,,,,,,,,,,,0,,,,,,Matches
424,Shoya Nakajima,jp JPN,MF,Antalyaspor,27,1994,7.0,,,,,,,,,,,,0,,,,,,Matches
425,Umut Nayir,tr TUR,FW,Ümraniyespor,29,1993,29.4,,,,,,,,,,,,2,,,,,,Matches
Rk,Player,Nation,Pos,Squad,Age,Born,90s,Cmp,Att,Cmp%,TotDist,PrgDist,Cmp,Att,Cmp,Att,Cmp,Att,Ast,A-xAG,KP,1/3,PPA,CrsPA,Matches
426,Alassane Ndao,sn SEN,MF,Antalyaspor,25,1996,12.8,,,,,,,,,,,,2,,,,,,Matches
427,Youssouf Ndayishimiye,bi BDI,"DF,MF",Başakşehir,23,1998,16.6,,,,,,,,,,,,0,,,,,,Matches
428,Badou Ndiaye,sn SEN,MF,Adana Demirspor,31,1990,30.5,,,,,,,,,,,,4,,,,,,Matches
429,Cherif Ndiaye,sn SEN,FW,Adana Demirspor,26,1996,9.0,,,,,,,,,,,,1,,,,,,Matches
430,Emre Nefiz,tr TUR,MF,Ümraniyespor,27,1994,0.3,,,,,,,,,,,,0,,,,,,Matches
431,Victor Nelsson,dk DEN,DF,Galatasaray,23,1998,32.9,,,,,,,,,,,,0,,,,,,Matches
432,Samuel Nongoh,cm CMR,MF,Adana Demirspor,18,2004,0.6,,,,,,,,,,,,0,,,,,,Matches
433,Francis Nzaba,cg CGO,DF,Başakşehir,20,2002,0.3,,,,,,,,,,,,0,,,,,,Matches
434,Ahmet Oğuz,tr TUR,DF,Konyaspor,29,1993,29.1,,,,,,,,,,,,3,,,,,,Matches
435,Stefano Okaka,it ITA,FW,Başakşehir,32,1989,12.0,,,,,,,,,,,,0,,,,,,Matches
436,Burak Öksüz,,DF,Hatayspor,26,1996,9.9,,,,,,,,,,,,0,,,,,,Matches
437,Alaaddin Okumuş,,DF,Sivasspor,26,1995,6.8,,,,,,,,,,,,2,,,,,,Matches
438,Sérgio Oliveira,pt POR,MF,Galatasaray,30,1992,25.8,,,,,,,,,,,,4,,,,,,Matches
439,Michael Ologo,ng NGA,DF,İstanbulspor,19,2003,4.6,,,,,,,,,,,,0,,,,,,Matches
440,Abdülkadir Ömür,tr TUR,MF,Trabzonspor,23,1999,19.7,,,,,,,,,,,,3,,,,,,Matches
441,Samed Onur,tr TUR,FW,Fatih Karagümrük,20,2002,0.8,,,,,,,,,,,,0,,,,,,Matches
442,Henry Onyekuru,ng NGA,MF,Adana Demirspor,25,1997,21.6,,,,,,,,,,,,2,,,,,,Matches
443,Jayden Oosterwolde,nl NED,DF,Fenerbahçe,21,2001,0.9,,,,,,,,,,,,0,,,,,,Matches
444,Bright Osayi-Samuel,ng NGA,"DF,MF",Fenerbahçe,24,1997,13.4,,,,,,,,,,,,0,,,,,,Matches
445,Sinan Osmanoğlu,tr TUR,DF,Ankaragücü,32,1990,1.1,,,,,,,,,,,,0,,,,,,Matches
446,Caner Osmanpaşa,tr TUR,DF,Sivasspor,34,1988,22.1,,,,,,,,,,,,0,,,,,,Matches
447,Raymond Owusu Frimpong,gh GHA,FW,İstanbulspor,20,2002,0.3,,,,,,,,,,,,0,,,,,,Matches
448,Şener Özbayraklı,tr TUR,DF,Başakşehir,32,1990,6.6,,,,,,,,,,,,0,,,,,,Matches
449,Ertaç Özbir,tr TUR,GK,Adana Demirspor,32,1989,32.0,,,,,,,,,,,,1,,,,,,Matches
450,Berkay Özcan,tr TUR,MF,Başakşehir,24,1998,24.9,,,,,,,,,,,,3,,,,,,Matches
Rk,Player,Nation,Pos,Squad,Age,Born,90s,Cmp,Att,Cmp%,TotDist,PrgDist,Cmp,Att,Cmp,Att,Cmp,Att,Ast,A-xAG,KP,1/3,PPA,CrsPA,Matches
451,Yasin Özcan,tr TUR,DF,Kasımpaşa,16,2006,14.0,,,,,,,,,,,,1,,,,,,Matches
452,Berat Özdemir,tr TUR,MF,Trabzonspor,24,1998,0.1,,,,,,,,,,,,0,,,,,,Matches
453,Orkun Özdemir,,GK,Ümraniyespor,27,1995,18.8,,,,,,,,,,,,0,,,,,,Matches
454,Yusuf Özdemir,tr TUR,"DF,MF",Alanyaspor,21,2001,18.4,,,,,,,,,,,,1,,,,,,Matches
455,Magomed Ozdoyev,ru RUS,MF,Fatih Karagümrük,29,1992,30.4,,,,,,,,,,,,3,,,,,,Matches
456,Berke Özer,tr TUR,GK,Ümraniyespor,22,2000,5.0,,,,,,,,,,,,0,,,,,,Matches
457,Mesut Özil,de GER,MF,Başakşehir,33,1988,0.8,,,,,,,,,,,,0,,,,,,Matches
458,Hakan Özmert,tr TUR,MF,Antalyaspor,37,1985,2.4,,,,,,,,,,,,1,,,,,,Matches
459,Erhun Oztumer,,"FW,MF",Adana Demirspor,31,1991,0.4,,,,,,,,,,,,0,,,,,,Matches
460,Eslem Öztürk,tr TUR,MF,İstanbulspor,24,1997,0.0,,,,,,,,,,,,0,,,,,,Matches
461,Murat Paluli,tr TUR,DF,Sivasspor,27,1994,16.9,,,,,,,,,,,,0,,,,,,Matches
462,İlhan Parlak,tr TUR,FW,Kayserispor,35,1987,6.2,,,,,,,,,,,,1,,,,,,Matches
463,Abdülkadir Parmak,tr TUR,MF,Gaziantep FK,27,1994,4.4,,,,,,,,,,,,0,,,,,,Matches
464,Domagoj Pavičić,hr CRO,"MF,FW",Konyaspor,28,1994,2.4,,,,,,,,,,,,0,,,,,,Matches
465,Bruno Paz,ao ANG,MF,Konyaspor,24,1998,14.3,,,,,,,,,,,,2,,,,,,Matches
466,João Pedro,it ITA,FW,Fenerbahçe,30,1992,10.7,,,,,,,,,,,,1,,,,,,Matches
467,Halil Pehlivan,tr TUR,DF,Gaziantep FK,28,1993,5.5,,,,,,,,,,,,0,,,,,,Matches
468,Tomáš Pekhart,cz CZE,FW,Gaziantep FK,33,1989,5.0,,,,,,,,,,,,1,,,,,,Matches
469,Mustafa Pektemek,tr TUR,FW,Kayserispor,33,1988,2.7,,,,,,,,,,,,0,,,,,,Matches
470,Pedro Pereira,pt POR,"DF,MF",Alanyaspor,24,1998,17.2,,,,,,,,,,,,1,,,,,,Matches
471,Bruno Peres,br BRA,"DF,MF",Trabzonspor,32,1990,6.3,,,,,,,,,,,,0,,,,,,Matches
472,Luan Peres Petroni,br BRA,DF,Fenerbahçe,28,1994,8.7,,,,,,,,,,,,0,,,,,,Matches
473,Alexis Pérez,co COL,DF,Giresunspor,28,1994,23.4,,,,,,,,,,,,0,,,,,,Matches
474,Raoul Petretta,it ITA,DF,Kasımpaşa,25,1997,5.8,,,,,,,,,,,,0,,,,,,Matches
475,Sergen Piçinciol,tr TUR,DF,Giresunspor,26,1995,3.0,,,,,,,,,,,,0,,,,,,Matches
Rk,Player,Nation,Pos,Squad,Age,Born,90s,Cmp,Att,Cmp%,TotDist,PrgDist,Cmp,Att,Cmp,Att,Cmp,Att,Ast,A-xAG,KP,1/3,PPA,CrsPA,Matches
476,Onurcan Piri,tr TUR,GK,Giresunspor,27,1994,21.8,,,,,,,,,,,,0,,,,,,Matches
477,Strahil Popov,bg BUL,DF,Ümraniyespor,31,1990,20.0,,,,,,,,,,,,1,,,,,,Matches
478,Alejandro Pozuelo,es ESP,MF,Konyaspor,30,1991,9.0,,,,,,,,,,,,3,,,,,,Matches
479,Uroš Radaković,rs SRB,DF,Ankaragücü,28,1994,21.8,,,,,,,,,,,,0,,,,,,Matches
480,Amar Rahmanović,ba BIH,"FW,MF",Konyaspor,28,1994,2.4,,,,,,,,,,,,0,,,,,,Matches
481,Niko Rak,hr CRO,DF,Konyaspor,19,2003,0.2,,,,,,,,,,,,0,,,,,,Matches
482,Erdal Rakip,mk MKD,"MF,DF",Antalyaspor,26,1996,9.4,,,,,,,,,,,,0,,,,,,Matches
483,Yaroslav Rakitskiy,ua UKR,DF,Adana Demirspor,32,1989,6.5,,,,,,,,,,,,0,,,,,,Matches
484,Milot Rashica,xk KVX,MF,Galatasaray,26,1996,18.8,,,,,,,,,,,,6,,,,,,Matches
485,Joher Rassoul,sn SEN,"DF,MF",Alanyaspor,26,1995,8.6,,,,,,,,,,,,0,,,,,,Matches
486,Nathan Redmond,eng ENG,MF,Beşiktaş,28,1994,17.5,,,,,,,,,,,,5,,,,,,Matches
487,Rúben Tiago Rodrigues Ribeiro,pt POR,MF,Hatayspor,34,1987,14.1,,,,,,,,,,,,1,,,,,,Matches
488,Matteo Ricci,it ITA,MF,Fatih Karagümrük,28,1994,13.6,,,,,,,,,,,,4,,,,,,Matches
489,Bruno Rodrigues,pt POR,DF,Fatih Karagümrük,21,2001,3.2,,,,,,,,,,,,0,,,,,,Matches
490,Kévin Rodrigues,pt POR,DF,Adana Demirspor,28,1994,31.2,,,,,,,,,,,,5,,,,,,Matches
491,Pedro Rodrigues,pt POR,MF,Ankaragücü,25,1997,1.4,,,,,,,,,,,,0,,,,,,Matches
492,Valentin Rosier,fr FRA,DF,Beşiktaş,25,1996,24.1,,,,,,,,,,,,3,,,,,,Matches
493,Diego Rossi,uy URU,MF,Fenerbahçe,24,1998,17.4,,,,,,,,,,,,5,,,,,,Matches
494,Eduard Rroca,al ALB,MF,İstanbulspor,29,1993,19.0,,,,,,,,,,,,4,,,,,,Matches
495,Dia Saba,il ISR,MF,Sivasspor,29,1992,11.4,,,,,,,,,,,,4,,,,,,Matches
496,Isaac Sackey,gh GHA,"MF,DF",Ümraniyespor,28,1994,23.5,,,,,,,,,,,,2,,,,,,Matches
497,Ángelo Sagal,cl CHI,"MF,FW",Gaziantep FK,29,1993,10.4,,,,,,,,,,,,0,,,,,,Matches
498,Görkem Sağlam,de GER,"MF,DF",Giresunspor,24,1998,22.7,,,,,,,,,,,,0,,,,,,Matches
499,Dylan Saint-Louis,cg CGO,FW,Hatayspor,27,1995,3.2,,,,,,,,,,,,0,,,,,,Matches
500,Borja Sainz,es ESP,MF,Giresunspor,21,2001,29.4,,,,,,,,,,,,3,,,,,,Matches
Rk,Player,Nation,Pos,Squad,Age,Born,90s,Cmp,Att,Cmp%,TotDist,PrgDist,Cmp,Att,Cmp,Att,Cmp,Att,Ast,A-xAG,KP,1/3,PPA,CrsPA,Matches
501,Romain Saïss,ma MAR,DF,Beşiktaş,32,1990,21.4,,,,,,,,,,,,1,,,,,,Matches
502,Yusuf Saitoğlu,,DF,Ümraniyespor,19,2003,0.9,,,,,,,,,,,,0,,,,,,Matches
503,Samuel Sáiz,es ESP,"MF,FW",Sivasspor,31,1991,10.9,,,,,,,,,,,,4,,,,,,Matches
504,Allyson Aires dos Santos,br BRA,DF,Ümraniyespor,31,1990,14.3,,,,,,,,,,,,0,,,,,,Matches
505,Dogukan Saral,,MF,Ümraniyespor,19,2003,0.4,,,,,,,,,,,,0,,,,,,Matches
506,Veysel Sarı,tr TUR,DF,Antalyaspor,34,1988,27.3,,,,,,,,,,,,1,,,,,,Matches
507,Yusuf Sari,tr TUR,MF,Adana Demirspor,23,1998,17.5,,,,,,,,,,,,6,,,,,,Matches
508,Talha Sarıarslan,tr TUR,FW,Kayserispor,18,2004,0.7,,,,,,,,,,,,0,,,,,,Matches
509,Muammer Sarıkaya,,MF,İstanbulspor,24,1998,24.4,,,,,,,,,,,,4,,,,,,Matches
510,Ali Şaşal Vural,tr TUR,GK,Sivasspor,32,1990,29.5,,,,,,,,,,,,0,,,,,,Matches
511,Vukan Savićević,me MNE,MF,Giresunspor,28,1994,14.3,,,,,,,,,,,,0,,,,,,Matches
512,Gökhan Sazdağı,tr TUR,"DF,MF",Kayserispor,27,1994,22.2,,,,,,,,,,,,5,,,,,,Matches
513,Haris Seferović,ch SUI,FW,Galatasaray,30,1992,4.2,,,,,,,,,,,,0,,,,,,Matches
514,Ibrahim Šehić,ba BIH,GK,Konyaspor,33,1988,29.0,,,,,,,,,,,,0,,,,,,Matches
515,Jesse Sekidika,ng NGA,"FW,MF",Ümraniyespor,26,1996,8.9,,,,,,,,,,,,1,,,,,,Matches
516,Ahmet Şen,tr TUR,GK,Fatih Karagümrük,23,1999,17.3,,,,,,,,,,,,0,,,,,,Matches
517,Kerem Şen,,MF,İstanbulspor,20,2002,2.6,,,,,,,,,,,,0,,,,,,Matches
518,Muhammed Şengezer,tr TUR,GK,Başakşehir,25,1997,12.0,,,,,,,,,,,,0,,,,,,Matches
519,Faustin Senghor,sn SEN,DF,Giresunspor,28,1994,0.8,,,,,,,,,,,,0,,,,,,Matches
520,Tarkan Serbest,tr TUR,DF,Kasımpaşa,28,1994,7.2,,,,,,,,,,,,0,,,,,,Matches
521,Cemalil Sertel,tr TUR,DF,Antalyaspor,22,2000,8.0,,,,,,,,,,,,1,,,,,,Matches
522,Kadir Seven,,DF,Giresunspor,19,2003,7.3,,,,,,,,,,,,0,,,,,,Matches
523,Wu Shaocong,cn CHN,DF,Başakşehir,22,2000,1.1,,,,,,,,,,,,0,,,,,,Matches
524,Otabek Shukurov,uz UZB,MF,Fatih Karagümrük,26,1996,21.9,,,,,,,,,,,,1,,,,,,Matches
525,Doğukan Sınık,tr TUR,MF,Antalyaspor,23,1999,7.6,,,,,,,,,,,,1,,,,,,Matches
Rk,Player,Nation,Pos,Squad,Age,Born,90s,Cmp,Att,Cmp%,TotDist,PrgDist,Cmp,Att,Cmp,Att,Cmp,Att,Ast,A-xAG,KP,1/3,PPA,CrsPA,Matches
526,Emmanouil Siopis,gr GRE,MF,Trabzonspor,28,1994,23.0,,,,,,,,,,,,0,,,,,,Matches
527,Guilherme Sityá,pt POR,DF,Konyaspor,32,1990,34.0,,,,,,,,,,,,9,,,,,,Matches
528,Kévin Soni,cm CMR,MF,Hatayspor,24,1998,0.9,,,,,,,,,,,,1,,,,,,Matches
529,Fabiano Souza,br BRA,DF,Kasımpaşa,22,2000,8.8,,,,,,,,,,,,0,,,,,,Matches
530,Josef de Souza,br BRA,MF,Beşiktaş,33,1989,9.1,,,,,,,,,,,,1,,,,,,Matches
531,Ali Sowe,gm GAM,FW,Ankaragücü,28,1994,30.5,,,,,,,,,,,,4,,,,,,Matches
532,Furkan Soyalp,tr TUR,MF,Gaziantep FK,27,1995,14.0,,,,,,,,,,,,6,,,,,,Matches
533,Furkan Soyalp,tr TUR,MF,Adana Demirspor,27,1995,1.1,,,,,,,,,,,,0,,,,,,Matches
534,Benjamin Stambouli,fr FRA,MF,Adana Demirspor,31,1990,23.4,,,,,,,,,,,,4,,,,,,Matches
535,Luka Stankovski,mk MKD,MF,Gaziantep FK,19,2002,0.2,,,,,,,,,,,,0,,,,,,Matches
536,Jens Stryger Larsen,dk DEN,DF,Trabzonspor,31,1991,26.3,,,,,,,,,,,,0,,,,,,Matches
537,Ali Sühan Demirel,tr TUR,FW,Kasımpaşa,19,2003,1.8,,,,,,,,,,,,0,,,,,,Matches
538,Jonas Svensson,no NOR,DF,Adana Demirspor,29,1993,28.7,,,,,,,,,,,,3,,,,,,Matches
539,Bálint Szabó,hu HUN,MF,Antalyaspor,21,2001,0.4,,,,,,,,,,,,0,,,,,,Matches
540,Attila Szalai,hu HUN,DF,Fenerbahçe,24,1998,32.0,,,,,,,,,,,,2,,,,,,Matches
541,Patryk Szysz,pl POL,"MF,FW",Başakşehir,24,1998,10.0,,,,,,,,,,,,4,,,,,,Matches
542,Deniz Tabak,,DF,Ümraniyespor,18,2004,0.1,,,,,,,,,,,,0,,,,,,Matches
543,Muhammet Taha Tepe,tr TUR,GK,Trabzonspor,21,2001,4.3,,,,,,,,,,,,0,,,,,,Matches
544,Tayyib Talha Sanuç,tr TUR,DF,Beşiktaş,22,1999,17.0,,,,,,,,,,,,0,,,,,,Matches
545,Tayyib Talha Sanuç,tr TUR,DF,Adana Demirspor,22,1999,2.2,,,,,,,,,,,,0,,,,,,Matches
546,Oussama Targhalline,ma MAR,"MF,FW",Alanyaspor,20,2002,2.1,,,,,,,,,,,,1,,,,,,Matches
547,Emre Taşdemir,tr TUR,DF,Galatasaray,26,1995,3.5,,,,,,,,,,,,0,,,,,,Matches
548,Ertuğrul Taşkıran,tr TUR,GK,Kasımpaşa,32,1989,18.0,,,,,,,,,,,,0,,,,,,Matches
549,Mahmut Tekdemir,tr TUR,MF,Başakşehir,34,1988,20.4,,,,,,,,,,,,0,,,,,,Matches
550,Vefa Temel,fr FRA,MF,İstanbulspor,19,2002,0.2,,,,,,,,,,,,0,,,,,,Matches
Rk,Player,Nation,Pos,Squad,Age,Born,90s,Cmp,Att,Cmp%,TotDist,PrgDist,Cmp,Att,Cmp,Att,Cmp,Att,Ast,A-xAG,KP,1/3,PPA,CrsPA,Matches
551,Emir Tintiş,tr TUR,DF,Fatih Karagümrük,18,2004,0.9,,,,,,,,,,,,0,,,,,,Matches
552,Mickaël Tirpan,be BEL,"MF,DF",Kasımpaşa,28,1993,20.8,,,,,,,,,,,,1,,,,,,Matches
553,Dorukhan Toköz,tr TUR,"MF,DF",Trabzonspor,26,1996,3.7,,,,,,,,,,,,0,,,,,,Matches
554,Jetmir Topalli,xk KVX,MF,İstanbulspor,24,1998,19.3,,,,,,,,,,,,3,,,,,,Matches
555,Ömer Toprak,tr TUR,DF,Antalyaspor,33,1989,19.5,,,,,,,,,,,,0,,,,,,Matches
556,Gökhan Töre,tr TUR,FW,Ankaragücü,30,1992,1.2,,,,,,,,,,,,0,,,,,,Matches
557,Gökhan Töre,tr TUR,"FW,MF",Adana Demirspor,30,1992,0.4,,,,,,,,,,,,0,,,,,,Matches
558,Lucas Torreira,uy URU,MF,Galatasaray,26,1996,26.7,,,,,,,,,,,,0,,,,,,Matches
559,Tunay Torun,tr TUR,"FW,MF",Kasımpaşa,32,1990,0.6,,,,,,,,,,,,0,,,,,,Matches
560,Alin Toșca,ro ROU,DF,Gaziantep FK,30,1992,6.0,,,,,,,,,,,,0,,,,,,Matches
561,Cenk Tosun,tr TUR,"MF,FW",Beşiktaş,31,1991,21.6,,,,,,,,,,,,6,,,,,,Matches
562,Ahmed Touba,dz ALG,DF,Başakşehir,24,1998,20.7,,,,,,,,,,,,0,,,,,,Matches
563,Bertrand Traoré,bf BFA,"FW,MF",Başakşehir,26,1995,7.6,,,,,,,,,,,,1,,,,,,Matches
564,Hamidou Traoré,ml MLI,MF,Giresunspor,25,1996,3.0,,,,,,,,,,,,0,,,,,,Matches
565,Trézéguet,eg EGY,MF,Trabzonspor,27,1994,23.6,,,,,,,,,,,,3,,,,,,Matches
566,Hüseyin Türkmen,tr TUR,DF,Trabzonspor,24,1998,11.5,,,,,,,,,,,,0,,,,,,Matches
567,Deniz Turuc,tr TUR,MF,Başakşehir,29,1993,22.5,,,,,,,,,,,,2,,,,,,Matches
568,Salih Uçan,tr TUR,MF,Beşiktaş,28,1994,24.6,,,,,,,,,,,,6,,,,,,Matches
569,Adnan Ugur,be BEL,MF,Fatih Karagümrük,21,2001,2.2,,,,,,,,,,,,0,,,,,,Matches
570,Oğulcan Ülgün,tr TUR,MF,Konyaspor,24,1998,6.0,,,,,,,,,,,,0,,,,,,Matches
571,Alper Uludağ,tr TUR,DF,Giresunspor,31,1990,26.0,,,,,,,,,,,,2,,,,,,Matches
572,Talha Ulvan,be BEL,DF,Giresunspor,21,2001,1.0,,,,,,,,,,,,0,,,,,,Matches
573,Fredrik Ulvestad,no NOR,MF,Sivasspor,30,1992,21.9,,,,,,,,,,,,3,,,,,,Matches
574,Naci Ünüvar,nl NED,MF,Trabzonspor,19,2003,2.9,,,,,,,,,,,,1,,,,,,Matches
575,Arda Ünyay,tr TUR,DF,Ankaragücü,15,2007,0.2,,,,,,,,,,,,0,,,,,,Matches
Rk,Player,Nation,Pos,Squad,Age,Born,90s,Cmp,Att,Cmp%,TotDist,PrgDist,Cmp,Att,Cmp,Att,Cmp,Att,Ast,A-xAG,KP,1/3,PPA,CrsPA,Matches
576,Alperen Uysal,tr TUR,GK,Antalyaspor,28,1994,10.0,,,,,,,,,,,,0,,,,,,Matches
577,Necip Uysal,tr TUR,"DF,MF",Beşiktaş,31,1991,9.4,,,,,,,,,,,,0,,,,,,Matches
578,Anthony Uzodimma,ng NGA,"DF,MF",Kayserispor,23,1999,9.5,,,,,,,,,,,,0,,,,,,Matches
579,Fıratcan Üzüm,,"DF,MF",Ankaragücü,23,1999,4.5,,,,,,,,,,,,0,,,,,,Matches
580,Emrecan Uzunhan,,DF,Beşiktaş,21,2001,1.3,,,,,,,,,,,,0,,,,,,Matches
581,Emrecan Uzunhan,,DF,Antalyaspor,21,2001,8.6,,,,,,,,,,,,1,,,,,,Matches
582,Enner Valencia,ec ECU,FW,Fenerbahçe,32,1989,24.9,,,,,,,,,,,,5,,,,,,Matches
583,Berkay Vardar,az AZE,MF,Beşiktaş,19,2003,2.7,,,,,,,,,,,,0,,,,,,Matches
584,Kevin Varga,hu HUN,FW,Hatayspor,26,1996,3.6,,,,,,,,,,,,1,,,,,,Matches
585,Valmir Veliu,xk KVX,FW,İstanbulspor,22,2000,0.5,,,,,,,,,,,,0,,,,,,Matches
586,Valmir Veliu,xk KVX,MF,Gaziantep FK,22,2000,4.7,,,,,,,,,,,,1,,,,,,Matches
587,Edin Višća,ba BIH,"MF,DF",Trabzonspor,32,1990,8.9,,,,,,,,,,,,3,,,,,,Matches
588,Emiliano Viviano,it ITA,GK,Fatih Karagümrük,36,1985,16.7,,,,,,,,,,,,0,,,,,,Matches
589,Ognjen Vranješ,ba BIH,DF,Hatayspor,32,1989,13.6,,,,,,,,,,,,0,,,,,,Matches
590,Güray Vural,tr TUR,DF,Antalyaspor,34,1988,29.6,,,,,,,,,,,,2,,,,,,Matches
591,Wout Weghorst,nl NED,FW,Beşiktaş,29,1992,15.8,,,,,,,,,,,,4,,,,,,Matches
592,Welinton,br BRA,DF,Beşiktaş,33,1989,10.5,,,,,,,,,,,,0,,,,,,Matches
593,Haji Wright,us USA,FW,Antalyaspor,24,1998,26.3,,,,,,,,,,,,2,,,,,,Matches
594,Robin Yalçın,de GER,"MF,DF",Sivasspor,28,1994,12.8,,,,,,,,,,,,1,,,,,,Matches
595,Mert Yandaş,tr TUR,MF,Fenerbahçe,27,1994,5.7,,,,,,,,,,,,1,,,,,,Matches
596,Erencan Yardimci,tr TUR,FW,Alanyaspor,20,2002,3.5,,,,,,,,,,,,1,,,,,,Matches
597,Ali Yasar,be BEL,"DF,MF",İstanbulspor,27,1995,17.2,,,,,,,,,,,,0,,,,,,Matches
598,Karahan Yasir Subaşı,tr TUR,DF,Konyaspor,26,1996,0.2,,,,,,,,,,,,0,,,,,,Matches
599,Mustapha Yatabaré,ml MLI,FW,Sivasspor,36,1986,20.6,,,,,,,,,,,,1,,,,,,Matches
600,Ferhat Yazgan,de GER,MF,İstanbulspor,29,1992,1.3,,,,,,,,,,,,0,,,,,,Matches
Rk,Player,Nation,Pos,Squad,Age,Born,90s,Cmp,Att,Cmp%,TotDist,PrgDist,Cmp,Att,Cmp,Att,Cmp,Att,Ast,A-xAG,KP,1/3,PPA,CrsPA,Matches
601,Uğurcan Yazgılı,tr TUR,DF,Konyaspor,23,1999,8.4,,,,,,,,,,,,0,,,,,,Matches
602,Yusuf Yazıcı,tr TUR,"MF,FW",Trabzonspor,25,1997,5.6,,,,,,,,,,,,1,,,,,,Matches
603,Recep Yemişci,tr TUR,DF,Kasımpaşa,23,1999,0.5,,,,,,,,,,,,0,,,,,,Matches
604,Mehmet Yeşil,tr TUR,DF,İstanbulspor,24,1998,26.6,,,,,,,,,,,,0,,,,,,Matches
605,Erdoğan Yeşilyurt,,"MF,FW",Sivasspor,28,1993,26.4,,,,,,,,,,,,0,,,,,,Matches
606,Fatih Yiğit Şanlitürk,,MF,Ümraniyespor,19,2003,1.7,,,,,,,,,,,,0,,,,,,Matches
607,Bertuğ Yıldırım,tr TUR,FW,Hatayspor,20,2002,8.3,,,,,,,,,,,,1,,,,,,Matches
608,Bertuğ Yıldırım,tr TUR,FW,Antalyaspor,20,2002,4.1,,,,,,,,,,,,0,,,,,,Matches
609,Engin Yıldırım,tr TUR,FW,Trabzonspor,17,2005,0.1,,,,,,,,,,,,0,,,,,,Matches
610,Muammer Yıldırım,tr TUR,GK,Sivasspor,31,1990,5.5,,,,,,,,,,,,0,,,,,,Matches
611,Berk Yıldız,tr TUR,"FW,MF",Adana Demirspor,26,1996,0.7,,,,,,,,,,,,0,,,,,,Matches
612,İbrahim Yılmaz,tr TUR,FW,İstanbulspor,28,1994,14.0,,,,,,,,,,,,0,,,,,,Matches
613,Kartal Yılmaz,tr TUR,MF,Beşiktaş,21,2000,1.4,,,,,,,,,,,,1,,,,,,Matches
614,Kartal Yılmaz,tr TUR,MF,Ümraniyespor,21,2000,15.9,,,,,,,,,,,,1,,,,,,Matches
615,Mert Yilmaz,tr TUR,MF,Ümraniyespor,23,1999,1.2,,,,,,,,,,,,0,,,,,,Matches
616,Oğuzhan Yilmaz,tr TUR,MF,Trabzonspor,16,2006,0.0,,,,,,,,,,,,0,,,,,,Matches
617,Oğuzhan Yılmaz,,MF,Kasımpaşa,19,2003,0.1,,,,,,,,,,,,0,,,,,,Matches
618,Recep Yılmaz,tr TUR,DF,Hatayspor,26,1995,9.5,,,,,,,,,,,,0,,,,,,Matches
619,İsmail Yüksek,tr TUR,MF,Fenerbahçe,23,1999,8.2,,,,,,,,,,,,1,,,,,,Matches
620,Ghayas Zahid,no NOR,"MF,FW",Ankaragücü,27,1994,15.7,,,,,,,,,,,,2,,,,,,Matches
621,Miha Zajc,si SVN,MF,Fenerbahçe,28,1994,14.0,,,,,,,,,,,,4,,,,,,Matches
622,Emirhan Zaman,,MF,Trabzonspor,19,2003,0.8,,,,,,,,,,,,0,,,,,,Matches
623,Nicolò Zaniolo,it ITA,"MF,FW",Galatasaray,23,1999,3.9,,,,,,,,,,,,0,,,,,,Matches
624,Andrej Đokanović,ba BIH,MF,Ankaragücü,21,2001,8.5,,,,,,,,,,,,0,,,,,,Matches
